"StandID","Year","Aboveground_Total_Live","Aboveground_Merch_Live","Belowground_Live","Belowground_Dead","Standing_Dead","Forest_Down_Dead_Wood","Forest_Floor","Forest_Shrub_Herb","Total_Stand_Carbon","Total_Removed_Carbon","Carbon_Released_From_Fire","Stand_CN","time","FOR","hard_pulp","soft_pulp","hard_saw","soft_saw","tot_tC_ac_100"
"MBB_BAU",2013,24.2199230194092,16.8464870452881,4.69127750396729,2.83359861373901,0.416597843170166,6.86732578277588,3.10080361366272,0.560000002384186,42.6895294189453,9.32724475860596,0,"198434273020004",0,"MBB",2.16616446638494,0,0.541398267929033,0,2.70756273431397
"MBB_BAU",2018,26.0967350006104,17.8348064422607,5.07444047927856,2.36991429328918,0.491292834281921,4.96046733856201,2.19785308837891,0.699999988079071,41.8907051086426,0,0,"198434273020004",5,"MBB",0,0,0,0,0
"MBB_BAU",2023,28.0470314025879,18.7249794006348,5.4938063621521,2.00493454933167,0.536432921886444,4.00124645233154,2.29543685913086,0.939999997615814,43.3188896179199,0,0,"198434273020004",10,"MBB",0,0,0,0,0
"MBB_BAU",2028,23.5631408691406,14.7645301818848,4.61127662658691,3.03982186317444,0.578495681285858,5.02973365783691,2.50429177284241,1.28000009059906,40.6067581176758,4.80623435974121,0,"198434273020004",15,"MBB",0.744653519566723,0,0.540740316046553,0,1.28539383561328
"MBB_BAU",2033,25.4190979003906,16.0042247772217,5.04467248916626,2.53547286987305,0.497974187135696,4.16717624664307,2.35445404052734,1.28000009059906,41.2988471984863,0,0,"198434273020004",20,"MBB",0,0,0,0,0
"MBB_BAU",2038,24.1117343902588,14.3269443511963,4.81629276275635,2.83720993995667,0.534946382045746,4.32704019546509,2.50497436523438,1.28000009059906,40.4122009277344,2.50949621200562,0,"198434273020004",25,"MBB",0.293244942185497,0,0.348680374452142,0,0.641925316637639
"MBB_GROW",2013,36.8047714233398,26.1737270355225,7.19320487976074,0.33167165517807,0.416597843170166,3.87500047683716,2.90450024604797,0.560000002384186,52.085750579834,0,0,"198434273020004",0,"MBB",0,0,0,0,0
"MBB_GROW",2018,38.3314476013184,26.9442138671875,7.52676916122437,0.52505099773407,1.37171804904938,3.30058860778809,2.48951959609985,0.699999988079071,54.2450981140137,0,0,"198434273020004",5,"MBB",0,0,0,0,0
"MBB_GROW",2023,40.5983848571777,28.099630355835,8.03335189819336,0.589848279953003,1.00536131858826,3.7976655960083,2.59361338615417,0.939999997615814,57.558219909668,0,0,"198434273020004",10,"MBB",0,0,0,0,0
"MBB_GROW",2028,43.353385925293,29.6315841674805,8.652756690979,0.59723836183548,0.677748203277588,3.95425033569336,2.72790670394897,1.28000009059906,61.2432823181152,0,0,"198434273020004",15,"MBB",0,0,0,0,0
"MBB_GROW",2033,45.3408699035645,30.6010398864746,9.1335391998291,0.696491599082947,1.1559773683548,3.96390247344971,2.87519931793213,1.28000009059906,64.4459838867188,0,0,"198434273020004",20,"MBB",0,0,0,0,0
"MBB_GROW",2038,47.5082664489746,32.1317596435547,9.64032554626465,0.770439982414246,1.11757278442383,4.39969444274902,3.00973701477051,1.28000009059906,67.7260284423828,0,0,"198434273020004",25,"MBB",0,0,0,0,0
"MBB_BAU",2014,19.1918087005615,13.8288669586182,3.93532609939575,1.86387467384338,0,4.77506446838379,3.92518091201782,0.560000002384186,34.2512550354004,6.64661264419556,0,"221697518020004",0,"MBB",0.636609865151723,0.0142954417771537,1.01565388811293,0,1.66655919504181
"MBB_BAU",2019,20.6569900512695,14.0230989456177,4.04735422134399,2.31638526916504,0.118881598114967,4.06044435501099,2.80922341346741,0.699999988079071,34.7092742919922,2.7951934337616,0,"221697518020004",5,"MBB",0.221357579391408,0.00576694932678262,0.463970209363531,0,0.691094738081722
"MBB_BAU",2024,26.6897773742676,15.598427772522,5.79782676696777,2.19581055641174,1.8397171497345,4.82727003097534,2.94517612457275,0.939999997615814,45.2355766296387,0,0,"221697518020004",10,"MBB",0,0,0,0,0
"MBB_BAU",2029,30.4978904724121,17.2532291412354,6.87514209747314,1.9671391248703,1.26273882389069,6.28945636749268,3.26807141304016,1.28000009059906,51.4404335021973,0,0,"221697518020004",15,"MBB",0,0,0,0,0
"MBB_BAU",2034,32.1834373474121,18.2900409698486,7.54196071624756,2.15852212905884,2.64837455749512,6.99099063873291,3.49208283424377,1.28000009059906,56.2953681945801,0,0,"221697518020004",20,"MBB",0,0,0,0,0
"MBB_BAU",2039,33.7803230285645,19.5113716125488,8.04273414611816,2.21480464935303,2.3560996055603,7.78147268295288,3.65209054946899,1.28000009059906,59.1075248718262,0,0,"221697518020004",25,"MBB",0,0,0,0,0
"MBB_GROW",2014,28.2277851104736,20.4754829406738,5.79919958114624,0,0,2.59500002861023,3.7703001499176,0.560000002384186,40.9522895812988,0,0,"221697518020004",0,"MBB",0,0,0,0,0
"MBB_GROW",2019,23.4866352081299,16.5063705444336,5.09706926345825,1.47258961200714,8.591628074646,1.94763016700745,2.95641732215881,0.699999988079071,44.2519721984863,0,0,"221697518020004",5,"MBB",0,0,0,0,0
"MBB_GROW",2024,27.9912643432617,19.2637386322021,6.19938135147095,1.23051929473877,2.52518129348755,7.26944303512573,2.94698858261108,0.939999997615814,49.1027755737305,0,0,"221697518020004",10,"MBB",0,0,0,0,0
"MBB_GROW",2029,32.5362091064453,21.9646511077881,7.38163042068481,1.06569242477417,0.590035021305084,7.59175443649292,3.18098258972168,1.28000009059906,53.6263008117676,0,0,"221697518020004",15,"MBB",0,0,0,0,0
"MBB_GROW",2034,35.6269607543945,23.8298492431641,8.21113204956055,1.0471054315567,0.996156513690948,6.67710590362549,3.40402579307556,1.28000009059906,57.2424812316895,0,0,"221697518020004",20,"MBB",0,0,0,0,0
"MBB_GROW",2039,38.5805053710938,25.6571884155273,9.07984256744385,1.03444874286652,1.14666938781738,6.31204080581665,3.58761429786682,1.28000009059906,61.0211219787598,0,0,"221697518020004",25,"MBB",0,0,0,0,0
"MBB_BAU",2014,23.0751533508301,14.664345741272,5.42527866363525,1.1453697681427,0.834872126579285,9.0592794418335,2.35490131378174,0.560000002384186,42.4548530578613,2.65698027610779,0,"221697521020004",0,"MBB",0.311700802281875,0,0.362872245719603,0,0.674573048001478
"MBB_BAU",2019,24.3093528747559,15.2450571060181,5.6357102394104,1.61540484428406,0.481943696737289,7.49967527389526,1.89627933502197,0.699999988079071,42.1383666992188,1.87460255622864,0,"221697521020004",5,"MBB",0.214248606564893,0,0.271889155339847,0,0.486137761904739
"MBB_BAU",2024,27.0989589691162,16.8262615203857,6.32260417938232,1.56468021869659,0.318207204341888,6.59951305389404,1.97953760623932,0.939999997615814,44.8235015869141,0.610491573810577,0,"221697521020004",10,"MBB",0.0602115959733128,0,0.0969988750286295,0,0.157210471001942
"MBB_BAU",2029,31.1827793121338,19.3620758056641,7.3322114944458,1.46686255931854,0.282489597797394,5.75394916534424,2.14741778373718,1.28000009059906,49.4457092285156,0.461022853851318,0,"221697521020004",15,"MBB",0.0375228252061678,0,0.0797747846309895,0,0.117297609837157
"MBB_BAU",2034,35.1767768859863,21.9688148498535,8.31437683105469,1.32221114635468,0.528452455997467,5.12386417388916,2.34475827217102,1.28000009059906,54.0904388427734,0.103631399571896,0,"221697521020004",20,"MBB",0.00710217441479043,0,0.0191395706215442,0,0.0262417450363347
"MBB_BAU",2039,37.8350257873535,23.6272354125977,8.93820762634277,1.40542435646057,0.424344211816788,5.16559267044067,2.56570506095886,1.28000009059906,57.6142959594727,0.765223026275635,0,"221697521020004",25,"MBB",0.0397144440498035,0,0.149610589775585,0,0.189325033825389
"MBB_GROW",2014,26.8870220184326,17.3213272094727,6.32678174972534,0.243865087628365,0.834872126579285,7.99869775772095,2.28511667251587,0.560000002384186,45.136360168457,0,0,"221697521020004",0,"MBB",0,0,0,0,0
"MBB_GROW",2019,28.4551601409912,17.9478988647461,6.74529933929443,0.715514063835144,2.9254994392395,6.13853454589844,1.95088303089142,0.699999988079071,47.6308898925781,0,0,"221697521020004",5,"MBB",0,0,0,0,0
"MBB_GROW",2024,32.8645820617676,20.6381893157959,7.8028359413147,0.618712604045868,1.02186238765717,6.96088314056396,2.09856796264648,0.939999997615814,52.307445526123,0,0,"221697521020004",10,"MBB",0,0,0,0,0
"MBB_GROW",2029,36.0679359436035,22.5953311920166,8.60749053955078,0.623461723327637,0.690444707870483,6.74650812149048,2.32825827598572,1.28000009059906,56.3441009521484,0,0,"221697521020004",15,"MBB",0,0,0,0,0
"MBB_GROW",2034,40.8166656494141,25.9301490783691,9.70639610290527,0.640370607376099,0.74631929397583,6.34035968780518,2.52637219429016,1.28000009059906,62.0564804077148,0,0,"221697521020004",20,"MBB",0,0,0,0,0
"MBB_GROW",2039,44.5035209655762,28.3730659484863,10.6215953826904,0.651803493499756,0.75157231092453,6.18173551559448,2.75837278366089,1.28000009059906,66.7485961914062,0,0,"221697521020004",25,"MBB",0,0,0,0,0
"MBB_BAU",2015,21.9259052276611,14.7591934204102,5.66281652450562,2.85937905311584,0.276356518268585,4.42898607254028,6.53980922698975,0.560000002384186,42.2532539367676,7.67696237564087,0,"221697574020004",0,"MBB",0.24980038253849,0.0380875549168073,0.505354825778501,0.993561000615011,1.78680376384881
"MBB_BAU",2020,19.0163841247559,12.2058162689209,4.86654472351074,3.83480429649353,0.297130763530731,4.51858997344971,5.51735210418701,0.699999988079071,38.7508087158203,4.20130348205566,0,"221697574020004",5,"MBB",0.127782964583422,0.0204083818395419,0.281454222264921,0.548507883429062,0.978153452116947
"MBB_BAU",2025,22.9404907226562,13.8427124023438,5.89452648162842,3.41253471374512,0.232937872409821,4.01821422576904,5.33098220825195,0.939999997615814,42.7696838378906,0.801316618919373,0,"221697574020004",10,"MBB",0.0297861552796938,0.00259698672024616,0.0542397022818766,0.103456011907714,0.19007885618953
"MBB_BAU",2030,26.2210426330566,15.8537178039551,6.82428503036499,2.78596758842468,0.165894493460655,4.160719871521,5.46970224380493,1.28000009059906,46.9076118469238,0,0,"221697574020004",15,"MBB",0,0,0,0,0
"MBB_BAU",2035,28.6285972595215,17.3508052825928,7.51362800598145,2.43775701522827,0.686790287494659,3.7522554397583,5.61781072616577,1.28000009059906,49.9168357849121,0,0,"221697574020004",20,"MBB",0,0,0,0,0
"MBB_BAU",2040,31.6992435455322,19.4303894042969,8.41797733306885,2.18320059776306,0.799469351768494,3.88850402832031,5.730224609375,1.28000009059906,53.9986190795898,0,0,"221697574020004",25,"MBB",0,0,0,0,0
"MBB_GROW",2015,32.8294334411621,22.4361553192139,8.43608379364014,0.0861097797751427,0.276356518268585,1.76999998092651,6.11979961395264,0.560000002384186,50.0777854919434,0,0,"221697574020004",0,"MBB",0,0,0,0,0
"MBB_GROW",2020,36.5558013916016,24.6444339752197,9.23298835754395,0.152696415781975,0.430187910795212,1.62954354286194,5.56221342086792,0.699999988079071,54.263427734375,0,0,"221697574020004",5,"MBB",0,0,0,0,0
"MBB_GROW",2025,40.3855972290039,26.5153179168701,10.1541032791138,0.462606966495514,1.50208079814911,2.57008504867554,5.72747659683228,0.939999997615814,61.7419471740723,0,0,"221697574020004",10,"MBB",0,0,0,0,0
"MBB_GROW",2030,43.331615447998,28.6528739929199,10.9317655563354,0.677324175834656,1.39484298229218,4.60806846618652,5.90456533432007,1.28000009059906,68.1281814575195,0,0,"221697574020004",15,"MBB",0,0,0,0,0
"MBB_GROW",2035,46.0820350646973,30.522045135498,11.6519594192505,0.787909209728241,1.09940028190613,5.18142604827881,6.0544605255127,1.28000009059906,72.1371841430664,0,0,"221697574020004",20,"MBB",0,0,0,0,0
"MBB_GROW",2040,49.0620193481445,32.6378707885742,12.4489374160767,0.846394419670105,0.932661592960358,5.35885429382324,6.20098352432251,1.28000009059906,76.1298522949219,0,0,"221697574020004",25,"MBB",0,0,0,0,0
"MBB_BAU",2015,19.386646270752,12.3527879714966,5.12921190261841,1.81101894378662,2.24893260002136,3.91319847106934,3.86986517906189,0.560000002384186,36.918872833252,2.9348726272583,0,"221697753020004",0,"MBB",0.27257570105433,0.0066592470775721,0.34475260936781,0.0164848806221733,0.640472438121885
"MBB_BAU",2020,23.8199195861816,14.8184547424316,5.91726779937744,1.5545529127121,1.32836163043976,3.61497402191162,2.90320944786072,0.699999988079071,39.8382873535156,0.193037360906601,0,"221697753020004",5,"MBB",0.0182602262758545,0.000474236917251374,0.0222366379916097,0.00128450640711885,0.0422556075918344
"MBB_BAU",2025,28.4910316467285,17.1257209777832,6.9545373916626,1.43984663486481,1.13146591186523,5.13455772399902,3.14613699913025,0.939999997615814,47.2375755310059,0,0,"221697753020004",10,"MBB",0,0,0,0,0
"MBB_BAU",2030,33.4368515014648,19.2093925476074,8.20838832855225,1.44464826583862,1.48722386360168,5.39965772628784,3.38857674598694,1.28000009059906,54.6453475952148,0,0,"221697753020004",15,"MBB",0,0,0,0,0
"MBB_BAU",2035,34.9439697265625,20.0493297576904,8.7885856628418,1.98965215682983,3.71124219894409,6.19630813598633,3.61029410362244,1.28000009059906,60.5200500488281,0,0,"221697753020004",20,"MBB",0,0,0,0,0
"MBB_BAU",2040,37.2373352050781,21.689640045166,9.40258502960205,2.37485218048096,3.46841955184937,7.96459245681763,3.72801613807678,1.28000009059906,65.4557952880859,0,0,"221697753020004",25,"MBB",0,0,0,0,0
"MBB_GROW",2015,23.7742614746094,15.2876586914062,6.27900409698486,0.661225914955139,2.24893260002136,2.59500026702881,3.7703001499176,0.560000002384186,39.8887252807617,0,0,"221697753020004",0,"MBB",0,0,0,0,0
"MBB_GROW",2020,14.9478359222412,9.20727062225342,3.54333472251892,3.94031095504761,13.5255680084229,2.79466915130615,3.02747249603271,0.699999988079071,42.4791946411133,0,0,"221697753020004",5,"MBB",0,0,0,0,0
"MBB_GROW",2025,17.4336643218994,9.71615505218506,4.17320537567139,3.73304319381714,5.76377439498901,10.6330089569092,2.84211254119873,0.939999997615814,45.5188102722168,0,0,"221697753020004",10,"MBB",0,0,0,0,0
"MBB_GROW",2030,22.1359386444092,11.733660697937,5.37917232513428,3.25728011131287,2.35612010955811,11.4711389541626,3.03690719604492,1.28000009059906,48.9165534973145,0,0,"221697753020004",15,"MBB",0,0,0,0,0
"MBB_GROW",2035,25.9850444793701,13.3179950714111,6.59571266174316,2.82691383361816,1.1439425945282,10.6426734924316,3.25740313529968,1.28000009059906,51.731689453125,0,0,"221697753020004",20,"MBB",0,0,0,0,0
"MBB_GROW",2040,30.4684104919434,16.1380405426025,7.66153621673584,2.52528429031372,1.07606995105743,9.49371147155762,3.47364807128906,1.28000009059906,55.9786605834961,0,0,"221697753020004",25,"MBB",0,0,0,0,0
"MBB_BAU",2014,24.5800628662109,16.5731391906738,5.78732252120972,3.49090909957886,2.10350513458252,6.05615615844727,3.99405097961426,0.560000002384186,46.5720062255859,8.21896839141846,0,"221697964020004",0,"MBB",0.723781781857869,0,1.17285725786597,0,1.89663903972384
"MBB_BAU",2019,23.0697898864746,15.0149478912354,5.0230541229248,4.75207567214966,1.47725296020508,7.27670383453369,3.14664053916931,0.699999988079071,45.4455184936523,5.39094591140747,0,"221697964020004",5,"MBB",0.364380565059548,0,0.844980661783394,0,1.20936122684294
"MBB_BAU",2024,27.6465816497803,17.0112762451172,6.08985424041748,4.37896299362183,1.32015907764435,8.9736328125,3.15356993675232,0.939999997615814,52.502758026123,0.987835586071014,0,"221697964020004",10,"MBB",0.0588439915380509,0,0.161399621793709,0,0.22024361333176
"MBB_BAU",2029,32.0163383483887,18.6049995422363,7.21958684921265,4.03107738494873,2.67104721069336,8.82125282287598,3.43053531646729,1.28000009059906,59.4698371887207,0,0,"221697964020004",15,"MBB",0,0,0,0,0
"MBB_BAU",2034,36.1841278076172,20.1324863433838,8.38154697418213,3.70335125923157,2.64078330993652,9.95032024383545,3.69298338890076,1.28000009059906,65.8331146240234,0,0,"221697964020004",20,"MBB",0,0,0,0,0
"MBB_BAU",2039,36.0271453857422,19.0214290618896,8.66221141815186,4.40880632400513,6.79939270019531,10.8060531616211,3.97262597084045,1.28000009059906,71.9562377929688,0,0,"221697964020004",25,"MBB",0,0,0,0,0
"MBB_GROW",2014,36.5625534057617,24.792106628418,8.66069412231445,0.617536425590515,2.10350513458252,2.59499979019165,3.77029943466187,0.560000002384186,54.8695869445801,0,0,"221697964020004",0,"MBB",0,0,0,0,0
"MBB_GROW",2019,31.8190059661865,20.7145977020264,7.45917224884033,2.81861114501953,12.0624198913574,3.135094165802,3.33993935585022,0.699999988079071,61.3342437744141,0,0,"221697964020004",5,"MBB",0,0,0,0,0
"MBB_GROW",2024,35.7771224975586,22.9154968261719,8.37536239624023,2.89911460876465,6.11419200897217,11.8779029846191,3.4103991985321,0.939999997615814,69.3940963745117,0,0,"221697964020004",10,"MBB",0,0,0,0,0
"MBB_GROW",2029,39.9435653686523,24.2681636810303,9.44279861450195,3.14938473701477,4.7352147102356,13.9931678771973,3.71125650405884,1.28000009059906,76.2553863525391,0,0,"221697964020004",15,"MBB",0,0,0,0,0
"MBB_GROW",2034,43.3841133117676,25.5496501922607,10.4186639785767,3.2838773727417,4.38242149353027,15.2580471038818,4.00970411300659,1.28000009059906,82.0168228149414,0,0,"221697964020004",20,"MBB",0,0,0,0,0
"MBB_GROW",2039,44.0493202209473,25.4287223815918,10.8476543426514,4.05798053741455,7.01772689819336,15.9872093200684,4.30362033843994,1.28000009059906,87.5435104370117,0,0,"221697964020004",25,"MBB",0,0,0,0,0
"MBB_BAU",2015,20.4224853515625,12.0506963729858,4.68144464492798,0.697397351264954,2.18000864982605,2.59500026702881,3.7703001499176,0.560000002384186,34.9066390991211,0,0,"221697977020004",0,"MBB",0,0,0,0,0
"MBB_BAU",2020,27.5375556945801,15.6772956848145,6.08515930175781,0.640297591686249,1.71109628677368,2.69930958747864,2.96539807319641,0.699999988079071,42.3388175964355,0,0,"221697977020004",5,"MBB",0,0,0,0,0
"MBB_BAU",2025,33.4801254272461,18.6022281646729,7.54321241378784,0.841407597064972,2.1795482635498,4.89332962036133,3.28861308097839,0.939999997615814,53.1662368774414,0,0,"221697977020004",10,"MBB",0,0,0,0,0
"MBB_BAU",2030,38.4174003601074,21.6730632781982,8.70102596282959,1.18429756164551,2.41925644874573,6.98916912078857,3.56926202774048,1.28000009059906,62.560417175293,0,0,"221697977020004",15,"MBB",0,0,0,0,0
"MBB_BAU",2035,41.7704124450684,24.2157135009766,9.47307300567627,1.74091506004333,3.45843935012817,8.70020771026611,3.79946208000183,1.28000009059906,70.2225036621094,0,0,"221697977020004",20,"MBB",0,0,0,0,0
"MBB_BAU",2040,45.3248519897461,27.3613796234131,10.1518249511719,2.17510175704956,3.45839095115662,10.1569213867188,3.98496222496033,1.28000009059906,76.5320510864258,0,0,"221697977020004",25,"MBB",0,0,0,0,0
"MBB_GROW",2015,20.4224853515625,12.0506963729858,4.68144464492798,0.697397351264954,2.18000864982605,2.59500026702881,3.7703001499176,0.560000002384186,34.9066390991211,0,0,"221697977020004",0,"MBB",0,0,0,0,0
"MBB_GROW",2020,27.1410026550293,15.5532236099243,6.01261854171753,0.661869168281555,1.84371829032898,2.69930958747864,2.96539807319641,0.699999988079071,42.0239181518555,0,0,"221697977020004",5,"MBB",0,0,0,0,0
"MBB_GROW",2025,33.7846221923828,18.8132057189941,7.61374950408936,0.723187267780304,1.55862069129944,4.85100698471069,3.26170229911804,0.939999997615814,52.7328872680664,0,0,"221697977020004",10,"MBB",0,0,0,0,0
"MBB_GROW",2030,39.6160163879395,22.6081733703613,8.98099422454834,1.13730180263519,2.56199264526367,6.61895084381104,3.57214283943176,1.28000009059906,63.7673988342285,0,0,"221697977020004",15,"MBB",0,0,0,0,0
"MBB_GROW",2035,43.1663970947266,25.6461524963379,9.75047779083252,1.87906670570374,4.19594621658325,8.5831241607666,3.82002830505371,1.28000009059906,72.6750411987305,0,0,"221697977020004",20,"MBB",0,0,0,0,0
"MBB_GROW",2040,47.0791931152344,29.1150054931641,10.5929012298584,2.4289608001709,4.18543529510498,10.4640731811523,3.99924111366272,1.28000009059906,80.0298156738281,0,0,"221697977020004",25,"MBB",0,0,0,0,0
"MBB_BAU",2014,15.3012790679932,9.81125545501709,3.15212297439575,0.0939434617757797,0.314459979534149,2.59499979019165,3.7703001499176,0.560000002384186,25.7871036529541,0,0,"221698042020004",0,"MBB",0,0,0,0,0
"MBB_BAU",2019,20.3719959259033,13.5473556518555,4.12717437744141,0.123131461441517,0.300832808017731,2.067542552948,2.66152906417847,0.699999988079071,30.3522071838379,0,0,"221698042020004",5,"MBB",0,0,0,0,0
"MBB_BAU",2024,19.6107845306396,13.1399183273315,4.001305103302,1.41295659542084,0.393833637237549,4.38168811798096,2.91718912124634,0.939999997615814,33.6577568054199,4.20128774642944,0,"221698042020004",10,"MBB",0.914330449983054,0,0.302286771735269,0,1.21661722171832
"MBB_BAU",2029,18.477954864502,12.2349500656128,3.82556104660034,2.3367006778717,0.369678914546967,5.33806610107422,2.94760084152222,1.28000009059906,34.5755615234375,3.89208197593689,0,"221698042020004",15,"MBB",0.725498692177179,0,0.362944860367144,0,1.08844355254432
"MBB_BAU",2034,18.730598449707,12.1700048446655,3.96764278411865,2.61794805526733,0.325715273618698,5.15191698074341,2.9358377456665,1.28000009059906,35.0096588134766,2.3419086933136,0,"221698042020004",20,"MBB",0.312570672262288,0,0.301725891984821,0,0.614296564247109
"MBB_BAU",2039,19.9595355987549,12.8829927444458,4.32580137252808,2.58720064163208,0.308721244335175,4.61046123504639,2.98155546188354,1.28000009059906,36.0532760620117,1.46409261226654,0,"221698042020004",25,"MBB",0.158190603448609,0,0.21377714082899,0,0.371967744277599
"MBB_GROW",2014,15.3012790679932,9.81125545501709,3.15212297439575,0.0939434617757797,0.314459979534149,2.59499979019165,3.7703001499176,0.560000002384186,25.7871036529541,0,0,"221698042020004",0,"MBB",0,0,0,0,0
"MBB_GROW",2019,20.3719959259033,13.5473556518555,4.12717437744141,0.123131461441517,0.300832808017731,2.067542552948,2.66152906417847,0.699999988079071,30.3522071838379,0,0,"221698042020004",5,"MBB",0,0,0,0,0
"MBB_GROW",2024,25.6106262207031,17.3412075042725,5.24293756484985,0.171325340867043,0.393833637237549,2.74825716018677,2.8168523311615,0.939999997615814,37.9238319396973,0,0,"221698042020004",10,"MBB",0,0,0,0,0
"MBB_GROW",2029,29.7036399841309,20.2257881164551,6.15988302230835,0.424786061048508,1.50120949745178,3.10504841804504,3.00531578063965,1.28000009059906,45.1798820495605,0,0,"221698042020004",15,"MBB",0,0,0,0,0
"MBB_GROW",2034,33.8707885742188,23.2046413421631,7.12863874435425,0.652297794818878,1.79843485355377,4.18059778213501,3.16448950767517,1.28000009059906,52.0752487182617,0,0,"221698042020004",20,"MBB",0,0,0,0,0
"MBB_GROW",2039,38.394718170166,26.50807762146,8.22363567352295,0.830123424530029,1.80212163925171,5.12321186065674,3.34313130378723,1.28000009059906,58.996940612793,0,0,"221698042020004",25,"MBB",0,0,0,0,0
"MBB_BAU",2015,23.7718391418457,16.7584972381592,5.08934879302979,2.70806932449341,0.632308304309845,5.68099880218506,3.97257494926453,0.0199999995529652,41.8751411437988,8.79106616973877,0,"221698164020004",0,"MBB",0.882984507624256,0,1.21779814474612,0,2.10078265237038
"MBB_BAU",2020,27.7621669769287,19.3510875701904,5.94624280929565,2.21209311485291,0.336501568555832,4.19803714752197,2.91025257110596,0.0199999995529652,43.3852920532227,0,0,"221698164020004",5,"MBB",0,0,0,0,0
"MBB_BAU",2025,27.3866443634033,18.0859813690186,5.98862552642822,2.84066820144653,0.235057055950165,4.9974946975708,3.17405772209167,0.0199999995529652,44.6425476074219,3.43932056427002,0,"221698164020004",10,"MBB",0.270863001084481,0,0.531102846723892,0,0.801965847808372
"MBB_BAU",2030,28.7833595275879,18.5892448425293,6.36263942718506,2.71854186058044,0.263718515634537,4.77045059204102,3.21893858909607,0.0199999995529652,46.1376457214355,1.2980889081955,0,"221698164020004",15,"MBB",0.0944762897872852,0,0.205688351427762,0,0.300164641215047
"MBB_BAU",2035,31.7566013336182,20.2382526397705,7.1411509513855,2.27219676971436,0.414482355117798,4.24367475509644,3.30386805534363,0.0199999995529652,49.1519737243652,0,0,"221698164020004",20,"MBB",0,0,0,0,0
"MBB_BAU",2040,34.6832962036133,21.9578094482422,7.96089696884155,1.95270884037018,0.592759370803833,3.9921703338623,3.46562719345093,0.0199999995529652,52.6674537658691,0,0,"221698164020004",25,"MBB",0,0,0,0,0
"MBB_GROW",2015,35.9222450256348,25.5495643615723,7.68426704406738,0.113151140511036,0.632308304309845,2.59500026702881,3.7703001499176,0.0199999995529652,50.7372779846191,0,0,"221698164020004",0,"MBB",0,0,0,0,0
"MBB_GROW",2020,33.8662338256836,23.859302520752,7.16038751602173,1.50941824913025,6.41813945770264,2.42329692840576,3.21170258522034,0.0199999995529652,54.6091842651367,0,0,"221698164020004",5,"MBB",0,0,0,0,0
"MBB_GROW",2025,37.0721435546875,25.7709827423096,7.91327810287476,1.48126482963562,3.49010801315308,5.59887027740479,3.23785352706909,0.0199999995529652,58.8135185241699,0,0,"221698164020004",10,"MBB",0,0,0,0,0
"MBB_GROW",2030,40.6323318481445,28.0195922851562,8.73154258728027,1.2719578742981,1.23786795139313,6.71864032745361,3.41947817802429,0.0199999995529652,62.0318222045898,0,0,"221698164020004",15,"MBB",0,0,0,0,0
"MBB_GROW",2035,44.6422691345215,30.700927734375,9.73257732391357,1.16139817237854,0.903147101402283,6.41914081573486,3.60882687568665,0.0199999995529652,66.4873580932617,0,0,"221698164020004",20,"MBB",0,0,0,0,0
"MBB_GROW",2040,47.9644927978516,32.9005546569824,10.5979852676392,1.07284152507782,0.855263471603394,6.07388305664062,3.81870174407959,0.0199999995529652,70.4031600952148,0,0,"221698164020004",25,"MBB",0,0,0,0,0
"MBB_BAU",2014,21.1993312835693,12.9864645004272,5.32523822784424,0.636370122432709,0.295502722263336,4.51390218734741,10.5767097473145,0.560000002384186,43.1070594787598,1.41463887691498,0,"221698172020004",0,"MBB",0.15379215628573,0,0.248783619497146,0,0.402575775782876
"MBB_BAU",2019,23.4739608764648,14.6010293960571,5.73386144638062,1.29225850105286,0.238360583782196,4.32088184356689,9.54020881652832,0.699999988079071,45.2995338439941,1.94013202190399,0,"221698172020004",5,"MBB",0.245166781967423,0,0.318959878419613,0,0.564126660387036
"MBB_BAU",2024,24.2173862457275,15.1836204528809,5.85691833496094,2.08181619644165,0.323712021112442,4.9127025604248,9.5881872177124,0.939999997615814,47.9207229614258,2.58904957771301,0,"221698172020004",10,"MBB",0.340034832529216,0,0.415444310339449,0,0.755479142868665
"MBB_BAU",2029,24.6652946472168,15.459942817688,5.99536752700806,2.80532288551331,0.371175944805145,5.29891395568848,9.60093402862549,1.28000009059906,50.0170059204102,2.78563165664673,0,"221698172020004",15,"MBB",0.353348483921585,0,0.464786785625107,0,0.818135269546692
"MBB_BAU",2034,24.3251972198486,15.2918195724487,5.92503356933594,3.30348515510559,0.40907484292984,5.3478364944458,9.60478687286377,1.28000009059906,50.1954116821289,2.55778646469116,0,"221698172020004",20,"MBB",0.313269384772261,0,0.442009505327456,0,0.755278890099717
"MBB_BAU",2039,23.7573280334473,14.8197183609009,5.75649881362915,3.66091799736023,0.427017778158188,5.3164234161377,9.5879602432251,1.28000009059906,49.7861442565918,2.46824383735657,0,"221698172020004",25,"MBB",0.300062719263086,0,0.421581727258147,0,0.721644446521233
"MBB_GROW",2014,23.3084106445312,14.4011039733887,5.84892320632935,0.112685650587082,0.295502722263336,3.87500047683716,10.5356130599976,0.560000002384186,44.5361404418945,0,0,"221698172020004",0,"MBB",0,0,0,0,0
"MBB_GROW",2019,28.7260913848877,18.1379127502441,7.02596282958984,0.160231441259384,0.255986511707306,3.08953404426575,9.54542446136475,0.699999988079071,49.503231048584,0,0,"221698172020004",5,"MBB",0,0,0,0,0
"MBB_GROW",2024,33.9168434143066,21.713846206665,8.2423152923584,0.216190487146378,0.374685168266296,3.18786764144897,9.66590118408203,0.939999997615814,56.5437965393066,0,0,"221698172020004",10,"MBB",0,0,0,0,0
"MBB_GROW",2029,38.4310264587402,24.8311862945557,9.38065338134766,0.310237944126129,0.612355709075928,3.53345346450806,9.80774593353271,1.28000009059906,63.3554725646973,0,0,"221698172020004",15,"MBB",0,0,0,0,0
"MBB_GROW",2034,42.2036972045898,27.6027202606201,10.2764053344727,0.422587633132935,0.788834691047668,4.03486442565918,9.95193004608154,1.28000009059906,68.9583129882812,0,0,"221698172020004",20,"MBB",0,0,0,0,0
"MBB_GROW",2039,47.0345840454102,31.11203956604,11.4966831207275,0.600159883499146,1.18222308158875,4.5174388885498,10.0746965408325,1.28000009059906,76.1857833862305,0,0,"221698172020004",25,"MBB",0,0,0,0,0
"MBB_BAU",2016,26.6379146575928,18.355354309082,5.5027003288269,2.68412637710571,2.25366616249084,5.79834461212158,3.02920079231262,0.560000002384186,46.4659538269043,5.80146503448486,0,"274682907489998",0,"MBB",0.479715166875248,0,0.757593087357051,0,1.2373082542323
"MBB_BAU",2021,30.2640285491943,20.2566986083984,6.06540012359619,2.24097394943237,0.815507471561432,5.67156219482422,2.33241629600525,0.699999988079071,48.0898895263672,0,0,"274682907489998",5,"MBB",0,0,0,0,0
"MBB_BAU",2026,33.7262496948242,21.6314525604248,6.86128616333008,2.02966785430908,1.32743644714355,6.50355434417725,2.59384894371033,0.939999997615814,53.9820404052734,0,0,"274682907489998",10,"MBB",0,0,0,0,0
"MBB_BAU",2031,37.3087005615234,22.6563129425049,7.7766056060791,1.9550678730011,1.97352814674377,6.61528491973877,2.85330176353455,1.28000009059906,59.7624855041504,0,0,"274682907489998",15,"MBB",0,0,0,0,0
"MBB_BAU",2036,40.1565628051758,23.4981136322021,8.54849052429199,1.96368539333344,2.29250192642212,7.59017276763916,3.08119177818298,1.28000009059906,64.9126052856445,0,0,"274682907489998",20,"MBB",0,0,0,0,0
"MBB_BAU",2041,41.3800354003906,24.0481414794922,8.96005058288574,2.35385227203369,3.99225664138794,8.60021877288818,3.2987277507782,1.28000009059906,69.8651428222656,0,0,"274682907489998",25,"MBB",0,0,0,0,0
"MBB_GROW",2016,34.5312423706055,24.1568202972412,7.11352252960205,1.07330429553986,2.25366616249084,3.875,2.90449976921082,0.560000002384186,52.3112335205078,0,0,"274682907489998",0,"MBB",0,0,0,0,0
"MBB_GROW",2021,38.5772323608398,26.3557376861572,7.75488424301147,0.947455048561096,0.834823608398438,4.53698825836182,2.51856112480164,0.699999988079071,55.869945526123,0,0,"274682907489998",5,"MBB",0,0,0,0,0
"MBB_GROW",2026,40.1359786987305,26.5743675231934,8.18939781188965,1.40295159816742,3.5192232131958,6.03689002990723,2.7982325553894,0.939999997615814,63.0226745605469,0,0,"274682907489998",10,"MBB",0,0,0,0,0
"MBB_GROW",2031,42.9845008850098,27.4620723724365,8.93380737304688,1.62300527095795,3.48356699943542,7.69575881958008,3.00764036178589,1.28000009059906,69.0082778930664,0,0,"274682907489998",15,"MBB",0,0,0,0,0
"MBB_GROW",2036,45.4674835205078,28.1256332397461,9.6192741394043,1.73510468006134,2.83265781402588,9.3049373626709,3.22184038162231,1.28000009059906,73.461296081543,0,0,"274682907489998",20,"MBB",0,0,0,0,0
"MBB_GROW",2041,46.1942901611328,28.0638122558594,9.94412517547607,2.18409848213196,4.22468900680542,10.371823310852,3.44588541984558,1.28000009059906,77.6449127197266,0,0,"274682907489998",25,"MBB",0,0,0,0,0
"MBB_BAU",2016,24.5158462524414,16.8703651428223,5.31640195846558,0.682350754737854,3.18633532524109,2.59499979019165,3.77029991149902,0.0749999955296516,40.1412391662598,0,0,"274683015489998",0,"MBB",0,0,0,0,0
"MBB_BAU",2021,24.5730743408203,16.2536735534668,5.03183841705322,1.75386488437653,1.42084181308746,4.91184139251709,3.04356837272644,0.0199999995529652,40.7550277709961,3.89337587356567,0,"274683015489998",5,"MBB",0.328987416518217,0,0.553429050059765,0,0.882416466577982
"MBB_BAU",2026,30.1048183441162,19.1272201538086,6.22366809844971,1.6270557641983,1.27901601791382,6.16489315032959,3.10553407669067,0.0199999995529652,48.5249862670898,0,0,"274683015489998",10,"MBB",0,0,0,0,0
"MBB_BAU",2031,35.0913391113281,20.9861907958984,7.48980903625488,1.60615515708923,1.76649951934814,6.36856174468994,3.40278363227844,0.0199999995529652,55.7451438903809,0,0,"274683015489998",15,"MBB",0,0,0,0,0
"MBB_BAU",2036,35.8967704772949,21.4391460418701,7.93008756637573,2.13922929763794,4.37768745422363,7.30585622787476,3.65108942985535,0.0199999995529652,61.3207168579102,0,0,"274683015489998",20,"MBB",0,0,0,0,0
"MBB_BAU",2041,37.0883979797363,21.9769039154053,8.39824676513672,2.38492488861084,3.65022897720337,9.2856035232544,3.76917362213135,0.0199999995529652,64.5965728759766,0,0,"274683015489998",25,"MBB",0,0,0,0,0
"MBB_GROW",2016,24.5158462524414,16.8703651428223,5.31640195846558,0.682350754737854,3.18633532524109,2.59499979019165,3.77029991149902,0.0749999955296516,40.1412391662598,0,0,"274683015489998",0,"MBB",0,0,0,0,0
"MBB_GROW",2021,28.63330078125,19.362247467041,5.95431613922119,0.766712367534637,2.17561435699463,3.54591512680054,2.95362663269043,0.0199999995529652,44.0494842529297,0,0,"274683015489998",5,"MBB",0,0,0,0,0
"MBB_GROW",2026,33.6483993530273,22.1318626403809,7.08813714981079,0.892843127250671,1.67006957530975,5.45788908004761,3.17537641525269,0.0199999995529652,51.9527168273926,0,0,"274683015489998",10,"MBB",0,0,0,0,0
"MBB_GROW",2031,38.3498229980469,24.5035152435303,8.29151248931885,0.999538779258728,1.71465384960175,6.04577445983887,3.4340455532074,0.0199999995529652,58.8553466796875,0,0,"274683015489998",15,"MBB",0,0,0,0,0
"MBB_GROW",2036,41.8462066650391,26.4352149963379,9.17884922027588,1.04756569862366,1.47885608673096,6.7237868309021,3.66317844390869,0.0199999995529652,63.958438873291,0,0,"274683015489998",20,"MBB",0,0,0,0,0
"MBB_GROW",2041,42.6879043579102,27.1163768768311,9.5170783996582,1.47395551204681,3.23176646232605,7.09910106658936,3.86925053596497,0.0199999995529652,67.8990478515625,0,0,"274683015489998",25,"MBB",0,0,0,0,0
"MBB_BAU",2016,33.222713470459,23.69504737854,7.21138000488281,3.32247638702393,0.12109500169754,7.51463460922241,3.15042424201965,0.0199999995529652,54.5627212524414,11.0808296203613,0,"274683356489998",0,"MBB",0.637073382547285,0,1.62612113912726,0,2.26319452167454
"MBB_BAU",2021,32.181224822998,21.4791984558105,6.65732526779175,4.46994495391846,1.13589811325073,7.00129413604736,2.65993547439575,0.0199999995529652,54.1256217956543,5.21960258483887,0,"274683356489998",5,"MBB",0.259797850378038,0,0.797962052360504,0,1.05775990273854
"MBB_BAU",2026,35.5539321899414,22.2650585174561,7.62112331390381,4.22870683670044,3.59693813323975,8.94005680084229,2.78069472312927,0.0199999995529652,62.7414512634277,0,0,"274683356489998",10,"MBB",0,0,0,0,0
"MBB_BAU",2031,36.6353988647461,21.4808521270752,8.23007106781006,4.47759199142456,6.24600505828857,9.97567558288574,3.09304356575012,0.0199999995529652,68.6777801513672,0,0,"274683356489998",15,"MBB",0,0,0,0,0
"MBB_BAU",2036,37.388557434082,21.2640037536621,8.67592906951904,4.53547954559326,5.5192928314209,12.5459041595459,3.24747705459595,0.0199999995529652,71.9326324462891,0,0,"274683356489998",20,"MBB",0,0,0,0,0
"MBB_BAU",2041,38.9368133544922,21.7670307159424,9.33557224273682,4.56361675262451,5.03870391845703,13.4960050582886,3.4222297668457,0.0199999995529652,74.8129348754883,0,0,"274683356489998",25,"MBB",0,0,0,0,0
"MBB_GROW",2016,48.275505065918,34.7758903503418,10.508394241333,0.0254617612808943,0.12109500169754,3.87500023841858,2.90450000762939,0.0199999995529652,65.7299499511719,0,0,"274683356489998",0,"MBB",0,0,0,0,0
"MBB_GROW",2021,49.4475250244141,34.0561599731445,10.6646757125854,1.17279636859894,6.14791488647461,3.14456748962402,2.91125750541687,0.0199999995529652,73.5087356567383,0,0,"274683356489998",5,"MBB",0,0,0,0,0
"MBB_GROW",2026,48.3712577819824,32.1667518615723,10.7461204528809,2.52887487411499,10.0674686431885,8.90495586395264,3.2290632724762,0.0199999995529652,83.8677368164062,0,0,"274683356489998",10,"MBB",0,0,0,0,0
"MBB_GROW",2031,47.6214790344238,30.4308757781982,10.8964080810547,3.51195025444031,9.93874931335449,13.3142433166504,3.42102479934692,0.0199999995529652,88.7238464355469,0,0,"274683356489998",15,"MBB",0,0,0,0,0
"MBB_GROW",2036,47.4619560241699,29.7559375762939,11.0501613616943,3.94843816757202,7.93380641937256,16.2899074554443,3.57281422615051,0.0199999995529652,90.2770843505859,0,0,"274683356489998",20,"MBB",0,0,0,0,0
"MBB_GROW",2041,48.3531684875488,29.9275703430176,11.5110702514648,4.06040573120117,6.13947772979736,16.934398651123,3.76028919219971,0.0199999995529652,90.77880859375,0,0,"274683356489998",25,"MBB",0,0,0,0,0
"MBB_BAU",2015,24.107738494873,15.1411485671997,5.48449897766113,0.556151509284973,1.41898548603058,2.59500026702881,3.7703001499176,0.0199999995529652,37.9526786804199,0,0,"291609162489998",0,"MBB",0,0,0,0,0
"MBB_BAU",2020,29.1349925994873,17.7583675384521,6.40819072723389,0.771193265914917,0.782631635665894,3.08962535858154,3.03117394447327,0.0199999995529652,43.2378082275391,0.772556662559509,0,"291609162489998",5,"MBB",0.0993382601359463,0,0.0846748976986134,0,0.18401315783456
"MBB_BAU",2025,35.0310020446777,21.0867156982422,7.72766065597534,0.835083186626434,1.07466959953308,4.86699771881104,3.26512360572815,0.0199999995529652,52.8205375671387,0,0,"291609162489998",10,"MBB",0,0,0,0,0
"MBB_BAU",2030,39.2611961364746,23.1766567230225,8.81424045562744,1.1863933801651,2.51366281509399,5.88443231582642,3.54331922531128,0.0199999995529652,61.2232475280762,0,0,"291609162489998",15,"MBB",0,0,0,0,0
"MBB_BAU",2035,42.1414413452148,25.2026176452637,9.63541030883789,1.74105215072632,3.8032488822937,7.77944326400757,3.76596403121948,0.0199999995529652,68.8865509033203,0,0,"291609162489998",20,"MBB",0,0,0,0,0
"MBB_BAU",2040,44.6338195800781,27.0638656616211,10.2349557876587,2.22026038169861,3.99671816825867,9.75006484985352,3.96055603027344,0.0199999995529652,74.8163681030273,0,0,"291609162489998",25,"MBB",0,0,0,0,0
"MBB_GROW",2015,24.107738494873,15.1411485671997,5.48449897766113,0.556151509284973,1.41898548603058,2.59500026702881,3.7703001499176,0.0199999995529652,37.9526786804199,0,0,"291609162489998",0,"MBB",0,0,0,0,0
"MBB_GROW",2020,20.5013275146484,12.4224691390991,4.33874320983887,2.45336556434631,8.63222503662109,2.78548407554626,3.01168489456177,0.0199999995529652,41.7428321838379,0,0,"291609162489998",5,"MBB",0,0,0,0,0
"MBB_GROW",2025,24.5493927001953,15.0707244873047,5.16841840744019,2.35108089447021,3.93748688697815,8.19988536834717,2.9706974029541,0.0199999995529652,47.196964263916,0,0,"291609162489998",10,"MBB",0,0,0,0,0
"MBB_GROW",2030,29.1903190612793,17.7999477386475,6.18750047683716,2.13481450080872,1.91142463684082,9.01706504821777,3.17365503311157,0.0199999995529652,51.6347846984863,0,0,"291609162489998",15,"MBB",0,0,0,0,0
"MBB_GROW",2035,34.4076957702637,21.0867805480957,7.3724627494812,1.9054149389267,1.09474849700928,8.91499328613281,3.38444137573242,0.0199999995529652,57.0997581481934,0,0,"291609162489998",20,"MBB",0,0,0,0,0
"MBB_GROW",2040,39.7136306762695,24.2930088043213,8.67177772521973,1.72169387340546,0.957746982574463,8.4819393157959,3.62127685546875,0.0199999995529652,63.1880683898926,0,0,"291609162489998",25,"MBB",0,0,0,0,0
"MBB_BAU",2016,15.1021318435669,7.99115800857544,3.31822490692139,0.705968201160431,2.32408976554871,2.59500026702881,3.77030062675476,0.0749999955296516,27.8907165527344,0,0,"291609223489998",0,"MBB",0,0,0,0,0
"MBB_BAU",2021,24.0904083251953,11.727822303772,4.53851079940796,0.779297113418579,2.25562143325806,2.72563147544861,2.76373839378357,0.0199999995529652,37.1732063293457,0,0,"291609223489998",5,"MBB",0,0,0,0,0
"MBB_BAU",2026,26.599666595459,12.0164222717285,5.38161182403564,1.73725128173828,6.79729080200195,8.47389507293701,3.30837106704712,0.0199999995529652,52.3180885314941,0,0,"291609223489998",10,"MBB",0,0,0,0,0
"MBB_BAU",2031,28.4541015625,12.5673131942749,5.93784618377686,2.29726195335388,5.65172052383423,12.1556854248047,3.40883874893188,0.0199999995529652,57.9254570007324,0,0,"291609223489998",15,"MBB",0,0,0,0,0
"MBB_BAU",2036,30.1051292419434,14.2660303115845,6.49980068206787,2.61275434494019,4.32533121109009,14.0690822601318,3.54456043243408,0.0199999995529652,61.1766586303711,0,0,"291609223489998",20,"MBB",0,0,0,0,0
"MBB_BAU",2041,33.7227783203125,16.0565166473389,7.19418478012085,2.52224349975586,2.42230939865112,14.0906581878662,3.72193479537964,0.0199999995529652,63.6941108703613,0,0,"291609223489998",25,"MBB",0,0,0,0,0
"MBB_GROW",2016,15.1021318435669,7.99115800857544,3.31822490692139,0.705968201160431,2.32408976554871,2.59500026702881,3.77030062675476,0.0749999955296516,27.8907165527344,0,0,"291609223489998",0,"MBB",0,0,0,0,0
"MBB_GROW",2021,22.9672431945801,11.1536340713501,4.43942546844482,0.795879006385803,2.37657928466797,2.72563147544861,2.76373839378357,0.0199999995529652,36.0884971618652,0,0,"291609223489998",5,"MBB",0,0,0,0,0
"MBB_GROW",2026,27.2253837585449,11.884557723999,5.53966903686523,1.52328205108643,5.36716842651367,7.6873288154602,3.22548723220825,0.0199999995529652,50.5883178710938,0,0,"291609223489998",10,"MBB",0,0,0,0,0
"MBB_GROW",2031,29.4950752258301,14.0607843399048,6.17363882064819,2.09121417999268,5.24339628219604,10.901668548584,3.39772939682007,0.0199999995529652,57.3227195739746,0,0,"291609223489998",15,"MBB",0,0,0,0,0
"MBB_GROW",2036,31.4025382995605,15.3214149475098,6.71807193756104,2.40487694740295,4.13311100006104,12.9216928482056,3.54107642173767,0.0199999995529652,61.1413650512695,0,0,"291609223489998",20,"MBB",0,0,0,0,0
"MBB_GROW",2041,34.2863006591797,17.5601558685303,7.32311868667603,2.53242421150208,3.3938729763031,12.9718742370605,3.70906352996826,0.0199999995529652,64.2366561889648,0,0,"291609223489998",25,"MBB",0,0,0,0,0
"MBB_BAU",2015,20.3888778686523,13.5053129196167,4.30119037628174,0.676078200340271,2.6700325012207,4.5059700012207,2.91385579109192,0.0199999995529652,35.4760055541992,0,0,"291609308489998",0,"MBB",0,0,0,0,0
"MBB_BAU",2020,23.5216217041016,15.6048555374146,5.00034666061401,0.620832800865173,1.12740576267242,4.9020357131958,1.23655271530151,0.0199999995529652,36.4287986755371,0,0,"291609308489998",5,"MBB",0,0,0,0,0
"MBB_BAU",2025,26.9785594940186,17.9352760314941,5.81045007705688,0.590201139450073,0.540284216403961,4.71901750564575,1.37480342388153,0.0199999995529652,40.0333137512207,0,0,"291609308489998",10,"MBB",0,0,0,0,0
"MBB_BAU",2030,24.0785121917725,15.8765439987183,5.23060178756714,2.13113737106323,0.585128307342529,6.11458587646484,1.66138780117035,0.0199999995529652,39.8213539123535,5.05883550643921,0,"291609308489998",15,"MBB",0.668200207634594,0,0.535363096553977,0,1.20356330418857
"MBB_BAU",2035,27.7781639099121,18.551815032959,6.09241056442261,1.80480337142944,0.544630169868469,5.01420879364014,1.54225289821625,0.0199999995529652,42.7964706420898,0,0,"291609308489998",20,"MBB",0,0,0,0,0
"MBB_BAU",2040,24.8950576782227,16.5418930053711,5.49335336685181,3.12026858329773,0.529906094074249,6.08563852310181,1.83386445045471,0.0199999995529652,41.9780921936035,5.0127272605896,0,"291609308489998",25,"MBB",0.645912167180407,0,0.543750044972084,0,1.18966221215249
"MBB_GROW",2015,20.3888778686523,13.5053129196167,4.30119037628174,0.676078200340271,2.6700325012207,4.5059700012207,2.91385579109192,0.0199999995529652,35.4760055541992,0,0,"291609308489998",0,"MBB",0,0,0,0,0
"MBB_GROW",2020,23.5216217041016,15.6048555374146,5.00034666061401,0.620832800865173,1.12740576267242,4.9020357131958,1.23655271530151,0.0199999995529652,36.4287986755371,0,0,"291609308489998",5,"MBB",0,0,0,0,0
"MBB_GROW",2025,26.9785594940186,17.9352760314941,5.81045007705688,0.590201139450073,0.540284216403961,4.71901750564575,1.37480342388153,0.0199999995529652,40.0333137512207,0,0,"291609308489998",10,"MBB",0,0,0,0,0
"MBB_GROW",2030,31.2414283752441,20.9353790283203,6.78415489196777,0.577584624290466,0.585128307342529,4.18816375732422,1.53866291046143,0.0199999995529652,44.9351196289062,0,0,"291609308489998",15,"MBB",0,0,0,0,0
"MBB_GROW",2035,35.7412261962891,24.2005004882812,7.83335971832275,0.58419394493103,0.687240719795227,3.94569492340088,1.7251410484314,0.0199999995529652,50.5368537902832,0,0,"291609308489998",20,"MBB",0,0,0,0,0
"MBB_GROW",2040,40.6682968139648,27.8161659240723,9.07868576049805,0.724622309207916,1.34475660324097,3.90850734710693,1.9236741065979,0.0199999995529652,57.6685447692871,0,0,"291609308489998",25,"MBB",0,0,0,0,0
"MBB_BAU",2015,19.2702465057373,12.6876792907715,4.54694557189941,0.105349823832512,0.252701491117477,2.59500026702881,3.7703001499176,0.0199999995529652,30.5605449676514,0,0,"291609445489998",0,"MBB",0,0,0,0,0
"MBB_BAU",2020,23.7080116271973,15.1687116622925,5.47240209579468,0.140837445855141,0.309216558933258,2.04312705993652,2.85938215255737,0.0199999995529652,34.552978515625,0,0,"291609445489998",5,"MBB",0,0,0,0,0
"MBB_BAU",2025,26.8229732513428,16.5162563323975,6.24879455566406,0.502714931964874,0.403070569038391,3.3838574886322,3.08096694946289,0.0199999995529652,40.4623832702637,0.930824398994446,0,"291609445489998",10,"MBB",0.0910687173934638,0.000270022002752916,0.104772690929659,0.0113428653863643,0.20745429571224
"MBB_BAU",2030,30.5439987182617,18.2778034210205,7.25642538070679,0.704648494720459,1.36782836914062,3.89448046684265,3.25303649902344,0.0199999995529652,47.0404167175293,0,0,"291609445489998",15,"MBB",0,0,0,0,0
"MBB_BAU",2035,33.9517250061035,20.0159645080566,8.20101928710938,0.836797595024109,1.34178614616394,4.8447265625,3.44920349121094,0.0199999995529652,52.6452560424805,0,0,"291609445489998",20,"MBB",0,0,0,0,0
"MBB_BAU",2040,37.1296272277832,21.640941619873,9.12104511260986,0.943706452846527,1.28407859802246,5.72292709350586,3.65116000175476,0.0199999995529652,57.8725471496582,0,0,"291609445489998",25,"MBB",0,0,0,0,0
"MBB_GROW",2015,19.2702465057373,12.6876792907715,4.54694557189941,0.105349823832512,0.252701491117477,2.59500026702881,3.7703001499176,0.0199999995529652,30.5605449676514,0,0,"291609445489998",0,"MBB",0,0,0,0,0
"MBB_GROW",2020,10.6340427398682,6.56371307373047,2.36159873008728,2.73526215553284,11.0557050704956,2.04312705993652,2.85938215255737,0.0749999955296516,31.7641181945801,0,0,"291609445489998",5,"MBB",0,0,0,0,0
"MBB_GROW",2025,10.8486957550049,6.46289777755737,2.39710235595703,2.69225382804871,5.6110725402832,7.55318784713745,2.63872408866882,0.0749999955296516,31.8160362243652,0,0,"291609445489998",10,"MBB",0,0,0,0,0
"MBB_GROW",2030,12.7884559631348,7.54403686523438,2.87450551986694,2.27501964569092,1.78577470779419,8.7103443145752,2.70617651939392,0.0749999955296516,31.2152786254883,0,0,"291609445489998",15,"MBB",0,0,0,0,0
"MBB_GROW",2035,15.2460231781006,8.9563102722168,3.56869769096375,1.87705457210541,0.473693937063217,7.35362529754639,2.82035517692566,0.0749999955296516,31.4144496917725,0,0,"291609445489998",20,"MBB",0,0,0,0,0
"MBB_GROW",2040,17.7180500030518,10.4478759765625,4.2055516242981,1.55264234542847,0.225037276744843,5.76045417785645,2.95598673820496,0.0199999995529652,32.4377212524414,0,0,"291609445489998",25,"MBB",0,0,0,0,0
"MBB_BAU",2015,26.2656555175781,18.7151126861572,5.65075159072876,0.0108176013454795,0.0606740601360798,2.59500026702881,3.7703001499176,0.0199999995529652,38.3732032775879,0,0,"291609452489998",0,"MBB",0,0,0,0,0
"MBB_BAU",2020,30.4969787597656,21.588321685791,6.45676565170288,0.0749324262142181,0.332293927669525,1.98531079292297,2.94910073280334,0.0199999995529652,42.3153800964355,0,0,"291609452489998",5,"MBB",0,0,0,0,0
"MBB_BAU",2025,28.6912574768066,19.6638813018799,6.09712028503418,1.563560962677,0.466592639684677,4.1114501953125,3.23264813423157,0.0199999995529652,44.1826248168945,4.90422058105469,0,"291609452489998",10,"MBB",0.281834940975503,0,0.780221320645577,0,1.06205626162108
"MBB_BAU",2030,29.9700622558594,19.8052043914795,6.48053693771362,2.02950048446655,0.138681009411812,4.68920707702637,3.21930932998657,0.0199999995529652,46.5472984313965,2.642986536026,0,"291609452489998",15,"MBB",0.171640104099399,0,0.409651194110151,0,0.581291298209551
"MBB_BAU",2035,31.9782028198242,20.7863445281982,7.02927255630493,2.13538503646851,0.475938379764557,4.56462860107422,3.31549859046936,0.0199999995529652,49.5189247131348,1.41500091552734,0,"291609452489998",20,"MBB",0.0966161254638029,0,0.215903346655651,0,0.312519472119453
"MBB_BAU",2040,34.3715896606445,22.1824588775635,7.6529688835144,2.1595823764801,0.718202292919159,4.5290002822876,3.44703149795532,0.0199999995529652,52.8983764648438,1.06829190254211,0,"291609452489998",25,"MBB",0.0657657064252765,0,0.168717906072905,0,0.234483612498181
"MBB_GROW",2015,26.2656555175781,18.7151126861572,5.65075159072876,0.0108176013454795,0.0606740601360798,2.59500026702881,3.7703001499176,0.0199999995529652,38.3732032775879,0,0,"291609452489998",0,"MBB",0,0,0,0,0
"MBB_GROW",2020,10.37779712677,6.99316358566284,2.23577666282654,3.78952121734619,17.853687286377,1.98531079292297,2.94910073280334,0.0199999995529652,39.2111930847168,0,0,"291609452489998",5,"MBB",0,0,0,0,0
"MBB_GROW",2025,9.82240772247314,6.43594980239868,2.12930107116699,3.65580558776855,8.60784530639648,10.7634239196777,2.6071572303772,0.0199999995529652,37.6059417724609,0,0,"291609452489998",10,"MBB",0,0,0,0,0
"MBB_GROW",2030,11.6486082077026,7.57930898666382,2.55728054046631,3.06228232383728,2.41963887214661,12.5256872177124,2.66605615615845,0.0199999995529652,34.8995513916016,0,0,"291609452489998",15,"MBB",0,0,0,0,0
"MBB_GROW",2035,14.2035732269287,9.35625648498535,3.18210697174072,2.50378966331482,0.548952460289001,10.2407751083374,2.78701448440552,0.0199999995529652,33.4862098693848,0,0,"291609452489998",20,"MBB",0,0,0,0,0
"MBB_GROW",2040,17.5152549743652,11.6730661392212,3.98631644248962,2.04590678215027,0.219391062855721,7.57272911071777,2.91685032844543,0.0199999995529652,34.2764472961426,0,0,"291609452489998",25,"MBB",0,0,0,0,0
"MBB_BAU",2016,26.9970893859863,18.8618507385254,5.87895727157593,2.36518931388855,4.82666969299316,4.05029010772705,3.87192726135254,0.0199999995529652,48.0101203918457,4.30933094024658,0,"291609563489998",0,"MBB",0.19929627744474,0,0.687041032393215,0,0.886337309837955
"MBB_BAU",2021,28.5444030761719,19.2560539245605,6.00861024856567,2.8154833316803,3.18862080574036,5.32848405838013,3.10555529594421,0.0199999995529652,49.011157989502,2.79138827323914,0,"291609563489998",5,"MBB",0.162482299652345,0,0.426034088760314,0,0.588516388412659
"MBB_BAU",2026,32.7904510498047,21.1117839813232,7.05943775177002,2.66186928749084,2.36918354034424,7.16971397399902,3.24934768676758,0.0199999995529652,55.3200035095215,0.459224969148636,0,"291609563489998",10,"MBB",0.0303876750067589,0,0.068390116157658,0,0.0987777911644169
"MBB_BAU",2031,37.2519149780273,22.6920642852783,8.23285961151123,2.50705170631409,2.03438377380371,7.47026014328003,3.53629398345947,0.0199999995529652,61.0527648925781,0,0,"291609563489998",15,"MBB",0,0,0,0,0
"MBB_BAU",2036,40.5138816833496,23.8907413482666,9.24673271179199,2.55767297744751,2.75881743431091,7.78882074356079,3.78898978233337,0.0199999995529652,66.6749038696289,0,0,"291609563489998",20,"MBB",0,0,0,0,0
"MBB_BAU",2041,41.5374145507812,24.5694465637207,9.6415205001831,3.06258249282837,4.6183066368103,8.68947410583496,4.02136468887329,0.0199999995529652,71.5906600952148,0,0,"291609563489998",25,"MBB",0,0,0,0,0
"MBB_GROW",2016,32.8990478515625,23.1711845397949,7.20750427246094,1.03664290904999,4.82666969299316,2.59500026702881,3.7703001499176,0.0199999995529652,52.355167388916,0,0,"291609563489998",0,"MBB",0,0,0,0,0
"MBB_GROW",2021,8.91603660583496,5.72490501403809,1.79329454898834,6.58451652526855,28.7865295410156,3.57950401306152,3.19180822372437,0.0199999995529652,52.8716888427734,0,0,"291609563489998",5,"MBB",0,0,0,0,0
"MBB_GROW",2026,5.97675943374634,3.17634677886963,1.18133807182312,6.29631662368774,13.7292251586914,17.8645896911621,2.66193461418152,0.0199999995529652,47.7301635742188,0,0,"291609563489998",10,"MBB",0,0,0,0,0
"MBB_GROW",2031,7.14398574829102,3.37181925773621,1.48868751525879,5.25943374633789,3.15626239776611,20.8545951843262,2.71501111984253,0.0199999995529652,40.6379776000977,0,0,"291609563489998",15,"MBB",0,0,0,0,0
"MBB_GROW",2036,9.06507968902588,4.13376045227051,1.98644936084747,4.28493928909302,0.652418971061707,16.5212650299072,2.86645698547363,0.0199999995529652,35.3966102600098,0,0,"291609563489998",20,"MBB",0,0,0,0,0
"MBB_GROW",2041,12.441201210022,6.21711540222168,2.70243120193481,3.4811487197876,0.217621803283691,12.177077293396,3.01688694953918,0.0199999995529652,34.0563697814941,0,0,"291609563489998",25,"MBB",0,0,0,0,0
"MBB_BAU",2016,30.005464553833,20.727746963501,7.24276208877563,4.09465026855469,3.79620981216431,5.75672054290771,3.99818468093872,0.0199999995529652,54.9139938354492,8.79176235198975,0,"291609580489998",0,"MBB",0.500882400237043,0,1.41490358915502,0,1.91578598939207
"MBB_BAU",2021,26.0246162414551,17.3304271697998,6.09580850601196,5.3678765296936,2.95520901679993,7.22505474090576,3.34033250808716,0.0199999995529652,51.0289001464844,5.6991171836853,0,"291609580489998",5,"MBB",0.356717074334654,0,0.890785433556819,0,1.24750250789147
"MBB_BAU",2026,28.7561645507812,18.2673454284668,6.77683877944946,4.82856607437134,1.54601323604584,7.86294031143188,3.2484700679779,0.0199999995529652,53.0389976501465,1.25861060619354,0,"291609580489998",10,"MBB",0.0765953085914028,0,0.198028140389076,0,0.274623448980479
"MBB_BAU",2031,31.6746215820312,19.0417747497559,7.60126495361328,4.27306270599365,2.00350284576416,7.14769458770752,3.44887566566467,0.0199999995529652,56.1690216064453,0,0,"291609580489998",15,"MBB",0,0,0,0,0
"MBB_BAU",2036,34.6469116210938,19.948974609375,8.47780704498291,3.77336978912354,1.98185431957245,7.14082050323486,3.65014100074768,0.0199999995529652,59.6909027099609,0,0,"291609580489998",20,"MBB",0,0,0,0,0
"MBB_BAU",2041,39.010425567627,22.0601291656494,9.60790729522705,3.40063953399658,2.01795053482056,7.53907537460327,3.86487650871277,0.0199999995529652,65.4608764648438,0,0,"291609580489998",25,"MBB",0,0,0,0,0
"MBB_GROW",2016,42.2668991088867,29.5195083618164,10.2599468231201,1.07746505737305,3.79620981216431,2.59499979019165,3.77029943466187,0.0199999995529652,63.7858238220215,0,0,"291609580489998",0,"MBB",0,0,0,0,0
"MBB_GROW",2021,19.1864280700684,13.1850004196167,4.19390678405762,7.4101619720459,27.7933654785156,3.40495181083679,3.53481674194336,0.0749999955296516,65.5986328125,0,0,"291609580489998",5,"MBB",0,0,0,0,0
"MBB_GROW",2026,17.3082447052002,11.5596771240234,3.671715259552,7.03132820129395,15.8101377487183,15.0975484848022,2.96124601364136,0.0749999955296516,61.9552230834961,0,0,"291609580489998",10,"MBB",0,0,0,0,0
"MBB_GROW",2031,19.0679473876953,12.097020149231,4.14098453521729,5.89818334579468,7.81812477111816,17.2727355957031,3.02586197853088,0.0199999995529652,57.2438354492188,0,0,"291609580489998",15,"MBB",0,0,0,0,0
"MBB_GROW",2036,21.3516712188721,13.1308422088623,4.77101707458496,4.84910821914673,3.41115665435791,15.9379720687866,3.20654082298279,0.0199999995529652,53.5474662780762,0,0,"291609580489998",20,"MBB",0,0,0,0,0
"MBB_GROW",2041,24.740177154541,15.0254383087158,5.56235647201538,3.98908352851868,1.05759704113007,13.5922479629517,3.39627194404602,0.0199999995529652,52.3577308654785,0,0,"291609580489998",25,"MBB",0,0,0,0,0
"MBB_BAU",2016,19.1457977294922,12.7423582077026,4.29560899734497,0.0981947034597397,0.227885752916336,2.59499979019165,3.7703001499176,0.0199999995529652,30.1527862548828,0,0,"291609583489998",0,"MBB",0,0,0,0,0
"MBB_BAU",2021,25.1937942504883,15.8379020690918,5.28284072875977,0.135348752140999,0.297622323036194,2.05616998672485,2.85038113594055,0.0199999995529652,35.8361587524414,0,0,"291609583489998",5,"MBB",0,0,0,0,0
"MBB_BAU",2026,29.4255065917969,17.4421100616455,6.26865482330322,0.550371408462524,2.17498850822449,4.20981216430664,3.22003984451294,0.0199999995529652,45.8693733215332,0,0,"291609583489998",10,"MBB",0,0,0,0,0
"MBB_BAU",2031,32.8640289306641,17.9810447692871,7.31455326080322,1.24573719501495,3.96746301651001,6.09625005722046,3.52130079269409,0.0199999995529652,55.0293350219727,0,0,"291609583489998",15,"MBB",0,0,0,0,0
"MBB_BAU",2036,33.8101806640625,17.8663330078125,7.81737279891968,2.08379030227661,5.08129358291626,9.00694370269775,3.73256540298462,0.0199999995529652,61.5521469116211,0,0,"291609583489998",20,"MBB",0,0,0,0,0
"MBB_BAU",2041,34.4995727539062,17.9153118133545,8.17919921875,2.55243897438049,4.05019235610962,11.6697406768799,3.88272762298584,0.0199999995529652,64.853874206543,0,0,"291609583489998",25,"MBB",0,0,0,0,0
"MBB_GROW",2016,19.1457977294922,12.7423582077026,4.29560899734497,0.0981947034597397,0.227885752916336,2.59499979019165,3.7703001499176,0.0199999995529652,30.1527862548828,0,0,"291609583489998",0,"MBB",0,0,0,0,0
"MBB_GROW",2021,11.7504444122314,6.46873092651367,2.35139036178589,2.70096945762634,11.3818998336792,2.05616998672485,2.85038113594055,0.0199999995529652,33.111255645752,0,0,"291609583489998",5,"MBB",0,0,0,0,0
"MBB_GROW",2026,13.8102760314941,6.45019721984863,2.92485737800598,2.64985156059265,5.79443836212158,8.7661075592041,2.77792763710022,0.0199999995529652,36.7434616088867,0,0,"291609583489998",10,"MBB",0,0,0,0,0
"MBB_GROW",2031,17.362340927124,7.3152322769165,3.93484449386597,2.36873269081116,2.12130045890808,10.740761756897,2.96843433380127,0.0199999995529652,39.516414642334,0,0,"291609583489998",15,"MBB",0,0,0,0,0
"MBB_GROW",2036,20.6560153961182,8.19223213195801,4.9268798828125,2.14960694313049,1.19344651699066,10.3885326385498,3.1948094367981,0.0199999995529652,42.5292930603027,0,0,"291609583489998",20,"MBB",0,0,0,0,0
"MBB_GROW",2041,25.5541152954102,10.4241952896118,6.18083906173706,1.9831531047821,1.02500641345978,10.0258274078369,3.42034101486206,0.0199999995529652,48.209285736084,0,0,"291609583489998",25,"MBB",0,0,0,0,0
"MBB_BAU",2016,23.4429550170898,14.4017162322998,5.85381460189819,0.409671723842621,0.538310408592224,2.88480949401855,3.78944039344788,0.0199999995529652,36.9390029907227,0.632614493370056,0,"291609600489998",0,"MBB",0.0450649804478127,0,0.104318005177503,0,0.149382985625316
"MBB_BAU",2021,28.5198173522949,17.0825119018555,6.87221527099609,0.491137802600861,0.650989830493927,2.55284237861633,3.05800104141235,0.0199999995529652,42.1650047302246,0.113802082836628,0,"291609600489998",5,"MBB",0.00938486943353748,0,0.0181089482200859,0,0.0274938176536233
"MBB_BAU",2026,33.3606452941895,19.2072811126709,8.08094215393066,0.777042210102081,1.75445640087128,4.31926536560059,3.30730485916138,0.0199999995529652,51.6196594238281,0,0,"291609600489998",10,"MBB",0,0,0,0,0
"MBB_BAU",2031,38.091682434082,21.2954235076904,9.33505249023438,1.08489525318146,2.22423076629639,6.03652811050415,3.56892371177673,0.0199999995529652,60.3613166809082,0,0,"291609600489998",15,"MBB",0,0,0,0,0
"MBB_BAU",2036,40.3835296630859,22.7255802154541,9.84004020690918,1.76496362686157,3.97993683815002,8.03618621826172,3.82909512519836,0.0199999995529652,67.8537521362305,0,0,"291609600489998",20,"MBB",0,0,0,0,0
"MBB_BAU",2041,41.4344444274902,23.8356761932373,10.2037496566772,2.62534642219543,5.562180519104,10.4394388198853,3.99890351295471,0.0199999995529652,74.2840576171875,0,0,"291609600489998",25,"MBB",0,0,0,0,0
"MBB_GROW",2016,24.3912448883057,15.0343294143677,6.10393047332764,0.159555852413177,0.538310408592224,2.59500026702881,3.77030062675476,0.0199999995529652,37.5783462524414,0,0,"291609600489998",0,"MBB",0,0,0,0,0
"MBB_GROW",2021,28.9971389770508,17.6242523193359,7.04133367538452,0.304860562086105,1.01187419891357,2.32988572120667,3.08331489562988,0.0199999995529652,42.7884063720703,0,0,"291609600489998",5,"MBB",0,0,0,0,0
"MBB_GROW",2026,32.8922080993652,19.6274433135986,7.95165586471558,0.616420388221741,1.72210574150085,4.35889959335327,3.30763077735901,0.0199999995529652,50.8689231872559,0,0,"291609600489998",10,"MBB",0,0,0,0,0
"MBB_GROW",2031,37.2648658752441,21.6290969848633,9.01135730743408,0.830839514732361,1.70395517349243,5.99257469177246,3.52643513679504,0.0199999995529652,58.3500328063965,0,0,"291609600489998",15,"MBB",0,0,0,0,0
"MBB_GROW",2036,40.1167373657227,22.9818954467773,9.85747146606445,1.2519668340683,2.70274972915649,7.59180879592896,3.76234602928162,0.0199999995529652,65.3030776977539,0,0,"291609600489998",20,"MBB",0,0,0,0,0
"MBB_GROW",2041,42.301342010498,24.4304523468018,10.328857421875,1.85138189792633,3.8371639251709,9.43190765380859,3.97876334190369,0.0199999995529652,71.7494049072266,0,0,"291609600489998",25,"MBB",0,0,0,0,0
"MBB_BAU",2015,36.4331207275391,24.5024642944336,8.69891929626465,2.2557475566864,1.00628805160522,4.72022676467896,3.95838451385498,0.0199999995529652,57.0926895141602,6.08120107650757,0,"291609682489998",0,"MBB",0.343098619846205,0.0478561975289838,0.819514429475025,0.0402081741297561,1.25067742097997
"MBB_BAU",2020,41.7384300231934,26.2849235534668,9.02964687347412,2.94380497932434,2.70215559005737,4.56510972976685,3.42466402053833,0.0199999995529652,64.4238128662109,1.80544924736023,0,"291609682489998",5,"MBB",0.0969427626645568,0.0119706113328558,0.250385623719721,0.0143220267206938,0.373621024437828
"MBB_BAU",2025,38.6836967468262,23.9924221038818,8.72997760772705,4.19078159332275,9.98725891113281,11.5092630386353,3.827303647995,0.0199999995529652,76.9482727050781,0,0,"291609682489998",10,"MBB",0,0,0,0,0
"MBB_BAU",2030,38.9280090332031,23.4383392333984,8.94809818267822,4.57373809814453,7.99849987030029,15.6470565795898,3.88415741920471,0.0199999995529652,79.9995574951172,0,0,"291609682489998",15,"MBB",0,0,0,0,0
"MBB_BAU",2035,39.9419822692871,23.9235763549805,9.38670825958252,4.52272033691406,5.35391426086426,17.6685638427734,4.02557802200317,0.0199999995529652,80.9194641113281,0,0,"291609682489998",20,"MBB",0,0,0,0,0
"MBB_BAU",2040,42.6065521240234,25.3277587890625,10.0020771026611,4.0806040763855,3.06693363189697,16.7013397216797,4.22858333587646,0.0199999995529652,80.7060852050781,0,0,"291609682489998",25,"MBB",0,0,0,0,0
"MBB_GROW",2015,44.8937149047852,30.583667755127,10.7398090362549,0.214857816696167,1.00628805160522,2.59500026702881,3.77030062675476,0.0199999995529652,63.2399711608887,0,0,"291609682489998",0,"MBB",0,0,0,0,0
"MBB_GROW",2020,36.8529739379883,23.413122177124,7.9477972984314,4.0982518196106,16.1512660980225,2.73208045959473,3.58931088447571,0.0199999995529652,71.3916702270508,0,0,"291609682489998",5,"MBB",0,0,0,0,0
"MBB_GROW",2025,35.6912498474121,21.7307739257812,7.77905607223511,4.86359024047852,14.5696048736572,13.553560256958,3.6098964214325,0.0199999995529652,80.0869445800781,0,0,"291609682489998",10,"MBB",0,0,0,0,0
"MBB_GROW",2030,36.4418144226074,21.4657382965088,8.04161167144775,4.95187377929688,10.9221000671387,18.098123550415,3.75567269325256,0.0199999995529652,82.2311935424805,0,0,"291609682489998",15,"MBB",0,0,0,0,0
"MBB_GROW",2035,37.7667808532715,22.2147979736328,8.53000926971436,4.73053026199341,7.13533687591553,20.630916595459,3.92472505569458,0.0199999995529652,82.7383041381836,0,0,"291609682489998",20,"MBB",0,0,0,0,0
"MBB_GROW",2040,40.6557464599609,24.0085544586182,9.20972442626953,4.20531940460205,3.0235424041748,20.6332015991211,4.14908838272095,0.0199999995529652,81.8966217041016,0,0,"291609682489998",25,"MBB",0,0,0,0,0
"MBB_BAU",2016,33.7690811157227,23.5038299560547,8.01443386077881,4.6142201423645,1.25445032119751,8.52486801147461,3.31586670875549,0.0199999995529652,59.5129241943359,12.4408082962036,0,"291609727489998",0,"MBB",0.839774789132085,0.00108455632782163,1.86608093829114,0.408542581708486,3.11548286545953
"MBB_BAU",2021,30.6133651733398,20.2041931152344,7.1281795501709,6.15963125228882,0.643729448318481,9.14105224609375,2.78854560852051,0.0199999995529652,56.4945030212402,7.08647298812866,0,"291609727489998",5,"MBB",0.473733545067791,0.000596528228040554,1.07780637571908,0.218057806948979,1.77019425596389
"MBB_BAU",2026,33.1578559875488,20.5690135955811,7.9372615814209,6.02042531967163,1.19984722137451,9.05068397521973,2.77195143699646,0.0199999995529652,60.1580238342285,2.38270020484924,0,"291609727489998",10,"MBB",0.156426413288431,0.000177865059251575,0.367686537783628,0.0704528768662177,0.594743692997528
"MBB_BAU",2031,36.2616233825684,21.9736328125,8.80178737640381,5.38636159896851,1.42502081394196,8.85650253295898,2.96955060958862,0.0199999995529652,63.7208480834961,0.698419868946075,0,"291609727489998",15,"MBB",0.0403782029176905,4.70529069953776e-05,0.11208814595244,0.0198450488171761,0.172358450594302
"MBB_BAU",2036,39.7014961242676,23.6435565948486,9.80939102172852,4.73920011520386,1.30501317977905,8.52353668212891,3.18563914299011,0.0199999995529652,67.2842712402344,0.362944483757019,0,"291609727489998",20,"MBB",0.0201150760530623,2.17348568045514e-05,0.0590439678842353,0.00978095091995167,0.0889617297140537
"MBB_BAU",2041,42.9873275756836,25.1807289123535,10.8254175186157,4.31160497665405,1.27224051952362,8.28159332275391,3.43818473815918,0.0199999995529652,71.1363677978516,0.625602304935455,0,"291609727489998",25,"MBB",0.0363844129351075,0.000657887495979593,0.099088514913178,0.0162036192729738,0.152334434617239
"MBB_GROW",2016,51.415657043457,35.9446334838867,12.2476482391357,0.381007462739944,1.25445032119751,3.87499976158142,2.90449976921082,0.0199999995529652,72.098258972168,0,0,"291609727489998",0,"MBB",0,0,0,0,0
"MBB_GROW",2021,54.6887054443359,37.3353233337402,13.0010395050049,1.23634898662567,4.77221298217773,3.84828209877014,3.01682806015015,0.0199999995529652,80.5834197998047,0,0,"291609727489998",5,"MBB",0,0,0,0,0
"MBB_GROW",2026,57.997917175293,38.7312812805176,13.9782285690308,1.86427640914917,4.87774658203125,7.94148349761963,3.32570338249207,0.0199999995529652,90.0053482055664,0,0,"291609727489998",10,"MBB",0,0,0,0,0
"MBB_GROW",2031,58.1312522888184,38.8357925415039,14.1658496856689,2.79165983200073,6.41236686706543,10.8639335632324,3.60987401008606,0.0199999995529652,95.9949340820312,0,0,"291609727489998",15,"MBB",0,0,0,0,0
"MBB_GROW",2036,58.5864181518555,39.0798187255859,14.4120073318481,3.33264303207397,5.79970216751099,12.7827682495117,3.78224301338196,0.0199999995529652,98.7157821655273,0,0,"291609727489998",20,"MBB",0,0,0,0,0
"MBB_GROW",2041,59.1304130554199,39.4471054077148,14.7258462905884,3.76722764968872,5.70023822784424,13.4776191711426,3.97037267684937,0.0199999995529652,100.791717529297,0,0,"291609727489998",25,"MBB",0,0,0,0,0
"MBB_BAU",2016,27.1489429473877,17.1149501800537,6.29143238067627,0.601887762546539,0.0448571518063545,4.54489231109619,2.94852828979492,0.939999997615814,42.5205383300781,1.66626358032227,0,"291609728489998",0,"MBB",0.148129137611074,0,0.254828006404274,0,0.402957144015348
"MBB_BAU",2021,35.006965637207,21.6363410949707,7.8977198600769,0.988269925117493,1.24169039726257,3.65145206451416,2.50378036499023,1.10000002384186,52.3898773193359,0.709560751914978,0,"291609728489998",5,"MBB",0.0643502901413506,0,0.105207405174314,0,0.169557695315664
"MBB_BAU",2026,43.0632781982422,26.2124652862549,9.9935302734375,1.31278479099274,2.5023980140686,6.30972528457642,2.88226580619812,1.32000005245209,67.3839797973633,0,0,"291609728489998",10,"MBB",0,0,0,0,0
"MBB_BAU",2031,46.3901863098145,28.1690902709961,10.9978828430176,2.23435878753662,5.4702320098877,8.2802619934082,3.26738238334656,1.66000008583069,78.3003082275391,0,0,"291609728489998",15,"MBB",0,0,0,0,0
"MBB_BAU",2036,43.2869186401367,25.8771953582764,10.5154275894165,4.41241598129272,6.19861650466919,12.8724460601807,3.59009146690369,1.66000008583069,82.5359115600586,3.83380055427551,0,"291609728489998",20,"MBB",0.294300321586264,0,0.575227983527676,0,0.86952830511394
"MBB_BAU",2041,45.1366958618164,26.7586994171143,11.1580362319946,5.11697959899902,4.02895021438599,15.0987148284912,3.63272762298584,1.66000008583069,85.8321075439453,2.32481503486633,0,"291609728489998",25,"MBB",0.164140544317222,0,0.354912516411588,0,0.51905306072881
"MBB_GROW",2016,29.5445938110352,18.7812118530273,6.86048555374146,0.0328359492123127,0.0448571518063545,3.87500071525574,2.90450024604797,0.939999997615814,44.2022705078125,0,0,"291609728489998",0,"MBB",0,0,0,0,0
"MBB_GROW",2021,38.2537879943848,23.9979343414307,8.69829750061035,0.378402054309845,1.69670724868774,2.98158192634583,2.55085849761963,1.10000002384186,55.6596374511719,0,0,"291609728489998",5,"MBB",0,0,0,0,0
"MBB_GROW",2026,46.2875671386719,28.8034515380859,10.7795724868774,0.921384036540985,2.99121713638306,6.22968482971191,2.96716904640198,1.32000005245209,71.4965972900391,0,0,"291609728489998",10,"MBB",0,0,0,0,0
"MBB_GROW",2031,51.4266128540039,32.3723182678223,12.3309679031372,2.35911703109741,7.46200275421143,8.55321407318115,3.34500670433044,1.66000008583069,87.1369247436523,0,0,"291609728489998",15,"MBB",0,0,0,0,0
"MBB_GROW",2036,53.4931373596191,34.2716064453125,13.1592178344727,3.88419795036316,9.42581558227539,12.6144018173218,3.62309288978577,1.66000008583069,97.8598709106445,0,0,"291609728489998",20,"MBB",0,0,0,0,0
"MBB_GROW",2041,55.2135314941406,35.7523193359375,13.7555780410767,4.72678232192993,8.38394069671631,15.4340410232544,3.85891461372375,1.66000008583069,103.03279876709,0,0,"291609728489998",25,"MBB",0,0,0,0,0
"MBB_BAU",2015,24.9169998168945,16.2438316345215,5.36267900466919,1.15294468402863,2.22744035720825,3.38173294067383,3.8207414150238,0.0199999995529652,40.8825378417969,2.16487622261047,0,"291609758489998",0,"MBB",0.181995713275799,0,0.300099495865157,0,0.482095209140956
"MBB_BAU",2020,30.3702373504639,19.0093784332275,6.39869499206543,1.14726638793945,2.0208158493042,3.4594829082489,3.03389596939087,0.0199999995529652,46.4503974914551,0,0,"291609758489998",5,"MBB",0,0,0,0,0
"MBB_BAU",2025,34.6733779907227,21.0475444793701,7.40569734573364,1.31160545349121,2.20767951011658,6.69554281234741,3.32565212249756,0.0199999995529652,55.6395568847656,0,0,"291609758489998",10,"MBB",0,0,0,0,0
"MBB_BAU",2030,35.0018844604492,20.4720039367676,7.69783735275269,2.1945652961731,5.91366815567017,8.17816734313965,3.65805077552795,0.0199999995529652,62.6641731262207,0,0,"291609758489998",15,"MBB",0,0,0,0,0
"MBB_BAU",2035,36.0910263061523,20.8600673675537,8.0925703048706,2.65006041526794,5.08034896850586,11.1884212493896,3.73005247116089,0.0199999995529652,66.8524780273438,0,0,"291609758489998",20,"MBB",0,0,0,0,0
"MBB_BAU",2040,37.7528381347656,21.9349250793457,8.49881839752197,2.81615400314331,3.90892171859741,12.5638017654419,3.87364387512207,0.0199999995529652,69.4341735839844,0,0,"291609758489998",25,"MBB",0,0,0,0,0
"MBB_GROW",2015,27.9367752075195,18.4087085723877,6.00504398345947,0.510579645633698,2.22744035720825,2.59500026702881,3.7703001499176,0.0199999995529652,43.0651397705078,0,0,"291609758489998",0,"MBB",0,0,0,0,0
"MBB_GROW",2020,31.8615913391113,20.6775646209717,6.77938175201416,0.810893476009369,2.89469528198242,3.00745558738708,3.10896849632263,0.0199999995529652,48.482982635498,0,0,"291609758489998",5,"MBB",0,0,0,0,0
"MBB_GROW",2025,36.1169891357422,23.0355319976807,7.80313110351562,0.94653731584549,1.78288221359253,6.24734258651733,3.31147766113281,0.0199999995529652,56.2283592224121,0,0,"291609758489998",10,"MBB",0,0,0,0,0
"MBB_GROW",2030,38.6823654174805,24.0669612884521,8.3799877166748,1.43000757694244,3.47664403915405,7.16790342330933,3.60282397270203,0.0199999995529652,62.7597351074219,0,0,"291609758489998",15,"MBB",0,0,0,0,0
"MBB_GROW",2035,39.9451446533203,24.6368522644043,8.79728031158447,1.88836979866028,4.13204622268677,8.9825849533081,3.74961423873901,0.0199999995529652,67.5150299072266,0,0,"291609758489998",20,"MBB",0,0,0,0,0
"MBB_GROW",2040,41.6807250976562,25.8448657989502,9.16849899291992,2.14943194389343,3.58704566955566,10.4675798416138,3.89136981964111,0.0199999995529652,70.9646530151367,0,0,"291609758489998",25,"MBB",0,0,0,0,0
"MBB_BAU",2016,21.579216003418,13.1961679458618,4.93055868148804,0.332508355379105,0.122227594256401,4.25247669219971,2.92769432067871,0.0199999995529652,34.164680480957,0.851426601409912,0,"291609878489998",0,"MBB",0.113776768134452,0,0.0879328888583512,0,0.201709656992804
"MBB_BAU",2021,31.2544956207275,18.4348049163818,6.86056184768677,0.464350998401642,0.887121677398682,3.18100595474243,2.32431030273438,0.0199999995529652,44.9918518066406,0,0,"291609878489998",5,"MBB",0,0,0,0,0
"MBB_BAU",2026,37.3024368286133,22.0389366149902,8.31719207763672,1.04121780395508,3.14915609359741,6.4127688407898,2.77695226669312,0.0199999995529652,59.0197219848633,0,0,"291609878489998",10,"MBB",0,0,0,0,0
"MBB_BAU",2031,41.6719245910645,24.9952259063721,9.52755832672119,1.97731447219849,5.56412935256958,8.89900207519531,3.08821582794189,0.0199999995529652,70.7481460571289,0,0,"291609878489998",15,"MBB",0,0,0,0,0
"MBB_BAU",2036,43.1287078857422,26.1381645202637,10.0152606964111,2.89850234985352,4.82839107513428,12.2071170806885,3.31192803382874,0.0199999995529652,76.4098968505859,1.0301034450531,0,"291609878489998",20,"MBB",0.0470628073535004,0,0.164687170371387,0,0.211749977724887
"MBB_BAU",2041,45.2853050231934,27.6786479949951,10.7125120162964,3.57260942459106,4.02402257919312,13.5865287780762,3.49137616157532,0.0199999995529652,80.6923522949219,1.32547855377197,0,"291609878489998",25,"MBB",0.0439486281453333,0,0.221718028707479,0,0.265666656852812
"MBB_GROW",2016,22.8394660949707,14.0475959777832,5.22049713134766,0.0425696633756161,0.122227594256401,3.875,2.90449953079224,0.0199999995529652,35.0242576599121,0,0,"291609878489998",0,"MBB",0,0,0,0,0
"MBB_GROW",2021,30.9102420806885,18.5227737426758,6.96790742874146,0.339198857545853,1.4513031244278,2.96246242523193,2.3587691783905,0.0199999995529652,45.0098838806152,0,0,"291609878489998",5,"MBB",0,0,0,0,0
"MBB_GROW",2026,39.2120132446289,23.417797088623,8.81213760375977,0.582164168357849,1.49091124534607,5.82885265350342,2.72503042221069,0.0199999995529652,58.6711082458496,0,0,"291609878489998",10,"MBB",0,0,0,0,0
"MBB_GROW",2031,43.262767791748,26.3449687957764,9.88445377349854,1.49233722686768,4.76798057556152,7.39710807800293,3.10795426368713,0.0199999995529652,69.9326019287109,0,0,"291609878489998",15,"MBB",0,0,0,0,0
"MBB_GROW",2036,46.8526153564453,29.2434177398682,10.8766469955444,2.1385133266449,4.65097093582153,10.402346611023,3.29386329650879,0.0199999995529652,78.2349472045898,0,0,"291609878489998",20,"MBB",0,0,0,0,0
"MBB_GROW",2041,50.2111129760742,32.1341400146484,11.7873630523682,2.58347606658936,4.39194107055664,11.6909856796265,3.51518630981445,0.0199999995529652,84.2000579833984,0,0,"291609878489998",25,"MBB",0,0,0,0,0
"MBB_BAU",2015,23.5822105407715,15.4484272003174,5.23672199249268,1.37908136844635,2.43523550033569,3.58138751983643,3.83704280853271,0.0199999995529652,40.0716819763184,2.83504152297974,0,"291609880489998",0,"MBB",0.211797435275257,0,0.418508027382512,0,0.630305462657769
"MBB_BAU",2020,27.5023956298828,17.7711696624756,5.86876106262207,1.86077105998993,1.38249635696411,4.52646350860596,3.01756405830383,0.0199999995529652,44.1784477233887,2.03865742683411,0,"291609880489998",5,"MBB",0.171473467895976,0,0.292927020496279,0,0.464400488392256
"MBB_BAU",2025,32.4006729125977,20.6230983734131,7.00945043563843,2.02857351303101,2.61037111282349,6.09757995605469,3.21957468986511,0.0199999995529652,53.3862190246582,0,0,"291609880489998",10,"MBB",0,0,0,0,0
"MBB_BAU",2030,36.8898582458496,22.1742286682129,8.24849033355713,2.39505743980408,3.93020629882812,7.14695692062378,3.60921430587769,0.0199999995529652,62.2397842407227,0,0,"291609880489998",15,"MBB",0,0,0,0,0
"MBB_BAU",2035,38.7166595458984,22.3399333953857,8.91956996917725,3.03204035758972,5.46218872070312,8.95461273193359,3.85877776145935,0.0199999995529652,68.9638519287109,0,0,"291609880489998",20,"MBB",0,0,0,0,0
"MBB_BAU",2040,39.3178405761719,22.1659507751465,9.31206321716309,3.55662488937378,5.45744037628174,11.2353458404541,4.04929780960083,0.0199999995529652,72.948616027832,0,0,"291609880489998",25,"MBB",0,0,0,0,0
"MBB_GROW",2015,27.4938316345215,18.2834701538086,6.10140991210938,0.514394044876099,2.43523550033569,2.59500026702881,3.7703001499176,0.0199999995529652,42.9301719665527,0,0,"291609880489998",0,"MBB",0,0,0,0,0
"MBB_GROW",2020,14.5613059997559,8.52919864654541,3.16424202919006,4.10863351821899,17.4385108947754,3.26843976974487,3.06899166107178,0.0199999995529652,45.630126953125,0,0,"291609880489998",5,"MBB",0,0,0,0,0
"MBB_GROW",2025,15.5026187896729,8.86322498321533,3.37671422958374,4.03777551651001,8.7256669998169,12.2759037017822,2.82905411720276,0.0199999995529652,46.7677383422852,0,0,"291609880489998",10,"MBB",0,0,0,0,0
"MBB_GROW",2030,18.7981929779053,10.4150304794312,4.21203327178955,3.46658682823181,2.41076254844666,14.3829765319824,2.97714757919312,0.0199999995529652,46.2677001953125,0,0,"291609880489998",15,"MBB",0,0,0,0,0
"MBB_GROW",2035,24.4060173034668,13.4460706710815,5.66149091720581,2.8210780620575,0.476064831018448,12.2211542129517,3.18309044837952,0.0199999995529652,48.7888984680176,0,0,"291609880489998",20,"MBB",0,0,0,0,0
"MBB_GROW",2040,28.2483062744141,15.7053327560425,6.71510696411133,2.77527642250061,2.26605367660522,9.80093383789062,3.46499490737915,0.0199999995529652,53.2906723022461,0,0,"291609880489998",25,"MBB",0,0,0,0,0
"MBB_BAU",2016,23.6163101196289,14.1972999572754,5.69214010238647,0.927884042263031,1.06423532962799,3.33770751953125,3.81750965118408,0.0199999995529652,38.4757881164551,1.57801747322083,0,"291609881489998",0,"MBB",0.164142256336737,0,0.19234962002293,0,0.356491876359668
"MBB_BAU",2021,27.2435150146484,16.1418304443359,6.4672737121582,1.36583483219147,0.905291557312012,3.64168381690979,3.09002137184143,0.0199999995529652,42.7336235046387,1.35659980773926,0,"291609881489998",5,"MBB",0.141288177312944,0,0.167882237204423,0,0.309170414517367
"MBB_BAU",2026,32.2517585754395,18.8982448577881,7.72332620620728,1.44624841213226,1.1513135433197,4.94556474685669,3.26575422286987,0.0199999995529652,50.8039665222168,0.329439908266068,0,"291609881489998",10,"MBB",0.0310688170956194,0,0.043203768651121,0,0.0742725857467404
"MBB_BAU",2031,38.7921524047852,22.712818145752,9.11165618896484,1.42961847782135,1.34623312950134,5.56318712234497,3.53784990310669,0.0199999995529652,59.8006973266602,0,0,"291609881489998",15,"MBB",0,0,0,0,0
"MBB_BAU",2036,41.1174926757812,24.4840221405029,9.74597072601318,1.96995913982391,3.90246152877808,6.50413990020752,3.80746698379517,0.0199999995529652,67.0674819946289,0.00416785990819335,0,"291609881489998",20,"MBB",0.000312654943773172,0,0.00059827723557529,0,0.000910932179348462
"MBB_BAU",2041,43.1317329406738,26.1019420623779,10.3122339248657,2.46014904975891,3.83872485160828,8.5825138092041,3.97873973846436,0.0199999995529652,72.324089050293,0.37852331995964,0,"291609881489998",25,"MBB",0.0259677687431997,0,0.0558412180604811,0,0.0818089868036808
"MBB_GROW",2016,26.0008277893066,15.7753171920776,6.28579139709473,0.334233522415161,1.06423532962799,2.59499979019165,3.77029991149902,0.0199999995529652,40.0703887939453,0,0,"291609881489998",0,"MBB",0,0,0,0,0
"MBB_GROW",2021,17.6203308105469,10.025899887085,3.92969799041748,3.34721779823303,12.3759460449219,2.61447143554688,3.12044596672058,0.0199999995529652,43.0281105041504,0,0,"291609881489998",5,"MBB",0,0,0,0,0
"MBB_GROW",2026,19.2521438598633,10.5311069488525,4.28061962127686,3.30313539505005,5.30255317687988,10.1860656738281,2.95167422294617,0.0199999995529652,45.2961959838867,0,0,"291609881489998",10,"MBB",0,0,0,0,0
"MBB_GROW",2031,22.5780181884766,11.7869319915771,4.99822759628296,2.95109510421753,2.08048009872437,11.1682062149048,3.13313961029053,0.0199999995529652,46.9291687011719,0,0,"291609881489998",15,"MBB",0,0,0,0,0
"MBB_GROW",2036,25.922550201416,13.2655363082886,5.8093523979187,2.57912945747375,1.18626487255096,10.2709665298462,3.3205075263977,0.0199999995529652,49.1087684631348,0,0,"291609881489998",20,"MBB",0,0,0,0,0
"MBB_GROW",2041,29.3420143127441,15.0080251693726,6.69062948226929,2.25884485244751,0.956108212471008,9.33818244934082,3.51688861846924,0.0199999995529652,52.1226692199707,0,0,"291609881489998",25,"MBB",0,0,0,0,0
"MBB_BAU",2016,28.020788192749,19.5761451721191,6.47313022613525,4.23549175262451,2.36341667175293,6.95910263061523,3.12689161300659,0.560000002384186,51.738826751709,8.63728141784668,0,"335231305489998",0,"MBB",0.808078350841548,0.0156143479896145,1.0838851805636,0,1.90757787939476
"MBB_BAU",2021,24.012752532959,16.5316905975342,5.48206758499146,5.13200759887695,1.3658481836319,7.68122577667236,2.52433753013611,0.699999988079071,46.8982391357422,5.35964488983154,0,"335231305489998",5,"MBB",0.394509752766642,0.0107280066828973,0.742873917169526,0,1.14811167661907
"MBB_BAU",2026,27.2192935943604,18.6365013122559,6.22671890258789,4.16754913330078,0.594646453857422,6.65438556671143,2.3748939037323,0.939999997615814,48.1774864196777,0,0,"335231305489998",10,"MBB",0,0,0,0,0
"MBB_BAU",2031,27.4648933410645,18.3126640319824,6.30822372436523,4.19884538650513,0.240808695554733,6.35140228271484,2.63134169578552,1.28000009059906,48.475513458252,2.54959034919739,0,"335231305489998",15,"MBB",0.131651617148421,0.000764161077868323,0.388438655252459,0.016006365421742,0.53686079890049
"MBB_BAU",2036,29.3735275268555,19.317440032959,6.78543376922607,3.69222116470337,0.268211901187897,5.46579217910767,2.67707228660583,1.28000009059906,49.5422592163086,0.835980474948883,0,"335231305489998",20,"MBB",0.0378451178691431,0.000229302976841093,0.130407495677838,0.00598999453141491,0.174471911055237
"MBB_BAU",2041,31.9122467041016,20.6897678375244,7.43476867675781,3.28719544410706,0.094906397163868,4.89747524261475,2.81133079528809,1.28000009059906,51.7179222106934,0.964021146297455,0,"335231305489998",25,"MBB",0.0296071055695901,0.00309785884220999,0.153664912066032,0.00729533276087085,0.193665209238703
"MBB_GROW",2016,40.0426979064941,28.2134284973145,9.19949150085449,1.50913035869598,2.36341667175293,3.875,2.90450000762939,0.560000002384186,60.4542350769043,0,0,"335231305489998",0,"MBB",0,0,0,0,0
"MBB_GROW",2021,35.7550926208496,25.0476684570312,8.23908233642578,2.98768138885498,9.33546543121338,4.0176944732666,2.69754910469055,0.699999988079071,63.7325668334961,0,0,"335231305489998",5,"MBB",0,0,0,0,0
"MBB_GROW",2026,37.8227729797363,26.3007125854492,8.73724460601807,2.74582195281982,4.06883382797241,9.0694522857666,2.70028829574585,0.939999997615814,66.0844116210938,0,0,"335231305489998",10,"MBB",0,0,0,0,0
"MBB_GROW",2031,41.9869613647461,28.8571109771729,9.76416110992432,2.32691240310669,1.06464493274689,9.66882801055908,2.8997631072998,1.28000009059906,68.9912643432617,0,0,"335231305489998",15,"MBB",0,0,0,0,0
"MBB_GROW",2036,45.5970916748047,31.1186027526855,10.6633129119873,2.02987051010132,0.855504274368286,8.39233207702637,3.1338107585907,1.28000009059906,71.9519195556641,0,0,"335231305489998",20,"MBB",0,0,0,0,0
"MBB_GROW",2041,48.499454498291,32.9967422485352,11.3771839141846,1.78716373443604,0.820955753326416,7.59214115142822,3.35228657722473,1.28000009059906,74.7091903686523,0,0,"335231305489998",25,"MBB",0,0,0,0,0
"MBB_BAU",2016,29.5697631835938,21.0366230010986,6.5449104309082,3.19663596153259,0.142710000276566,7.47203969955444,3.17843627929688,0.560000002384186,50.6644973754883,10.1984605789185,0,"335231747489998",0,"MBB",0.98482325606222,0.0260876484027502,1.33291647420737,0.0798449565008046,2.42367233517315
"MBB_BAU",2021,24.0478401184082,16.9303283691406,5.23080778121948,4.6150221824646,0.431221604347229,7.33383131027222,2.56660866737366,0.699999988079071,44.9253311157227,6.41393709182739,0,"335231747489998",5,"MBB",0.55182130268604,0.0103616990581258,0.884826707246871,0.0690035764122851,1.51601328540332
"MBB_BAU",2026,21.9592323303223,15.1358222961426,4.76896572113037,4.89359951019287,0.344568759202957,7.0302848815918,2.4485170841217,0.939999997615814,42.3851661682129,3.65009236335754,0,"335231747489998",10,"MBB",0.271919916546026,0.011181909008376,0.520608534935408,0.0403137468724581,0.844024107362268
"MBB_BAU",2031,25.0316753387451,16.7745170593262,5.5236930847168,3.99209928512573,0.293732523918152,5.21862840652466,2.39344358444214,1.28000009059906,43.7332725524902,0,0,"335231747489998",15,"MBB",0,0,0,0,0
"MBB_BAU",2036,25.3258056640625,16.3006172180176,5.722496509552,3.86925792694092,0.318856596946716,4.88572978973389,2.60114979743958,1.28000009059906,44.0032958984375,1.97580850124359,0,"335231747489998",20,"MBB",0.142410213215865,0.00550281015020476,0.281699142793003,0.021522524500647,0.45113469065972
"MBB_BAU",2041,27.432954788208,17.2993469238281,6.31665229797363,3.31380558013916,0.307620942592621,4.27842617034912,2.6552836894989,1.28000009059906,45.5847434997559,0.455195665359497,0,"335231747489998",25,"MBB",0.0300210507962492,0.000904398378112834,0.0667052671563307,0.00618412133674525,0.103814837667438
"MBB_GROW",2016,43.7354583740234,31.2350845336914,9.68128395080566,0.0602611154317856,0.142710000276566,3.875,2.90450024604797,0.560000002384186,60.9592132568359,0,0,"335231747489998",0,"MBB",0,0,0,0,0
"MBB_GROW",2021,36.4884300231934,26.1748600006104,7.78044891357422,2.70301532745361,11.0358972549438,3.10243225097656,2.75077366828918,0.699999988079071,64.5609970092773,0,0,"335231747489998",5,"MBB",0,0,0,0,0
"MBB_GROW",2026,39.044376373291,27.9495410919189,8.37041282653809,2.57855296134949,5.11903047561646,8.67422962188721,2.6355562210083,0.939999997615814,67.3621520996094,0,0,"335231747489998",10,"MBB",0,0,0,0,0
"MBB_GROW",2031,42.3075218200684,30.1171646118164,9.1744384765625,2.23349237442017,1.95931756496429,9.44162940979004,2.81321716308594,1.28000009059906,69.2096099853516,0,0,"335231747489998",15,"MBB",0,0,0,0,0
"MBB_GROW",2036,45.2642364501953,32.0625343322754,9.94220924377441,1.92038929462433,0.840993523597717,8.39977931976318,3.01263618469238,1.28000009059906,70.6602325439453,0,0,"335231747489998",20,"MBB",0,0,0,0,0
"MBB_GROW",2041,48.6271743774414,34.4557647705078,10.8165903091431,1.67516505718231,0.701062202453613,7.03856468200684,3.20339608192444,1.28000009059906,73.3419494628906,0,0,"335231747489998",25,"MBB",0,0,0,0,0
"MBB_BAU",2016,28.2093544006348,20.3498840332031,6.25278234481812,3.42088222503662,0.843545079231262,7.22492408752441,3.20679783821106,1.43999993801117,50.5982818603516,10.3194360733032,0,"335232165489998",0,"MBB",0.332877316224215,0.00423471022351221,1.63739217360624,0.369292633350479,2.34379683340445
"MBB_BAU",2021,22.67453956604,15.9082641601562,4.80927467346191,4.98946380615234,1.07636666297913,7.5903491973877,2.53801512718201,1.58000004291534,45.2580070495605,6.87427282333374,0,"335232165489998",5,"MBB",0.298186020119278,0.00247293063036976,1.05951714493504,0.234823633458484,1.59499972914317
"MBB_BAU",2026,26.9361705780029,17.8417186737061,5.83406496047974,4.14508485794067,0.843472182750702,6.91621780395508,2.35693502426147,1.82000005245209,48.8519439697266,0,0,"335232165489998",10,"MBB",0,0,0,0,0
"MBB_BAU",2031,31.7504634857178,19.7860317230225,7.08365106582642,3.4014732837677,0.469487339258194,6.03056716918945,2.58173370361328,2.16000008583069,53.4773750305176,0,0,"335232165489998",15,"MBB",0,0,0,0,0
"MBB_BAU",2036,35.0237998962402,20.9839916229248,8.10434532165527,3.10590314865112,1.8467869758606,5.75604963302612,2.83681106567383,2.16000008583069,58.8336944580078,0,0,"335232165489998",20,"MBB",0,0,0,0,0
"MBB_BAU",2041,39.262825012207,23.1019248962402,9.17404842376709,2.81600022315979,1.77190780639648,6.4694242477417,3.05900597572327,2.16000008583069,64.7132110595703,0,0,"335232165489998",25,"MBB",0,0,0,0,0
"MBB_GROW",2016,42.287223815918,30.6693229675293,9.42195796966553,0.251706182956696,0.843545079231262,3.87500047683716,2.90450024604797,1.43999993801117,61.0239295959473,0,0,"335232165489998",0,"MBB",0,0,0,0,0
"MBB_GROW",2021,36.8301162719727,26.6359977722168,7.9273567199707,2.42193818092346,10.0600986480713,3.49599003791809,2.68353009223938,1.58000004291534,64.9990310668945,0,0,"335232165489998",5,"MBB",0,0,0,0,0
"MBB_GROW",2026,39.1093864440918,27.7222957611084,8.44598960876465,2.51297950744629,5.75778484344482,8.97371864318848,2.66348052024841,1.82000005245209,69.2833404541016,0,0,"335232165489998",10,"MBB",0,0,0,0,0
"MBB_GROW",2031,43.3016204833984,29.9426212310791,9.43374824523926,2.22594594955444,1.98896265029907,10.5662660598755,2.84373927116394,2.16000008583069,72.5202865600586,0,0,"335232165489998",15,"MBB",0,0,0,0,0
"MBB_GROW",2036,45.7701644897461,30.9738750457764,10.1394290924072,2.32041382789612,2.94041347503662,9.72354507446289,3.08703088760376,2.16000008583069,76.1409912109375,0,0,"335232165489998",20,"MBB",0,0,0,0,0
"MBB_GROW",2041,48.5963859558105,32.844841003418,10.7566184997559,2.0763955116272,1.68573176860809,9.76531982421875,3.29839158058167,2.16000008583069,78.3388442993164,0,0,"335232165489998",25,"MBB",0,0,0,0,0
"MBB_BAU",2016,21.754768371582,13.0948162078857,5.48728799819946,1.97200858592987,11.5530309677124,3.87500047683716,2.90450072288513,0.0199999995529652,47.566593170166,0,0,"386053928489998",0,"MBB",0,0,0,0,0
"MBB_BAU",2021,26.873010635376,15.8013277053833,6.30756330490112,1.64487481117249,3.32366180419922,9.63720703125,2.36893558502197,0.0199999995529652,50.1752510070801,0,0,"386053928489998",5,"MBB",0,0,0,0,0
"MBB_BAU",2026,31.0001640319824,18.1014461517334,7.24807929992676,1.61826813220978,1.58785700798035,11.7006273269653,2.65160512924194,0.0199999995529652,55.8265991210938,0,0,"386053928489998",10,"MBB",0,0,0,0,0
"MBB_BAU",2031,35.5765838623047,20.0720348358154,8.42563533782959,1.64061057567596,1.85876035690308,10.7049083709717,2.92737531661987,0.0199999995529652,61.1538734436035,0,0,"386053928489998",15,"MBB",0,0,0,0,0
"MBB_BAU",2036,37.9507369995117,21.5111808776855,8.99595260620117,1.8952534198761,2.7929105758667,10.5439071655273,3.18802881240845,0.0199999995529652,65.3867950439453,0,0,"386053928489998",20,"MBB",0,0,0,0,0
"MBB_BAU",2041,40.1199493408203,23.1157989501953,9.40207004547119,2.08867692947388,2.75655651092529,10.9985771179199,3.36891269683838,0.0199999995529652,68.7547378540039,0,0,"386053928489998",25,"MBB",0,0,0,0,0
"MBB_GROW",2016,21.754768371582,13.0948162078857,5.48728799819946,1.97200858592987,11.5530309677124,3.87500047683716,2.90450072288513,0.0199999995529652,47.566593170166,0,0,"386053928489998",0,"MBB",0,0,0,0,0
"MBB_GROW",2021,25.6140556335449,14.8627729415894,6.09977769851685,1.81577396392822,4.34664440155029,9.63720703125,2.36893558502197,0.0199999995529652,49.9023933410645,0,0,"386053928489998",5,"MBB",0,0,0,0,0
"MBB_GROW",2026,29.652286529541,16.9925842285156,7.08054256439209,1.73744940757751,1.69076800346375,12.2593812942505,2.6252806186676,0.0199999995529652,55.0657119750977,0,0,"386053928489998",10,"MBB",0,0,0,0,0
"MBB_GROW",2031,34.3982734680176,19.1279735565186,8.28929042816162,1.70704483985901,1.63935279846191,11.1123180389404,2.90563583374023,0.0199999995529652,60.0719223022461,0,0,"386053928489998",15,"MBB",0,0,0,0,0
"MBB_GROW",2036,37.8814926147461,21.5285549163818,8.97423267364502,1.9518735408783,2.69415664672852,10.6277198791504,3.17178606987,0.0199999995529652,65.3212585449219,0,0,"386053928489998",20,"MBB",0,0,0,0,0
"MBB_GROW",2041,40.8814888000488,23.8251609802246,9.56902313232422,2.17448830604553,2.84896087646484,10.9523162841797,3.3651237487793,0.0199999995529652,69.8114013671875,0,0,"386053928489998",25,"MBB",0,0,0,0,0
"MBB_BAU",2016,28.2212238311768,20.3318653106689,6.27724313735962,0.427375197410583,1.83806109428406,3.87499976158142,2.90449953079224,0.560000002384186,44.1034049987793,0,0,"386053932489998",0,"MBB",0,0,0,0,0
"MBB_BAU",2021,23.5529766082764,16.2872066497803,5.21481895446777,2.28782486915588,1.04325354099274,5.714919090271,2.50391316413879,0.699999988079071,41.017707824707,6.13392877578735,0,"386053932489998",5,"MBB",0.251358846800652,0,1.16436790536234,0,1.41572675216299
"MBB_BAU",2026,27.0765037536621,17.9565448760986,6.11821603775024,1.90584456920624,0.44320473074913,5.54919481277466,2.37522268295288,0.939999997615814,44.4081840515137,0,0,"386053932489998",10,"MBB",0,0,0,0,0
"MBB_BAU",2031,30.5148582458496,19.0214710235596,7.13789558410645,1.85099637508392,0.107261188328266,5.19701623916626,2.62723898887634,1.28000009059906,48.7152709960938,1.00378572940826,0,"386053932489998",15,"MBB",0.0486735933817755,0,0.190402784002386,0,0.239076377384161
"MBB_BAU",2036,34.9177284240723,21.0935382843018,8.31978225708008,1.72885990142822,1.00541925430298,4.86053085327148,2.82664465904236,1.28000009059906,54.93896484375,0,0,"386053932489998",20,"MBB",0,0,0,0,0
"MBB_BAU",2041,39.313591003418,23.3903713226318,9.44149494171143,1.73448848724365,1.6155606508255,5.23048257827759,3.06506252288818,1.28000009059906,61.6806831359863,0,0,"386053932489998",25,"MBB",0,0,0,0,0
"MBB_GROW",2016,28.2212238311768,20.3318653106689,6.27724313735962,0.427375197410583,1.83806109428406,3.87499976158142,2.90449953079224,0.560000002384186,44.1034049987793,0,0,"386053932489998",0,"MBB",0,0,0,0,0
"MBB_GROW",2021,31.7773284912109,22.3933238983154,7.07450771331787,0.421268194913864,1.04938614368439,3.75252676010132,2.36419916152954,0.699999988079071,47.139217376709,0,0,"386053932489998",5,"MBB",0,0,0,0,0
"MBB_GROW",2026,35.6241264343262,24.5080680847168,8.09267807006836,0.438077747821808,0.596956551074982,4.36745548248291,2.57854580879211,0.939999997615814,52.6378364562988,0,0,"386053932489998",10,"MBB",0,0,0,0,0
"MBB_GROW",2031,39.9279747009277,26.3855743408203,9.26870059967041,0.510759711265564,0.835479319095612,4.31200122833252,2.82612252235413,1.28000009059906,58.9610366821289,0,0,"386053932489998",15,"MBB",0,0,0,0,0
"MBB_GROW",2036,43.6137351989746,28.1308689117432,10.1456880569458,0.71453732252121,1.49214243888855,4.74899291992188,3.06879544258118,1.28000009059906,65.0638885498047,0,0,"386053932489998",20,"MBB",0,0,0,0,0
"MBB_GROW",2041,46.7348327636719,29.5232391357422,11.1119031906128,0.864982724189758,1.6240736246109,5.67843627929688,3.28418755531311,1.28000009059906,70.5784149169922,0,0,"386053932489998",25,"MBB",0,0,0,0,0
"MBB_BAU",2016,23.8206977844238,16.9099922180176,5.12187910079956,2.96936225891113,5.68345546722412,5.05288410186768,3.93652749061584,0.0199999995529652,46.6048049926758,7.24250030517578,0,"386053995489998",0,"MBB",0.563869909661371,0,1.11765521949907,0,1.68152512916044
"MBB_BAU",2021,29.8011779785156,20.7592353820801,6.13455247879028,2.42923212051392,4.13185119628906,4.8138313293457,2.92245221138,0.0199999995529652,50.2530975341797,0,0,"386053995489998",5,"MBB",0,0,0,0,0
"MBB_BAU",2026,33.2507972717285,22.0311069488525,6.91055059432983,2.68730115890503,3.54197263717651,7.36208057403564,3.26854109764099,0.0199999995529652,57.0412406921387,1.74361896514893,0,"386053995489998",10,"MBB",0.119895237441999,0,0.279179240979148,0,0.399074478421147
"MBB_BAU",2031,39.4693183898926,24.2810192108154,8.49886894226074,2.50447654724121,2.81760382652283,8.3812198638916,3.49191379547119,0.0199999995529652,65.1833953857422,0,0,"386053995489998",15,"MBB",0,0,0,0,0
"MBB_BAU",2036,40.9264297485352,24.7986850738525,9.15827465057373,2.99367380142212,5.31212091445923,9.76603126525879,3.80304288864136,0.0199999995529652,71.9795684814453,0,0,"386053995489998",20,"MBB",0,0,0,0,0
"MBB_BAU",2041,43.577278137207,26.3771152496338,9.75665664672852,2.99251627922058,3.50031805038452,11.8651123046875,3.97092771530151,0.0199999995529652,75.6828002929688,0,0,"386053995489998",25,"MBB",0,0,0,0,0
"MBB_GROW",2016,33.7457122802734,24.1524887084961,7.27512121200562,0.816120743751526,5.68345546722412,2.59500026702881,3.7703001499176,0.0199999995529652,53.9057121276855,0,0,"386053995489998",0,"MBB",0,0,0,0,0
"MBB_GROW",2021,24.4070949554443,17.2960529327393,4.88361883163452,3.74382615089417,17.2755966186523,3.42935490608215,3.17018508911133,0.0749999955296516,56.9846801757812,0,0,"386053995489998",5,"MBB",0,0,0,0,0
"MBB_GROW",2026,25.8342533111572,17.7280311584473,5.15875864028931,3.57200336456299,9.32735443115234,11.4694786071777,3.02628040313721,0.0749999955296516,58.4631271362305,0,0,"386053995489998",10,"MBB",0,0,0,0,0
"MBB_GROW",2031,30.1736660003662,19.9011249542236,6.16097164154053,3.02258014678955,2.9301974773407,13.9818935394287,3.2074601650238,0.0199999995529652,59.4967651367188,0,0,"386053995489998",15,"MBB",0,0,0,0,0
"MBB_GROW",2036,33.6323089599609,21.7862167358398,7.020423412323,2.59891295433044,1.38790833950043,12.4784317016602,3.45001602172852,0.0199999995529652,60.5880012512207,0,0,"386053995489998",20,"MBB",0,0,0,0,0
"MBB_GROW",2041,37.3819389343262,24.1594905853271,7.97688245773315,2.24569821357727,1.00454962253571,10.6846256256104,3.66342926025391,0.0199999995529652,62.977123260498,0,0,"386053995489998",25,"MBB",0,0,0,0,0
"MBB_BAU",2016,24.7742576599121,15.2552719116211,5.9585485458374,0.336823761463165,0.531814754009247,2.76224637031555,3.78132367134094,0.0199999995529652,38.1650123596191,0.40676161646843,0,"386054030489998",0,"MBB",0.032315426076161,0,0.0591689720045229,0,0.0914843980806839
"MBB_BAU",2021,31.6857624053955,19.2203998565674,7.31396198272705,0.375084459781647,0.54212749004364,2.47369956970215,3.05749869346619,0.0199999995529652,45.468132019043,0,0,"386054030489998",5,"MBB",0,0,0,0,0
"MBB_BAU",2026,37.0944061279297,22.214376449585,8.65264225006104,0.554912090301514,1.25150275230408,4.52142429351807,3.33504462242126,0.0199999995529652,55.429931640625,0,0,"386054030489998",10,"MBB",0,0,0,0,0
"MBB_BAU",2031,41.7397155761719,24.7817611694336,9.92203140258789,0.705561220645905,1.34162211418152,6.08812999725342,3.60668849945068,0.0199999995529652,63.4237518310547,0,0,"386054030489998",15,"MBB",0,0,0,0,0
"MBB_BAU",2036,45.3183212280273,27.293815612793,10.7019081115723,1.11306357383728,2.51332139968872,7.40512275695801,3.86430406570435,0.0199999995529652,70.93603515625,0,0,"386054030489998",20,"MBB",0,0,0,0,0
"MBB_BAU",2041,48.1004295349121,29.6042022705078,11.1626167297363,1.45289528369904,2.76001119613647,8.98342132568359,4.06528759002686,0.0199999995529652,76.5446548461914,0,0,"386054030489998",25,"MBB",0,0,0,0,0
"MBB_GROW",2016,25.3631629943848,15.6620349884033,6.10243225097656,0.192939415574074,0.531814754009247,2.59500002861023,3.7703001499176,0.0199999995529652,38.5756530761719,0,0,"386054030489998",0,"MBB",0,0,0,0,0
"MBB_GROW",2021,29.9295635223389,18.3424491882324,6.92132425308228,0.67535674571991,2.36699485778809,2.37406301498413,3.07398343086243,0.0199999995529652,45.3612823486328,0,0,"386054030489998",5,"MBB",0,0,0,0,0
"MBB_GROW",2026,33.9630165100098,20.721399307251,7.92118406295776,0.898078441619873,2.00185990333557,5.41105175018311,3.26320791244507,0.0199999995529652,53.478401184082,0,0,"386054030489998",10,"MBB",0,0,0,0,0
"MBB_GROW",2031,39.1214752197266,23.8731384277344,9.24702262878418,0.86731368303299,0.903878033161163,6.93747425079346,3.47638654708862,0.0199999995529652,60.5735511779785,0,0,"386054030489998",15,"MBB",0,0,0,0,0
"MBB_GROW",2036,43.6867523193359,26.8243236541748,10.2927331924438,0.818613111972809,0.635828733444214,7.40252780914307,3.73111367225647,0.0199999995529652,66.5875625610352,0,0,"386054030489998",20,"MBB",0,0,0,0,0
"MBB_GROW",2041,49.3341064453125,30.7461395263672,11.6116514205933,0.787707209587097,0.647677063941956,7.77223587036133,3.9623703956604,0.0199999995529652,74.1357498168945,0,0,"386054030489998",25,"MBB",0,0,0,0,0
"MBB_BAU",2017,26.0495624542236,17.7781257629395,5.61455821990967,0.525009274482727,1.75430011749268,3.87500047683716,2.90450000762939,0.0199999995529652,40.7429275512695,0,0,"386054036489998",0,"MBB",0,0,0,0,0
"MBB_BAU",2022,30.0055541992188,19.0846710205078,6.08963871002197,1.47341847419739,1.24851179122925,4.93829727172852,2.41730546951294,0.0199999995529652,46.1927261352539,3.05999827384949,0,"386054036489998",5,"MBB",0.196509253939704,0,0.439542854475355,0,0.636052108415059
"MBB_BAU",2027,36.3542098999023,20.7405834197998,7.6808352470398,1.78843688964844,3.56875658035278,7.2421178817749,2.7263674736023,0.0199999995529652,59.3807258605957,0,0,"386054036489998",10,"MBB",0,0,0,0,0
"MBB_BAU",2032,38.5074119567871,21.7259273529053,8.24356937408447,2.43773794174194,5.70070886611938,9.29098892211914,3.03585767745972,0.0199999995529652,67.2362670898438,0,0,"386054036489998",15,"MBB",0,0,0,0,0
"MBB_BAU",2037,40.2110443115234,23.1257228851318,8.81194591522217,2.79523682594299,4.74090623855591,12.0758075714111,3.17370343208313,0.0199999995529652,71.8286437988281,0,0,"386054036489998",20,"MBB",0,0,0,0,0
"MBB_BAU",2042,42.5581474304199,24.938117980957,9.45106792449951,2.99329781532288,3.97715854644775,12.6812038421631,3.35455417633057,0.0199999995529652,75.0354309082031,0,0,"386054036489998",25,"MBB",0,0,0,0,0
"MBB_GROW",2017,26.0495624542236,17.7781257629395,5.61455821990967,0.525009274482727,1.75430011749268,3.87500047683716,2.90450000762939,0.0199999995529652,40.7429275512695,0,0,"386054036489998",0,"MBB",0,0,0,0,0
"MBB_GROW",2022,29.8443298339844,19.0354690551758,6.24569034576416,1.08914732933044,4.40891218185425,3.81046962738037,2.34528088569641,0.0199999995529652,47.7638282775879,0,0,"386054036489998",5,"MBB",0,0,0,0,0
"MBB_GROW",2027,38.3810768127441,21.8308696746826,8.16216087341309,1.20226550102234,2.80594372749329,8.02980422973633,2.71301627159119,0.0199999995529652,61.314266204834,0,0,"386054036489998",10,"MBB",0,0,0,0,0
"MBB_GROW",2032,40.4546661376953,22.9668807983398,8.76328372955322,2.08753252029419,6.17617607116699,9.62111854553223,3.1201651096344,0.0199999995529652,70.2429351806641,0,0,"386054036489998",15,"MBB",0,0,0,0,0
"MBB_GROW",2037,43.0403213500977,25.0649547576904,9.4358434677124,2.50870299339294,4.90473365783691,12.7726411819458,3.24469208717346,0.0199999995529652,75.9269332885742,0,0,"386054036489998",20,"MBB",0,0,0,0,0
"MBB_GROW",2042,45.3883819580078,26.7921104431152,10.100284576416,2.76069903373718,4.16092300415039,13.3825778961182,3.44132447242737,0.0199999995529652,79.2541809082031,0,0,"386054036489998",25,"MBB",0,0,0,0,0
"MBB_BAU",2017,26.4468097686768,17.1517009735107,6.43585157394409,0.7327800989151,0,3.38999056816101,3.82616806030273,0.0199999995529652,40.8516006469727,2.12120890617371,0,"386054058489998",0,"MBB",0.11190701759843,0,0.341288198062633,0,0.453195215661063
"MBB_BAU",2022,33.0754089355469,20.5027084350586,7.47427940368652,0.967848896980286,1.63252758979797,2.48914861679077,3.12844395637512,0.0199999995529652,48.7876586914062,0,0,"386054058489998",5,"MBB",0,0,0,0,0
"MBB_BAU",2027,36.7836074829102,21.71044921875,8.43782615661621,1.50126850605011,3.74843764305115,5.71294689178467,3.50946307182312,0.0199999995529652,59.7135543823242,0,0,"386054058489998",10,"MBB",0,0,0,0,0
"MBB_BAU",2032,38.4285430908203,22.0523071289062,9.02524852752686,2.2900881767273,5.55049324035645,8.1922492980957,3.74454712867737,0.0199999995529652,67.2511672973633,0,0,"386054058489998",15,"MBB",0,0,0,0,0
"MBB_BAU",2037,38.5977172851562,21.7631816864014,9.31575870513916,3.05078792572021,6.18674087524414,11.0192680358887,3.91272926330566,0.0199999995529652,72.1029968261719,0,0,"386054058489998",20,"MBB",0,0,0,0,0
"MBB_BAU",2042,40.6143684387207,22.5685234069824,9.92104530334473,3.17387294769287,4.05324649810791,12.9811134338379,4.0597038269043,0.0199999995529652,74.823356628418,0,0,"386054058489998",25,"MBB",0,0,0,0,0
"MBB_GROW",2017,29.4385070800781,19.2729110717773,7.16863203048706,0,0,2.59500026702881,3.7703001499176,0.0199999995529652,42.9924430847168,0,0,"386054058489998",0,"MBB",0,0,0,0,0
"MBB_GROW",2022,18.9867210388184,10.6448345184326,3.92124533653259,4.24849033355713,16.5554046630859,2.04290723800659,3.21185994148254,0.0749999955296516,49.0416297912598,0,0,"386054058489998",5,"MBB",0,0,0,0,0
"MBB_GROW",2027,20.5937156677246,10.4995908737183,4.32071447372437,4.41170930862427,10.3551998138428,11.5647411346436,3.06906175613403,0.0199999995529652,54.3351440429688,0,0,"386054058489998",10,"MBB",0,0,0,0,0
"MBB_GROW",2032,24.7448043823242,11.8890762329102,5.41275453567505,3.89828038215637,3.87145328521729,15.5661907196045,3.23998951911926,0.0199999995529652,56.7534713745117,0,0,"386054058489998",15,"MBB",0,0,0,0,0
"MBB_GROW",2037,28.4333877563477,13.1746234893799,6.36038064956665,3.57169079780579,2.32248735427856,15.1435251235962,3.51682567596436,0.0199999995529652,59.3682975769043,0,0,"386054058489998",20,"MBB",0,0,0,0,0
"MBB_GROW",2042,31.0949287414551,14.9713535308838,6.91877460479736,3.47389841079712,2.62889862060547,14.269868850708,3.76618123054504,0.0199999995529652,62.172550201416,0,0,"386054058489998",25,"MBB",0,0,0,0,0
"MBB_BAU",2017,24.2155246734619,16.0048408508301,6.03262853622437,2.21976566314697,0.330082267522812,4.83168840408325,3.93181037902832,0.0199999995529652,41.5815010070801,5.9399299621582,0,"386054062489998",0,"MBB",0.331762844614527,0,0.910892747868058,0,1.24265559248259
"MBB_BAU",2022,28.0204124450684,17.2805633544922,6.46518707275391,2.60290837287903,0.0816156268119812,4.39734125137329,3.14645481109619,0.0199999995529652,44.7339210510254,2.31028938293457,0,"386054062489998",5,"MBB",0.14345139900008,0,0.345258962100797,0,0.488710361100877
"MBB_BAU",2027,33.6173477172852,19.1866569519043,7.85360813140869,2.63538193702698,2.57097578048706,5.82083463668823,3.44333815574646,0.0199999995529652,55.9614868164062,0,0,"386054062489998",10,"MBB",0,0,0,0,0
"MBB_BAU",2032,34.2948760986328,18.5283203125,8.30623722076416,3.5227735042572,7.12022399902344,7.18060159683228,3.83320355415344,0.0199999995529652,64.2779159545898,0,0,"386054062489998",15,"MBB",0,0,0,0,0
"MBB_BAU",2037,35.168041229248,18.5521068572998,8.72890281677246,4.07551193237305,6.55162048339844,11.0028324127197,3.92313528060913,0.0199999995529652,69.4700317382812,0,0,"386054062489998",20,"MBB",0,0,0,0,0
"MBB_BAU",2042,37.4646949768066,19.6867694854736,9.4081220626831,4.20923852920532,4.74154472351074,13.439811706543,4.06710147857666,0.0199999995529652,73.3505096435547,0,0,"386054062489998",25,"MBB",0,0,0,0,0
"MBB_GROW",2017,32.6103973388672,21.9447765350342,8.17133331298828,0.0810580998659134,0.330082267522812,2.59500026702881,3.77030086517334,0.0199999995529652,47.5781745910645,0,0,"386054062489998",0,"MBB",0,0,0,0,0
"MBB_GROW",2022,15.8449010848999,9.73309516906738,3.71422576904297,5.09109020233154,19.9602069854736,2.28155303001404,3.3271951675415,0.0749999955296516,50.2941703796387,0,0,"386054062489998",5,"MBB",0,0,0,0,0
"MBB_GROW",2027,15.8077478408813,9.31789398193359,3.62193012237549,4.92943906784058,12.2269811630249,10.868200302124,2.92418909072876,0.0749999955296516,50.4534873962402,0,0,"386054062489998",10,"MBB",0,0,0,0,0
"MBB_GROW",2032,19.6173000335693,11.1828536987305,4.49734973907471,4.15564203262329,7.4485011100769,11.9761810302734,3.00939059257507,0.0199999995529652,50.7243690490723,0,0,"386054062489998",15,"MBB",0,0,0,0,0
"MBB_GROW",2037,24.5118293762207,13.7431106567383,5.70018625259399,3.41606974601746,5.09402465820312,10.9581356048584,3.21486067771912,0.0199999995529652,52.9151039123535,0,0,"386054062489998",20,"MBB",0,0,0,0,0
"MBB_GROW",2042,29.7560157775879,16.6194000244141,6.95400953292847,2.91349625587463,3.75497508049011,10.4001197814941,3.46348261833191,0.0199999995529652,57.2621002197266,0,0,"386054062489998",25,"MBB",0,0,0,0,0
"MBB_BAU",2017,45.3837242126465,31.911958694458,11.0785713195801,6.09996032714844,1.37473320960999,9.8415355682373,3.33561253547668,0.0199999995529652,77.1341323852539,17.0400676727295,0,"386054067489998",0,"MBB",0.895448438632824,0,3.11662616285524,0,4.01207460148806
"MBB_BAU",2022,36.1421546936035,24.6240100860596,8.64493083953857,8.39851665496826,1.08615279197693,11.0031843185425,3.21943616867065,0.0199999995529652,68.5143737792969,9.99295425415039,0,"386054067489998",5,"MBB",0.413682508320673,0,1.90762329575961,0,2.32130580408029
"MBB_BAU",2027,33.8003273010254,22.0276546478271,8.05306625366211,8.4840784072876,1.016477227211,10.6808681488037,2.98526573181152,0.0199999995529652,65.0400848388672,4.64331007003784,0,"386054067489998",10,"MBB",0.187713692106479,0,0.889002015364116,0,1.0767157074706
"MBB_BAU",2032,36.0298271179199,22.9843635559082,8.52296543121338,7.5407280921936,0.890359103679657,9.14246940612793,2.98690700531006,0.0199999995529652,65.1332550048828,1.76908850669861,0,"386054067489998",15,"MBB",0.0678384256999999,0,0.340193807302873,0,0.408032233002873
"MBB_BAU",2037,39.7235870361328,25.3468170166016,9.34242820739746,6.40250778198242,1.77642345428467,7.77877235412598,3.12228870391846,0.0199999995529652,68.166015625,0,0,"386054067489998",20,"MBB",0,0,0,0,0
"MBB_BAU",2042,44.3820533752441,28.4235935211182,10.3370304107666,5.50904846191406,2.09502696990967,7.41805458068848,3.33200788497925,0.0199999995529652,73.0932235717773,0,0,"386054067489998",25,"MBB",0,0,0,0,0
"MBB_GROW",2017,68.9728927612305,48.9520149230957,16.8927783966064,0.28574812412262,1.37473320960999,3.87500023841858,2.90450024604797,0.0199999995529652,94.3256530761719,0,0,"386054067489998",0,"MBB",0,0,0,0,0
"MBB_GROW",2022,65.7449569702148,46.188404083252,16.2151050567627,1.95636487007141,8.92648124694824,4.00372695922852,3.61773180961609,0.0199999995529652,100.484367370605,0,0,"386054067489998",5,"MBB",0,0,0,0,0
"MBB_GROW",2027,66.0143127441406,45.7965965270996,16.338773727417,2.51204013824463,7.05289459228516,9.47207355499268,3.72893524169922,0.0199999995529652,105.139030456543,0,0,"386054067489998",10,"MBB",0,0,0,0,0
"MBB_GROW",2032,65.5334091186523,45.0716590881348,16.2801666259766,3.14721393585205,7.24310445785522,11.9201831817627,3.93375754356384,0.0199999995529652,108.077827453613,0,0,"386054067489998",15,"MBB",0,0,0,0,0
"MBB_GROW",2037,65.1524124145508,44.4987907409668,16.2427406311035,3.54635095596313,6.95926141738892,13.632194519043,4.12098693847656,0.0199999995529652,109.673942565918,0,0,"386054067489998",20,"MBB",0,0,0,0,0
"MBB_GROW",2042,64.7676391601562,44.0484848022461,16.211275100708,4.00580787658691,7.49488353729248,14.5529146194458,4.31338262557983,0.0199999995529652,111.365898132324,0,0,"386054067489998",25,"MBB",0,0,0,0,0
"MBB_BAU",2017,32.6155014038086,19.1997814178467,7.92741298675537,0.121571727097034,0.20990689098835,3.89675450325012,2.90591144561768,0.0199999995529652,47.6970596313477,0.0517870970070362,0,"386054080489998",0,"MBB",0.00483855830622463,0,0.00734485824659721,0,0.0121834165528218
"MBB_BAU",2022,39.1715240478516,22.4975929260254,9.29573345184326,0.388460993766785,1.27086651325226,3.21396994590759,2.71344399452209,0.0199999995529652,56.0740013122559,0,0,"386054080489998",5,"MBB",0,0,0,0,0
"MBB_BAU",2027,42.4687080383301,24.5877647399902,10.029447555542,1.2939532995224,4.53591012954712,6.2608790397644,3.0518684387207,0.0199999995529652,67.6607666015625,0,0,"386054080489998",10,"MBB",0,0,0,0,0
"MBB_BAU",2032,44.2512855529785,25.688289642334,10.4627552032471,2.08343148231506,5.36655378341675,9.56087112426758,3.26260185241699,0.0199999995529652,75.0074996948242,0,0,"386054080489998",15,"MBB",0,0,0,0,0
"MBB_BAU",2037,46.8925971984863,27.4389400482178,11.0693187713623,2.54045605659485,4.64221334457397,12.048677444458,3.43127489089966,0.0199999995529652,80.64453125,0,0,"386054080489998",20,"MBB",0,0,0,0,0
"MBB_BAU",2042,50.0442123413086,30.1090259552002,11.7264461517334,2.88552761077881,4.42511749267578,13.0865364074707,3.64152264595032,0.0199999995529652,85.8293685913086,0,0,"386054080489998",25,"MBB",0,0,0,0,0
"MBB_GROW",2017,32.6909484863281,19.2515697479248,7.9454927444458,0.103492230176926,0.20990689098835,3.875,2.90449976921082,0.0199999995529652,47.749340057373,0,0,"386054080489998",0,"MBB",0,0,0,0,0
"MBB_GROW",2022,38.0516586303711,21.8463001251221,8.9714765548706,0.64856743812561,2.1712760925293,3.20135831832886,2.71554803848267,0.0199999995529652,55.7798881530762,0,0,"386054080489998",5,"MBB",0,0,0,0,0
"MBB_GROW",2027,42.2677917480469,24.4343070983887,9.9268913269043,1.31456863880157,3.92831659317017,6.78862857818604,3.01043629646301,0.0199999995529652,67.2566299438477,0,0,"386054080489998",10,"MBB",0,0,0,0,0
"MBB_GROW",2032,44.7719650268555,26.0808296203613,10.5624332427979,2.06953287124634,5.20269155502319,9.76156616210938,3.25422668457031,0.0199999995529652,75.6424102783203,0,0,"386054080489998",15,"MBB",0,0,0,0,0
"MBB_GROW",2037,46.8485946655273,27.3687305450439,11.0447301864624,2.56935286521912,4.86734867095947,12.3344020843506,3.4473032951355,0.0199999995529652,81.1317291259766,0,0,"386054080489998",20,"MBB",0,0,0,0,0
"MBB_GROW",2042,49.834659576416,30.3820915222168,11.5286598205566,2.88879585266113,4.39441347122192,13.4145956039429,3.64644455909729,0.0199999995529652,85.7275695800781,0,0,"386054080489998",25,"MBB",0,0,0,0,0
"MBB_BAU",2016,29.8807506561279,20.4618434906006,6.1368932723999,2.44253730773926,2.62050747871399,5.83546352386475,1.87897944450378,0.0199999995529652,48.8151321411133,6.41171550750732,0,"386054085489998",0,"MBB",0.756456285167492,0,0.773755921963639,0,1.53021220713113
"MBB_BAU",2021,34.1376037597656,22.0528087615967,6.78659963607788,2.70042562484741,1.10483193397522,6.51852226257324,1.55164015293121,0.0199999995529652,52.8196182250977,2.35603618621826,0,"386054085489998",5,"MBB",0.280712570903036,0,0.282110022625334,0,0.56282259352837
"MBB_BAU",2026,39.5690155029297,24.5387744903564,8.16064167022705,2.40871810913086,1.40674781799316,8.75683212280273,1.85814619064331,0.0199999995529652,62.180103302002,0,0,"386054085489998",10,"MBB",0,0,0,0,0
"MBB_BAU",2031,42.2005233764648,25.5330429077148,9.05278778076172,2.73589110374451,4.17621803283691,8.76552867889404,2.26510500907898,0.0199999995529652,69.2160491943359,0,0,"386054085489998",15,"MBB",0,0,0,0,0
"MBB_BAU",2036,44.5897750854492,27.1143264770508,9.74135875701904,3.07210087776184,4.52006721496582,10.1630525588989,2.44790315628052,0.0199999995529652,74.5542602539062,0,0,"386054085489998",20,"MBB",0,0,0,0,0
"MBB_BAU",2041,46.5440063476562,28.5929546356201,10.2543420791626,3.24886727333069,4.02207183837891,11.0732231140137,2.63769745826721,0.0199999995529652,77.8002090454102,0,0,"386054085489998",25,"MBB",0,0,0,0,0
"MBB_GROW",2016,38.6215705871582,26.8735599517822,7.90779209136963,0.67163896560669,2.62050747871399,3.69419193267822,1.73998618125916,0.0199999995529652,55.2756843566895,0,0,"386054085489998",0,"MBB",0,0,0,0,0
"MBB_GROW",2021,28.9747867584229,19.2111263275146,5.68268585205078,3.82946825027466,16.4897403717041,4.52344369888306,1.70725631713867,0.0199999995529652,61.2273788452148,0,0,"386054085489998",5,"MBB",0,0,0,0,0
"MBB_GROW",2026,30.8966426849365,19.6625995635986,6.24454689025879,3.78045415878296,7.94157028198242,15.0543794631958,1.67444694042206,0.0199999995529652,65.6120376586914,0,0,"386054085489998",10,"MBB",0,0,0,0,0
"MBB_GROW",2031,34.6412696838379,21.0944747924805,7.21192026138306,3.3715329170227,3.08959031105042,16.4887962341309,1.96436738967896,0.0199999995529652,66.787483215332,0,0,"386054085489998",15,"MBB",0,0,0,0,0
"MBB_GROW",2036,40.381893157959,23.9407081604004,8.69883346557617,2.90237498283386,1.34356451034546,14.7999839782715,2.23825001716614,0.0199999995529652,70.384895324707,0,0,"386054085489998",20,"MBB",0,0,0,0,0
"MBB_GROW",2041,43.5472297668457,25.5787658691406,9.56352615356445,2.71982097625732,1.90143918991089,12.8989391326904,2.58211159706116,0.0199999995529652,73.2330627441406,0,0,"386054085489998",25,"MBB",0,0,0,0,0
"MBB_BAU",2016,22.2502746582031,15.7403163909912,4.78167057037354,2.05131268501282,14.1779947280884,3.87499952316284,2.90449953079224,0.0199999995529652,50.0607490539551,0,0,"386054098489998",0,"MBB",0,0,0,0,0
"MBB_BAU",2021,27.2943019866943,19.1007633209229,5.77544450759888,1.67435538768768,5.27521085739136,10.0200242996216,2.20613670349121,0.0199999995529652,52.2654762268066,0,0,"386054098489998",5,"MBB",0,0,0,0,0
"MBB_BAU",2026,24.7115459442139,16.6653423309326,5.23714637756348,3.00500774383545,0.530743837356567,13.6823024749756,2.60112166404724,0.0199999995529652,49.7878684997559,5.42603874206543,0,"386054098489998",10,"MBB",0.436226511453971,0,0.767166173823749,0,1.20339268527772
"MBB_BAU",2031,26.9807586669922,17.21755027771,5.87588262557983,3.11694002151489,0.336113661527634,11.2878274917603,2.61642289161682,0.0199999995529652,50.233943939209,2.09922099113464,0,"386054098489998",15,"MBB",0.15074081128316,0,0.309370748348977,0,0.460111559632138
"MBB_BAU",2036,30.7516136169434,19.1533603668213,6.8818678855896,2.72994065284729,0.73835164308548,9.11078834533691,2.75841569900513,0.0199999995529652,52.9909782409668,0.241135343909264,0,"386054098489998",20,"MBB",0.0170291548146859,0,0.0356863837813409,0,0.0527155385960268
"MBB_BAU",2041,34.7162590026855,21.3474617004395,7.93765211105347,2.34014415740967,0.72011125087738,7.80391550064087,2.97158336639404,0.0199999995529652,56.5096702575684,0,0,"386054098489998",25,"MBB",0,0,0,0,0
"MBB_GROW",2016,22.2502746582031,15.7403163909912,4.78167057037354,2.05131268501282,14.1779947280884,3.87499952316284,2.90449953079224,0.0199999995529652,50.0607490539551,0,0,"386054098489998",0,"MBB",0,0,0,0,0
"MBB_GROW",2021,22.4015846252441,15.2874946594238,4.91753625869751,2.42063856124878,9.58658409118652,10.0200242996216,2.20613670349121,0.0199999995529652,51.5725059509277,0,0,"386054098489998",5,"MBB",0,0,0,0,0
"MBB_GROW",2026,27.2196578979492,18.1205253601074,6.00015497207642,1.96745657920837,1.85426831245422,13.8984355926514,2.38036131858826,0.0199999995529652,53.3403358459473,0,0,"386054098489998",10,"MBB",0,0,0,0,0
"MBB_GROW",2031,32.2668304443359,20.6963710784912,7.21798038482666,1.67781031131744,0.561745285987854,11.6766548156738,2.66763305664062,0.0199999995529652,56.0886535644531,0,0,"386054098489998",15,"MBB",0,0,0,0,0
"MBB_GROW",2036,37.3042869567871,23.6210041046143,8.48433113098145,1.51401197910309,0.800592184066772,9.80304718017578,2.92861390113831,0.0199999995529652,60.8548851013184,0,0,"386054098489998",20,"MBB",0,0,0,0,0
"MBB_GROW",2041,41.5002403259277,26.03857421875,9.6181001663208,1.38327598571777,0.796161651611328,8.85451507568359,3.18984150886536,0.0199999995529652,65.3621368408203,0,0,"386054098489998",25,"MBB",0,0,0,0,0
"MBB_BAU",2016,26.3121910095215,18.2426109313965,5.76164817810059,2.20862793922424,0,5.16206645965576,3.94179558753967,0.0199999995529652,43.4063301086426,7.18009376525879,0,"386054140489998",0,"MBB",0.542815935708278,0,1.04136759320976,0,1.58418352891803
"MBB_BAU",2021,26.6637401580811,17.5065498352051,5.47007942199707,3.08606481552124,0.341012924909592,4.96725845336914,3.12510800361633,0.0199999995529652,43.6732597351074,4.09264516830444,0,"386054140489998",5,"MBB",0.342922033307298,0,0.56583215933942,0,0.908754192646718
"MBB_BAU",2026,32.115421295166,19.5243129730225,6.77801275253296,2.83197855949402,1.96235680580139,6.10116958618164,3.27583813667297,0.0199999995529652,53.084774017334,0,0,"386054140489998",10,"MBB",0,0,0,0,0
"MBB_BAU",2031,35.7966156005859,20.2380561828613,7.91277408599854,2.99390292167664,4.08961963653564,6.71671867370605,3.61702418327332,0.0199999995529652,61.1466522216797,0,0,"386054140489998",15,"MBB",0,0,0,0,0
"MBB_BAU",2036,35.7386894226074,19.8307113647461,8.25204658508301,3.64281630516052,6.39175128936768,8.88361740112305,3.83919286727905,0.0199999995529652,66.7681121826172,0,0,"386054140489998",20,"MBB",0,0,0,0,0
"MBB_BAU",2041,36.9801979064941,20.2299060821533,8.78843402862549,3.91535687446594,5.11936092376709,11.5263195037842,3.95114707946777,0.0199999995529652,70.3008193969727,0,0,"386054140489998",25,"MBB",0,0,0,0,0
"MBB_GROW",2016,36.2911033630371,25.4227066040039,7.97027587890625,0,0,2.59500002861023,3.77030062675476,0.0199999995529652,50.6466827392578,0,0,"386054140489998",0,"MBB",0,0,0,0,0
"MBB_GROW",2021,22.8529243469238,15.3014297485352,4.60179948806763,4.08357381820679,17.9603271484375,2.06890821456909,3.28422141075134,0.0749999955296516,54.9267539978027,0,0,"386054140489998",5,"MBB",0,0,0,0,0
"MBB_GROW",2026,24.877269744873,15.2512817382812,5.13055944442749,4.11485004425049,9.18311977386475,12.9766902923584,3.12595891952515,0.0749999955296516,59.4834480285645,0,0,"386054140489998",10,"MBB",0,0,0,0,0
"MBB_GROW",2031,27.8063220977783,15.5400924682617,6.00087738037109,3.83245062828064,4.22654914855957,15.571268081665,3.37326955795288,0.0199999995529652,60.8307304382324,0,0,"386054140489998",15,"MBB",0,0,0,0,0
"MBB_GROW",2036,32.1184768676758,16.9182071685791,7.24684524536133,3.36441707611084,2.00691342353821,14.9065570831299,3.6160671710968,0.0199999995529652,63.2792778015137,0,0,"386054140489998",20,"MBB",0,0,0,0,0
"MBB_GROW",2041,34.4513549804688,17.6635150909424,8.1609058380127,3.46913146972656,3.70205783843994,13.4993991851807,3.91568183898926,0.0199999995529652,67.2185211181641,0,0,"386054140489998",25,"MBB",0,0,0,0,0
"MBB_BAU",2016,36.9849472045898,25.8132877349854,8.04694557189941,2.84183359146118,2.13073086738586,6.55634212493896,3.09168720245361,0.0199999995529652,59.6724853515625,8.32159614562988,0,"386054297489998",0,"MBB",0.437869517441186,0,1.55554039501059,0,1.99340991245177
"MBB_BAU",2021,38.8613739013672,25.5417423248291,8.01414108276367,3.70754194259644,2.36146831512451,6.81519603729248,2.78910398483276,0.0199999995529652,62.5688285827637,3.7290632724762,0,"386054297489998",5,"MBB",0.201443912392859,0,0.693878165498615,0,0.895322077891474
"MBB_BAU",2026,42.7164115905762,26.8543376922607,9.02707767486572,3.81077337265015,4.37540197372437,10.3999977111816,3.07621335983276,0.0199999995529652,73.4258728027344,0,0,"386054297489998",10,"MBB",0,0,0,0,0
"MBB_BAU",2031,41.4533576965332,24.5597152709961,9.14290046691895,4.83116626739502,9.19306373596191,11.8220815658569,3.49433946609497,0.0199999995529652,79.9569091796875,0,0,"386054297489998",15,"MBB",0,0,0,0,0
"MBB_BAU",2036,42.1114387512207,24.0440139770508,9.64539813995361,5.17612648010254,7.17591667175293,15.4436092376709,3.57073140144348,0.0199999995529652,83.1432189941406,0,0,"386054297489998",20,"MBB",0,0,0,0,0
"MBB_BAU",2041,42.4223098754883,24.0595264434814,10.0507726669312,5.38833475112915,6.34822463989258,16.7343006134033,3.77061295509338,0.0199999995529652,84.7345581054688,0,0,"386054297489998",25,"MBB",0,0,0,0,0
"MBB_GROW",2016,48.2408447265625,34.1348876953125,10.5064468383789,0.382335036993027,2.13073086738586,3.875,2.90450000762939,0.0199999995529652,68.0598526000977,0,0,"386054297489998",0,"MBB",0,0,0,0,0
"MBB_GROW",2021,44.2750434875488,30.9386329650879,9.6194429397583,2.16670799255371,10.3944501876831,4.05854225158691,2.98472309112549,0.0199999995529652,73.5189056396484,0,0,"386054297489998",5,"MBB",0,0,0,0,0
"MBB_GROW",2026,46.0751876831055,31.8186950683594,10.13267993927,2.53101444244385,5.72925567626953,11.685055732727,3.07236957550049,0.0199999995529652,79.2455596923828,0,0,"386054297489998",10,"MBB",0,0,0,0,0
"MBB_GROW",2031,49.8826293945312,33.2739562988281,11.1434488296509,2.49474430084229,2.96258664131165,12.8859148025513,3.33897399902344,0.0199999995529652,82.7282943725586,0,0,"386054297489998",15,"MBB",0,0,0,0,0
"MBB_GROW",2036,53.7667388916016,34.8851623535156,12.2118902206421,2.37644195556641,2.17567873001099,12.3047924041748,3.62308025360107,0.0199999995529652,86.4786224365234,0,0,"386054297489998",20,"MBB",0,0,0,0,0
"MBB_GROW",2041,54.1138763427734,34.5509338378906,12.4437561035156,2.92055010795593,4.77001762390137,11.9051990509033,3.9286105632782,0.0199999995529652,90.1020050048828,0,0,"386054297489998",25,"MBB",0,0,0,0,0
"MBB_BAU",2017,27.1666622161865,18.9600086212158,5.67436265945435,1.55593323707581,1.10515260696411,3.95755219459534,3.86179113388062,0.560000002384186,43.8814582824707,4.07360792160034,0,"386054386489998",0,"MBB",0.389007626342782,0,0.539458254264526,0,0.928465880607308
"MBB_BAU",2022,26.6803703308105,18.2021026611328,5.54666948318481,2.17098593711853,0.777350187301636,4.37315559387207,3.07579016685486,0.699999988079071,43.3243255615234,2.90738344192505,0,"386054386489998",5,"MBB",0.293289791011573,0,0.373073610807238,0,0.666363401818811
"MBB_BAU",2027,28.7570571899414,19.1066875457764,6.06179141998291,2.12733912467957,0.465292274951935,4.31775093078613,3.0850944519043,0.939999997615814,45.754322052002,1.06766676902771,0,"386054386489998",10,"MBB",0.101467928456697,0,0.14096076488402,0,0.242428693340717
"MBB_BAU",2032,31.8213386535645,20.6040935516357,6.81119298934937,1.86579918861389,0.309699535369873,3.81510019302368,3.20759844779968,1.28000009059906,49.1107292175293,0.360147744417191,0,"386054386489998",15,"MBB",0.0355523091102206,0,0.0465907627939604,0,0.082143071904181
"MBB_BAU",2037,33.8283538818359,21.6775150299072,7.29760980606079,1.81971478462219,0.62394779920578,3.69276762008667,3.37506699562073,1.28000009059906,51.9174613952637,0.67308896780014,0,"386054386489998",20,"MBB",0.066960147871818,0,0.0866707005313257,0,0.153630848403144
"MBB_BAU",2042,35.4430999755859,22.494026184082,7.71955251693726,2.02378559112549,0.795316457748413,4.14791822433472,3.51707410812378,1.28000009059906,54.9267425537109,1.42904150485992,0,"386054386489998",25,"MBB",0.14814927278306,0,0.179269913382082,0,0.327419186165142
"MBB_GROW",2017,32.7264595031738,23.0336170196533,6.85201215744019,0.378283232450485,1.10515260696411,2.59499979019165,3.77029943466187,0.560000002384186,47.9872093200684,0,0,"386054386489998",0,"MBB",0,0,0,0,0
"MBB_GROW",2022,13.7717437744141,9.33481979370117,2.91688442230225,4.56485176086426,20.9490299224854,2.63720226287842,3.14698457717896,0.699999988079071,48.6866989135742,0,0,"386054386489998",5,"MBB",0,0,0,0,0
"MBB_GROW",2027,11.8131551742554,7.79128932952881,2.5613329410553,4.41880130767822,9.61295318603516,13.2463264465332,2.72764039039612,0.939999997615814,45.3202095031738,0,0,"386054386489998",10,"MBB",0,0,0,0,0
"MBB_GROW",2032,13.0642566680908,8.59101581573486,2.86440515518188,3.71158051490784,2.2311429977417,15.0523223876953,2.77247476577759,1.28000009059906,40.9761848449707,0,0,"386054386489998",15,"MBB",0,0,0,0,0
"MBB_GROW",2037,14.8600654602051,9.68820953369141,3.29046034812927,3.04346132278442,0.555504977703094,11.7274188995361,2.89005589485168,1.28000009059906,37.6469650268555,0,0,"386054386489998",20,"MBB",0,0,0,0,0
"MBB_GROW",2042,17.2364406585693,11.5513525009155,3.73880934715271,2.49319100379944,0.274260520935059,8.47928714752197,3.00534343719482,1.28000009059906,36.5073318481445,0,0,"386054386489998",25,"MBB",0,0,0,0,0
"MBB_BAU",2017,24.2235851287842,16.067325592041,5.14616584777832,1.38346767425537,2.8479266166687,4.88717460632324,2.96836304664612,0.0199999995529652,41.4766845703125,2.96164059638977,0,"387484846489998",0,"MBB",0.261712168192379,0,0.35696209673814,0,0.61867426493052
"MBB_BAU",2022,28.0804309844971,17.9988460540771,5.9942741394043,1.33096420764923,1.3544145822525,5.00271034240723,2.2772581577301,0.0199999995529652,44.0600547790527,0.691057026386261,0,"387484846489998",5,"MBB",0.0628734144584526,0,0.082469868834094,0,0.145343283292547
"MBB_BAU",2027,31.9323177337646,20.1034717559814,7.03154182434082,1.19801330566406,0.722413063049316,5.8524284362793,2.47211360931396,0.0199999995529652,49.2288284301758,0,0,"387484846489998",10,"MBB",0,0,0,0,0
"MBB_BAU",2032,36.8289031982422,23.2345314025879,8.26945114135742,1.17093884944916,1.02461504936218,5.7352557182312,2.69271445274353,0.0199999995529652,55.7418823242188,0,0,"387484846489998",15,"MBB",0,0,0,0,0
"MBB_BAU",2037,43.9992332458496,28.7026348114014,9.56234931945801,1.09900498390198,0.83574914932251,5.79012870788574,2.9226541519165,0.0199999995529652,64.229118347168,0,0,"387484846489998",20,"MBB",0,0,0,0,0
"MBB_BAU",2042,49.0965843200684,32.344783782959,10.7840528488159,1.07582318782806,0.974966168403625,5.89227771759033,3.16817235946655,0.0199999995529652,71.0118789672852,0,0,"387484846489998",25,"MBB",0,0,0,0,0
"MBB_GROW",2017,28.2837028503418,19.0289688110352,5.97816038131714,0.551473140716553,2.8479266166687,3.87500023841858,2.90450024604797,0.0199999995529652,44.4607620239258,0,0,"387484846489998",0,"MBB",0,0,0,0,0
"MBB_GROW",2022,30.9947452545166,20.3044948577881,6.64797115325928,0.838334381580353,3.31661772727966,4.18344974517822,2.35737919807434,0.0199999995529652,48.3584938049316,0,0,"387484846489998",5,"MBB",0,0,0,0,0
"MBB_GROW",2027,34.3955535888672,22.346529006958,7.55193376541138,0.800020575523376,1.06366920471191,6.43531942367554,2.53499388694763,0.0199999995529652,52.8014869689941,0,0,"387484846489998",10,"MBB",0,0,0,0,0
"MBB_GROW",2032,39.369270324707,25.574104309082,8.5760908126831,0.75099915266037,0.621646761894226,6.32855558395386,2.7429370880127,0.0199999995529652,58.4095039367676,0,0,"387484846489998",15,"MBB",0,0,0,0,0
"MBB_GROW",2037,44.2861175537109,29.1816329956055,9.63629722595215,0.734192669391632,0.708063900470734,6.26917934417725,2.95384573936462,0.0199999995529652,64.6077041625977,0,0,"387484846489998",20,"MBB",0,0,0,0,0
"MBB_GROW",2042,49.0273475646973,32.4220085144043,10.7941303253174,0.712368845939636,0.683081924915314,6.27635431289673,3.17725348472595,0.0199999995529652,70.6905364990234,0,0,"387484846489998",25,"MBB",0,0,0,0,0
"MBB_BAU",2017,15.6910820007324,11.0470962524414,3.32350444793701,0.649021506309509,3.24966478347778,3.87499976158142,2.90450000762939,0.0199999995529652,29.7127723693848,0,0,"387484893489998",0,"MBB",0,0,0,0,0
"MBB_BAU",2022,18.698787689209,13.0356245040894,3.88759970664978,0.542184829711914,1.28888297080994,4.32785224914551,1.99884533882141,0.0199999995529652,30.7641544342041,0,0,"387484893489998",5,"MBB",0,0,0,0,0
"MBB_BAU",2027,22.1027297973633,15.1771297454834,4.6489052772522,0.46079283952713,0.528640687465668,4.57118034362793,2.15443205833435,0.0199999995529652,34.4866790771484,0,0,"387484893489998",10,"MBB",0,0,0,0,0
"MBB_BAU",2032,21.628345489502,14.066780090332,4.68884515762329,1.44077432155609,0.262882143259048,5.36137199401855,2.42110681533813,0.0199999995529652,35.8233261108398,3.46208667755127,0,"387484893489998",15,"MBB",0.279556370022001,0,0.514728644340332,0,0.794285014362333
"MBB_BAU",2037,23.4953155517578,14.7230615615845,5.24977922439575,1.5125812292099,0.0779965817928314,5.06759262084961,2.43685698509216,0.0199999995529652,37.8601226806641,1.1728720664978,0,"387484893489998",20,"MBB",0.0942373181322343,0,0.174773099007728,0,0.269010417139963
"MBB_BAU",2042,26.5084934234619,16.4184913635254,6.08292293548584,1.41788375377655,0.472715258598328,4.45822811126709,2.55181312561035,0.0199999995529652,41.5120582580566,0.299443364143372,0,"387484893489998",25,"MBB",0.0203242917851571,0,0.0470855137817001,0,0.0674098055668572
"MBB_GROW",2017,15.6910820007324,11.0470962524414,3.32350444793701,0.649021506309509,3.24966478347778,3.87499976158142,2.90450000762939,0.0199999995529652,29.7127723693848,0,0,"387484893489998",0,"MBB",0,0,0,0,0
"MBB_GROW",2022,18.2997417449951,12.7835702896118,3.80764007568359,0.603977084159851,1.58944296836853,4.32785224914551,1.99884533882141,0.0199999995529652,30.6475009918213,0,0,"387484893489998",5,"MBB",0,0,0,0,0
"MBB_GROW",2027,21.5280361175537,14.800365447998,4.53596258163452,0.52265077829361,0.620463371276855,4.75681304931641,2.14394688606262,0.0199999995529652,34.1278762817383,0,0,"387484893489998",10,"MBB",0,0,0,0,0
"MBB_GROW",2032,25.7507820129395,17.0659370422363,5.58800888061523,0.45886754989624,0.282807618379593,4.28354692459106,2.3262996673584,0.0199999995529652,38.7103118896484,0,0,"387484893489998",15,"MBB",0,0,0,0,0
"MBB_GROW",2037,29.076717376709,18.8610649108887,6.44993877410889,0.468357264995575,0.519091069698334,4.05008840560913,2.51224064826965,0.0199999995529652,43.096435546875,0,0,"387484893489998",20,"MBB",0,0,0,0,0
"MBB_GROW",2042,33.0222930908203,21.3261089324951,7.50024890899658,0.55653315782547,0.861673831939697,4.2044882774353,2.68173432350159,0.0199999995529652,48.8469734191895,0,0,"387484893489998",25,"MBB",0,0,0,0,0
"MBB_BAU",2017,34.9625854492188,23.0424880981445,8.30567646026611,3.40458941459656,0.190506905317307,6.5028486251831,4.02428197860718,0.0199999995529652,57.4104881286621,9.7380485534668,0,"387485116489998",0,"MBB",0.865951545643216,0,1.42079310013463,0,2.28674464577785
"MBB_BAU",2022,32.215690612793,20.9113159179688,7.61126232147217,5.15303993225098,1.14060747623444,7.11980533599854,3.49490714073181,0.0199999995529652,56.7553100585938,6.29586601257324,0,"387485116489998",5,"MBB",0.519190545319735,0,0.939550937314214,0,1.45874148263395
"MBB_BAU",2027,32.135684967041,20.5203018188477,7.68234205245972,5.76963996887207,1.47653746604919,7.64780712127686,3.44701290130615,0.0199999995529652,58.1790237426758,3.9029688835144,0,"387485116489998",10,"MBB",0.282136483263816,0,0.601803382318498,0,0.883939865582314
"MBB_BAU",2032,35.0031547546387,22.2338771820068,8.40213108062744,5.43997383117676,1.30604541301727,7.29867649078369,3.49682712554932,0.0199999995529652,60.9668045043945,1.62366235256195,0,"387485116489998",15,"MBB",0.0802159142023582,0,0.273845598827222,0,0.354061513029581
"MBB_BAU",2037,39.8869400024414,25.2902431488037,9.67236709594727,4.62610864639282,1.32279145717621,6.45984649658203,3.63426542282104,0.0199999995529652,65.6223220825195,0,0,"387485116489998",20,"MBB",0,0,0,0,0
"MBB_BAU",2042,46.9035339355469,30.028018951416,11.2918338775635,3.92662167549133,1.11490881443024,6.10350179672241,3.8778874874115,0.0199999995529652,73.23828125,0,0,"387485116489998",25,"MBB",0,0,0,0,0
"MBB_GROW",2017,48.9516983032227,32.7805442810059,11.6170597076416,0.0932092219591141,0.190506905317307,2.59499979019165,3.77029991149902,0.0199999995529652,67.2377700805664,0,0,"387485116489998",0,"MBB",0,0,0,0,0
"MBB_GROW",2022,49.7618942260742,33.3994140625,12.0284986495972,1.64152908325195,7.28733730316162,2.38764238357544,3.70817518234253,0.0199999995529652,76.8350677490234,0,0,"387485116489998",5,"MBB",0,0,0,0,0
"MBB_GROW",2027,51.7014617919922,34.6830101013184,12.771032333374,2.46931624412537,6.81446218490601,7.0368070602417,3.84345531463623,0.0199999995529652,84.6565246582031,0,0,"387485116489998",10,"MBB",0,0,0,0,0
"MBB_GROW",2032,53.7652854919434,36.3270225524902,13.3351707458496,3.46590495109558,7.73124647140503,9.98609733581543,4.05346298217773,0.0199999995529652,92.3571624755859,0,0,"387485116489998",15,"MBB",0,0,0,0,0
"MBB_GROW",2037,55.4190826416016,37.5753898620605,13.842038154602,4.20103120803833,7.6631031036377,12.3316745758057,4.26506662368774,0.0199999995529652,97.7419967651367,0,0,"387485116489998",20,"MBB",0,0,0,0,0
"MBB_GROW",2042,56.8389892578125,38.6706657409668,14.2576131820679,4.51077890396118,6.39086055755615,13.8484802246094,4.48337650299072,0.0199999995529652,100.35009765625,0,0,"387485116489998",25,"MBB",0,0,0,0,0
"MBB_BAU",2017,26.7573204040527,18.303316116333,5.97383213043213,2.07097625732422,1.96701002120972,5.83062553405762,3.03521800041199,0.0199999995529652,45.6549797058105,5.67104005813599,0,"387485117489998",0,"MBB",0.199744987326017,0,0.909738674432442,0,1.10948366175846
"MBB_BAU",2022,30.3352127075195,20.9620399475098,6.58551597595215,1.69918441772461,0.919565439224243,5.06706285476685,2.34563851356506,0.0199999995529652,46.9721832275391,0,0,"387485117489998",5,"MBB",0,0,0,0,0
"MBB_BAU",2027,29.9567108154297,20.5200958251953,6.45679092407227,2.41766929626465,0.29856151342392,5.92953205108643,2.57445406913757,0.0199999995529652,47.6537170410156,3.38734912872314,0,"387485117489998",10,"MBB",0.0956587755487463,0,0.560903782901268,0,0.656562558450015
"MBB_BAU",2032,30.2470264434814,20.5261001586914,6.50127220153809,2.71253609657288,0.240797996520996,5.67688179016113,2.62681484222412,0.0199999995529652,48.0253295898438,2.44772911071777,0,"387485117489998",15,"MBB",0.099687838701695,0,0.385467728053761,0,0.485155566755456
"MBB_BAU",2037,32.9338912963867,22.3511562347412,7.09043979644775,2.45703196525574,0.234779939055443,4.90528297424316,2.67014336585999,0.0199999995529652,50.3115653991699,0.795238018035889,0,"387485117489998",20,"MBB",0.0325701907525656,0,0.12518572906124,0,0.157755919813806
"MBB_BAU",2042,34.8892669677734,23.6690330505371,7.5066180229187,2.31553363800049,0.192099988460541,4.33573246002197,2.81806516647339,0.0199999995529652,52.0773162841797,1.04102027416229,0,"387485117489998",25,"MBB",0.0541663976119306,0,0.156345113694472,0,0.210511511306402
"MBB_GROW",2017,34.5606346130371,23.9743537902832,7.68138933181763,0.363418936729431,1.96701002120972,3.875,2.90450000762939,0.0199999995529652,51.3719520568848,0,0,"387485117489998",0,"MBB",0,0,0,0,0
"MBB_GROW",2022,29.6570568084717,20.90696144104,6.58967351913452,1.89574980735779,8.25763511657715,3.9164092540741,2.54104399681091,0.0199999995529652,52.8775634765625,0,0,"387485117489998",5,"MBB",0,0,0,0,0
"MBB_GROW",2027,31.7099590301514,22.4395332336426,7.03822326660156,1.7079244852066,2.69055557250977,8.05801391601562,2.48484992980957,0.0199999995529652,53.709529876709,0,0,"387485117489998",10,"MBB",0,0,0,0,0
"MBB_GROW",2032,34.5166664123535,24.3346652984619,7.68561458587646,1.44143199920654,0.620629966259003,7.68943643569946,2.63137459754944,0.0199999995529652,54.6051559448242,0,0,"387485117489998",15,"MBB",0,0,0,0,0
"MBB_GROW",2037,37.472297668457,26.3819980621338,8.38812732696533,1.21162450313568,0.369789302349091,6.15724658966064,2.79225301742554,0.0199999995529652,56.4113349914551,0,0,"387485117489998",20,"MBB",0,0,0,0,0
"MBB_GROW",2042,40.5711784362793,28.5152645111084,9.15111064910889,1.02889800071716,0.366534382104874,4.98526382446289,2.95519399642944,0.0199999995529652,59.0781784057617,0,0,"387485117489998",25,"MBB",0,0,0,0,0
"MBB_BAU",2017,26.6304035186768,18.9557685852051,5.42470741271973,2.06006622314453,0.927224636077881,6.10151052474976,3.05011081695557,0.0199999995529652,44.2140197753906,6.76143789291382,0,"387485143489998",0,"MBB",0.331051416334264,0,1.1289984575054,0,1.46004987383966
"MBB_BAU",2022,29.1041603088379,19.4693927764893,5.58177804946899,2.79121851921082,0.369272232055664,6.0679988861084,2.40619444847107,0.0199999995529652,46.3406257629395,3.99512195587158,0,"387485143489998",5,"MBB",0.251044451708185,0,0.626761476816499,0,0.877805928524684
"MBB_BAU",2027,36.5129737854004,22.4075756072998,7.42046737670898,2.55567455291748,1.74335885047913,7.52494812011719,2.68554282188416,0.0199999995529652,58.4629669189453,0,0,"387485143489998",10,"MBB",0,0,0,0,0
"MBB_BAU",2032,39.1696128845215,23.0009880065918,8.37870597839355,3.05847382545471,5.34716939926147,8.13355731964111,3.07204270362854,0.0199999995529652,67.1795501708984,0,0,"387485143489998",15,"MBB",0,0,0,0,0
"MBB_BAU",2037,40.5162353515625,23.422004699707,8.99715423583984,3.57207250595093,5.75433015823364,10.8490524291992,3.24857425689697,0.0199999995529652,72.9574203491211,0,0,"387485143489998",20,"MBB",0,0,0,0,0
"MBB_BAU",2042,41.6816673278809,23.7356128692627,9.50710773468018,3.90071606636047,5.24349880218506,12.5333881378174,3.42703294754028,0.0199999995529652,76.3134078979492,0,0,"387485143489998",25,"MBB",0,0,0,0,0
"MBB_GROW",2017,35.8151245117188,25.7172069549561,7.30633163452148,0.178441822528839,0.927224636077881,3.87500023841858,2.90450024604797,0.0199999995529652,51.0266189575195,0,0,"387485143489998",0,"MBB",0,0,0,0,0
"MBB_GROW",2022,43.1161956787109,30.014762878418,8.53762340545654,0.313430786132812,1.15836429595947,3.43245720863342,2.53652906417847,0.0199999995529652,59.1146011352539,0,0,"387485143489998",5,"MBB",0,0,0,0,0
"MBB_GROW",2027,48.5353584289551,31.9956874847412,9.96244144439697,0.927509725093842,3.69895076751709,5.92493343353271,2.9878613948822,0.0199999995529652,72.0570526123047,0,0,"387485143489998",10,"MBB",0,0,0,0,0
"MBB_GROW",2032,49.019172668457,31.360071182251,10.3878030776978,2.1871817111969,7.79269123077393,8.13280582427979,3.30021929740906,0.0199999995529652,80.8398666381836,0,0,"387485143489998",15,"MBB",0,0,0,0,0
"MBB_GROW",2037,48.8190994262695,30.8438758850098,10.5864839553833,2.98093271255493,7.07665538787842,12.1984710693359,3.44529819488525,0.0199999995529652,85.1269378662109,0,0,"387485143489998",20,"MBB",0,0,0,0,0
"MBB_GROW",2042,49.3867034912109,30.8743000030518,10.9256658554077,3.54460787773132,6.45551300048828,14.0586948394775,3.60488533973694,0.0199999995529652,87.9960708618164,0,0,"387485143489998",25,"MBB",0,0,0,0,0
"MBB_BAU",2017,18.5261096954346,13.1551465988159,3.38271355628967,0.126264929771423,0.646380066871643,2.59500002861023,3.7703001499176,1.43999993801117,30.4867668151855,0,0,"433033799489998",0,"MBB",0,0,0,0,0
"MBB_BAU",2022,21.9448738098145,15.6091766357422,4.00967645645142,0.145599067211151,0.583739817142487,2.10674452781677,2.68303847312927,1.58000004291534,33.0536727905273,0,0,"433033799489998",5,"MBB",0,0,0,0,0
"MBB_BAU",2027,25.3462696075439,17.9822483062744,4.70386409759521,0.170007169246674,0.366897881031036,2.35590410232544,2.7812294960022,1.82000005245209,37.5441703796387,0,0,"433033799489998",10,"MBB",0,0,0,0,0
"MBB_BAU",2032,23.5553665161133,16.4392185211182,4.45777654647827,1.20599806308746,0.397337794303894,3.64092636108398,2.97672724723816,2.16000008583069,38.3941307067871,4.14160442352295,0,"433033799489998",15,"MBB",0.519464792858214,0,0.462467136294617,0,0.981931929152831
"MBB_BAU",2037,23.2009658813477,16.0636348724365,4.47105979919434,1.67117273807526,0.391128182411194,3.97850704193115,2.95873093605042,2.16000008583069,38.8315658569336,2.63237404823303,0,"433033799489998",20,"MBB",0.295661029462611,0,0.316968418575065,0,0.612629448037676
"MBB_BAU",2042,24.4182662963867,16.5930843353271,4.81918859481812,1.85457217693329,0.368448197841644,3.8276743888855,2.98509430885315,2.16000008583069,40.4332466125488,1.8465793132782,0,"433033799489998",25,"MBB",0.149536137770031,0,0.260881193887668,0,0.410417331657699
"MBB_GROW",2017,18.5261096954346,13.1551465988159,3.38271355628967,0.126264929771423,0.646380066871643,2.59500002861023,3.7703001499176,1.43999993801117,30.4867668151855,0,0,"433033799489998",0,"MBB",0,0,0,0,0
"MBB_GROW",2022,4.57230806350708,2.86985921859741,0.914743185043335,2.7181921005249,15.0490894317627,2.10674452781677,2.68303847312927,1.58000004291534,29.6241149902344,0,0,"433033799489998",5,"MBB",0,0,0,0,0
"MBB_GROW",2027,5.79930114746094,3.50723385810852,1.20387828350067,2.19869661331177,3.68552207946777,10.189377784729,2.41707944869995,1.82000005245209,27.3138542175293,0,0,"433033799489998",10,"MBB",0,0,0,0,0
"MBB_GROW",2032,7.1030592918396,4.1764178276062,1.52182257175446,1.78508532047272,0.243629351258278,9.49811172485352,2.50539183616638,2.16000008583069,24.8171005249023,0,0,"433033799489998",15,"MBB",0,0,0,0,0
"MBB_GROW",2037,8.28549289703369,4.79044723510742,1.76776325702667,1.45726490020752,0.100385844707489,6.75383377075195,2.58606839179993,2.16000008583069,23.1108093261719,0,0,"433033799489998",20,"MBB",0,0,0,0,0
"MBB_GROW",2042,9.9224042892456,5.72255277633667,2.13683843612671,1.19765770435333,0.122061610221863,4.8780460357666,2.64419651031494,2.16000008583069,23.0612030029297,0,0,"433033799489998",25,"MBB",0,0,0,0,0
"MBB_BAU",2017,21.9531936645508,14.4105548858643,5.14156579971313,0.738101124763489,3.39408254623413,3.87500023841858,2.90450024604797,0.300000011920929,38.3064422607422,0,0,"433034010489998",0,"MBB",0,0,0,0,0
"MBB_BAU",2022,26.7053031921387,17.7488708496094,6.18887615203857,0.658604919910431,1.71374034881592,4.41744899749756,2.22149133682251,0.440000027418137,42.3454666137695,0,0,"433034010489998",5,"MBB",0,0,0,0,0
"MBB_BAU",2027,26.275520324707,17.4101371765137,6.09042167663574,1.82428562641144,0.695832550525665,6.16494178771973,2.50953483581543,0.680000007152557,44.2405395507812,3.62979102134705,0,"433034010489998",10,"MBB",0.325225198965422,0.000590272568388108,0.410440933724663,0.0739277493724954,0.810184154630968
"MBB_BAU",2032,26.6422748565674,17.4989624023438,6.20088529586792,2.60302782058716,0.445504605770111,6.41969728469849,2.56884598731995,1.01999998092651,45.9002342224121,3.17522740364075,0,"433034010489998",15,"MBB",0.289365766619132,0.000360366760862016,0.364787127351001,0.0541517646223437,0.708665025353339
"MBB_BAU",2037,28.6814384460449,18.695764541626,6.6762843132019,2.62403297424316,0.397035777568817,5.70749425888062,2.60489320755005,1.01999998092651,47.711181640625,1.39121198654175,0,"433034010489998",20,"MBB",0.118618257904761,0.000137993417385252,0.166745920939382,0.0220289530859047,0.307531125347433
"MBB_BAU",2042,23.9914455413818,15.3203010559082,5.67659950256348,4.40795040130615,0.377963244915009,7.52529716491699,2.88217425346375,1.01999998092651,45.8814315795898,6.56109619140625,0,"433034010489998",25,"MBB",0.82669600745836,0.000422311882622323,0.63290618671212,0.0710689435845875,1.53109344963769
"MBB_GROW",2017,21.9531936645508,14.4105548858643,5.14156579971313,0.738101124763489,3.39408254623413,3.87500023841858,2.90450024604797,0.300000011920929,38.3064422607422,0,0,"433034010489998",0,"MBB",0,0,0,0,0
"MBB_GROW",2022,26.6346111297607,17.7119388580322,6.18371105194092,0.660263359546661,1.72583794593811,4.41744899749756,2.22149133682251,0.440000027418137,42.2833633422852,0,0,"433034010489998",5,"MBB",0,0,0,0,0
"MBB_GROW",2027,31.2147827148438,20.884880065918,7.28603029251099,0.655139923095703,0.912604928016663,4.68815660476685,2.39985179901123,0.680000007152557,47.8365669250488,0,0,"433034010489998",10,"MBB",0,0,0,0,0
"MBB_GROW",2032,35.325626373291,23.7337017059326,8.24938774108887,0.665316224098206,0.82558810710907,4.3965425491333,2.59900331497192,1.01999998092651,53.0814628601074,0,0,"433034010489998",15,"MBB",0,0,0,0,0
"MBB_GROW",2037,39.2950172424316,26.4134941101074,9.1964864730835,0.678866267204285,0.862067699432373,4.21416187286377,2.78546524047852,1.01999998092651,58.0520668029785,0,0,"433034010489998",20,"MBB",0,0,0,0,0
"MBB_GROW",2042,42.463981628418,28.6473846435547,9.92863750457764,0.774213492870331,1.23750448226929,4.24464559555054,2.97577714920044,1.01999998092651,62.6447563171387,0,0,"433034010489998",25,"MBB",0,0,0,0,0
"MBB_BAU",2017,28.7071666717529,18.412540435791,6.02141189575195,0.905090630054474,2.33807754516602,4.57170104980469,2.94728112220764,0.560000002384186,46.0507278442383,1.84674263000488,0,"433034221489998",0,"MBB",0.218833917580534,0,0.191666677727318,0,0.410500595307851
"MBB_BAU",2022,33.0481414794922,21.2646007537842,6.63807487487793,1.0864429473877,1.77505195140839,4.59137916564941,2.4358811378479,0.699999988079071,50.2749786376953,0.831337451934814,0,"433034221489998",5,"MBB",0.101658832896795,0,0.0845251975113214,0,0.186184030408116
"MBB_BAU",2027,37.9903373718262,24.3378353118896,7.7034764289856,1.09969401359558,1.41458714008331,6.538743019104,2.61904454231262,0.939999997615814,58.3058815002441,0,0,"433034221489998",10,"MBB",0,0,0,0,0
"MBB_BAU",2032,43.3905754089355,27.657283782959,8.92864322662354,1.27386665344238,2.17003178596497,7.06524467468262,2.86666584014893,1.28000009059906,66.9750289916992,0,0,"433034221489998",15,"MBB",0,0,0,0,0
"MBB_BAU",2037,46.5738220214844,30.2953720092773,9.57643508911133,1.76402199268341,3.89146256446838,8.09720611572266,3.11870098114014,1.28000009059906,74.3016510009766,0,0,"433034221489998",20,"MBB",0,0,0,0,0
"MBB_BAU",2042,49.3874626159668,32.444522857666,10.198977470398,2.03367209434509,3.58848190307617,9.40294456481934,3.30024266242981,1.28000009059906,79.1917724609375,0,0,"433034221489998",25,"MBB",0,0,0,0,0
"MBB_GROW",2017,31.3084259033203,20.2592830657959,6.5550799369812,0.3714220225811,2.33807754516602,3.87500023841858,2.90450024604797,0.560000002384186,47.9125061035156,0,0,"433034221489998",0,"MBB",0,0,0,0,0
"MBB_GROW",2022,34.4474792480469,22.3846378326416,6.91904211044312,0.856200873851776,3.83367991447449,3.88516235351562,2.48039793968201,0.699999988079071,53.1219596862793,0,0,"433034221489998",5,"MBB",0,0,0,0,0
"MBB_GROW",2027,39.4601211547852,25.5537376403809,8.01281642913818,0.912775576114655,1.74258172512054,7.41063022613525,2.64878034591675,0.939999997615814,61.1277046203613,0,0,"433034221489998",10,"MBB",0,0,0,0,0
"MBB_GROW",2032,44.7186126708984,28.7411518096924,9.20463275909424,0.990043997764587,1.55840003490448,8.02369594573975,2.90078949928284,1.28000009059906,68.6761703491211,0,0,"433034221489998",15,"MBB",0,0,0,0,0
"MBB_GROW",2037,47.9728927612305,31.4585914611816,9.87285709381104,1.44877052307129,3.365065574646,8.58969020843506,3.15551924705505,1.28000009059906,75.6847915649414,0,0,"433034221489998",20,"MBB",0,0,0,0,0
"MBB_GROW",2042,50.3796806335449,33.4318428039551,10.4016046524048,1.82664239406586,3.75947380065918,9.63777542114258,3.34510278701782,1.28000009059906,80.6302719116211,0,0,"433034221489998",25,"MBB",0,0,0,0,0
"MBB_BAU",2017,22.3272285461426,13.195122718811,5.23390960693359,0.372081309556961,1.14554369449615,3.87500047683716,2.90450000762939,0.0199999995529652,35.8782653808594,0,0,"433077240489998",0,"MBB",0,0,0,0,0
"MBB_BAU",2022,31.890438079834,17.3616752624512,7.0438928604126,0.497786313295364,1.17975461483002,3.552814245224,2.35824728012085,0.0199999995529652,46.5429344177246,0,0,"433077240489998",5,"MBB",0,0,0,0,0
"MBB_BAU",2027,36.3505401611328,19.4502582550049,8.4533634185791,1.38316226005554,4.68446445465088,7.74280071258545,2.8502025604248,0.0199999995529652,61.4845314025879,0,0,"433077240489998",10,"MBB",0,0,0,0,0
"MBB_BAU",2032,40.0308532714844,22.486349105835,9.29342365264893,2.2162594795227,5.2909049987793,10.9540901184082,3.10149097442627,0.0199999995529652,70.9070281982422,0,0,"433077240489998",15,"MBB",0,0,0,0,0
"MBB_BAU",2037,44.3810806274414,26.2699298858643,10.0051259994507,2.70665526390076,4.55528545379639,13.2361421585083,3.30511784553528,0.0199999995529652,78.2094039916992,0,0,"433077240489998",20,"MBB",0,0,0,0,0
"MBB_BAU",2042,47.3770561218262,28.7885398864746,10.5752401351929,3.00026273727417,4.1435399055481,13.9754943847656,3.52498388290405,0.0199999995529652,82.6165771484375,0,0,"433077240489998",25,"MBB",0,0,0,0,0
"MBB_GROW",2017,22.3272285461426,13.195122718811,5.23390960693359,0.372081309556961,1.14554369449615,3.87500047683716,2.90450000762939,0.0199999995529652,35.8782653808594,0,0,"433077240489998",0,"MBB",0,0,0,0,0
"MBB_GROW",2022,29.7603015899658,16.6580753326416,6.6513991355896,0.687834918498993,1.95969653129578,3.552814245224,2.35824728012085,0.0199999995529652,44.9902954101562,0,0,"433077240489998",5,"MBB",0,0,0,0,0
"MBB_GROW",2027,36.1268463134766,19.4773178100586,8.27143383026123,1.03672313690186,2.31060743331909,7.26947784423828,2.70300602912903,0.0199999995529652,57.7380981445312,0,0,"433077240489998",10,"MBB",0,0,0,0,0
"MBB_GROW",2032,40.8983192443848,23.1471519470215,9.23498916625977,1.63548898696899,3.60836744308472,9.26407337188721,3.00061559677124,0.0199999995529652,67.6618499755859,0,0,"433077240489998",15,"MBB",0,0,0,0,0
"MBB_GROW",2037,46.0892715454102,27.5098056793213,10.253680229187,2.03862905502319,3.15762567520142,11.1043491363525,3.22091293334961,0.0199999995529652,75.8844604492188,0,0,"433077240489998",20,"MBB",0,0,0,0,0
"MBB_GROW",2042,51.4165954589844,32.3295593261719,11.1753282546997,2.44389009475708,3.65189170837402,11.6649208068848,3.46366119384766,0.0199999995529652,83.8362884521484,0,0,"433077240489998",25,"MBB",0,0,0,0,0
"MBB_BAU",2018,14.7054615020752,8.25418567657471,3.40482425689697,0.195702522993088,0.30911511182785,2.59499979019165,3.77029943466187,0.0199999995529652,25.0004024505615,0,0,"433077253489998",0,"MBB",0,0,0,0,0
"MBB_BAU",2023,19.6442642211914,10.8125915527344,4.33633375167847,0.177117273211479,0.126562476158142,2.11204719543457,2.78439497947693,0.0199999995529652,29.200719833374,0,0,"433077253489998",5,"MBB",0,0,0,0,0
"MBB_BAU",2028,24.8048858642578,13.4631843566895,5.52744102478027,0.266320824623108,0.574896216392517,3.24707531929016,3.00127649307251,0.0199999995529652,37.44189453125,0,0,"433077253489998",10,"MBB",0,0,0,0,0
"MBB_BAU",2033,30.6888465881348,16.520486831665,6.88398694992065,0.483882784843445,1.24642419815063,4.05994510650635,3.27363061904907,0.0199999995529652,46.6567192077637,0,0,"433077253489998",15,"MBB",0,0,0,0,0
"MBB_BAU",2038,34.4606742858887,18.9360599517822,7.83496189117432,0.945789575576782,2.57816219329834,5.42816400527954,3.5029513835907,0.0199999995529652,54.7707061767578,0,0,"433077253489998",20,"MBB",0,0,0,0,0
"MBB_BAU",2043,37.7683219909668,21.543815612793,8.58584403991699,1.43416059017181,3.02778434753418,7.27522802352905,3.68309092521667,0.0199999995529652,61.7944297790527,0,0,"433077253489998",25,"MBB",0,0,0,0,0
"MBB_GROW",2018,14.7054615020752,8.25418567657471,3.40482425689697,0.195702522993088,0.30911511182785,2.59499979019165,3.77029943466187,0.0199999995529652,25.0004024505615,0,0,"433077253489998",0,"MBB",0,0,0,0,0
"MBB_GROW",2023,12.374195098877,7.23916530609131,2.62205338478088,1.47354304790497,5.2365894317627,2.11204719543457,2.78439497947693,0.0199999995529652,26.62282371521,0,0,"433077253489998",5,"MBB",0,0,0,0,0
"MBB_GROW",2028,14.773286819458,8.4706449508667,3.17285490036011,1.46046137809753,1.90907692909241,5.84940242767334,2.72600722312927,0.0199999995529652,29.9110889434814,0,0,"433077253489998",10,"MBB",0,0,0,0,0
"MBB_GROW",2033,20.480094909668,11.3820304870605,4.42131423950195,1.26243102550507,0.59233570098877,5.9394645690918,2.90694308280945,0.0199999995529652,35.6225852966309,0,0,"433077253489998",15,"MBB",0,0,0,0,0
"MBB_GROW",2038,25.7585601806641,14.1019268035889,5.74225807189941,1.17665410041809,0.820965886116028,5.66456985473633,3.1315176486969,0.0199999995529652,42.3145294189453,0,0,"433077253489998",20,"MBB",0,0,0,0,0
"MBB_GROW",2043,31.5315074920654,17.405855178833,7.07066679000854,1.12741911411285,0.879706263542175,5.96996927261353,3.36459851264954,0.0199999995529652,49.9638671875,0,0,"433077253489998",25,"MBB",0,0,0,0,0
"MBB_BAU",2018,18.1583137512207,11.4045076370239,4.56045007705688,2.13489103317261,8.84337997436523,3.875,2.90449976921082,0.0199999995529652,40.4965324401855,0,0,"433077287489998",0,"MBB",0,0,0,0,0
"MBB_BAU",2023,21.5563812255859,13.3724479675293,5.33378744125366,1.74706125259399,4.85714197158813,6.15011215209961,2.18801975250244,0.0199999995529652,41.8525047302246,0,0,"433077287489998",5,"MBB",0,0,0,0,0
"MBB_BAU",2028,20.5821323394775,12.4510335922241,5.08154964447021,2.68119525909424,1.57903659343719,9.37801361083984,2.44786548614502,0.0199999995529652,41.7697906494141,3.26746702194214,0,"433077287489998",10,"MBB",0.297618989470939,0,0.461853046681944,0,0.759472036152883
"MBB_BAU",2033,21.2566223144531,12.4081439971924,5.30205535888672,2.96507453918457,0.311566591262817,9.11065769195557,2.47149801254272,0.0199999995529652,41.4374771118164,2.06819820404053,0,"433077287489998",15,"MBB",0.206016726697541,0,0.279038185661945,0,0.485054912359486
"MBB_BAU",2038,22.3999900817871,12.683554649353,5.6338939666748,3.09748578071594,0.241620361804962,7.77313804626465,2.56981754302979,0.0199999995529652,41.7359466552734,1.8343141078949,0,"433077287489998",20,"MBB",0.159969075594784,0,0.259002333100246,0,0.41897140869503
"MBB_BAU",2043,25.3900775909424,15.1978559494019,6.39411211013794,2.73163199424744,0.1858951151371,6.30789852142334,2.6470513343811,0.0199999995529652,43.6766700744629,0.551810681819916,0,"433077287489998",25,"MBB",0.0377679756430488,0,0.0847354854642674,0,0.122503461107316
"MBB_GROW",2018,18.1583137512207,11.4045076370239,4.56045007705688,2.13489103317261,8.84337997436523,3.875,2.90449976921082,0.0199999995529652,40.4965324401855,0,0,"433077287489998",0,"MBB",0,0,0,0,0
"MBB_GROW",2023,21.5563812255859,13.3724479675293,5.33378744125366,1.74706125259399,4.85714197158813,6.15011215209961,2.18801975250244,0.0199999995529652,41.8525047302246,0,0,"433077287489998",5,"MBB",0,0,0,0,0
"MBB_GROW",2028,25.4751930236816,15.7185001373291,6.32205677032471,1.44068837165833,1.57903659343719,7.90459728240967,2.35151529312134,0.0199999995529652,45.093090057373,0,0,"433077287489998",10,"MBB",0,0,0,0,0
"MBB_GROW",2033,29.8397750854492,18.1658782958984,7.45655012130737,1.17690539360046,0.244837939739227,7.44025325775146,2.55555009841919,0.0199999995529652,48.7338752746582,0,0,"433077287489998",15,"MBB",0,0,0,0,0
"MBB_GROW",2038,33.4959411621094,20.287088394165,8.40389633178711,1.05697858333588,0.541696846485138,6.36995315551758,2.774747133255,0.0199999995529652,52.663215637207,0,0,"433077287489998",20,"MBB",0,0,0,0,0
"MBB_GROW",2043,37.5822525024414,23.124153137207,9.3017988204956,0.957194030284882,0.53783243894577,6.04622268676758,2.97314691543579,0.0199999995529652,57.4184532165527,0,0,"433077287489998",25,"MBB",0,0,0,0,0
"MBB_BAU",2017,32.7440299987793,21.3323936462402,7.10596370697021,1.56230294704437,0.550777614116669,5.49660539627075,3.00861215591431,0.0199999995529652,50.4882926940918,4.43920373916626,0,"433077373489998",0,"MBB",0.42146858593439,0,0.538098756053408,0,0.959567341987798
"MBB_BAU",2022,38.815055847168,24.7980136871338,7.63610887527466,1.69617116451263,0.783985018730164,4.71632289886475,2.64742422103882,0.0199999995529652,56.3150672912598,1.01897323131561,0,"433077373489998",5,"MBB",0.0863119188151913,0,0.130588088429281,0,0.216900007244472
"MBB_BAU",2027,39.1549072265625,25.1619625091553,7.84895849227905,2.28875350952148,5.46637439727783,8.36708068847656,3.01684546470642,0.0199999995529652,66.1629180908203,0,0,"433077373489998",10,"MBB",0,0,0,0,0
"MBB_BAU",2032,39.2670555114746,24.6430244445801,8.14104461669922,2.84495186805725,6.28314971923828,10.7301082611084,3.21712422370911,0.0199999995529652,70.5034332275391,0,0,"433077373489998",15,"MBB",0,0,0,0,0
"MBB_BAU",2037,40.1927642822266,25.1876487731934,8.50471782684326,2.98149704933167,4.21674394607544,12.4804029464722,3.26181197166443,0.0199999995529652,71.6579360961914,0,0,"433077373489998",20,"MBB",0,0,0,0,0
"MBB_BAU",2042,41.5839500427246,26.160041809082,8.95309066772461,2.97282981872559,3.22474479675293,12.2347774505615,3.40241026878357,0.0199999995529652,72.3918075561523,0,0,"433077373489998",25,"MBB",0,0,0,0,0
"MBB_GROW",2017,38.9455375671387,25.771598815918,8.43685150146484,0.231416672468185,0.550777614116669,3.87500047683716,2.90450024604797,0.0199999995529652,54.9640808105469,0,0,"433077373489998",0,"MBB",0,0,0,0,0
"MBB_GROW",2022,44.1582946777344,29.2416858673096,9.01565074920654,0.487407326698303,1.64552962779999,3.39620780944824,2.77917790412903,0.0199999995529652,61.502269744873,0,0,"433077373489998",5,"MBB",0,0,0,0,0
"MBB_GROW",2027,45.931022644043,30.3180961608887,9.46925830841064,1.02941298484802,3.64855527877808,6.51731538772583,3.0651478767395,0.0199999995529652,69.6807098388672,0,0,"433077373489998",10,"MBB",0,0,0,0,0
"MBB_GROW",2032,45.8383255004883,30.2416458129883,9.63368797302246,1.80568110942841,5.74082469940186,8.36877822875977,3.30994057655334,0.0199999995529652,74.7172393798828,0,0,"433077373489998",15,"MBB",0,0,0,0,0
"MBB_GROW",2037,47.5161056518555,31.5476322174072,10.0833072662354,2.01183485984802,3.63461852073669,10.3745059967041,3.36342477798462,0.0199999995529652,77.003791809082,0,0,"433077373489998",20,"MBB",0,0,0,0,0
"MBB_GROW",2042,49.0165367126465,32.749137878418,10.4781427383423,2.11751365661621,2.98073959350586,10.2769107818604,3.52079296112061,0.0199999995529652,78.4106292724609,0,0,"433077373489998",25,"MBB",0,0,0,0,0
"MBB_BAU",2017,26.9619464874268,18.9823036193848,5.53446483612061,2.71475553512573,1.21492600440979,6.8976993560791,3.09444808959961,0.0199999995529652,46.4382438659668,8.36651420593262,0,"433077376489998",0,"MBB",1.09414309784648,0,0.88849857705051,0,1.98264167489699
"MBB_BAU",2022,30.9327964782715,21.4978218078613,6.10427856445312,2.22542595863342,0.501429617404938,5.4778356552124,2.31437659263611,0.0199999995529652,47.5761451721191,0,0,"433077376489998",5,"MBB",0,0,0,0,0
"MBB_BAU",2027,32.7376174926758,21.7673854827881,6.45349979400635,2.53566980361938,1.18255054950714,6.60095596313477,2.58919835090637,0.0199999995529652,52.1194953918457,1.90599310398102,0,"433077376489998",10,"MBB",0.209057863639703,0,0.227364308504318,0,0.43642217214402
"MBB_BAU",2032,37.3803901672363,23.4496955871582,7.56421279907227,2.33432579040527,1.84907054901123,6.48898553848267,2.74366497993469,0.0199999995529652,58.3806533813477,0,0,"433077376489998",15,"MBB",0,0,0,0,0
"MBB_BAU",2037,38.9890975952148,24.0316181182861,8.10699653625488,2.500333070755,3.35440301895142,7.52464389801025,2.98497343063354,0.0199999995529652,63.4804458618164,0,0,"433077376489998",20,"MBB",0,0,0,0,0
"MBB_BAU",2042,40.2796363830566,24.5873546600342,8.5919942855835,2.80868911743164,4.08600425720215,8.92530822753906,3.1444206237793,0.0199999995529652,67.8560485839844,0,0,"433077376489998",25,"MBB",0,0,0,0,0
"MBB_GROW",2017,38.6078453063965,27.3488178253174,7.93775415420532,0.311466485261917,1.21492600440979,3.87500047683716,2.90450024604797,0.0199999995529652,54.8714942932129,0,0,"433077376489998",0,"MBB",0,0,0,0,0
"MBB_GROW",2022,42.1360321044922,29.7753429412842,8.51104164123535,0.364345163106918,0.91232967376709,3.71223521232605,2.59716701507568,0.0199999995529652,58.2531509399414,0,0,"433077376489998",5,"MBB",0,0,0,0,0
"MBB_GROW",2027,45.6684722900391,31.8224639892578,9.26853370666504,0.590437829494476,1.70048999786377,4.55989742279053,2.78700971603394,0.0199999995529652,64.594841003418,0,0,"433077376489998",10,"MBB",0,0,0,0,0
"MBB_GROW",2032,49.925895690918,34.2009124755859,10.2393341064453,0.75559675693512,1.8532018661499,5.2133264541626,2.98918962478638,0.0199999995529652,70.9965438842773,0,0,"433077376489998",15,"MBB",0,0,0,0,0
"MBB_GROW",2037,54.1417846679688,36.8300247192383,11.2380657196045,0.810129463672638,1.39326536655426,6.20003795623779,3.21283030509949,0.0199999995529652,77.0161056518555,0,0,"433077376489998",20,"MBB",0,0,0,0,0
"MBB_GROW",2042,54.6164855957031,37.4165115356445,11.4464149475098,1.44188618659973,3.99078392982483,6.64922523498535,3.44880676269531,0.0199999995529652,81.6135940551758,0,0,"433077376489998",25,"MBB",0,0,0,0,0
"MBB_BAU",2017,35.6996650695801,25.083251953125,8.13251686096191,3.88315677642822,0.0216017235070467,6.84169769287109,4.06267690658569,0.0199999995529652,58.6613159179688,12.2529153823853,0,"433077383489998",0,"MBB",0.742808328958151,0,1.83030351026961,0,2.57311183922776
"MBB_BAU",2022,31.6470432281494,21.7360973358154,6.91037321090698,5.39983510971069,0.0628960058093071,7.13950252532959,3.46301579475403,0.0199999995529652,54.6426658630371,7.3402795791626,0,"433077383489998",5,"MBB",0.380343732043859,0,1.14019385981306,0,1.52053759185692
"MBB_BAU",2027,35.5718688964844,23.4736175537109,7.790846824646,4.75061416625977,0.521457314491272,6.9056396484375,3.37177872657776,0.0199999995529652,58.9322090148926,1.00877296924591,0,"433077383489998",10,"MBB",0.0491977454073914,0,0.158810527297483,0,0.208008272704874
"MBB_BAU",2032,41.0500335693359,25.9681606292725,9.15080451965332,3.97018909454346,0.82543820142746,6.11286354064941,3.59079313278198,0.0199999995529652,64.7201232910156,0,0,"433077383489998",15,"MBB",0,0,0,0,0
"MBB_BAU",2037,43.5938873291016,27.4012203216553,9.91261005401611,3.80589628219604,2.7986786365509,6.35317754745483,3.86467671394348,0.0199999995529652,70.3489151000977,0,0,"433077383489998",20,"MBB",0,0,0,0,0
"MBB_BAU",2042,46.1610336303711,29.3092212677002,10.5086288452148,3.71620678901672,3.09162902832031,7.46270036697388,4.04156827926636,0.0199999995529652,75.0017623901367,0,0,"433077383489998",25,"MBB",0,0,0,0,0
"MBB_GROW",2017,52.5943870544434,37.3361587524414,11.95924949646,0.0564230531454086,0.0216017235070467,2.59500026702881,3.7703001499176,0.0199999995529652,71.0169525146484,0,0,"433077383489998",0,"MBB",0,0,0,0,0
"MBB_GROW",2022,27.117244720459,18.2883930206299,5.75792980194092,6.71175146102905,28.9478492736816,2.25199675559998,3.72777223587036,0.0199999995529652,74.5345458984375,0,0,"433077383489998",5,"MBB",0,0,0,0,0
"MBB_GROW",2027,26.4556999206543,16.7580547332764,5.54697942733765,6.56052732467651,16.2553997039795,16.6222076416016,3.23651766777039,0.0199999995529652,74.6973266601562,0,0,"433077383489998",10,"MBB",0,0,0,0,0
"MBB_GROW",2032,29.2344779968262,17.5404624938965,6.2158637046814,5.60008811950684,5.48041868209839,21.720085144043,3.40791273117065,0.0199999995529652,71.678840637207,0,0,"433077383489998",15,"MBB",0,0,0,0,0
"MBB_GROW",2037,32.6482124328613,18.9228286743164,7.0394868850708,4.66775846481323,1.60763418674469,19.628662109375,3.66143107414246,0.0199999995529652,69.2731781005859,0,0,"433077383489998",20,"MBB",0,0,0,0,0
"MBB_GROW",2042,35.531494140625,20.4910221099854,7.73997020721436,3.97124862670898,1.11579549312592,16.1851749420166,3.91793727874756,0.0199999995529652,68.4816131591797,0,0,"433077383489998",25,"MBB",0,0,0,0,0
"MBB_BAU",2017,26.9236030578613,17.3687133789062,5.95083284378052,2.46502804756165,2.52982974052429,4.79736804962158,1.58341431617737,0.0199999995529652,44.270076751709,4.99249792098999,0,"433077406489998",0,"MBB",0.78439907172005,0,0.467375949319195,0,1.25177502103924
"MBB_BAU",2022,30.0397758483887,18.9130725860596,6.28147125244141,2.88709115982056,1.76642894744873,5.60350894927979,1.54017210006714,0.0199999995529652,48.1384506225586,2.20174598693848,0,"433077406489998",5,"MBB",0.347970342826374,0,0.203216637443738,0,0.551186980270111
"MBB_BAU",2027,36.0787467956543,22.4801597595215,7.58709096908569,2.65787696838379,1.90145123004913,8.27128219604492,1.748539686203,0.0199999995529652,58.2649841308594,0,0,"433077406489998",10,"MBB",0,0,0,0,0
"MBB_BAU",2032,37.7468109130859,23.0954875946045,8.22432613372803,3.27893280982971,6.03645515441895,8.97056579589844,2.11326503753662,0.0199999995529652,66.3903579711914,0,0,"433077406489998",15,"MBB",0,0,0,0,0
"MBB_BAU",2037,39.3064041137695,23.9249935150146,8.77708339691162,3.60952830314636,5.54853057861328,11.7883968353271,2.26022219657898,0.0199999995529652,71.3101654052734,0,0,"433077406489998",20,"MBB",0,0,0,0,0
"MBB_BAU",2042,39.2750625610352,23.4610233306885,9.06070804595947,4.20614671707153,4.99814414978027,13.6163215637207,2.47941255569458,0.0199999995529652,73.6557998657227,1.20077550411224,0,"433077406489998",25,"MBB",0.109512271630915,0.000195598239532302,0.162015996446529,0,0.271723866316977
"MBB_GROW",2017,34.1682167053223,22.3612098693848,7.56561470031738,0.850246369838715,2.52982974052429,2.72000026702881,1.45410001277924,0.0199999995529652,49.3080139160156,0,0,"433077406489998",0,"MBB",0,0,0,0,0
"MBB_GROW",2022,37.8863525390625,25.0617618560791,8.18650436401367,1.24925851821899,3.37759757041931,3.53301906585693,1.675865650177,0.0199999995529652,55.9286003112793,0,0,"433077406489998",5,"MBB",0,0,0,0,0
"MBB_GROW",2027,42.5248146057129,27.7714214324951,9.3255090713501,1.31831204891205,1.86875033378601,7.23990058898926,1.91475462913513,0.0199999995529652,64.212043762207,0,0,"433077406489998",10,"MBB",0,0,0,0,0
"MBB_GROW",2032,43.6577377319336,28.2045459747314,9.82440376281738,2.10833597183228,5.34058952331543,7.83785915374756,2.22000813484192,0.0199999995529652,71.0089340209961,0,0,"433077406489998",15,"MBB",0,0,0,0,0
"MBB_GROW",2037,46.4354209899902,29.9301605224609,10.6543035507202,2.44629764556885,4.52059888839722,10.2184543609619,2.37680912017822,0.0199999995529652,76.6718826293945,0,0,"433077406489998",20,"MBB",0,0,0,0,0
"MBB_GROW",2042,47.9384002685547,30.9110260009766,11.2638940811157,2.89455676078796,4.94675445556641,11.3308181762695,2.60911273956299,0.0199999995529652,81.003532409668,0,0,"433077406489998",25,"MBB",0,0,0,0,0
"MBB_BAU",2017,24.9659042358398,16.8388385772705,5.32663488388062,0.272585332393646,1.17528605461121,3.87500047683716,2.90449976921082,0.0199999995529652,38.5399131774902,0,0,"433077581489998",0,"MBB",0,0,0,0,0
"MBB_BAU",2022,25.4465141296387,16.2958297729492,5.28854370117188,1.35316598415375,0.304394364356995,4.97548294067383,2.37536406517029,0.0199999995529652,39.7634620666504,3.77686047554016,0,"433077581489998",5,"MBB",0.396036200426637,0,0.45141356880833,0,0.847449769234967
"MBB_BAU",2027,31.9381275177002,19.373363494873,6.94351673126221,1.21209323406219,0.676318168640137,5.4002685546875,2.43886590003967,0.0199999995529652,48.6291923522949,0,0,"433077581489998",10,"MBB",0,0,0,0,0
"MBB_BAU",2032,37.2382698059082,22.2909965515137,8.25493907928467,1.11770880222321,0.710015535354614,5.88190174102783,2.76670718193054,0.0199999995529652,55.9895439147949,0,0,"433077581489998",15,"MBB",0,0,0,0,0
"MBB_BAU",2037,40.4962158203125,24.6156673431396,9.08654022216797,1.47353994846344,2.39738297462463,6.30019283294678,3.02377128601074,0.0199999995529652,62.7976493835449,0,0,"433077581489998",20,"MBB",0,0,0,0,0
"MBB_BAU",2042,42.879280090332,26.8300228118896,9.72103786468506,1.7580646276474,2.44760298728943,7.56130647659302,3.20549154281616,0.0199999995529652,67.5927810668945,0,0,"433077581489998",25,"MBB",0,0,0,0,0
"MBB_GROW",2017,24.9659042358398,16.8388385772705,5.32663488388062,0.272585332393646,1.17528605461121,3.87500047683716,2.90449976921082,0.0199999995529652,38.5399131774902,0,0,"433077581489998",0,"MBB",0,0,0,0,0
"MBB_GROW",2022,27.395092010498,17.9718112945557,5.77640962600708,0.675510883331299,2.54726052284241,3.57855916023254,2.28690910339355,0.0199999995529652,42.2797393798828,0,0,"433077581489998",5,"MBB",0,0,0,0,0
"MBB_GROW",2027,32.7674560546875,21.4940032958984,6.96365690231323,0.591459095478058,0.927339315414429,5.27471923828125,2.44291043281555,0.0199999995529652,48.9875373840332,0,0,"433077581489998",10,"MBB",0,0,0,0,0
"MBB_GROW",2032,38.0885887145996,24.8279323577881,8.17045402526855,0.648119151592255,0.982724905014038,5.52252388000488,2.70021414756775,0.0199999995529652,56.132625579834,0,0,"433077581489998",15,"MBB",0,0,0,0,0
"MBB_GROW",2037,43.6604995727539,28.3784713745117,9.47265338897705,0.648078799247742,0.761021256446838,6.02780437469482,2.92579221725464,0.0199999995529652,63.5158500671387,0,0,"433077581489998",20,"MBB",0,0,0,0,0
"MBB_GROW",2042,48.4198455810547,31.5212955474854,10.5957889556885,0.657469749450684,0.722109913825989,6.51638126373291,3.17943024635315,0.0199999995529652,70.1110229492188,0,0,"433077581489998",25,"MBB",0,0,0,0,0
"MBB_BAU",2017,26.3405361175537,17.7003479003906,6.50311279296875,0.525230467319489,2.02280879020691,3.875,2.90450024604797,0.0199999995529652,42.1911888122559,0,0,"433077630489998",0,"MBB",0,0,0,0,0
"MBB_BAU",2022,22.1510677337646,14.6816959381104,5.43106412887573,2.51728963851929,0.503086626529694,6.64113712310791,2.54159688949585,0.0199999995529652,39.8052406311035,5.56644010543823,0,"433077630489998",5,"MBB",0.405400316981917,0,0.813531627924668,0,1.21893194490659
"MBB_BAU",2027,25.0416145324707,16.5960655212402,6.13430690765381,2.1018488407135,0.421380043029785,5.25144147872925,2.33200001716614,0.0199999995529652,41.3025932312012,0,0,"433077630489998",10,"MBB",0,0,0,0,0
"MBB_BAU",2032,21.2605895996094,13.712869644165,5.25143384933472,3.55540680885315,0.436503231525421,6.27941799163818,2.60934948921204,0.0199999995529652,39.4127006530762,5.07350730895996,0,"433077630489998",15,"MBB",0.342964140746447,0,0.753330437925657,0,1.0962945786721
"MBB_BAU",2037,24.5633296966553,16.0453968048096,5.99423027038574,2.93418884277344,0.40080851316452,4.86029434204102,2.44015765190125,0.0199999995529652,41.2130126953125,0,0,"433077630489998",20,"MBB",0,0,0,0,0
"MBB_BAU",2042,28.2307624816895,18.8328952789307,6.74532985687256,2.44143080711365,0.415111511945724,3.96561121940613,2.58206748962402,0.0199999995529652,44.4003105163574,0,0,"433077630489998",25,"MBB",0,0,0,0,0
"MBB_GROW",2017,26.3405361175537,17.7003479003906,6.50311279296875,0.525230467319489,2.02280879020691,3.875,2.90450024604797,0.0199999995529652,42.1911888122559,0,0,"433077630489998",0,"MBB",0,0,0,0,0
"MBB_GROW",2022,25.9413776397705,17.1796569824219,6.54644203186035,1.29421067237854,4.22041082382202,4.38361310958862,2.38915276527405,0.0199999995529652,44.7952079772949,0,0,"433077630489998",5,"MBB",0,0,0,0,0
"MBB_GROW",2027,29.2442321777344,19.3702068328857,7.36419153213501,1.1212854385376,1.53038358688354,5.76126432418823,2.45900321006775,0.0199999995529652,47.5003623962402,0,0,"433077630489998",10,"MBB",0,0,0,0,0
"MBB_GROW",2032,32.784538269043,21.6142597198486,8.26595878601074,0.994966089725494,0.556960165500641,5.5100679397583,2.6282958984375,0.0199999995529652,50.7607879638672,0,0,"433077630489998",15,"MBB",0,0,0,0,0
"MBB_GROW",2037,37.1309432983398,24.753381729126,9.22729110717773,0.908522367477417,0.556925773620605,4.75195598602295,2.8123950958252,0.0199999995529652,55.4080390930176,0,0,"433077630489998",20,"MBB",0,0,0,0,0
"MBB_GROW",2042,41.2090911865234,27.8235263824463,10.1154737472534,0.855626106262207,0.652661859989166,4.36935663223267,3.00316786766052,0.0199999995529652,60.2253761291504,0,0,"433077630489998",25,"MBB",0,0,0,0,0
"MBB_BAU",2017,34.3400955200195,24.0557689666748,7.60639715194702,3.86946845054626,1.25689578056335,7.67207050323486,3.16290664672852,0.0199999995529652,57.9278335571289,11.3885707855225,0,"433077683489998",0,"MBB",0.52232101113901,0,1.90806464979479,0,2.4303856609338
"MBB_BAU",2022,33.1412200927734,22.2264080047607,7.10770320892334,5.05725908279419,0.76056569814682,8.10995292663574,2.72251439094543,0.0199999995529652,56.9192199707031,6.1806788444519,0,"433077683489998",5,"MBB",0.272350167704658,0,1.04274162405167,0,1.31509179175633
"MBB_BAU",2027,39.8589019775391,25.5852661132812,8.61541557312012,4.42666149139404,1.89375615119934,8.8848934173584,2.7767345905304,0.0199999995529652,66.4763641357422,0,0,"433077683489998",10,"MBB",0,0,0,0,0
"MBB_BAU",2032,42.6763000488281,26.7622051239014,9.40853977203369,4.60375356674194,5.53523826599121,9.29176712036133,3.16027569770813,0.0199999995529652,74.6958770751953,0,0,"433077683489998",15,"MBB",0,0,0,0,0
"MBB_BAU",2037,43.7996520996094,27.3236503601074,9.92776107788086,4.55945110321045,4.79911375045776,12.0344905853271,3.3331310749054,0.0199999995529652,78.4735946655273,0,0,"433077683489998",20,"MBB",0,0,0,0,0
"MBB_BAU",2042,45.4436454772949,28.1788425445557,10.5240650177002,4.45009708404541,4.11166572570801,12.8384313583374,3.51551103591919,0.0199999995529652,80.9034118652344,0,0,"433077683489998",25,"MBB",0,0,0,0,0
"MBB_GROW",2017,49.8749465942383,35.4443435668945,11.0146083831787,0.461258888244629,1.25689578056335,3.87500047683716,2.90450024604797,0.0199999995529652,69.4072113037109,0,0,"433077683489998",0,"MBB",0,0,0,0,0
"MBB_GROW",2022,53.1180953979492,37.2225036621094,11.7254629135132,1.25062549114227,4.91934776306152,3.83023357391357,2.96986246109009,0.0199999995529652,77.833625793457,0,0,"433077683489998",5,"MBB",0,0,0,0,0
"MBB_GROW",2027,56.9222717285156,39.1834526062012,12.6237468719482,1.6905791759491,4.71289396286011,7.80008363723755,3.25146126747131,0.0199999995529652,87.0210418701172,0,0,"433077683489998",10,"MBB",0,0,0,0,0
"MBB_GROW",2032,57.7273826599121,39.6775550842285,12.9127473831177,2.63349771499634,6.96193313598633,10.1224269866943,3.53177857398987,0.0199999995529652,93.9097671508789,0,0,"433077683489998",15,"MBB",0,0,0,0,0
"MBB_GROW",2037,58.8856925964355,40.8576622009277,13.4042272567749,3.24858212471008,6.69825839996338,12.7736206054688,3.68640780448914,0.0199999995529652,98.7167816162109,0,0,"433077683489998",20,"MBB",0,0,0,0,0
"MBB_GROW",2042,59.770866394043,41.693675994873,13.7452621459961,3.43180370330811,5.16428565979004,13.5476570129395,3.8853702545166,0.0199999995529652,99.5652389526367,0,0,"433077683489998",25,"MBB",0,0,0,0,0
"MBB_BAU",2017,21.9282150268555,15.5615854263306,4.89500665664673,2.65083336830139,0.240000009536743,5.56788349151611,4.38113975524902,0.0199999995529652,39.6830787658691,8.39077377319336,0,"433077715489998",0,"MBB",0.530508570624157,0,1.56488769816113,0,2.09539626878528
"MBB_BAU",2022,25.5339107513428,17.8361873626709,5.6759033203125,2.18262815475464,0.240484654903412,4.0524787902832,2.67560172080994,0.0199999995529652,40.3810081481934,0,0,"433077715489998",5,"MBB",0,0,0,0,0
"MBB_BAU",2027,23.1385440826416,15.5222482681274,5.16707134246826,3.22009801864624,0.344747573137283,5.48780059814453,2.96680521965027,0.0199999995529652,40.3450622558594,4.46328353881836,0,"433077715489998",10,"MBB",0.250991581608486,0,0.861043161615302,0,1.11203474322379
"MBB_BAU",2032,25.6230411529541,16.1929550170898,5.86361980438232,2.93167853355408,0.348475933074951,4.95421981811523,2.92483019828796,0.0199999995529652,42.6658668518066,0.891795694828033,0,"433077715489998",15,"MBB",0.0426129525798866,0,0.177754708669655,0,0.220367661249541
"MBB_BAU",2037,29.4485988616943,17.9013595581055,6.94902515411377,2.39681506156921,0.233813345432281,4.60174083709717,3.06603193283081,0.0199999995529652,46.7160301208496,0,0,"433077715489998",20,"MBB",0,0,0,0,0
"MBB_BAU",2042,32.6852226257324,19.143030166626,7.93534803390503,2.1263222694397,0.884297609329224,4.51554489135742,3.27891302108765,0.0199999995529652,51.4456481933594,0,0,"433077715489998",25,"MBB",0,0,0,0,0
"MBB_GROW",2017,33.540885925293,23.9523582458496,7.48554563522339,0.0602939873933792,0.240000009536743,2.61453604698181,4.18241310119629,0.0199999995529652,48.1436805725098,0,0,"433077715489998",0,"MBB",0,0,0,0,0
"MBB_GROW",2022,35.5729141235352,25.0530204772949,8.04420375823975,0.552392721176147,2.61323952674866,2.34107398986816,2.97238707542419,0.0199999995529652,52.1162109375,0,0,"433077715489998",5,"MBB",0,0,0,0,0
"MBB_GROW",2027,38.8906326293945,26.9975852966309,8.85968589782715,0.601306140422821,1.52504920959473,4.23351955413818,3.13362812995911,0.0199999995529652,57.2638244628906,0,0,"433077715489998",10,"MBB",0,0,0,0,0
"MBB_GROW",2032,42.404224395752,28.8002681732178,9.78830051422119,0.613819718360901,0.899645805358887,4.83801889419556,3.33136200904846,0.0199999995529652,61.8953742980957,0,0,"433077715489998",15,"MBB",0,0,0,0,0
"MBB_GROW",2037,45.8727951049805,30.6829719543457,10.7914800643921,0.710033595561981,1.18174362182617,5.16687536239624,3.53945183753967,0.0199999995529652,67.2823791503906,0,0,"433077715489998",20,"MBB",0,0,0,0,0
"MBB_GROW",2042,48.5458564758301,32.0830917358398,11.5837507247925,0.811760783195496,1.35197949409485,5.6532096862793,3.76058578491211,0.0199999995529652,71.7271423339844,0,0,"433077715489998",25,"MBB",0,0,0,0,0
"MBB_BAU",2018,23.4603614807129,16.4501724243164,5.14055967330933,2.39084029197693,0.42100402712822,6.35876178741455,3.06926798820496,0.0199999995529652,40.8607940673828,7.05253505706787,0,"473337993489998",0,"MBB",0.255507173113928,0,1.21039151063314,0,1.46589868374706
"MBB_BAU",2023,28.813455581665,19.0121173858643,5.83412742614746,2.58566188812256,0.165576905012131,5.40812969207764,2.30220937728882,0.0199999995529652,45.1291618347168,2.11729192733765,0,"473337993489998",5,"MBB",0.0820530375962987,0,0.359047034589777,0,0.441100072186076
"MBB_BAU",2028,35.0846481323242,21.3778495788574,7.5426754951477,2.47742509841919,2.10307717323303,8.02127647399902,2.66457486152649,0.0199999995529652,57.9136772155762,0,0,"473337993489998",10,"MBB",0,0,0,0,0
"MBB_BAU",2033,38.9128036499023,22.7196655273438,8.74130344390869,2.8195788860321,4.06876564025879,9.15426826477051,3.00850868225098,0.0199999995529652,66.7252197265625,0,0,"473337993489998",15,"MBB",0,0,0,0,0
"MBB_BAU",2038,41.4835014343262,23.8350791931152,9.59299659729004,3.1754674911499,4.07412004470825,11.4236497879028,3.22773289680481,0.0199999995529652,72.9974670410156,0,0,"473337993489998",20,"MBB",0,0,0,0,0
"MBB_BAU",2043,44.0692481994629,25.3931274414062,10.1858243942261,3.25053787231445,3.0633053779602,12.3816833496094,3.4452178478241,0.0199999995529652,76.4158172607422,0,0,"473337993489998",25,"MBB",0,0,0,0,0
"MBB_GROW",2018,33.2193222045898,23.5027084350586,7.30059719085693,0.230803415179253,0.42100402712822,3.87500047683716,2.90450024604797,0.0199999995529652,47.9712295532227,0,0,"473337993489998",0,"MBB",0,0,0,0,0
"MBB_GROW",2023,41.3110237121582,28.2900104522705,8.65316963195801,0.308563321828842,0.663782119750977,3.19316864013672,2.49991250038147,0.0199999995529652,56.6496200561523,0,0,"473337993489998",5,"MBB",0,0,0,0,0
"MBB_GROW",2028,46.9705924987793,30.7282314300537,10.183159828186,0.775633692741394,2.8102445602417,6.57626104354858,2.95658779144287,0.0199999995529652,70.29248046875,0,0,"473337993489998",10,"MBB",0,0,0,0,0
"MBB_GROW",2033,50.148063659668,32.1403465270996,11.1780872344971,1.54094219207764,4.74115657806396,8.56093311309814,3.27480459213257,0.0199999995529652,79.463981628418,0,0,"473337993489998",15,"MBB",0,0,0,0,0
"MBB_GROW",2038,52.7249641418457,33.6625938415527,11.9623689651489,2.09503746032715,4.26789665222168,11.1414728164673,3.48246932029724,0.0199999995529652,85.694206237793,0,0,"473337993489998",20,"MBB",0,0,0,0,0
"MBB_GROW",2043,55.2480506896973,35.5047645568848,12.570915222168,2.34314656257629,3.26610016822815,12.1374292373657,3.70756030082703,0.0199999995529652,89.2931976318359,0,0,"473337993489998",25,"MBB",0,0,0,0,0
"MBB_BAU",2018,35.4524421691895,25.4557819366455,7.46722269058228,4.70590591430664,3.44958662986755,8.35670948028564,3.20379567146301,0.0199999995529652,62.6556625366211,13.3013591766357,0,"473338299489998",0,"MBB",1.17777497927628,0,2.20152032256547,0,3.37929530184176
"MBB_BAU",2023,44.2881698608398,28.4614887237549,8.56486892700195,4.98123645782471,6.15096044540405,7.63455486297607,2.64339995384216,0.0199999995529652,74.2831878662109,0.826695919036865,0,"473338299489998",5,"MBB",0.0552030356450145,0,0.147872830962545,0,0.20307586660756
"MBB_BAU",2028,41.1609573364258,25.862325668335,8.54997730255127,6.17056703567505,13.256010055542,15.9020862579346,3.34132742881775,0.0199999995529652,88.4009170532227,0,0,"473338299489998",10,"MBB",0,0,0,0,0
"MBB_BAU",2033,40.8553085327148,25.0941944122314,8.82065200805664,6.4313063621521,9.70341968536377,20.2428512573242,3.3556170463562,0.0199999995529652,89.4291458129883,0,0,"473338299489998",15,"MBB",0,0,0,0,0
"MBB_BAU",2038,42.2119140625,25.6410713195801,9.40246772766113,6.19992780685425,6.40700054168701,20.916955947876,3.51384234428406,0.0199999995529652,88.6721038818359,0,0,"473338299489998",20,"MBB",0,0,0,0,0
"MBB_BAU",2043,44.1236152648926,26.694408416748,9.93931674957275,5.72699451446533,4.38919830322266,19.0679588317871,3.75084710121155,0.0199999995529652,87.0179290771484,0,0,"473338299489998",25,"MBB",0,0,0,0,0
"MBB_GROW",2018,53.6399574279785,38.757137298584,11.3561267852783,0.816998898983002,3.44958662986755,3.87500047683716,2.90450024604797,0.0199999995529652,76.0621719360352,0,0,"473338299489998",0,"MBB",0,0,0,0,0
"MBB_GROW",2023,56.6878089904785,38.6330909729004,11.4757299423218,2.64022898674011,11.2272386550903,4.77290773391724,3.07184624671936,0.0199999995529652,89.8957595825195,0,0,"473338299489998",5,"MBB",0,0,0,0,0
"MBB_GROW",2028,53.0503120422363,35.493709564209,11.1946859359741,4.59700441360474,15.9689598083496,14.8999490737915,3.52290725708008,0.0199999995529652,103.253814697266,0,0,"473338299489998",10,"MBB",0,0,0,0,0
"MBB_GROW",2033,52.2365264892578,34.5503959655762,11.2568922042847,5.3301215171814,11.7580547332764,21.0429725646973,3.59635543823242,0.0199999995529652,105.240928649902,0,0,"473338299489998",15,"MBB",0,0,0,0,0
"MBB_GROW",2038,52.4687538146973,34.4164772033691,11.5229930877686,5.48635387420654,8.27401065826416,22.569429397583,3.77436375617981,0.0199999995529652,104.11589050293,0,0,"473338299489998",20,"MBB",0,0,0,0,0
"MBB_GROW",2043,53.6682815551758,35.2526893615723,12.0412034988403,5.45412874221802,6.70248126983643,21.0573425292969,4.00335788726807,0.0199999995529652,102.946800231934,0,0,"473338299489998",25,"MBB",0,0,0,0,0
"MBB_BAU",2018,22.0437812805176,16.0249538421631,4.70676851272583,4.04702234268188,6.47411203384399,7.08423328399658,3.11828565597534,0.560000002384186,48.0342063903809,9.49027252197266,0,"480976106489998",0,"MBB",0.715677354565531,0,1.49862778333195,0,2.21430513789748
"MBB_BAU",2023,24.5949020385742,17.9422760009766,5.31879472732544,3.34182333946228,4.0347261428833,7.14898109436035,2.16912150382996,0.699999988079071,47.308349609375,0,0,"480976106489998",5,"MBB",0,0,0,0,0
"MBB_BAU",2028,26.8963375091553,19.6614208221436,5.83759355545044,2.74377274513245,1.43081665039062,7.24459552764893,2.30219888687134,0.939999997615814,47.3953170776367,0,0,"480976106489998",10,"MBB",0,0,0,0,0
"MBB_BAU",2033,29.7078762054443,21.7369499206543,6.51293992996216,2.27184271812439,0.586971402168274,5.9925365447998,2.4305362701416,1.28000009059906,48.7826995849609,0,0,"480976106489998",15,"MBB",0,0,0,0,0
"MBB_BAU",2038,20.0960083007812,14.6825847625732,4.46435022354126,4.79151630401611,0.587960362434387,7.74397468566895,2.78687596321106,1.28000009059906,41.7506866455078,9.53719139099121,0,"480976106489998",20,"MBB",0.409792598542846,0,1.69308419095774,0,2.10287678950058
"MBB_BAU",2043,22.0262966156006,16.0868892669678,4.9478759765625,3.9046995639801,0.407936722040176,5.59327220916748,2.3975887298584,1.28000009059906,40.5576705932617,0,0,"480976106489998",25,"MBB",0,0,0,0,0
"MBB_GROW",2018,35.0321846008301,25.5152244567871,7.49684906005859,1.2569420337677,6.47411203384399,3.87499976158142,2.90449976921082,0.560000002384186,57.5995903015137,0,0,"480976106489998",0,"MBB",0,0,0,0,0
"MBB_GROW",2023,36.1460227966309,26.3587055206299,7.89697504043579,1.52418684959412,6.41297483444214,5.26371097564697,2.4885995388031,0.699999988079071,60.4324684143066,0,0,"480976106489998",5,"MBB",0,0,0,0,0
"MBB_GROW",2028,38.7002334594727,28.2876319885254,8.50306606292725,1.37441349029541,2.47072696685791,7.74019622802734,2.61152338981628,0.939999997615814,62.3401565551758,0,0,"480976106489998",10,"MBB",0,0,0,0,0
"MBB_GROW",2033,41.3931617736816,30.3284206390381,9.16092586517334,1.26568686962128,1.30212593078613,7.27071857452393,2.77152442932129,1.28000009059906,64.4441452026367,0,0,"480976106489998",15,"MBB",0,0,0,0,0
"MBB_GROW",2038,44.1316375732422,32.3811798095703,9.84759616851807,1.19160115718842,1.30801844596863,6.06125259399414,2.93447923660278,1.28000009059906,66.7545852661133,0,0,"480976106489998",20,"MBB",0,0,0,0,0
"MBB_GROW",2043,46.8594970703125,34.4171295166016,10.5294904708862,1.14739620685577,1.34247159957886,5.29265975952148,3.09859085083008,1.28000009059906,69.5501098632812,0,0,"480976106489998",25,"MBB",0,0,0,0,0
"MBB_BAU",2017,21.141357421875,13.5574436187744,4.60026502609253,0.784554958343506,2.9568030834198,3.87500047683716,2.90450024604797,0.939999997615814,37.2024765014648,0,0,"480976113489998",0,"MBB",0,0,0,0,0
"MBB_BAU",2022,24.4504280090332,15.527325630188,5.26105880737305,0.712888240814209,1.21431446075439,4.48823833465576,2.18892431259155,1.10000002384186,39.4158477783203,0,0,"480976113489998",5,"MBB",0,0,0,0,0
"MBB_BAU",2027,28.3500862121582,17.6851463317871,6.18829250335693,0.652735829353333,0.471843242645264,5.44126605987549,2.36596131324768,1.32000005245209,44.7901878356934,0,0,"480976113489998",10,"MBB",0,0,0,0,0
"MBB_BAU",2032,32.5834922790527,20.1440677642822,7.09253025054932,0.808039128780365,1.40923190116882,5.32163238525391,2.57561755180359,1.66000008583069,51.4505462646484,0,0,"480976113489998",15,"MBB",0,0,0,0,0
"MBB_BAU",2037,35.9531631469727,21.9149703979492,7.96434831619263,0.899562478065491,1.33547925949097,6.16147041320801,2.76547861099243,1.66000008583069,56.739501953125,0,0,"480976113489998",20,"MBB",0,0,0,0,0
"MBB_BAU",2042,39.6551551818848,23.9358329772949,8.94311714172363,0.956477284431458,1.23645329475403,6.84143447875977,2.96291470527649,1.66000008583069,62.2555541992188,0,0,"480976113489998",25,"MBB",0,0,0,0,0
"MBB_GROW",2017,21.141357421875,13.5574436187744,4.60026502609253,0.784554958343506,2.9568030834198,3.87500047683716,2.90450024604797,0.939999997615814,37.2024765014648,0,0,"480976113489998",0,"MBB",0,0,0,0,0
"MBB_GROW",2022,23.7344131469727,15.4033470153809,5.06336212158203,0.880488157272339,1.78111112117767,4.48823833465576,2.18892431259155,1.10000002384186,39.2365341186523,0,0,"480976113489998",5,"MBB",0,0,0,0,0
"MBB_GROW",2027,27.2853355407715,17.4830417633057,5.90032911300659,0.827973127365112,0.63872617483139,5.67890691757202,2.32658743858337,1.32000005245209,43.977855682373,0,0,"480976113489998",10,"MBB",0,0,0,0,0
"MBB_GROW",2032,31.5078468322754,20.0206108093262,6.79724931716919,0.914147615432739,1.24686932563782,5.36832427978516,2.51593732833862,1.66000008583069,50.0103721618652,0,0,"480976113489998",15,"MBB",0,0,0,0,0
"MBB_GROW",2037,34.7918128967285,21.8324375152588,7.62164115905762,0.973604917526245,1.27432632446289,5.8416919708252,2.6996340751648,1.66000008583069,54.8627128601074,0,0,"480976113489998",20,"MBB",0,0,0,0,0
"MBB_GROW",2042,38.388370513916,23.9287776947021,8.5256290435791,1.02780103683472,1.30381202697754,6.3339991569519,2.88346028327942,1.66000008583069,60.1230735778809,0,0,"480976113489998",25,"MBB",0,0,0,0,0
"MBB_BAU",2017,21.6473846435547,15.5280485153198,5.12654113769531,3.27600359916687,0.952039539813995,6.9231128692627,3.12121057510376,1.43999993801117,42.4862937927246,8.88464546203613,0,"480976345489998",0,"MBB",0.434127693226507,0,1.68220334475692,0,2.11633103798343
"MBB_BAU",2022,24.1419410705566,17.3708209991455,5.71172904968262,2.68252372741699,0.645458102226257,5.16832065582275,2.20011520385742,1.58000004291534,42.1300888061523,0,0,"480976345489998",5,"MBB",0,0,0,0,0
"MBB_BAU",2027,26.1378345489502,18.8522071838379,6.1531023979187,2.20485830307007,0.319394260644913,4.2034912109375,2.31909394264221,1.82000005245209,43.157772064209,0,0,"480976345489998",10,"MBB",0,0,0,0,0
"MBB_BAU",2032,28.4359397888184,20.4899578094482,6.68453741073608,1.82625234127045,0.32899671792984,3.33314943313599,2.4254002571106,2.16000008583069,45.1942749023438,0,0,"480976345489998",15,"MBB",0,0,0,0,0
"MBB_BAU",2037,31.0664882659912,22.3854808807373,7.3143892288208,1.52811408042908,0.372392058372498,2.83792161941528,2.53851842880249,2.16000008583069,47.8178215026855,0,0,"480976345489998",20,"MBB",0,0,0,0,0
"MBB_BAU",2042,23.4326248168945,16.5421905517578,5.53743982315063,3.72318243980408,0.421939849853516,5.0535249710083,2.84275507926941,2.16000008583069,43.1714668273926,7.51122570037842,0,"480976345489998",25,"MBB",0.242384458879644,0,1.48276527050489,0,1.72514972938454
"MBB_GROW",2017,33.8729934692383,24.4126949310303,8.03126335144043,0.371281325817108,0.952039539813995,3.875,2.90450000762939,1.43999993801117,51.4470748901367,0,0,"480976345489998",0,"MBB",0,0,0,0,0
"MBB_GROW",2022,37.1133155822754,26.837574005127,8.80061149597168,0.37180632352829,0.781181454658508,3.36230802536011,2.52528500556946,1.58000004291534,54.5345077514648,0,0,"480976345489998",5,"MBB",0,0,0,0,0
"MBB_GROW",2027,39.6630020141602,28.8118705749512,9.40287971496582,0.386523276567459,0.563065350055695,3.30211973190308,2.67608499526978,1.82000005245209,57.8136749267578,0,0,"480976345489998",10,"MBB",0,0,0,0,0
"MBB_GROW",2032,41.999626159668,30.628360748291,9.94253730773926,0.40685373544693,0.615034461021423,3.07447099685669,2.8144588470459,2.16000008583069,61.0129814147949,0,0,"480976345489998",15,"MBB",0,0,0,0,0
"MBB_GROW",2037,44.7153205871582,32.7201957702637,10.599534034729,0.430737674236298,0.675377726554871,2.94227409362793,2.94816970825195,2.16000008583069,64.4714126586914,0,0,"480976345489998",20,"MBB",0,0,0,0,0
"MBB_GROW",2042,47.4127769470215,34.7985610961914,11.2576551437378,0.459655553102493,0.744044601917267,2.88412857055664,3.09767198562622,2.16000008583069,68.0159378051758,0,0,"480976345489998",25,"MBB",0,0,0,0,0
"MBB_BAU",2017,15.0347900390625,9.5332555770874,3.63521909713745,3.33497428894043,13.7173233032227,3.87499976158142,2.90449976921082,0.560000002384186,43.0618057250977,0,0,"480976356489998",0,"MBB",0,0,0,0,0
"MBB_BAU",2022,19.1876926422119,11.8842420578003,4.284987449646,2.71451950073242,8.21006298065186,7.32822275161743,2.08036184310913,0.699999988079071,44.5058479309082,0,0,"480976356489998",5,"MBB",0,0,0,0,0
"MBB_BAU",2027,24.7533512115479,14.5724878311157,5.53867626190186,2.20283484458923,3.30879187583923,11.1671304702759,2.35897064208984,0.939999997615814,50.2697525024414,0,0,"480976356489998",10,"MBB",0,0,0,0,0
"MBB_BAU",2032,29.7564544677734,16.4121551513672,6.79759216308594,2.02449941635132,1.36788415908813,11.8785057067871,2.68960881233215,1.28000009059906,55.7945442199707,0,0,"480976356489998",15,"MBB",0,0,0,0,0
"MBB_BAU",2037,34.0726623535156,17.9940357208252,7.98574209213257,1.88361096382141,1.39184617996216,11.2779426574707,2.97496485710144,1.28000009059906,60.8667640686035,0,0,"480976356489998",20,"MBB",0,0,0,0,0
"MBB_BAU",2042,35.820686340332,18.5618228912354,8.62119579315186,2.30530881881714,3.56995820999146,11.1210794448853,3.25977540016174,1.28000009059906,65.9780044555664,0,0,"480976356489998",25,"MBB",0,0,0,0,0
"MBB_GROW",2017,15.0347900390625,9.5332555770874,3.63521909713745,3.33497428894043,13.7173233032227,3.87499976158142,2.90449976921082,0.560000002384186,43.0618057250977,0,0,"480976356489998",0,"MBB",0,0,0,0,0
"MBB_GROW",2022,15.3313264846802,9.43500709533691,3.45286965370178,3.42526149749756,11.2923135757446,7.32822275161743,2.08036184310913,0.699999988079071,43.6103591918945,0,0,"480976356489998",5,"MBB",0,0,0,0,0
"MBB_GROW",2027,19.3064937591553,11.199122428894,4.38851833343506,2.91161751747131,4.41488313674927,12.7485675811768,2.24105906486511,0.939999997615814,46.9511337280273,0,0,"480976356489998",10,"MBB",0,0,0,0,0
"MBB_GROW",2032,24.4400634765625,13.2704410552979,5.71901559829712,2.45599865913391,0.767098844051361,13.1981563568115,2.51282715797424,1.28000009059906,50.373161315918,0,0,"480976356489998",15,"MBB",0,0,0,0,0
"MBB_GROW",2037,28.6644554138184,14.7706727981567,6.93730640411377,2.22614789009094,1.2721540927887,11.2475185394287,2.80586743354797,1.28000009059906,54.4334487915039,0,0,"480976356489998",20,"MBB",0,0,0,0,0
"MBB_GROW",2042,32.575366973877,16.1894340515137,8.13771438598633,2.05928707122803,1.31172001361847,10.6045532226562,3.07944083213806,1.28000009059906,59.0480842590332,0,0,"480976356489998",25,"MBB",0,0,0,0,0
"MBB_BAU",2018,31.6575355529785,20.1884479522705,6.67659139633179,0.0639472752809525,0.156521320343018,3.875,2.90449976921082,0.939999997615814,46.2740898132324,0,0,"480976579489998",0,"MBB",0,0,0,0,0
"MBB_BAU",2023,40.5558929443359,25.2115211486816,8.28032684326172,0.323078691959381,1.33983254432678,3.09826755523682,2.54792141914368,1.10000002384186,57.2453155517578,0,0,"480976579489998",5,"MBB",0,0,0,0,0
"MBB_BAU",2028,45.2823257446289,27.7469463348389,9.56546211242676,1.16774952411652,4.79824686050415,6.44749641418457,2.98416662216187,1.32000005245209,71.5654449462891,0,0,"480976579489998",10,"MBB",0,0,0,0,0
"MBB_BAU",2033,47.5113754272461,29.1921138763428,10.1998882293701,1.98669743537903,5.66415691375732,9.66955375671387,3.22950434684753,1.66000008583069,79.9211807250977,0,0,"480976579489998",15,"MBB",0,0,0,0,0
"MBB_BAU",2038,49.9748420715332,31.0795516967773,10.8681650161743,2.54974246025085,5.15668964385986,12.2955503463745,3.41527056694031,1.66000008583069,85.9202575683594,0,0,"480976579489998",20,"MBB",0,0,0,0,0
"MBB_BAU",2043,52.3846054077148,32.653205871582,11.5542707443237,2.95461583137512,4.82144355773926,13.4224948883057,3.62851095199585,1.66000008583069,90.4259414672852,0,0,"480976579489998",25,"MBB",0,0,0,0,0
"MBB_GROW",2018,31.6575355529785,20.1884479522705,6.67659139633179,0.0639472752809525,0.156521320343018,3.875,2.90449976921082,0.939999997615814,46.2740898132324,0,0,"480976579489998",0,"MBB",0,0,0,0,0
"MBB_GROW",2023,38.6636352539062,23.8727722167969,7.92426633834839,0.61887663602829,2.88934683799744,3.09826755523682,2.54792141914368,1.10000002384186,56.8423118591309,0,0,"480976579489998",5,"MBB",0,0,0,0,0
"MBB_GROW",2028,43.6834869384766,26.411527633667,9.2744607925415,1.32741892337799,4.69568920135498,7.31568431854248,2.93906593322754,1.32000005245209,70.5558013916016,0,0,"480976579489998",10,"MBB",0,0,0,0,0
"MBB_GROW",2033,45.6698303222656,27.5617828369141,9.84171772003174,2.02387046813965,5.1592903137207,10.2279605865479,3.20438003540039,1.66000008583069,77.7870559692383,0,0,"480976579489998",15,"MBB",0,0,0,0,0
"MBB_GROW",2038,47.7503051757812,29.0373516082764,10.4077548980713,2.56064677238464,4.96123123168945,12.4505290985107,3.38666105270386,1.66000008583069,83.1771240234375,0,0,"480976579489998",20,"MBB",0,0,0,0,0
"MBB_GROW",2043,50.1512680053711,30.7524147033691,11.0442543029785,2.95219779014587,4.6906156539917,13.5290679931641,3.58806109428406,1.66000008583069,87.6154632568359,0,0,"480976579489998",25,"MBB",0,0,0,0,0
"MBB_BAU",2018,30.0944290161133,19.6572971343994,6.71942234039307,1.58024060726166,0.907978117465973,5.13329219818115,2.9853458404541,0.560000002384186,47.980712890625,3.28329491615295,0,"480976770489998",0,"MBB",0.193655346244588,0,0.501373661557988,0,0.695029007802576
"MBB_BAU",2023,36.3573989868164,22.5340576171875,8.22675704956055,2.11187887191772,1.15744197368622,4.91703462600708,2.57078790664673,0.699999988079071,56.0412979125977,2.16729617118835,0,"480976770489998",5,"MBB",0.156608862595061,0,0.30786421362274,0,0.464473076217802
"MBB_BAU",2028,45.7724723815918,28.3803100585938,10.4246072769165,2.09849452972412,1.86416888237,6.58994007110596,2.90203857421875,0.939999997615814,70.5917282104492,0.132763534784317,0,"480976770489998",10,"MBB",0.00932526593183653,0,0.0189624920316678,0,0.0282877579635043
"MBB_BAU",2033,48.8628959655762,31.0434112548828,11.1462564468384,3.0480465888977,4.46060752868652,8.29676914215088,3.3241171836853,1.28000009059906,80.4186935424805,1.05952370166779,0,"480976770489998",15,"MBB",0.0639269720155611,0,0.158145612005755,0,0.222072584021316
"MBB_BAU",2038,50.2376289367676,32.2144546508789,11.5500946044922,3.96727418899536,4.04282331466675,10.6539134979248,3.52417993545532,1.28000009059906,85.2559127807617,2.14578461647034,0,"480976770489998",20,"MBB",0.114975722144603,0,0.329050552294246,0,0.444026274438849
"MBB_BAU",2043,48.3872451782227,31.2868061065674,11.2260913848877,5.51716375350952,4.67330265045166,12.4704856872559,3.74835586547852,1.28000009059906,87.3026428222656,4.20211791992188,0,"480976770489998",25,"MBB",0.23835665109513,0,0.629719768414607,0,0.868076419509737
"MBB_GROW",2018,34.7452621459961,22.9405879974365,7.75638008117676,0.54328191280365,0.907978117465973,3.87500071525574,2.90450048446655,0.560000002384186,51.2924003601074,0,0,"480976770489998",0,"MBB",0,0,0,0,0
"MBB_GROW",2023,44.2751731872559,28.2097721099854,10.0272703170776,0.624366283416748,1.3780300617218,3.33151435852051,2.6369833946228,0.699999988079071,62.9733352661133,0,0,"480976770489998",5,"MBB",0,0,0,0,0
"MBB_GROW",2028,52.461181640625,33.8754806518555,11.9531869888306,1.16517508029938,3.26740193367004,5.63659715652466,3.09754610061646,0.939999997615814,78.5210952758789,0,0,"480976770489998",10,"MBB",0,0,0,0,0
"MBB_GROW",2033,54.8358306884766,36.3293113708496,12.534255027771,2.31260323524475,6.39154434204102,7.82768726348877,3.42749238014221,1.28000009059906,88.6094131469727,0,0,"480976770489998",15,"MBB",0,0,0,0,0
"MBB_GROW",2038,56.4029769897461,37.8878936767578,12.9970226287842,3.23627805709839,7.26328563690186,10.4193515777588,3.58755540847778,1.28000009059906,95.1864624023438,0,0,"480976770489998",20,"MBB",0,0,0,0,0
"MBB_GROW",2043,57.8420295715332,39.2754974365234,13.4958114624023,4.07149410247803,8.14357948303223,12.2941837310791,3.77505469322205,1.28000009059906,100.902153015137,0,0,"480976770489998",25,"MBB",0,0,0,0,0
"MBB_BAU",2018,34.0182113647461,25.4260883331299,6.69151830673218,0.526337146759033,3.66349220275879,3.87500047683716,2.90450024604797,0.560000002384186,52.2390594482422,0,0,"480976796489998",0,"MBB",0,0,0,0,0
"MBB_BAU",2023,31.1223564147949,21.2776851654053,6.33734703063965,2.14603495597839,2.57159304618835,5.8602237701416,2.53027033805847,0.699999988079071,51.267822265625,6.37807703018188,0,"480976796489998",5,"MBB",0.360518132758968,0,0.982489654493977,0,1.34300778725295
"MBB_BAU",2028,36.5380058288574,22.4878616333008,8.0912561416626,2.03046917915344,2.47527647018433,6.32690620422363,2.58319187164307,0.939999997615814,58.9850997924805,0,0,"480976796489998",10,"MBB",0,0,0,0,0
"MBB_BAU",2033,38.9709930419922,24.0873241424561,8.78601551055908,1.76838982105255,0.840214848518372,8.73356246948242,2.92553496360779,1.28000009059906,63.3047065734863,0,0,"480976796489998",15,"MBB",0,0,0,0,0
"MBB_BAU",2038,41.9098968505859,25.4871940612793,9.71468544006348,1.74618446826935,1.29829335212708,7.78558397293091,3.12757444381714,1.28000009059906,66.8622207641602,0,0,"480976796489998",20,"MBB",0,0,0,0,0
"MBB_BAU",2043,43.1207885742188,26.6944026947021,10.0769319534302,1.96424472332001,2.02351593971252,7.7147798538208,3.355797290802,1.28000009059906,69.5360565185547,0,0,"480976796489998",25,"MBB",0,0,0,0,0
"MBB_GROW",2018,34.0182113647461,25.4260883331299,6.69151830673218,0.526337146759033,3.66349220275879,3.87500047683716,2.90450024604797,0.560000002384186,52.2390594482422,0,0,"480976796489998",0,"MBB",0,0,0,0,0
"MBB_GROW",2023,39.5985488891602,27.6557598114014,8.01772594451904,0.465655207633972,2.57159304618835,3.93871784210205,2.40217328071594,0.699999988079071,57.6944160461426,0,0,"480976796489998",5,"MBB",0,0,0,0,0
"MBB_GROW",2028,44.9215469360352,28.8509464263916,9.73950576782227,0.75906890630722,2.90318775177002,5.20138645172119,2.77483415603638,0.939999997615814,67.2395324707031,0,0,"480976796489998",10,"MBB",0,0,0,0,0
"MBB_GROW",2033,47.2151031494141,30.3682327270508,10.4225597381592,0.874643564224243,1.44518065452576,8.53945159912109,3.11926078796387,1.28000009059906,72.8962020874023,0,0,"480976796489998",15,"MBB",0,0,0,0,0
"MBB_GROW",2038,48.5371398925781,31.6170482635498,10.6960954666138,1.16084218025208,1.90564227104187,8.37646484375,3.32804441452026,1.28000009059906,75.2842254638672,0,0,"480976796489998",20,"MBB",0,0,0,0,0
"MBB_GROW",2043,50.3713455200195,33.0310897827148,11.2131843566895,1.39435005187988,1.92988884449005,8.42334175109863,3.47677326202393,1.28000009059906,78.0888824462891,0,0,"480976796489998",25,"MBB",0,0,0,0,0
"MBB_BAU",2018,31.2669792175293,22.1066970825195,6.8524374961853,3.94856238365173,1.58128345012665,6.74267673492432,4.04898643493652,0.560000002384186,55.0009269714355,11.9770765304565,0,"480976801489998",0,"MBB",0.897247289664791,0,1.9067408472669,0,2.80398813693169
"MBB_BAU",2023,24.4313488006592,16.9145240783691,5.34263134002686,5.49688625335693,0.993695318698883,7.7923641204834,3.30599927902222,0.699999988079071,48.0629272460938,7.5111870765686,0,"480976801489998",5,"MBB",0.464087027262229,0,1.26112853413286,0,1.72521556139509
"MBB_BAU",2028,22.0046577453613,14.6165399551392,4.92380142211914,5.77482175827026,0.350184172391891,7.77833461761475,3.14410471916199,0.939999997615814,44.915901184082,4.33542585372925,0,"480976801489998",10,"MBB",0.255028367211626,0,0.733622059244618,0,0.988650426456244
"MBB_BAU",2033,25.9650802612305,17.2270565032959,5.77325534820557,4.68622970581055,0.231734782457352,5.73368549346924,3.07555365562439,1.28000009059906,46.7455368041992,0,0,"480976801489998",15,"MBB",0,0,0,0,0
"MBB_BAU",2038,26.8471775054932,17.494499206543,6.04863262176514,4.44486713409424,0.248666450381279,5.16896867752075,3.28644156455994,1.28000009059906,47.3247489929199,2.06557822227478,0,"480976801489998",20,"MBB",0.110234467564258,0,0.358035132414513,0,0.468269599978771
"MBB_BAU",2043,30.3551864624023,19.6442928314209,6.93457984924316,3.73394131660461,0.261309266090393,4.28516626358032,3.34323644638062,1.28000009059906,50.193416595459,0.35124996304512,0,"480976801489998",25,"MBB",0.016393358448311,0,0.0623517288949485,0,0.0787450873432596
"MBB_GROW",2018,47.7683258056641,34.0837707519531,10.4562568664551,0.344742566347122,1.58128345012665,2.59500002861023,3.7703001499176,0.560000002384186,67.0759048461914,0,0,"480976801489998",0,"MBB",0,0,0,0,0
"MBB_GROW",2023,46.7705841064453,32.9123382568359,10.3386240005493,1.365483045578,6.29515218734741,2.87296533584595,3.54791975021362,0.699999988079071,71.8907241821289,0,0,"480976801489998",5,"MBB",0,0,0,0,0
"MBB_GROW",2028,51.1728096008301,35.9554901123047,11.364387512207,1.27749943733215,3.248459815979,6.00565528869629,3.63803863525391,0.939999997615814,77.6468505859375,0,0,"480976801489998",10,"MBB",0,0,0,0,0
"MBB_GROW",2033,55.192554473877,38.7240982055664,12.3110418319702,1.24848568439484,1.62797653675079,7.27600383758545,3.86888766288757,1.28000009059906,82.8049468994141,0,0,"480976801489998",15,"MBB",0,0,0,0,0
"MBB_GROW",2038,59.3089256286621,41.6413764953613,13.314564704895,1.3816431760788,2.00204730033875,7.19772148132324,4.0959963798523,1.28000009059906,88.5808944702148,0,0,"480976801489998",20,"MBB",0,0,0,0,0
"MBB_GROW",2043,60.3089752197266,42.7058029174805,13.6038961410522,2.1547737121582,5.20835781097412,7.32945346832275,4.33174228668213,1.28000009059906,94.2171936035156,0,0,"480976801489998",25,"MBB",0,0,0,0,0
"MBB_BAU",2018,23.9601440429688,15.3707962036133,5.4134464263916,0.28331395983696,0.653644561767578,3.875,2.90449976921082,0.0199999995529652,37.110050201416,0,0,"495155022126144",0,"MBB",0,0,0,0,0
"MBB_BAU",2023,30.3960819244385,18.7586307525635,6.66687202453613,0.256183624267578,0.295043110847473,3.26637768745422,2.32151484489441,0.0199999995529652,43.2220726013184,0,0,"495155022126144",5,"MBB",0,0,0,0,0
"MBB_BAU",2028,37.6772117614746,22.6966438293457,8.1481876373291,0.430854201316833,1.03914964199066,4.43172645568848,2.61384606361389,0.0199999995529652,54.3609809875488,0,0,"495155022126144",10,"MBB",0,0,0,0,0
"MBB_BAU",2033,44.7623062133789,26.685920715332,9.60607433319092,0.518511593341827,0.889593780040741,5.79626750946045,2.90434694290161,0.0199999995529652,64.4971008300781,0,0,"495155022126144",15,"MBB",0,0,0,0,0
"MBB_BAU",2038,48.5464553833008,29.5653133392334,10.4561700820923,1.05016684532166,2.84550094604492,7.28366661071777,3.1913788318634,0.0199999995529652,73.3933258056641,0,0,"495155022126144",20,"MBB",0,0,0,0,0
"MBB_BAU",2043,52.3733749389648,32.6013832092285,11.2436332702637,1.51804029941559,3.21782064437866,9.17271518707275,3.39494276046753,0.0199999995529652,80.9405288696289,0,0,"495155022126144",25,"MBB",0,0,0,0,0
"MBB_GROW",2018,23.9601440429688,15.3707962036133,5.4134464263916,0.28331395983696,0.653644561767578,3.875,2.90449976921082,0.0199999995529652,37.110050201416,0,0,"495155022126144",0,"MBB",0,0,0,0,0
"MBB_GROW",2023,28.6887245178223,18.3413162231445,6.18153476715088,0.582980930805206,1.21475505828857,3.26637768745422,2.32151484489441,0.0199999995529652,42.2758865356445,0,0,"495155022126144",5,"MBB",0,0,0,0,0
"MBB_GROW",2028,35.2423362731934,22.0116214752197,7.5498046875,0.656104505062103,0.764403104782104,4.7074499130249,2.5174400806427,0.0199999995529652,51.4575424194336,0,0,"495155022126144",10,"MBB",0,0,0,0,0
"MBB_GROW",2033,41.6451110839844,25.6750335693359,8.96483039855957,0.718011915683746,0.932054758071899,5.28887844085693,2.7824227809906,0.0199999995529652,60.3513107299805,0,0,"495155022126144",15,"MBB",0,0,0,0,0
"MBB_GROW",2038,47.9479637145996,29.5694885253906,10.3559036254883,0.700248658657074,0.642841637134552,6.2890043258667,3.04564118385315,0.0199999995529652,69.001594543457,0,0,"495155022126144",20,"MBB",0,0,0,0,0
"MBB_GROW",2043,53.8703117370605,33.7719650268555,11.639157295227,0.935333490371704,1.73256897926331,6.92177772521973,3.32270860671997,0.0199999995529652,78.4418487548828,0,0,"495155022126144",25,"MBB",0,0,0,0,0
"MBB_BAU",2019,30.9838237762451,21.06227684021,6.57036590576172,2.33893728256226,1.36232304573059,4.89919567108154,3.92050194740295,0.0199999995529652,50.0951499938965,6.6287202835083,0,"495155023126144",0,"MBB",0.488173968740553,0,0.939629911601699,0,1.42780388034225
"MBB_BAU",2024,31.1996040344238,20.4680118560791,6.48800420761108,3.1685516834259,1.13400673866272,5.61555576324463,3.23520302772522,0.0199999995529652,50.8609237670898,3.85593962669373,0,"495155023126144",5,"MBB",0.285447493151175,0,0.552043753977681,0,0.837491247128856
"MBB_BAU",2029,36.1125869750977,22.6942768096924,7.67041540145874,3.07347869873047,1.40911984443665,6.57671737670898,3.31772804260254,0.0199999995529652,58.1800422668457,0.93471497297287,0,"495155023126144",10,"MBB",0.0608598855871671,0,0.142036387911041,0,0.202896273498209
"MBB_BAU",2034,40.1752471923828,24.5945205688477,8.6839771270752,3.12339639663696,3.34530639648438,6.8252215385437,3.56936240196228,0.0199999995529652,65.7425079345703,0,0,"495155023126144",15,"MBB",0,0,0,0,0
"MBB_BAU",2039,41.9567031860352,25.9569683074951,9.12620735168457,3.32641553878784,4.39060878753662,8.51939105987549,3.78288078308105,0.0199999995529652,71.122200012207,0,0,"495155023126144",20,"MBB",0,0,0,0,0
"MBB_BAU",2044,44.19775390625,27.8479061126709,9.57016086578369,3.45971274375916,4.39880275726318,9.98685836791992,3.93553590774536,0.0199999995529652,75.5688247680664,0,0,"495155023126144",25,"MBB",0,0,0,0,0
"MBB_GROW",2019,40.1197052001953,27.6909961700439,8.49011993408203,0.419183850288391,1.36232304573059,2.59499979019165,3.77029943466187,0.0199999995529652,56.7766342163086,0,0,"495155023126144",0,"MBB",0,0,0,0,0
"MBB_GROW",2024,39.0808601379395,27.0934410095215,8.02699375152588,1.86710846424103,6.93804979324341,2.983065366745,3.37265229225159,0.0199999995529652,62.2887306213379,0,0,"495155023126144",5,"MBB",0,0,0,0,0
"MBB_GROW",2029,42.7037048339844,29.0590133666992,8.78026676177979,2.04159307479858,3.99561953544617,7.53888607025146,3.42449617385864,0.0199999995529652,68.5045700073242,0,0,"495155023126144",10,"MBB",0,0,0,0,0
"MBB_GROW",2034,47.5908508300781,31.7263298034668,9.84067153930664,1.85274517536163,1.68683350086212,8.88655185699463,3.62348699569702,0.0199999995529652,73.5011367797852,0,0,"495155023126144",15,"MBB",0,0,0,0,0
"MBB_GROW",2039,49.3815231323242,32.9823722839355,10.2443151473999,2.11428332328796,3.2872805595398,8.91611289978027,3.86791324615479,0.0199999995529652,77.8314208984375,0,0,"495155023126144",20,"MBB",0,0,0,0,0
"MBB_GROW",2044,50.649299621582,34.4678611755371,10.4075441360474,2.51827454566956,4.62469005584717,9.38319778442383,4.02608585357666,0.0199999995529652,81.6290817260742,0,0,"495155023126144",25,"MBB",0,0,0,0,0
"MBB_BAU",2019,20.7134380340576,13.1490545272827,4.92936086654663,3.40273380279541,10.9352149963379,3.41471815109253,2.87872099876404,3,49.2741851806641,1.39512574672699,0,"495155059126144",0,"MBB",0.0694626156217719,0.00894019231701714,0.114868275991224,0.097427929766673,0.290699013696686
"MBB_BAU",2024,23.1128959655762,14.5219326019287,5.34709978103638,3.13672065734863,6.73193740844727,6.31310176849365,2.09114170074463,3,49.7328948974609,1.07583057880402,0,"495155059126144",5,"MBB",0.0580022274112511,0.00592534022094902,0.0852604864388165,0.0783258746676922,0.227513928738709
"MBB_BAU",2029,26.6820316314697,16.9846477508545,6.06369352340698,2.75271797180176,3.46965026855469,8.43658542633057,2.18926358222961,3,52.5939407348633,0.374837219715118,0,"495155059126144",10,"MBB",0.0182598892205058,0.00186481662671337,0.0327833216941264,0.0255423063787119,0.0784503339200575
"MBB_BAU",2034,30.5651626586914,19.6650352478027,6.86019802093506,2.32762861251831,2.37188506126404,8.03473567962646,2.34477877616882,3,55.5043907165527,0,0,"495155059126144",15,"MBB",0,0,0,0,0
"MBB_BAU",2039,35.0773849487305,22.8033542633057,7.81474161148071,2.00687527656555,1.50313973426819,7.59468460083008,2.52312254905701,0.0199999995529652,56.5399475097656,0,0,"495155059126144",20,"MBB",0,0,0,0,0
"MBB_BAU",2044,39.7904357910156,26.0957317352295,8.75579261779785,1.75600147247314,0.866588115692139,7.25835609436035,2.72150945663452,0.0199999995529652,61.1686820983887,0,0,"495155059126144",25,"MBB",0,0,0,0,0
"MBB_GROW",2019,22.6734409332275,14.5441789627075,5.39303588867188,2.93905925750732,10.9352149963379,2.92999982833862,2.81940007209778,3,50.6901550292969,0,0,"495155059126144",0,"MBB",0,0,0,0,0
"MBB_GROW",2024,22.2526798248291,14.5900354385376,5.37710332870483,3.0243194103241,9.99935436248779,5.66819763183594,2.09009504318237,3,51.411750793457,0,0,"495155059126144",5,"MBB",0,0,0,0,0
"MBB_GROW",2029,25.5265445709229,16.8912391662598,6.08960580825806,2.51907277107239,3.8086268901825,9.58726024627686,2.13442587852478,3,52.6655387878418,0,0,"495155059126144",10,"MBB",0,0,0,0,0
"MBB_GROW",2034,29.0211486816406,19.3442821502686,6.85905361175537,2.1699800491333,2.50236821174622,8.66687774658203,2.29540181159973,3,54.5148315429688,0,0,"495155059126144",15,"MBB",0,0,0,0,0
"MBB_GROW",2039,32.7749710083008,21.9910831451416,7.63634777069092,1.96323037147522,1.90507614612579,7.81928062438965,2.46502256393433,3,57.5639266967773,0,0,"495155059126144",20,"MBB",0,0,0,0,0
"MBB_GROW",2044,37.2055854797363,25.3550910949707,8.51692962646484,1.82516705989838,1.49143433570862,7.24848556518555,2.63923907279968,3,61.9268455505371,0,0,"495155059126144",25,"MBB",0,0,0,0,0
"MBB_BAU",2019,27.8790550231934,19.5742835998535,5.88010311126709,0.181762084364891,0.717592775821686,2.59499979019165,3.77029991149902,0.0199999995529652,41.0438194274902,0,0,"495155063126144",0,"MBB",0,0,0,0,0
"MBB_BAU",2024,24.4722671508789,16.9281978607178,5.0302939414978,1.94109880924225,0.427595108747482,4.52016925811768,3.13276219367981,0.0199999995529652,39.5441856384277,5.97775173187256,0,"495155063126144",5,"MBB",0.53515673137691,0,0.821084387972459,0,1.35624111934937
"MBB_BAU",2029,25.1074199676514,16.9933090209961,5.13056755065918,2.40213823318481,0.322658449411392,5.24420309066772,3.03573966026306,0.0199999995529652,41.2627258300781,2.75756597518921,0,"495155063126144",10,"MBB",0.179743952988642,0,0.42693367667647,0,0.606677629665112
"MBB_BAU",2034,28.9138259887695,19.031795501709,5.97662496566772,2.23417377471924,0.222356915473938,4.76480770111084,3.08824181556702,0.0199999995529652,45.2200317382812,0.955353021621704,0,"495155063126144",15,"MBB",0.0578981585481728,0,0.15160789690142,0,0.209506055449593
"MBB_BAU",2039,31.5492496490479,20.5400791168213,6.59379005432129,2.17124938964844,0.610227227210999,4.72536849975586,3.25546836853027,0.0199999995529652,48.925350189209,0.914076805114746,0,"495155063126144",20,"MBB",0.0540903760895264,0,0.147279483956204,0,0.20136986004573
"MBB_BAU",2044,33.7107467651367,21.7131958007812,7.0783166885376,2.18534111976624,0.613264918327332,4.97889471054077,3.40136384963989,0.0199999995529652,51.9879264831543,1.19287252426147,0,"495155063126144",25,"MBB",0.0810357866872462,0,0.185971588717131,0,0.267007375404378
"MBB_GROW",2019,27.8790550231934,19.5742835998535,5.88010311126709,0.181762084364891,0.717592775821686,2.59499979019165,3.77029991149902,0.0199999995529652,41.0438194274902,0,0,"495155063126144",0,"MBB",0,0,0,0,0
"MBB_GROW",2024,28.535795211792,19.8959732055664,5.79010629653931,1.0550012588501,3.96941018104553,2.43827033042908,2.9969789981842,0.0199999995529652,44.8055610656738,0,0,"495155063126144",5,"MBB",0,0,0,0,0
"MBB_GROW",2029,32.4655265808105,22.4547004699707,6.55193042755127,1.04855346679688,2.26430177688599,4.60314083099365,3.05756425857544,0.0199999995529652,50.0110168457031,0,0,"495155063126144",10,"MBB",0,0,0,0,0
"MBB_GROW",2034,36.786247253418,25.2905864715576,7.45308065414429,0.989920377731323,1.15113031864166,5.53527498245239,3.22894811630249,0.0199999995529652,55.1646003723145,0,0,"495155063126144",15,"MBB",0,0,0,0,0
"MBB_GROW",2039,40.5466003417969,27.9833488464355,8.20839786529541,0.939260840415955,0.936754822731018,5.5930700302124,3.40872502326965,0.0199999995529652,59.6528129577637,0,0,"495155063126144",20,"MBB",0,0,0,0,0
"MBB_GROW",2044,44.3162612915039,30.6606750488281,8.99551773071289,0.901807129383087,0.939881801605225,5.48148727416992,3.57496571540833,0.0199999995529652,64.2299194335938,0,0,"495155063126144",25,"MBB",0,0,0,0,0
"MBB_BAU",2018,23.208927154541,16.2685470581055,4.87221002578735,1.68797206878662,1.53418505191803,5.56598424911499,3.01079106330872,0.0199999995529652,39.9000701904297,4.92822313308716,0,"495155073126144",0,"MBB",0.632650600646096,0,0.653650012101562,0,1.28630061274766
"MBB_BAU",2023,26.5570487976074,17.8013572692871,5.40053987503052,2.56845116615295,0.361017107963562,6.19674682617188,2.2972674369812,0.0199999995529652,43.4010696411133,4.06508302688599,0,"495155073126144",5,"MBB",0.41222844838164,0,0.625613037628731,0,1.03784148601037
"MBB_BAU",2028,34.041145324707,21.9090480804443,7.51532888412476,2.33382868766785,1.36340665817261,8.36382389068604,2.51822710037231,0.0199999995529652,56.1557579040527,0,0,"495155073126144",10,"MBB",0,0,0,0,0
"MBB_BAU",2033,39.9435157775879,24.533992767334,9.38446140289307,2.3830029964447,2.49886846542358,8.67416763305664,2.92147970199585,0.0199999995529652,65.8254928588867,0,0,"495155073126144",15,"MBB",0,0,0,0,0
"MBB_BAU",2038,42.5463256835938,26.3551025390625,10.3406057357788,2.95329785346985,4.49955368041992,10.1930351257324,3.2306170463562,0.0199999995529652,73.7834320068359,0,0,"495155073126144",20,"MBB",0,0,0,0,0
"MBB_BAU",2043,45.3702392578125,28.2356338500977,11.3385810852051,2.95788240432739,2.84698247909546,11.7273607254028,3.43761682510376,0.0199999995529652,77.6986618041992,0,0,"495155073126144",25,"MBB",0,0,0,0,0
"MBB_GROW",2018,29.9717750549316,21.1967697143555,6.28207778930664,0.27810338139534,1.53418505191803,3.87499976158142,2.90450000762939,0.0199999995529652,44.8656387329102,0,0,"495155073126144",0,"MBB",0,0,0,0,0
"MBB_GROW",2023,39.6606712341309,27.3863258361816,8.18436336517334,0.310040235519409,0.679491996765137,3.88271355628967,2.36795973777771,0.0199999995529652,55.1052398681641,0,0,"495155073126144",5,"MBB",0,0,0,0,0
"MBB_GROW",2028,47.0009002685547,31.477466583252,10.2476329803467,0.716191232204437,2.43725919723511,7.28036260604858,2.8268837928772,0.0199999995529652,70.5292282104492,0,0,"495155073126144",10,"MBB",0,0,0,0,0
"MBB_GROW",2033,49.795539855957,32.951042175293,11.3206920623779,1.83912086486816,6.28832340240479,9.02519130706787,3.23228764533997,0.0199999995529652,81.5211486816406,0,0,"495155073126144",15,"MBB",0,0,0,0,0
"MBB_GROW",2038,52.3171615600586,34.6773338317871,12.3249340057373,2.49023747444153,5.39557981491089,12.4428958892822,3.43881440162659,0.0199999995529652,88.4296112060547,0,0,"495155073126144",20,"MBB",0,0,0,0,0
"MBB_GROW",2043,54.6567573547363,36.4987945556641,13.1786918640137,2.74280905723572,3.92951965332031,13.6470346450806,3.68921041488647,0.0199999995529652,91.864013671875,0,0,"495155073126144",25,"MBB",0,0,0,0,0
"MBB_BAU",2019,22.1799564361572,14.5210266113281,5.58821535110474,0.179401069879532,0.375032067298889,2.59499979019165,3.7703001499176,0.0199999995529652,34.7079048156738,0,0,"495155081126144",0,"MBB",0,0,0,0,0
"MBB_BAU",2024,26.1886558532715,16.4618511199951,5.97927522659302,1.08166182041168,0.29652065038681,3.19742560386658,3.03817319869995,0.0199999995529652,39.8017120361328,2.44890856742859,0,"495155081126144",5,"MBB",0.140711055800543,0.000523553142004529,0.359797437819971,0.015642066932541,0.51667411369506
"MBB_BAU",2029,32.5185775756836,18.9857559204102,7.49377059936523,1.39107251167297,2.68534445762634,5.22018337249756,3.26993346214294,0.0199999995529652,52.5988807678223,0,0,"495155081126144",10,"MBB",0,0,0,0,0
"MBB_BAU",2034,36.1957054138184,20.679557800293,8.51041507720947,2.06979703903198,5.09090852737427,7.30900621414185,3.57730412483215,0.0199999995529652,62.773136138916,0,0,"495155081126144",15,"MBB",0,0,0,0,0
"MBB_BAU",2039,38.9928779602051,22.2888355255127,9.32035064697266,2.58177089691162,4.6675968170166,10.6659660339355,3.75472617149353,0.0199999995529652,70.003288269043,0,0,"495155081126144",20,"MBB",0,0,0,0,0
"MBB_BAU",2044,41.9915771484375,24.0787773132324,9.86774635314941,2.68208909034729,2.9930157661438,12.2243642807007,3.95383477210999,0.0199999995529652,73.7326202392578,0,0,"495155081126144",25,"MBB",0,0,0,0,0
"MBB_GROW",2019,22.1799564361572,14.5210266113281,5.58821535110474,0.179401069879532,0.375032067298889,2.59499979019165,3.7703001499176,0.0199999995529652,34.7079048156738,0,0,"495155081126144",0,"MBB",0,0,0,0,0
"MBB_GROW",2024,17.5971660614014,10.9485998153687,4.09590864181519,2.41738939285278,8.86979579925537,2.21885824203491,2.96761322021484,0.0199999995529652,38.1867294311523,0,0,"495155081126144",5,"MBB",0,0,0,0,0
"MBB_GROW",2029,21.9515705108643,12.4199390411377,5.10639524459839,2.31354260444641,4.18927240371704,7.25747156143188,2.91838145256042,0.0199999995529652,43.7566337585449,0,0,"495155081126144",10,"MBB",0,0,0,0,0
"MBB_GROW",2034,26.7129287719727,14.2678070068359,6.26923894882202,2.09181237220764,1.70339179039001,8.84570217132568,3.15700650215149,0.0199999995529652,48.8000793457031,0,0,"495155081126144",15,"MBB",0,0,0,0,0
"MBB_GROW",2039,31.6849899291992,16.6031303405762,7.36025047302246,1.88798201084137,1.11374425888062,8.99816513061523,3.39624309539795,0.0199999995529652,54.4613761901855,0,0,"495155081126144",20,"MBB",0,0,0,0,0
"MBB_GROW",2044,34.7720603942871,18.9885330200195,8.02661800384521,2.08265376091003,2.54727029800415,9.14639282226562,3.63456249237061,0.0199999995529652,60.2295608520508,0,0,"495155081126144",25,"MBB",0,0,0,0,0
"MBB_BAU",2019,24.1547813415527,16.6253814697266,5.40931177139282,2.05900621414185,0.246045008301735,6.22915363311768,3.05756711959839,0.0199999995529652,41.1758651733398,6.39004611968994,0,"495155127126144",0,"MBB",0.543495676091971,0,0.864546803905943,0,1.40804247999791
"MBB_BAU",2024,22.2107315063477,14.8670902252197,4.78222370147705,3.06373453140259,0.270972639322281,6.05389976501465,2.38201785087585,0.0199999995529652,38.7835807800293,4.33545064926147,0,"495155127126144",5,"MBB",0.368249985464439,0,0.598436087187343,0,0.966686072651782
"MBB_BAU",2029,26.7430667877197,17.3638591766357,5.76049375534058,2.51752662658691,0.0636470094323158,5.74579572677612,2.34303760528564,0.0199999995529652,43.1935653686523,0.158175811171532,0,"495155127126144",10,"MBB",0.0134027169030281,0,0.0219784370146963,0,0.0353811539177244
"MBB_BAU",2034,31.481372833252,19.2114009857178,6.95556879043579,2.29275178909302,1.26605880260468,5.00205421447754,2.61407709121704,0.0199999995529652,49.6318855285645,0,0,"495155127126144",15,"MBB",0,0,0,0,0
"MBB_BAU",2039,35.6494750976562,20.8123722076416,8.1467924118042,2.23127484321594,1.90731406211853,5.88463544845581,2.8486111164093,0.0199999995529652,56.688102722168,0,0,"495155127126144",20,"MBB",0,0,0,0,0
"MBB_BAU",2044,37.2113876342773,21.8710899353027,8.59360694885254,2.8129186630249,4.60398530960083,7.21190118789673,3.09173560142517,0.0199999995529652,63.5455360412598,0,0,"495155127126144",25,"MBB",0,0,0,0,0
"MBB_GROW",2019,33.105827331543,23.0154285430908,7.41460847854614,0.0537097677588463,0.246045008301735,3.87500023841858,2.90450024604797,0.0199999995529652,47.6196899414062,0,0,"495155127126144",0,"MBB",0,0,0,0,0
"MBB_GROW",2024,34.5255699157715,23.6371879577637,7.65051651000977,0.638158440589905,2.96992301940918,3.08803224563599,2.50673794746399,0.0199999995529652,51.3989372253418,0,0,"495155127126144",5,"MBB",0,0,0,0,0
"MBB_GROW",2029,38.7128944396973,26.2725124359131,8.63278293609619,0.68556421995163,1.75658428668976,5.01693153381348,2.64583373069763,0.0199999995529652,57.4705924987793,0,0,"495155127126144",10,"MBB",0,0,0,0,0
"MBB_GROW",2034,43.0344085693359,28.7335453033447,9.7542552947998,0.853570818901062,1.61667811870575,5.62479257583618,2.88592576980591,0.0199999995529652,63.7896308898926,0,0,"495155127126144",15,"MBB",0,0,0,0,0
"MBB_GROW",2039,47.8126525878906,31.795389175415,10.8357858657837,0.979145646095276,1.57820105552673,6.09735822677612,3.1174430847168,0.0199999995529652,70.4405822753906,0,0,"495155127126144",20,"MBB",0,0,0,0,0
"MBB_GROW",2044,52.0205764770508,34.617733001709,11.9661340713501,1.21242570877075,2.17233085632324,6.65806007385254,3.35654282569885,0.0199999995529652,77.4060668945312,0,0,"495155127126144",25,"MBB",0,0,0,0,0
"MBB_BAU",2019,29.9700355529785,19.7359066009521,6.49548292160034,1.60550689697266,1.00559210777283,5.45809459686279,3.00681734085083,0.0199999995529652,47.5615310668945,4.27940130233765,0,"495155221126144",0,"MBB",0.342631524026579,0,0.617524095317597,0,0.960155619344177
"MBB_BAU",2024,30.9014549255371,19.9129772186279,6.50640678405762,2.2619960308075,0.665105879306793,5.58159255981445,2.57907772064209,0.0199999995529652,48.5156364440918,2.87436175346375,0,"495155221126144",5,"MBB",0.243834865379617,0,0.403898860508173,0,0.64773372588779
"MBB_BAU",2029,35.620777130127,22.7015647888184,7.59146881103516,2.04224705696106,1.21618175506592,5.84908390045166,2.64939427375793,0.0199999995529652,54.9891548156738,0,0,"495155221126144",10,"MBB",0,0,0,0,0
"MBB_BAU",2034,41.0482559204102,25.2164916992188,8.90463829040527,1.84615707397461,1.254714012146,5.83377456665039,2.93747520446777,0.0199999995529652,61.8450164794922,0,0,"495155221126144",15,"MBB",0,0,0,0,0
"MBB_BAU",2039,42.8078002929688,26.2663326263428,9.52906322479248,2.32463335990906,4.26268529891968,6.37134170532227,3.20656704902649,0.0199999995529652,68.522087097168,0,0,"495155221126144",20,"MBB",0,0,0,0,0
"MBB_BAU",2044,45.3263931274414,27.8279132843018,10.3297309875488,2.53070592880249,3.64641189575195,8.41883754730225,3.3548858165741,0.0199999995529652,73.6269683837891,0,0,"495155221126144",25,"MBB",0,0,0,0,0
"MBB_GROW",2019,35.9707946777344,24.0153045654297,7.80711698532104,0.293872475624084,1.00559210777283,3.87500023841858,2.90450024604797,0.0199999995529652,51.8768768310547,0,0,"495155221126144",0,"MBB",0,0,0,0,0
"MBB_GROW",2024,34.1583366394043,22.4814052581787,7.37715339660645,1.49832952022552,6.4319224357605,3.59809160232544,2.6623809337616,0.0199999995529652,55.7462158203125,0,0,"495155221126144",5,"MBB",0,0,0,0,0
"MBB_GROW",2029,38.5085029602051,25.2591571807861,8.36598968505859,1.33684468269348,2.22440195083618,7.25649452209473,2.70671319961548,0.0199999995529652,60.4189529418945,0,0,"495155221126144",10,"MBB",0,0,0,0,0
"MBB_GROW",2034,43.6103363037109,28.3865604400635,9.5615234375,1.20297932624817,0.840025782585144,7.34069681167603,2.94981980323792,0.0199999995529652,65.5253829956055,0,0,"495155221126144",15,"MBB",0,0,0,0,0
"MBB_GROW",2039,48.6559295654297,31.3950214385986,10.8259563446045,1.09160673618317,0.715188384056091,6.69646978378296,3.20501708984375,0.0199999995529652,71.2101669311523,0,0,"495155221126144",20,"MBB",0,0,0,0,0
"MBB_GROW",2044,51.9849853515625,33.746898651123,11.7064914703369,1.43155884742737,2.65636897087097,6.29774379730225,3.47104859352112,0.0199999995529652,77.5681915283203,0,0,"495155221126144",25,"MBB",0,0,0,0,0
"MBB_BAU",2019,39.2562255859375,26.4003753662109,8.83555793762207,1.89197027683258,0.270195960998535,5.79043960571289,3.03558278083801,1.43999993801117,60.5199699401855,5.85911417007446,0,"495155227126144",0,"MBB",0.248800812970715,0,1.0666212268299,0,1.31542203980061
"MBB_BAU",2024,44.8666915893555,28.6979560852051,9.43778896331787,2.48795771598816,3.73727655410767,4.57483959197998,2.8323290348053,1.58000004291534,69.5168914794922,0.521400272846222,0,"495155227126144",5,"MBB",0.0162717902974296,0,0.0999312993904855,0,0.116203089687915
"MBB_BAU",2029,41.8591766357422,26.2210578918457,9.10928630828857,4.08556509017944,10.521951675415,11.2147274017334,3.33979821205139,1.82000005245209,81.9505081176758,0,0,"495155227126144",10,"MBB",0,0,0,0,0
"MBB_BAU",2034,39.8443489074707,24.1819915771484,8.95674514770508,5.11157655715942,10.0421161651611,16.2753829956055,3.41148829460144,2.16000008583069,85.8016662597656,0,0,"495155227126144",15,"MBB",0,0,0,0,0
"MBB_BAU",2039,39.9697265625,23.7376575469971,9.27538776397705,5.32996702194214,7.14765071868896,18.73850440979,3.49108099937439,2.16000008583069,86.1123199462891,0,0,"495155227126144",20,"MBB",0,0,0,0,0
"MBB_BAU",2044,41.7174530029297,24.4229049682617,9.8382682800293,4.9957709312439,4.36254644393921,18.3720283508301,3.68532395362854,2.16000008583069,85.1314010620117,0,0,"495155227126144",25,"MBB",0,0,0,0,0
"MBB_GROW",2019,47.2079086303711,32.2594985961914,10.5588388442993,0.168691486120224,0.270195960998535,3.875,2.90449976921082,1.43999993801117,66.4251403808594,0,0,"495155227126144",0,"MBB",0,0,0,0,0
"MBB_GROW",2024,49.4395790100098,33.0459213256836,10.56898021698,1.46748471260071,6.25245380401611,3.29606771469116,3.01664996147156,1.58000004291534,75.6212158203125,0,0,"495155227126144",5,"MBB",0,0,0,0,0
"MBB_GROW",2029,46.3265380859375,30.3605899810791,10.1777153015137,3.329256772995,11.2621688842773,10.801908493042,3.35548782348633,1.82000005245209,87.0730667114258,0,0,"495155227126144",10,"MBB",0,0,0,0,0
"MBB_GROW",2034,44.8192901611328,28.4570369720459,10.0999898910522,4.34444665908813,9.84636116027832,16.2446689605713,3.45887637138367,2.16000008583069,90.9736328125,0,0,"495155227126144",15,"MBB",0,0,0,0,0
"MBB_GROW",2039,44.8381881713867,28.0834980010986,10.3668737411499,4.66353845596313,7.32030963897705,18.653787612915,3.58333015441895,2.16000008583069,91.5860290527344,0,0,"495155227126144",20,"MBB",0,0,0,0,0
"MBB_GROW",2044,46.7484703063965,29.1220874786377,10.943883895874,4.36376476287842,4.26230001449585,18.3124198913574,3.78208303451538,2.16000008583069,90.5729217529297,0,0,"495155227126144",25,"MBB",0,0,0,0,0
"MBB_BAU",2018,27.3483428955078,17.4455528259277,6.55552911758423,4.01756286621094,6.03867101669312,4.44537830352783,3.88968253135681,0.0199999995529652,52.3151664733887,4.1966872215271,0,"495155248126144",0,"MBB",0.439911983793338,0,0.504690529285564,0,0.944602513078902
"MBB_BAU",2023,35.3026123046875,21.143009185791,8.0256814956665,4.12265682220459,3.91936564445496,6.84789848327637,3.24458646774292,0.0199999995529652,61.4828033447266,1.57505667209625,0,"495155248126144",5,"MBB",0.152988306485122,0,0.199167005573786,0,0.352155312058908
"MBB_BAU",2028,39.141716003418,23.3589763641357,9.27130508422852,4.55176830291748,4.71170616149902,11.7603616714478,3.6712543964386,0.0199999995529652,73.1281051635742,1.13184690475464,0,"495155248126144",10,"MBB",0.106802437246134,0,0.146207397048547,0,0.253009834294681
"MBB_BAU",2033,40.7461700439453,24.5258235931396,9.87246036529541,5.25772094726562,4.37158203125,13.9658126831055,3.97503709793091,0.0199999995529652,78.2087783813477,1.96262836456299,0,"495155248126144",15,"MBB",0.140240805540229,0,0.284208333556323,0,0.424449139096552
"MBB_BAU",2038,42.598819732666,25.8966884613037,10.4779319763184,5.73867654800415,3.39349031448364,14.7936849594116,4.15475654602051,0.0199999995529652,81.1773529052734,2.23076152801514,0,"495155248126144",20,"MBB",0.139016691126366,0,0.336849319084681,0,0.475866010211048
"MBB_BAU",2043,45.0376815795898,27.6010646820068,11.2611093521118,6.12333583831787,3.158371925354,14.3144693374634,4.35571336746216,0.0199999995529652,84.2706756591797,2.29411840438843,0,"495155248126144",25,"MBB",0.0943661122983744,0,0.379591783798317,0,0.473957896096692
"MBB_GROW",2018,33.5567398071289,21.6422424316406,8.07249355316162,2.50059700012207,6.03867101669312,2.59500026702881,3.77030062675476,0.0199999995529652,56.5538024902344,0,0,"495155248126144",0,"MBB",0,0,0,0,0
"MBB_GROW",2023,44.0578155517578,27.1291484832764,10.1716594696045,2.40944528579712,4.22868347167969,5.079514503479,3.37845396995544,0.0199999995529652,69.345573425293,0,0,"495155248126144",5,"MBB",0,0,0,0,0
"MBB_GROW",2028,48.0731887817383,30.1370735168457,11.4350147247314,3.11862874031067,6.29946613311768,10.5658435821533,3.88306069374084,0.0199999995529652,83.3952026367188,0,0,"495155248126144",10,"MBB",0,0,0,0,0
"MBB_GROW",2033,51.9093322753906,33.2187271118164,12.5284490585327,3.54174113273621,5.29563903808594,13.4984846115112,4.1426568031311,0.0199999995529652,90.9362945556641,0,0,"495155248126144",15,"MBB",0,0,0,0,0
"MBB_GROW",2038,53.8594131469727,35.4156532287598,13.1085205078125,4.05646276473999,5.87592935562134,14.2117147445679,4.38744258880615,0.0199999995529652,95.5194854736328,0,0,"495155248126144",20,"MBB",0,0,0,0,0
"MBB_GROW",2043,55.8289031982422,37.510440826416,13.6506881713867,4.38080549240112,5.7126054763794,14.1385726928711,4.58299350738525,0.0199999995529652,98.314567565918,0,0,"495155248126144",25,"MBB",0,0,0,0,0
"MBB_BAU",2019,21.5673370361328,14.9022636413574,4.74750328063965,0.250214427709579,0.509770691394806,3.875,2.90450000762939,0.0199999995529652,33.874324798584,0,0,"495155281126144",0,"MBB",0,0,0,0,0
"MBB_BAU",2024,23.5352516174316,15.1683464050293,4.52246522903442,1.706866979599,0.351057529449463,4.85814380645752,2.35564422607422,0.0199999995529652,37.3494300842285,4.55502605438232,0,"495155281126144",5,"MBB",0.559315633074597,0,0.710391232014318,0,1.26970686508891
"MBB_BAU",2029,28.9565582275391,17.3240070343018,5.76349687576294,1.86948275566101,3.06256055831909,7.82768630981445,2.5732045173645,0.0199999995529652,50.0729904174805,0,0,"495155281126144",10,"MBB",0,0,0,0,0
"MBB_BAU",2034,30.2474479675293,16.5304355621338,6.52111768722534,2.60238909721375,6.87588977813721,9.5991382598877,3.00656890869141,0.0199999995529652,58.8725509643555,0,0,"495155281126144",15,"MBB",0,0,0,0,0
"MBB_BAU",2039,30.7981090545654,16.3950138092041,6.99270582199097,3.01446008682251,5.4665265083313,13.2234649658203,3.08776259422302,0.0199999995529652,62.60302734375,0,0,"495155281126144",20,"MBB",0,0,0,0,0
"MBB_BAU",2044,31.823902130127,16.3439044952393,7.55070400238037,3.30316352844238,4.63474130630493,14.3298377990723,3.23515915870667,0.0199999995529652,64.8975143432617,0,0,"495155281126144",25,"MBB",0,0,0,0,0
"MBB_GROW",2019,21.5673370361328,14.9022636413574,4.74750328063965,0.250214427709579,0.509770691394806,3.875,2.90450000762939,0.0199999995529652,33.874324798584,0,0,"495155281126144",0,"MBB",0,0,0,0,0
"MBB_GROW",2024,27.609188079834,18.5305213928223,5.77953863143921,0.292579233646393,0.636354327201843,3.12025308609009,2.24204802513123,0.0199999995529652,39.6999588012695,0,0,"495155281126144",5,"MBB",0,0,0,0,0
"MBB_GROW",2029,32.1384735107422,20.7840576171875,6.85662889480591,0.600365698337555,2.07376408576965,4.8944206237793,2.57687425613403,0.0199999995529652,49.1605262756348,0,0,"495155281126144",10,"MBB",0,0,0,0,0
"MBB_GROW",2034,35.7663803100586,21.9529037475586,7.85080051422119,0.987718999385834,3.11857414245605,6.07365560531616,2.93012547492981,0.0199999995529652,56.747257232666,0,0,"495155281126144",15,"MBB",0,0,0,0,0
"MBB_GROW",2039,36.7275314331055,22.0946407318115,8.2894926071167,1.55485498905182,4.36084651947021,7.75840520858765,3.12994074821472,0.0199999995529652,61.8410720825195,0,0,"495155281126144",20,"MBB",0,0,0,0,0
"MBB_GROW",2044,37.4313468933105,22.4009857177734,8.62357234954834,1.952721118927,4.06806373596191,9.56198883056641,3.26897430419922,0.0199999995529652,64.9266738891602,0,0,"495155281126144",25,"MBB",0,0,0,0,0
"MBB_BAU",2019,28.9431304931641,18.9372520446777,6.89088106155396,2.00568127632141,0.466830044984818,6.02599048614502,3.04731011390686,0.0199999995529652,47.3998222351074,5.24673271179199,0,"495155299126144",0,"MBB",0.318771082564812,0,0.800187214060494,0,1.11895829662531
"MBB_BAU",2024,32.6822662353516,20.4844760894775,7.39502286911011,2.28109169006348,0.993818402290344,5.03336715698242,2.59519553184509,0.0199999995529652,51.0007629394531,1.4506026506424,0,"495155299126144",5,"MBB",0.0841123883563532,0,0.223119768571293,0,0.307232156927646
"MBB_BAU",2029,36.7928237915039,22.2580718994141,8.44980907440186,2.138179063797,1.80794203281403,7.02046537399292,2.84908699989319,0.0199999995529652,59.0783081054688,0,0,"495155299126144",10,"MBB",0,0,0,0,0
"MBB_BAU",2034,37.5173721313477,22.7945823669434,8.69467258453369,2.61959409713745,4.69494152069092,7.65469264984131,3.17505741119385,0.0199999995529652,64.3763275146484,0,0,"495155299126144",15,"MBB",0,0,0,0,0
"MBB_BAU",2039,38.0695724487305,23.2537708282471,8.94202518463135,2.77208662033081,3.80584287643433,9.45736503601074,3.23884010314941,0.0199999995529652,66.3057250976562,0,0,"495155299126144",20,"MBB",0,0,0,0,0
"MBB_BAU",2044,38.9205436706543,23.9897899627686,9.20427131652832,2.85584235191345,3.04085159301758,9.93827438354492,3.36028170585632,0.0199999995529652,67.3400650024414,0.213071048259735,0,"495155299126144",25,"MBB",0.0112625765715516,0,0.0327569411763383,0,0.0440195177478899
"MBB_GROW",2019,36.5338363647461,24.1839828491211,8.74499416351318,0.15157125890255,0.466830044984818,3.87500047683716,2.90450024604797,0.0199999995529652,52.6967315673828,0,0,"495155299126144",0,"MBB",0,0,0,0,0
"MBB_GROW",2024,42.4176445007324,27.330228805542,9.79692363739014,0.334884375333786,1.25778865814209,3.18550491333008,2.76955127716064,0.0199999995529652,59.782299041748,0,0,"495155299126144",5,"MBB",0,0,0,0,0
"MBB_GROW",2029,44.3546752929688,28.342981338501,10.3713493347168,0.933123707771301,3.6278862953186,6.04793691635132,3.11528491973877,0.0199999995529652,68.4702529907227,0,0,"495155299126144",10,"MBB",0,0,0,0,0
"MBB_GROW",2034,45.1310195922852,28.6861476898193,10.7244663238525,1.6314731836319,5.05111122131348,7.89179992675781,3.3397707939148,0.0199999995529652,73.7896270751953,0,0,"495155299126144",15,"MBB",0,0,0,0,0
"MBB_GROW",2039,45.8987045288086,29.3040561676025,10.9866857528687,2.02842903137207,4.3397855758667,9.68087387084961,3.45703411102295,0.0199999995529652,76.411506652832,0,0,"495155299126144",20,"MBB",0,0,0,0,0
"MBB_GROW",2044,47.5320739746094,30.6583786010742,11.4834537506104,2.19553065299988,3.42807722091675,10.2791614532471,3.59463977813721,0.0199999995529652,78.5329360961914,0,0,"495155299126144",25,"MBB",0,0,0,0,0
"MBB_BAU",2019,29.6918640136719,19.7554244995117,7.22825384140015,1.46277821063995,0,4.17377090454102,3.88155198097229,0.0199999995529652,46.4582214355469,4.16742181777954,0,"495155336126144",0,"MBB",0.240667496510497,0,0.609776270635762,0,0.850443767146259
"MBB_BAU",2024,32.0298843383789,20.636510848999,7.33431100845337,2.02604484558105,0.776423335075378,3.75000143051147,3.26769280433655,0.0199999995529652,49.2043609619141,2.00378751754761,0,"495155336126144",5,"MBB",0.12447453848711,0,0.28755423231152,0,0.41202877079863
"MBB_BAU",2029,35.4653282165527,22.3683700561523,7.97343349456787,2.23451685905457,2.52555847167969,5.67110395431519,3.45537114143372,0.0199999995529652,57.3453140258789,0.417403876781464,0,"495155336126144",10,"MBB",0.0333630078098638,0,0.0552165023016529,0,0.0885795101115167
"MBB_BAU",2034,38.6469192504883,23.1997680664062,8.83464813232422,2.59928059577942,4.55834102630615,6.72870063781738,3.7216305732727,0.0199999995529652,65.1095199584961,0,0,"495155336126144",15,"MBB",0,0,0,0,0
"MBB_BAU",2039,37.991886138916,22.2828273773193,8.97390556335449,3.37740588188171,6.97705554962158,8.99555587768555,3.91502285003662,0.0199999995529652,70.2508239746094,0,0,"495155336126144",20,"MBB",0,0,0,0,0
"MBB_BAU",2044,38.9775772094727,22.5176887512207,9.46628665924072,3.75256514549255,5.93915939331055,11.6697072982788,4.01662921905518,0.0199999995529652,73.8419189453125,0,0,"495155336126144",25,"MBB",0,0,0,0,0
"MBB_GROW",2019,35.5883941650391,23.9228439331055,8.69103050231934,0,0,2.59500026702881,3.77030062675476,0.0199999995529652,50.6647300720215,0,0,"495155336126144",0,"MBB",0,0,0,0,0
"MBB_GROW",2024,22.134786605835,14.8877763748169,4.7392144203186,4.57809209823608,17.0160102844238,2.10129618644714,3.382080078125,0.0749999955296516,54.0264778137207,0,0,"495155336126144",5,"MBB",0,0,0,0,0
"MBB_GROW",2029,23.3805084228516,15.4123601913452,4.93246173858643,4.40929174423218,9.51116275787354,10.3238735198975,3.04330658912659,0.0749999955296516,55.6756019592285,0,0,"495155336126144",10,"MBB",0,0,0,0,0
"MBB_GROW",2034,26.7658615112305,16.972412109375,5.77137088775635,3.81192636489868,6.22691011428833,11.0249862670898,3.19583058357239,0.0199999995529652,56.8168869018555,0,0,"495155336126144",15,"MBB",0,0,0,0,0
"MBB_GROW",2039,30.3608894348145,18.6994342803955,6.74278831481934,3.28540396690369,4.55334758758545,10.611457824707,3.39783239364624,0.0199999995529652,58.9717178344727,0,0,"495155336126144",20,"MBB",0,0,0,0,0
"MBB_GROW",2044,33.5765762329102,20.2154331207275,7.60882472991943,2.83283853530884,2.84079217910767,10.5169591903687,3.62014508247375,0.0199999995529652,61.0161399841309,0,0,"495155336126144",25,"MBB",0,0,0,0,0
"MBB_BAU",2019,18.2271289825439,12.496958732605,3.79192018508911,1.32087171077728,6.40576505661011,2.59500026702881,3.77029991149902,1.43999993801117,37.5509872436523,0,0,"495155347126144",0,"MBB",0,0,0,0,0
"MBB_BAU",2024,22.1844902038574,14.4412660598755,4.60133504867554,1.10014688968658,3.22531175613403,4.56781911849976,2.76343464851379,1.58000004291534,40.0225410461426,0,0,"495155347126144",5,"MBB",0,0,0,0,0
"MBB_BAU",2029,26.7526550292969,16.5703887939453,5.63857126235962,0.940628409385681,0.606730341911316,6.64249515533447,2.99886727333069,1.82000005245209,45.3999481201172,0,0,"495155347126144",10,"MBB",0,0,0,0,0
"MBB_BAU",2034,30.2897872924805,17.8799686431885,6.56558990478516,1.02101731300354,1.23091387748718,6.1273021697998,3.23635077476501,2.16000008583069,50.6309623718262,0,0,"495155347126144",15,"MBB",0,0,0,0,0
"MBB_BAU",2039,33.4301910400391,19.3085803985596,7.457594871521,1.07053327560425,1.22449088096619,6.57936811447144,3.4364447593689,2.16000008583069,55.3586235046387,0,0,"495155347126144",20,"MBB",0,0,0,0,0
"MBB_BAU",2044,37.7804908752441,21.4779300689697,8.51188468933105,1.14516389369965,1.31510841846466,7.11440753936768,3.63938927650452,2.16000008583069,61.6664428710938,0,0,"495155347126144",25,"MBB",0,0,0,0,0
"MBB_GROW",2019,18.2271289825439,12.496958732605,3.79192018508911,1.32087171077728,6.40576505661011,2.59500026702881,3.77029991149902,1.43999993801117,37.5509872436523,0,0,"495155347126144",0,"MBB",0,0,0,0,0
"MBB_GROW",2024,8.5110445022583,5.43208360671997,1.69514191150665,3.57702565193176,14.7958288192749,4.56781911849976,2.76343464851379,1.58000004291534,37.4902954101562,0,0,"495155347126144",5,"MBB",0,0,0,0,0
"MBB_GROW",2029,8.06523704528809,4.93204927444458,1.61460447311401,3.33504199981689,5.84644889831543,11.9387397766113,2.57978796958923,1.82000005245209,35.1998596191406,0,0,"495155347126144",10,"MBB",0,0,0,0,0
"MBB_GROW",2034,9.50619316101074,5.66016006469727,1.95549404621124,2.78501224517822,1.5187201499939,11.886646270752,2.6381618976593,2.16000008583069,32.4502296447754,0,0,"495155347126144",15,"MBB",0,0,0,0,0
"MBB_GROW",2039,11.374249458313,6.68747568130493,2.39969348907471,2.28056216239929,0.359396457672119,9.35903739929199,2.74325489997864,2.16000008583069,30.6761932373047,0,0,"495155347126144",20,"MBB",0,0,0,0,0
"MBB_GROW",2044,13.167911529541,7.74592065811157,2.84356832504272,1.86749041080475,0.163855478167534,6.99958324432373,2.84922456741333,2.16000008583069,30.0516338348389,0,0,"495155347126144",25,"MBB",0,0,0,0,0
"MBB_BAU",2019,28.1719608306885,20.1144847869873,6.36471128463745,3.27638077735901,0.455998420715332,5.94273662567139,4.00564908981323,0.0199999995529652,48.2374382019043,9.91609477996826,0,"495155369126144",0,"MBB",0.551181743140356,0,1.55307878034809,0,2.10426052348844
"MBB_BAU",2024,31.9417877197266,22.4501266479492,7.00401163101196,2.69013500213623,0.297146081924438,4.28628635406494,3.07215332984924,0.0199999995529652,49.3115234375,0,0,"495155369126144",5,"MBB",0,0,0,0,0
"MBB_BAU",2029,30.2841510772705,20.3898315429688,6.59442234039307,3.61738657951355,0.322445750236511,5.93728160858154,3.399245262146,0.0199999995529652,50.174934387207,4.54849863052368,0,"495155369126144",10,"MBB",0.218770461428017,0,0.73777864688626,0,0.956549108314277
"MBB_BAU",2034,34.6300659179688,21.8585758209229,7.69977283477783,3.10583281517029,0.994405508041382,4.9987211227417,3.42561292648315,0.0199999995529652,54.8744087219238,0,0,"495155369126144",15,"MBB",0,0,0,0,0
"MBB_BAU",2039,38.7967376708984,23.3718318939209,8.81944465637207,2.71328592300415,1.13974547386169,5.19531774520874,3.65457892417908,0.0199999995529652,60.3391075134277,0,0,"495155369126144",20,"MBB",0,0,0,0,0
"MBB_BAU",2044,42.0013198852539,24.5657749176025,9.74179935455322,2.5427610874176,1.6901867389679,5.8233790397644,3.90024781227112,0.0199999995529652,65.7196960449219,0,0,"495155369126144",25,"MBB",0,0,0,0,0
"MBB_GROW",2019,41.7538299560547,30.0305786132812,9.45603656768799,0.185057669878006,0.455998420715332,2.59499979019165,3.77029991149902,0.0199999995529652,58.2362251281738,0,0,"495155369126144",0,"MBB",0,0,0,0,0
"MBB_GROW",2024,12.1843900680542,8.23567962646484,2.64042925834656,7.25914669036865,31.3906192779541,2.40232515335083,3.42362499237061,0.0199999995529652,59.3205375671387,0,0,"495155369126144",5,"MBB",0,0,0,0,0
"MBB_GROW",2029,8.89114284515381,5.45783615112305,1.94135415554047,7.0064811706543,16.5801219940186,17.2766342163086,2.76525139808655,0.0199999995529652,54.4809875488281,0,0,"495155369126144",10,"MBB",0,0,0,0,0
"MBB_GROW",2034,10.4411134719849,5.68859720230103,2.40909123420715,5.84911966323853,4.69512605667114,21.59739112854,2.82599020004272,0.0199999995529652,47.837833404541,0,0,"495155369126144",15,"MBB",0,0,0,0,0
"MBB_GROW",2039,12.6567249298096,6.40067195892334,3.07322883605957,4.75990009307861,0.919968366622925,17.9771747589111,3.01169109344482,0.0199999995529652,42.4186897277832,0,0,"495155369126144",20,"MBB",0,0,0,0,0
"MBB_GROW",2044,16.8802642822266,9.06454944610596,3.9060697555542,3.86135411262512,0.262185633182526,13.3302917480469,3.19879674911499,0.0199999995529652,41.4589653015137,0,0,"495155369126144",25,"MBB",0,0,0,0,0
"MBB_BAU",2018,22.476448059082,15.2883853912354,4.7013692855835,1.82517862319946,1.12700855731964,4.48270893096924,3.89754557609558,0.0199999995529652,38.5302619934082,5.81995439529419,0,"503670426126144",0,"MBB",0.414012866825407,0,0.936614894517868,0,1.35062776134327
"MBB_BAU",2023,26.873477935791,17.9485836029053,5.50887012481689,1.53154444694519,0.681648910045624,3.69741106033325,2.86243224143982,0.0199999995529652,41.1753807067871,0,0,"503670426126144",5,"MBB",0,0,0,0,0
"MBB_BAU",2028,31.2952461242676,19.9556350708008,6.51805782318115,1.53149878978729,0.514491856098175,4.6384334564209,3.12188768386841,0.0199999995529652,47.6396179199219,0.742447257041931,0,"503670426126144",10,"MBB",0.039125399736154,0,0.128442064626878,0,0.167567464363032
"MBB_BAU",2033,35.3420677185059,21.4866466522217,7.59714937210083,1.62179565429688,1.97485327720642,4.65188837051392,3.3580858707428,0.0199999995529652,54.5658416748047,0,0,"503670426126144",15,"MBB",0,0,0,0,0
"MBB_BAU",2038,39.0339279174805,22.6850185394287,8.65140056610107,1.65193653106689,1.92579591274261,5.76884937286377,3.57736802101135,0.0199999995529652,60.629280090332,0,0,"503670426126144",20,"MBB",0,0,0,0,0
"MBB_BAU",2043,42.2198524475098,24.4235458374023,9.70854663848877,1.88958609104156,2.76665878295898,6.77999639511108,3.81252479553223,0.0199999995529652,67.1971588134766,0,0,"503670426126144",25,"MBB",0,0,0,0,0
"MBB_GROW",2018,30.3560676574707,21.108341217041,6.34810638427734,0.178441822528839,1.12700855731964,2.59500026702881,3.7703001499176,0.0199999995529652,44.3949279785156,0,0,"503670426126144",0,"MBB",0,0,0,0,0
"MBB_GROW",2023,19.5355758666992,12.5928354263306,3.90316319465637,3.23329186439514,14.7760028839111,2.63683176040649,3.05199289321899,0.0199999995529652,47.1568641662598,0,0,"503670426126144",5,"MBB",0,0,0,0,0
"MBB_GROW",2028,21.5201511383057,12.8650541305542,4.3916654586792,3.166672706604,7.5796160697937,10.4795360565186,2.91827392578125,0.0199999995529652,50.0759162902832,0,0,"503670426126144",10,"MBB",0,0,0,0,0
"MBB_GROW",2033,25.8275451660156,14.5042524337769,5.45383501052856,2.66275310516357,1.79964804649353,12.8867378234863,3.11493110656738,0.0199999995529652,51.7654495239258,0,0,"503670426126144",15,"MBB",0,0,0,0,0
"MBB_GROW",2038,28.9702472686768,15.7401781082153,6.34095287322998,2.42626047134399,1.57889306545258,11.3927421569824,3.3644073009491,0.0199999995529652,54.0935020446777,0,0,"503670426126144",20,"MBB",0,0,0,0,0
"MBB_GROW",2043,32.0276947021484,17.7279624938965,7.24422454833984,2.26346492767334,1.63365232944489,10.2790594100952,3.57926416397095,0.0199999995529652,57.04736328125,0,0,"503670426126144",25,"MBB",0,0,0,0,0
"MBB_BAU",2018,23.5502300262451,15.7070589065552,5.41620302200317,1.72130393981934,0.228403657674789,5.74599456787109,3.02971529960632,0.0199999995529652,39.7118530273438,5.12672662734985,0,"503670512126144",0,"MBB",0.27626122007966,0,0.937837854304305,0,1.21409907438396
"MBB_BAU",2023,28.8826522827148,18.1507987976074,6.41817617416382,2.0779550075531,0.281329751014709,4.86385726928711,2.37580132484436,0.0199999995529652,44.9197692871094,1.97333061695099,0,"503670512126144",5,"MBB",0.113183389210207,0,0.358861333487183,0,0.47204472269739
"MBB_BAU",2028,34.6819267272949,21.0485782623291,7.93023872375488,1.99756944179535,1.55591762065887,6.51473665237427,2.690842628479,0.0199999995529652,55.3912315368652,0,0,"503670512126144",10,"MBB",0,0,0,0,0
"MBB_BAU",2033,38.6037979125977,22.9840908050537,9.19987106323242,2.43329071998596,3.90801954269409,7.33870935440063,3.07826232910156,0.0199999995529652,64.5819549560547,0,0,"503670512126144",15,"MBB",0,0,0,0,0
"MBB_BAU",2038,41.3308296203613,24.8457221984863,9.91208076477051,2.86605477333069,4.2710108757019,9.3387393951416,3.28898358345032,0.0199999995529652,71.027702331543,0,0,"503670512126144",20,"MBB",0,0,0,0,0
"MBB_BAU",2043,43.6482467651367,26.61838722229,10.6173963546753,3.22423338890076,4.32422828674316,10.6771869659424,3.47029972076416,0.0199999995529652,75.9815902709961,0,0,"503670512126144",25,"MBB",0,0,0,0,0
"MBB_GROW",2018,30.7171611785889,20.8337841033936,7.04331398010254,0.0941926091909409,0.228403657674789,3.87500047683716,2.90450024604797,0.0199999995529652,44.8825721740723,0,0,"503670512126144",0,"MBB",0,0,0,0,0
"MBB_GROW",2023,31.7760200500488,20.4167671203613,7.28420972824097,1.57844746112823,7.05455350875854,3.0755124092102,2.51383566856384,0.0199999995529652,53.3025817871094,0,0,"503670512126144",5,"MBB",0,0,0,0,0
"MBB_GROW",2028,37.6811027526855,23.5639343261719,8.90502071380615,1.64223253726959,4.14977264404297,8.29176807403564,2.76381993293762,0.0199999995529652,63.4537162780762,0,0,"503670512126144",10,"MBB",0,0,0,0,0
"MBB_GROW",2033,43.0425453186035,26.2469577789307,10.4886837005615,1.76466965675354,2.67499923706055,10.0040893554688,3.15144991874695,0.0199999995529652,71.1464309692383,0,0,"503670512126144",15,"MBB",0,0,0,0,0
"MBB_GROW",2038,44.0687789916992,26.9501800537109,10.9339332580566,2.3720805644989,4.19914770126343,10.5199737548828,3.45749092102051,0.0199999995529652,75.5713958740234,0,0,"503670512126144",20,"MBB",0,0,0,0,0
"MBB_GROW",2043,47.2647094726562,29.5726184844971,11.7052421569824,2.70408964157104,3.78061199188232,11.3685836791992,3.6175479888916,0.0199999995529652,80.4607772827148,0,0,"503670512126144",25,"MBB",0,0,0,0,0
"MBB_BAU",2018,23.6634006500244,16.5682201385498,4.9815526008606,1.77005219459534,0.407998025417328,5.76187801361084,3.02399015426636,0.0199999995529652,39.6288719177246,5.42226934432983,0,"503670553126144",0,"MBB",0.568739509238303,0,0.687050285479352,0,1.25578979471765
"MBB_BAU",2023,25.4178047180176,17.3042793273926,5.34610366821289,2.85544657707214,0.103162690997124,5.91958904266357,2.3279504776001,0.0199999995529652,41.9900550842285,4.70988130569458,0,"503670553126144",5,"MBB",0.44618859352237,0,0.632470691560306,0,1.07865928508268
"MBB_BAU",2028,29.3774948120117,19.6113300323486,6.4430718421936,3.06682133674622,0.0818278193473816,6.95203065872192,2.45558977127075,0.0199999995529652,48.3968391418457,2.44567537307739,0,"503670553126144",10,"MBB",0.183435411065338,0,0.359444702042932,0,0.542880113108271
"MBB_BAU",2033,35.0865058898926,22.7053203582764,8.03470039367676,2.71725416183472,0.604949951171875,6.08973026275635,2.67354130744934,0.0199999995529652,55.2266845703125,0.377290546894073,0,"503670553126144",15,"MBB",0.0250085646992404,0,0.0574490723321763,0,0.0824576370314166
"MBB_BAU",2038,40.5375442504883,25.7817306518555,9.58198642730713,2.33558344841003,0.682997524738312,5.94166040420532,2.92770051956177,0.0199999995529652,62.027473449707,0,0,"503670553126144",20,"MBB",0,0,0,0,0
"MBB_BAU",2043,45.662712097168,28.732946395874,11.0497398376465,2.03863644599915,0.680029690265656,6.02612209320068,3.19922924041748,0.0199999995529652,68.6764678955078,0,0,"503670553126144",25,"MBB",0,0,0,0,0
"MBB_GROW",2018,31.1340198516846,21.9904880523682,6.56310415267944,0.188500002026558,0.407998025417328,3.875,2.90450000762939,0.0199999995529652,45.0931205749512,0,0,"503670553126144",0,"MBB",0,0,0,0,0
"MBB_GROW",2023,40.1310844421387,28.0339584350586,8.57237243652344,0.259074836969376,0.593911707401276,3.16814970970154,2.39982891082764,0.0199999995529652,55.1444206237793,0,0,"503670553126144",5,"MBB",0,0,0,0,0
"MBB_GROW",2028,48.6015243530273,33.8412055969238,10.7404479980469,0.378767818212509,0.879397392272949,4.76237010955811,2.76296854019165,0.0199999995529652,68.1454772949219,0,0,"503670553126144",10,"MBB",0,0,0,0,0
"MBB_GROW",2033,56.5124969482422,38.7600631713867,12.850266456604,0.523557901382446,1.12344264984131,5.21554851531982,3.14893937110901,0.0199999995529652,79.3942489624023,0,0,"503670553126144",15,"MBB",0,0,0,0,0
"MBB_GROW",2038,63.0479049682617,43.1859245300293,14.6420602798462,0.872500658035278,2.06728625297546,6.10253620147705,3.49326109886169,0.0199999995529652,90.2455444335938,0,0,"503670553126144",20,"MBB",0,0,0,0,0
"MBB_GROW",2043,65.5378265380859,45.5105133056641,15.4156131744385,1.80911874771118,4.77137613296509,7.37120723724365,3.81749558448792,0.0199999995529652,98.7426376342773,0,0,"503670553126144",25,"MBB",0,0,0,0,0
"MBB_BAU",2019,24.2899932861328,17.1230354309082,4.82615804672241,1.43125343322754,0,5.50535297393799,3.01392126083374,0.0199999995529652,39.0866775512695,5.68545532226562,0,"503670756126144",0,"MBB",0.262732525974461,0,0.967377595217308,0,1.23011012119177
"MBB_BAU",2024,28.2722969055176,19.5015392303467,5.58919477462769,1.20031726360321,0.267777979373932,3.83517646789551,2.23312282562256,0.0199999995529652,41.4178886413574,0,0,"503670756126144",5,"MBB",0,0,0,0,0
"MBB_BAU",2029,33.4404335021973,21.9242153167725,6.75948762893677,1.08812940120697,0.538288950920105,4.37445068359375,2.47926259040833,0.0199999995529652,48.7000541687012,0.143728539347649,0,"503670756126144",10,"MBB",0.00508671154278208,0,0.0258934968757844,0,0.0309802084185665
"MBB_BAU",2034,37.9279441833496,23.4634265899658,7.96023416519165,1.1482617855072,1.57910108566284,4.59788703918457,2.76495718955994,0.0199999995529652,55.9983901977539,0,0,"503670756126144",15,"MBB",0,0,0,0,0
"MBB_BAU",2039,41.8815155029297,25.2600936889648,8.89412689208984,1.31876027584076,2.25802707672119,5.94395971298218,3.01598501205444,0.0199999995529652,63.3323707580566,0,0,"503670756126144",20,"MBB",0,0,0,0,0
"MBB_BAU",2044,42.6331100463867,25.6601295471191,9.26644802093506,1.95743882656097,4.53403377532959,7.49217796325684,3.24263381958008,0.0199999995529652,69.1458435058594,0,0,"503670756126144",25,"MBB",0,0,0,0,0
"MBB_GROW",2019,31.7536697387695,22.8084945678711,6.25741100311279,0,0,3.875,2.90450024604797,0.0199999995529652,44.8105812072754,0,0,"503670756126144",0,"MBB",0,0,0,0,0
"MBB_GROW",2024,28.099063873291,19.7117118835449,5.71763467788696,1.31318473815918,7.54568719863892,2.88386011123657,2.39661026000977,0.0199999995529652,47.9760437011719,0,0,"503670756126144",5,"MBB",0,0,0,0,0
"MBB_GROW",2029,32.6947898864746,22.1165046691895,6.80272483825684,1.14123117923737,2.52665424346924,7.17085695266724,2.46346926689148,0.0199999995529652,52.8197250366211,0,0,"503670756126144",10,"MBB",0,0,0,0,0
"MBB_GROW",2034,37.0724563598633,24.1215362548828,7.92316293716431,1.08218574523926,0.999215602874756,7.47715091705322,2.72476625442505,0.0199999995529652,57.2989349365234,0,0,"503670756126144",15,"MBB",0,0,0,0,0
"MBB_GROW",2039,41.3559417724609,26.3119049072266,9.01897811889648,1.09217858314514,1.16679072380066,6.98688077926636,2.96867513656616,0.0199999995529652,62.6094436645508,0,0,"503670756126144",20,"MBB",0,0,0,0,0
"MBB_GROW",2044,44.9637222290039,28.1499099731445,10.0252571105957,1.1022572517395,1.17355966567993,6.93678426742554,3.21084856987,0.0199999995529652,67.4324264526367,0,0,"503670756126144",25,"MBB",0,0,0,0,0
"MBB_BAU",2018,26.3704643249512,18.2704277038574,6.15562629699707,4.82138204574585,6.4655556678772,7.57819128036499,3.1500391960144,0.0199999995529652,54.5612602233887,9.62072372436523,0,"503670802126144",0,"MBB",0.481791564849295,0,1.58569677707069,0,2.06748834191999
"MBB_BAU",2023,20.0419731140137,13.7371826171875,4.60878419876099,6.17792367935181,3.24090456962585,10.5842275619507,2.53476595878601,0.0199999995529652,47.2085800170898,6.78757953643799,0,"503670802126144",5,"MBB",0.371701018923698,0,1.09968600896426,0,1.47138702788796
"MBB_BAU",2028,22.7501564025879,15.488842010498,5.22962331771851,5.01805782318115,0.545313239097595,9.91499900817871,2.28895926475525,0.0199999995529652,45.7671127319336,0,0,"503670802126144",10,"MBB",0,0,0,0,0
"MBB_BAU",2033,25.5352172851562,17.1986103057861,5.89746236801147,4.09388446807861,0.31102055311203,7.55498218536377,2.44599270820618,0.0199999995529652,45.8585586547852,0,0,"503670802126144",15,"MBB",0,0,0,0,0
"MBB_BAU",2038,21.8866806030273,14.3613328933716,5.11573839187622,4.86858129501343,0.361641228199005,7.55266237258911,2.71250796318054,0.0199999995529652,42.5178108215332,4.67790412902832,0,"503670802126144",20,"MBB",0.178433167336966,0,0.815173516232389,0,0.993606683569355
"MBB_BAU",2043,24.5404014587402,16.1821212768555,5.70644664764404,3.97686505317688,0.338076233863831,5.85976409912109,2.58241605758667,0.0199999995529652,43.0239677429199,0,0,"503670802126144",25,"MBB",0,0,0,0,0
"MBB_GROW",2018,40.0261878967285,27.8911552429199,9.36387729644775,1.61313283443451,6.4655556678772,3.87500023841858,2.90450024604797,0.0199999995529652,64.2682571411133,0,0,"503670802126144",0,"MBB",0,0,0,0,0
"MBB_GROW",2023,40.5591163635254,28.1657905578613,9.38998413085938,2.17307448387146,6.73591041564941,5.83292293548584,2.73123836517334,0.0199999995529652,67.4422454833984,0,0,"503670802126144",5,"MBB",0,0,0,0,0
"MBB_GROW",2028,43.998592376709,30.487003326416,10.179726600647,2.02055239677429,2.78819513320923,9.05500030517578,2.85498595237732,0.0199999995529652,70.9170532226562,0,0,"503670802126144",10,"MBB",0,0,0,0,0
"MBB_GROW",2033,48.4261665344238,33.5322265625,11.247612953186,1.83444380760193,1.43417954444885,8.93296051025391,3.06676626205444,0.0199999995529652,74.9621276855469,0,0,"503670802126144",15,"MBB",0,0,0,0,0
"MBB_GROW",2038,52.2437973022461,36.192440032959,12.1496391296387,1.66861081123352,1.16958606243134,8.03472518920898,3.30857133865356,0.0199999995529652,78.5949249267578,0,0,"503670802126144",20,"MBB",0,0,0,0,0
"MBB_GROW",2043,56.3066291809082,39.0074577331543,13.160397529602,1.53787446022034,1.15317392349243,7.30788993835449,3.53226733207703,0.0199999995529652,83.0182266235352,0,0,"503670802126144",25,"MBB",0,0,0,0,0
"MBB_BAU",2018,30.6512565612793,20.7410335540771,7.18994092941284,3.5594367980957,2.3641152381897,6.58197212219238,3.08717060089111,0.0199999995529652,53.4538917541504,7.98642826080322,0,"503670839126144",0,"MBB",0.431463927723176,0,1.48821514619728,0,1.91967907392045
"MBB_BAU",2023,27.8273754119873,18.4544067382812,6.45901823043823,4.58799886703491,1.72895348072052,7.37388610839844,2.62436175346375,0.0199999995529652,50.6215934753418,5.16896104812622,0,"503670839126144",5,"MBB",0.290382991610793,0,0.951147987329987,0,1.24153097894078
"MBB_BAU",2028,28.0175743103027,18.2361736297607,6.60200357437134,4.61054706573486,0.869169235229492,7.7413911819458,2.5750949382782,0.0199999995529652,50.4357795715332,2.61299061775208,0,"503670839126144",10,"MBB",0.146039978987115,0,0.479980810141983,0,0.626020789129098
"MBB_BAU",2033,30.3240833282471,19.5417366027832,7.23968410491943,4.09912157058716,0.567656993865967,6.83444595336914,2.64432168006897,0.0199999995529652,51.7293128967285,0.912140369415283,0,"503670839126144",15,"MBB",0.0391446364545767,0,0.174644789758131,0,0.213789426212708
"MBB_BAU",2038,35.1660270690918,23.0247917175293,8.24069118499756,3.40968942642212,0.574817836284637,5.74657249450684,2.78397369384766,0.0199999995529652,55.9417762756348,0,0,"503670839126144",20,"MBB",0,0,0,0,0
"MBB_BAU",2043,32.6777839660645,21.295072555542,7.59668397903442,4.78434133529663,0.589762210845947,7.28853225708008,3.13233804702759,0.0199999995529652,56.0894432067871,5.84741926193237,0,"503670839126144",25,"MBB",0.461059660477543,0,0.938001364314173,0,1.39906102479172
"MBB_GROW",2018,41.5915069580078,28.7274627685547,9.63745021820068,1.11192691326141,2.3641152381897,3.87499976158142,2.90450000762939,0.0199999995529652,61.5045013427734,0,0,"503670839126144",0,"MBB",0,0,0,0,0
"MBB_GROW",2023,46.4230461120605,32.0509643554688,10.6106653213501,1.07299399375916,1.96354830265045,4.02925395965576,2.77831196784973,0.0199999995529652,66.8978118896484,0,0,"503670839126144",5,"MBB",0,0,0,0,0
"MBB_GROW",2028,49.8190307617188,34.3530921936035,11.5098028182983,1.14802980422974,1.74659717082977,5.27218818664551,2.99059510231018,0.0199999995529652,72.5062408447266,0,0,"503670839126144",10,"MBB",0,0,0,0,0
"MBB_GROW",2033,53.6142120361328,36.8752098083496,12.4410829544067,1.22318458557129,1.66571688652039,6.00732421875,3.20462369918823,0.0199999995529652,78.176139831543,0,0,"503670839126144",15,"MBB",0,0,0,0,0
"MBB_GROW",2038,57.9771728515625,40.1063041687012,13.3645277023315,1.25374937057495,1.57369589805603,6.45748424530029,3.4306263923645,0.0199999995529652,84.0772399902344,0,0,"503670839126144",20,"MBB",0,0,0,0,0
"MBB_GROW",2043,61.2876510620117,42.5126571655273,14.079213142395,1.23566484451294,1.3825010061264,6.74429893493652,3.66218137741089,0.0199999995529652,88.411506652832,0,0,"503670839126144",25,"MBB",0,0,0,0,0
"MBB_BAU",2019,28.2947731018066,10.8896522521973,6.96679067611694,0.131420955061913,0.0392862744629383,3.875,2.90450000762939,0.560000002384186,42.7717704772949,0,0,"523737932126144",0,"MBB",0,0,0,0,0
"MBB_BAU",2024,31.9530639648438,13.3852109909058,7.48047828674316,0.466139882802963,1.52594256401062,3.23950052261353,2.43164873123169,0.699999988079071,47.7967758178711,0,0,"523737932126144",5,"MBB",0,0,0,0,0
"MBB_BAU",2029,35.2554473876953,15.8877124786377,8.11174774169922,0.786680281162262,1.80340719223022,6.66430950164795,2.55173778533936,0.939999997615814,56.1133308410645,0,0,"523737932126144",10,"MBB",0,0,0,0,0
"MBB_BAU",2034,38.970890045166,17.7293586730957,8.7620849609375,1.01307725906372,1.70836448669434,8.39987754821777,2.70259070396423,1.28000009059906,62.8368835449219,0,0,"523737932126144",15,"MBB",0,0,0,0,0
"MBB_BAU",2039,41.9945907592773,19.382905960083,9.23916053771973,1.33025312423706,2.36180925369263,9.58049392700195,2.85463857650757,1.28000009059906,68.6409454345703,0,0,"523737932126144",20,"MBB",0,0,0,0,0
"MBB_BAU",2044,44.1326217651367,21.4717540740967,9.52899265289307,1.7245409488678,3.06242609024048,10.8671722412109,2.99948287010193,1.28000009059906,73.5952377319336,0,0,"523737932126144",25,"MBB",0,0,0,0,0
"MBB_GROW",2019,28.2947731018066,10.8896522521973,6.96679067611694,0.131420955061913,0.0392862744629383,3.875,2.90450000762939,0.560000002384186,42.7717704772949,0,0,"523737932126144",0,"MBB",0,0,0,0,0
"MBB_GROW",2024,31.9530639648438,13.3852109909058,7.48047828674316,0.466139882802963,1.52594256401062,3.23950052261353,2.43164873123169,0.699999988079071,47.7967758178711,0,0,"523737932126144",5,"MBB",0,0,0,0,0
"MBB_GROW",2029,35.2554473876953,15.8877124786377,8.11174774169922,0.786680281162262,1.80340719223022,6.66430950164795,2.55173778533936,0.939999997615814,56.1133308410645,0,0,"523737932126144",10,"MBB",0,0,0,0,0
"MBB_GROW",2034,38.970890045166,17.7293586730957,8.7620849609375,1.01307725906372,1.70836448669434,8.39987754821777,2.70259070396423,1.28000009059906,62.8368835449219,0,0,"523737932126144",15,"MBB",0,0,0,0,0
"MBB_GROW",2039,41.9945907592773,19.382905960083,9.23916053771973,1.33025312423706,2.36180925369263,9.58049392700195,2.85463857650757,1.28000009059906,68.6409454345703,0,0,"523737932126144",20,"MBB",0,0,0,0,0
"MBB_GROW",2044,44.1326217651367,21.4717540740967,9.52899265289307,1.7245409488678,3.06242609024048,10.8671722412109,2.99948287010193,1.28000009059906,73.5952377319336,0,0,"523737932126144",25,"MBB",0,0,0,0,0
"MBB_BAU",2019,13.3506002426147,8.43721199035645,3.45994901657104,0.466725468635559,1.97112357616425,2.92999982833862,2.81940007209778,0.560000002384186,25.5577983856201,0,0,"535844125126144",0,"MBB",0,0,0,0,0
"MBB_BAU",2024,15.8194751739502,10.0883092880249,3.94053101539612,0.392876267433167,0.527039527893066,3.22017192840576,1.84040403366089,0.699999988079071,26.4404983520508,0,0,"535844125126144",5,"MBB",0,0,0,0,0
"MBB_BAU",2029,18.6645622253418,12.1422662734985,4.55577182769775,0.336232274770737,0.0885399654507637,3.08055734634399,1.92328679561615,0.939999997615814,29.5889492034912,0,0,"535844125126144",10,"MBB",0,0,0,0,0
"MBB_BAU",2034,17.5637187957764,11.5542945861816,4.14263296127319,1.3245165348053,0.109244734048843,3.85085391998291,2.12357234954834,1.28000009059906,30.3945407867432,3.0524308681488,0,"535844125126144",15,"MBB",0.349316541034091,0.0254612056413219,0.339616752048497,0.0224848199349329,0.736879318658843
"MBB_BAU",2039,20.6175155639648,13.8600435256958,4.78984451293945,1.08629977703094,0.109120205044746,3.06960535049438,2.0241961479187,1.28000009059906,32.9765815734863,0,0,"535844125126144",20,"MBB",0,0,0,0,0
"MBB_BAU",2044,18.9820117950439,12.6974925994873,4.3581805229187,2.02567863464355,0.131355553865433,3.64647579193115,2.23243093490601,1.28000009059906,32.656135559082,3.47925901412964,0,"535844125126144",25,"MBB",0.373576515827104,0.0183045001721274,0.426397930619227,0.0374316722958133,0.855710618914272
"MBB_GROW",2019,13.3506002426147,8.43721199035645,3.45994901657104,0.466725468635559,1.97112357616425,2.92999982833862,2.81940007209778,0.560000002384186,25.5577983856201,0,0,"535844125126144",0,"MBB",0,0,0,0,0
"MBB_GROW",2024,15.8194751739502,10.0883092880249,3.94053101539612,0.392876267433167,0.527039527893066,3.22017192840576,1.84040403366089,0.699999988079071,26.4404983520508,0,0,"535844125126144",5,"MBB",0,0,0,0,0
"MBB_GROW",2029,18.6645622253418,12.1422662734985,4.55577182769775,0.336232274770737,0.0885399654507637,3.08055734634399,1.92328679561615,0.939999997615814,29.5889492034912,0,0,"535844125126144",10,"MBB",0,0,0,0,0
"MBB_GROW",2034,21.9230308532715,14.6067247390747,5.17319393157959,0.293955087661743,0.109244734048843,2.69013786315918,2.02603697776794,1.28000009059906,33.4956016540527,0,0,"535844125126144",15,"MBB",0,0,0,0,0
"MBB_GROW",2039,25.5341854095459,17.2992820739746,5.94236183166504,0.263280391693115,0.136638313531876,2.47732830047607,2.13228893280029,1.28000009059906,37.7660827636719,0,0,"535844125126144",20,"MBB",0,0,0,0,0
"MBB_GROW",2044,29.244909286499,19.9556617736816,6.73994493484497,0.298601746559143,0.414494395256042,2.4003210067749,2.25851368904114,1.28000009059906,42.6367874145508,0,0,"535844125126144",25,"MBB",0,0,0,0,0
"MBB_BAU",2018,25.0629558563232,17.3005352020264,5.63300466537476,0.11720260232687,0.499637007713318,2.59500002861023,3.77029991149902,0.560000002384186,38.2381019592285,0,0,"535844304126144",0,"MBB",0,0,0,0,0
"MBB_BAU",2023,29.3768329620361,19.9358730316162,6.36429738998413,0.130375936627388,0.293015331029892,2.25429534912109,2.97676658630371,0.699999988079071,42.0955810546875,0,0,"535844304126144",5,"MBB",0,0,0,0,0
"MBB_BAU",2028,28.9452972412109,18.652416229248,6.18096399307251,1.34788870811462,0.969616711139679,4.80552530288696,3.30398297309875,0.939999997615814,46.4932746887207,3.31256985664368,0,"535844304126144",10,"MBB",0.257247122995909,0,0.457944873646049,0,0.715191996641958
"MBB_BAU",2033,33.2753715515137,20.3392734527588,7.17579126358032,1.33141756057739,1.55727553367615,5.02547597885132,3.3657546043396,1.28000009059906,53.0110816955566,0,0,"535844304126144",15,"MBB",0,0,0,0,0
"MBB_BAU",2038,37.2566566467285,22.0490074157715,8.16451930999756,1.27928256988525,1.36882710456848,5.85609245300293,3.56002044677734,1.28000009059906,58.7653961181641,0,0,"535844304126144",20,"MBB",0,0,0,0,0
"MBB_BAU",2043,38.7503509521484,22.8221988677979,8.62715911865234,1.50658869743347,2.5069797039032,6.51298761367798,3.77423715591431,1.28000009059906,62.9583053588867,0,0,"535844304126144",25,"MBB",0,0,0,0,0
"MBB_GROW",2018,25.0629558563232,17.3005352020264,5.63300466537476,0.11720260232687,0.499637007713318,2.59500002861023,3.77029991149902,0.560000002384186,38.2381019592285,0,0,"535844304126144",0,"MBB",0,0,0,0,0
"MBB_GROW",2023,29.3075637817383,19.9071521759033,6.35628032684326,0.131215825676918,0.299261063337326,2.25429534912109,2.97676658630371,0.699999988079071,42.0253829956055,0,0,"535844304126144",5,"MBB",0,0,0,0,0
"MBB_GROW",2028,33.8137969970703,22.1884441375732,7.29447746276855,0.273475170135498,0.901155710220337,3.50903654098511,3.2148871421814,0.939999997615814,49.9468307495117,0,0,"535844304126144",10,"MBB",0,0,0,0,0
"MBB_GROW",2033,38.090461730957,23.8598556518555,8.282639503479,0.517539918422699,1.78235125541687,4.24157619476318,3.48861861228943,1.28000009059906,57.6831855773926,0,0,"535844304126144",15,"MBB",0,0,0,0,0
"MBB_GROW",2038,41.1256103515625,25.1287803649902,9.06268405914307,0.755455791950226,2.11733961105347,5.64448165893555,3.68527102470398,1.28000009059906,63.670841217041,0,0,"535844304126144",20,"MBB",0,0,0,0,0
"MBB_GROW",2043,42.8634719848633,26.1644668579102,9.57516670227051,1.16162765026093,3.09348583221436,6.83003759384155,3.87356734275818,1.28000009059906,68.6773529052734,0,0,"535844304126144",25,"MBB",0,0,0,0,0
"MBB_BAU",2019,24.8069000244141,18.0072708129883,5.45109605789185,2.55961298942566,0.325380027294159,6.45717525482178,3.090491771698,0.560000002384186,43.2506561279297,8.52524757385254,0,"535844308126144",0,"MBB",0.232143917478587,0,1.47002420179992,0,1.70216811927851
"MBB_BAU",2024,27.6600456237793,19.9774532318115,6.10917377471924,2.13254714012146,0.366969347000122,4.65683460235596,2.25505018234253,0.699999988079071,43.8806190490723,0,0,"535844308126144",5,"MBB",0,0,0,0,0
"MBB_BAU",2029,30.2835083007812,21.7340316772461,6.75812339782715,1.79558765888214,0.468949317932129,3.81078577041626,2.39429616928101,0.939999997615814,46.4512519836426,0,0,"535844308126144",10,"MBB",0,0,0,0,0
"MBB_BAU",2034,24.1293354034424,16.7770881652832,5.43268537521362,3.55503988265991,0.518151044845581,5.42354822158813,2.69313740730286,1.28000009059906,43.0318946838379,6.78838348388672,0,"535844308126144",15,"MBB",0.217535350314133,0,1.14439409822885,0,1.36192944854298
"MBB_BAU",2039,26.9515018463135,18.8387775421143,6.04752159118652,2.92672228813171,0.431666702032089,4.41520643234253,2.4599289894104,1.28000009059906,44.5125503540039,0,0,"535844308126144",20,"MBB",0,0,0,0,0
"MBB_BAU",2044,30.1410026550293,21.0597400665283,6.78911781311035,2.42922449111938,0.450402945280075,3.75662016868591,2.58816170692444,1.28000009059906,47.4345283508301,0,0,"535844308126144",25,"MBB",0,0,0,0,0
"MBB_GROW",2019,36.1656646728516,26.5325164794922,7.94388628005981,0.06682188808918,0.325380027294159,3.875,2.90449976921082,0.560000002384186,51.841251373291,0,0,"535844308126144",0,"MBB",0,0,0,0,0
"MBB_GROW",2024,20.9038047790527,13.970890045166,5.06913566589355,3.51484203338623,17.8954887390137,3.14592337608337,2.53402495384216,0.699999988079071,53.7632217407227,0,0,"535844308126144",5,"MBB",0,0,0,0,0
"MBB_GROW",2029,23.7484512329102,15.876072883606,5.79716491699219,2.88955163955688,10.3477630615234,8.54253959655762,2.30537581443787,0.939999997615814,54.5708465576172,0,0,"535844308126144",10,"MBB",0,0,0,0,0
"MBB_GROW",2034,26.2913646697998,17.385929107666,6.38645362854004,2.39241576194763,6.14648485183716,9.74904632568359,2.48547339439392,1.28000009059906,54.7312355041504,0,0,"535844308126144",15,"MBB",0,0,0,0,0
"MBB_GROW",2039,29.4874877929688,19.7431678771973,7.02496147155762,1.99893462657928,3.57355785369873,9.43311882019043,2.64901399612427,1.28000009059906,55.4470748901367,0,0,"535844308126144",20,"MBB",0,0,0,0,0
"MBB_GROW",2044,32.0054092407227,21.5029411315918,7.57723665237427,1.6905825138092,1.50108671188354,9.12321949005127,2.81988763809204,1.28000009059906,55.9974212646484,0,0,"535844308126144",25,"MBB",0,0,0,0,0
"MBB_BAU",2020,22.0678443908691,14.3216037750244,5.16798067092896,0.605937659740448,2.98050332069397,2.59499979019165,3.7703001499176,0.0749999955296516,37.2625694274902,0,0,"651719960126144",0,"MBB",0,0,0,0,0
"MBB_BAU",2025,27.6980075836182,17.1448593139648,6.23314571380615,0.489768832921982,0.879307866096497,3.6397876739502,2.95534992218018,0.0199999995529652,41.9153671264648,0,0,"651719960126144",5,"MBB",0,0,0,0,0
"MBB_BAU",2030,32.3489570617676,19.0764217376709,7.43663358688354,0.636419177055359,1.23659801483154,5.89489984512329,3.27620553970337,0.0199999995529652,50.8497161865234,0,0,"651719960126144",10,"MBB",0,0,0,0,0
"MBB_BAU",2035,37.1447486877441,21.2665042877197,8.66424369812012,0.795014560222626,1.55691134929657,6.83229541778564,3.56459450721741,0.0199999995529652,58.5778045654297,0,0,"651719960126144",15,"MBB",0,0,0,0,0
"MBB_BAU",2040,39.0015907287598,22.5832653045654,9.28563404083252,1.3517689704895,3.35060977935791,8.02147769927979,3.81347107887268,0.0199999995529652,64.8445510864258,0,0,"651719960126144",20,"MBB",0,0,0,0,0
"MBB_BAU",2045,40.7111892700195,23.6885471343994,9.78589248657227,1.65311145782471,2.83138656616211,9.39527034759521,3.96544504165649,0.0199999995529652,68.3622970581055,0,0,"651719960126144",25,"MBB",0,0,0,0,0
"MBB_GROW",2020,22.0678443908691,14.3216037750244,5.16798067092896,0.605937659740448,2.98050332069397,2.59499979019165,3.7703001499176,0.0749999955296516,37.2625694274902,0,0,"651719960126144",0,"MBB",0,0,0,0,0
"MBB_GROW",2025,27.4132099151611,17.0405921936035,6.19188976287842,0.492382973432541,0.898747682571411,3.6397876739502,2.95534992218018,0.0199999995529652,41.6113624572754,0,0,"651719960126144",5,"MBB",0,0,0,0,0
"MBB_GROW",2030,31.6867485046387,19.0048942565918,7.25957345962524,0.599750399589539,1.03107607364655,5.75764560699463,3.25285792350769,0.0199999995529652,49.6076507568359,0,0,"651719960126144",10,"MBB",0,0,0,0,0
"MBB_GROW",2035,36.4786186218262,21.2255954742432,8.45909786224365,0.743485152721405,1.46366453170776,6.42892169952393,3.52431988716125,0.0199999995529652,57.118106842041,0,0,"651719960126144",15,"MBB",0,0,0,0,0
"MBB_GROW",2040,39.0738677978516,22.7746868133545,9.2512674331665,1.16615974903107,2.79603266716003,7.55677366256714,3.76474118232727,0.0199999995529652,63.6288414001465,0,0,"651719960126144",20,"MBB",0,0,0,0,0
"MBB_GROW",2045,42.9533157348633,25.927490234375,10.0889282226562,1.61650085449219,3.32975816726685,8.81090545654297,3.94635677337646,0.0199999995529652,70.7657623291016,0,0,"651719960126144",25,"MBB",0,0,0,0,0
"MBB_BAU",2020,27.8179626464844,17.9287071228027,6.09718561172485,0.562784790992737,0.299801230430603,3.1719958782196,3.80769848823547,0.0199999995529652,41.7774314880371,1.53836178779602,0,"651720233126144",0,"MBB",0.111004921428422,0,0.235200840799618,0,0.34620576222804
"MBB_BAU",2025,33.745475769043,20.883659362793,7.19415140151978,0.626886427402496,0.832295894622803,2.55840873718262,3.11025929450989,0.0199999995529652,48.0874786376953,0,0,"651720233126144",5,"MBB",0,0,0,0,0
"MBB_BAU",2030,39.3462219238281,23.3609371185303,8.57319259643555,1.02099013328552,2.72900342941284,5.04882621765137,3.4101665019989,0.0199999995529652,60.1483993530273,0,0,"651720233126144",10,"MBB",0,0,0,0,0
"MBB_BAU",2035,41.436466217041,24.7692260742188,9.25968933105469,1.68980157375336,4.70774936676025,7.13715362548828,3.67847537994385,0.0199999995529652,67.9293365478516,0,0,"651720233126144",15,"MBB",0,0,0,0,0
"MBB_BAU",2040,43.0946502685547,26.0029716491699,9.81023597717285,2.05341744422913,3.87703323364258,9.69576168060303,3.83873248100281,0.0199999995529652,72.3898239135742,0,0,"651720233126144",20,"MBB",0,0,0,0,0
"MBB_BAU",2045,45.6273994445801,28.0998611450195,10.4605340957642,2.31634449958801,3.57913255691528,10.529149055481,4.00898933410645,0.0199999995529652,76.5415420532227,0,0,"651720233126144",25,"MBB",0,0,0,0,0
"MBB_GROW",2020,29.9838562011719,19.4670677185059,6.58249998092651,0.0774705186486244,0.299801230430603,2.59500026702881,3.77029991149902,0.0199999995529652,43.328929901123,0,0,"651720233126144",0,"MBB",0,0,0,0,0
"MBB_GROW",2025,35.1122741699219,22.1906566619873,7.52703332901001,0.319025546312332,1.32635641098022,2.21609926223755,3.16611242294312,0.0199999995529652,49.6869010925293,0,0,"651720233126144",5,"MBB",0,0,0,0,0
"MBB_GROW",2030,41.7737274169922,25.2525863647461,9.0255012512207,0.6285200715065,2.03365874290466,5.00607013702393,3.42421078681946,0.0199999995529652,61.9116859436035,0,0,"651720233126144",10,"MBB",0,0,0,0,0
"MBB_GROW",2035,43.1074028015137,26.2457962036133,9.51905250549316,1.46337509155273,5.06446361541748,6.92169713973999,3.71795153617859,0.0199999995529652,69.8139343261719,0,0,"651720233126144",15,"MBB",0,0,0,0,0
"MBB_GROW",2040,44.7484664916992,27.6836395263672,10.0413246154785,1.8658641576767,3.94706630706787,9.90801525115967,3.85587334632874,0.0199999995529652,74.3866119384766,0,0,"651720233126144",20,"MBB",0,0,0,0,0
"MBB_GROW",2045,46.4859390258789,29.1196556091309,10.495062828064,2.06123781204224,3.1650390625,10.5757427215576,4.02514886856079,0.0199999995529652,76.8281707763672,0,0,"651720233126144",25,"MBB",0,0,0,0,0
"MBB_BAU",2020,20.8594799041748,12.9184789657593,4.95450592041016,0.990635812282562,2.6731173992157,3.87500095367432,2.90450048446655,0.0199999995529652,36.2772369384766,0,0,"657096813126144",0,"MBB",0,0,0,0,0
"MBB_BAU",2025,28.7609004974365,17.7765712738037,6.61608982086182,0.914716064929962,1.40642523765564,4.13009405136108,2.26481819152832,0.0199999995529652,44.1130447387695,0.229419156908989,0,"657096813126144",5,"MBB",0.0179231180764862,0,0.031717641994265,0,0.0496407600707512
"MBB_BAU",2030,38.3071784973145,23.2469959259033,8.83624935150146,1.01937472820282,1.54750227928162,5.65917682647705,2.61407136917114,0.0199999995529652,58.0035514831543,0,0,"657096813126144",10,"MBB",0,0,0,0,0
"MBB_BAU",2035,44.2673149108887,27.5788745880127,10.2486925125122,1.52804398536682,3.18144178390503,6.87831974029541,3.00779056549072,0.0199999995529652,69.1315994262695,0,0,"657096813126144",15,"MBB",0,0,0,0,0
"MBB_BAU",2040,50.3635368347168,32.303882598877,11.7459020614624,2.06033706665039,3.87024593353271,8.58164691925049,3.25525164604187,0.0199999995529652,79.8969116210938,0,0,"657096813126144",20,"MBB",0,0,0,0,0
"MBB_BAU",2045,37.6890258789062,24.7358436584473,8.82079696655273,6.81098031997681,5.89539909362793,14.547327041626,3.83579421043396,0.0199999995529652,77.6193161010742,11.3383455276489,0,"657096813126144",25,"MBB",1.04454860080255,0,1.46193530901946,0,2.50648390982201
"MBB_GROW",2020,20.8594799041748,12.9184789657593,4.95450592041016,0.990635812282562,2.6731173992157,3.87500095367432,2.90450048446655,0.0199999995529652,36.2772369384766,0,0,"657096813126144",0,"MBB",0,0,0,0,0
"MBB_GROW",2025,27.8522911071777,17.5001087188721,6.5394172668457,0.854859292507172,1.51488137245178,4.03972721099854,2.25905442237854,0.0199999995529652,43.0802307128906,0,0,"657096813126144",5,"MBB",0,0,0,0,0
"MBB_GROW",2030,36.4191970825195,23.120491027832,8.4356803894043,0.810792922973633,0.770534157752991,4.82199478149414,2.52822709083557,0.0199999995529652,53.8064270019531,0,0,"657096813126144",10,"MBB",0,0,0,0,0
"MBB_GROW",2035,46.3464736938477,29.5697803497314,10.8373956680298,0.812859952449799,0.808842778205872,5.13704204559326,2.8551561832428,0.0199999995529652,66.8177642822266,0,0,"657096813126144",15,"MBB",0,0,0,0,0
"MBB_GROW",2040,52.326473236084,34.3973770141602,12.3117113113403,1.56586730480194,4.0471248626709,5.78392028808594,3.23786664009094,0.0199999995529652,79.2929611206055,0,0,"657096813126144",20,"MBB",0,0,0,0,0
"MBB_GROW",2045,55.637264251709,37.718879699707,13.1550197601318,2.60051989555359,6.44735527038574,7.97280502319336,3.50093150138855,0.0199999995529652,89.3338928222656,0,0,"657096813126144",25,"MBB",0,0,0,0,0
"MBB_BAU",2020,26.5327320098877,19.1237773895264,5.2070517539978,1.57567870616913,1.13733243942261,5.39749670028687,3.00138473510742,0.0199999995529652,42.8716773986816,4.56301355361938,0,"657096828126144",0,"MBB",0.339417228331071,0,0.639548433609015,0,0.978965661940086
"MBB_BAU",2025,30.607458114624,21.4700050354004,5.9921727180481,2.02258896827698,0.369840979576111,5.36391067504883,2.28219509124756,0.0199999995529652,46.6581726074219,2.68585181236267,0,"657096828126144",5,"MBB",0.276826806344093,0,0.325331397750064,0,0.602158204094158
"MBB_BAU",2030,34.6542129516602,23.3294410705566,7.15810108184814,2.31853556632996,1.02848863601685,6.23184108734131,2.4783411026001,0.0199999995529652,53.889518737793,1.82316017150879,0,"657096828126144",10,"MBB",0.225174376445822,0,0.196333873423997,0,0.421508249869819
"MBB_BAU",2035,39.0945320129395,25.845401763916,8.42026805877686,2.09232544898987,1.2066912651062,6.39173698425293,2.6752758026123,0.0199999995529652,59.9008331298828,0,0,"657096828126144",15,"MBB",0,0,0,0,0
"MBB_BAU",2040,43.4986724853516,28.6650333404541,9.6104564666748,1.88247847557068,0.99798858165741,6.48184537887573,2.90871357917786,0.0199999995529652,65.4001617431641,0,0,"657096828126144",20,"MBB",0,0,0,0,0
"MBB_BAU",2045,47.8850784301758,31.3722324371338,10.784068107605,1.75271344184875,1.06834232807159,6.47549200057983,3.13614678382874,0.0199999995529652,71.1218414306641,0,0,"657096828126144",25,"MBB",0,0,0,0,0
"MBB_GROW",2020,32.7491683959961,23.6867866516113,6.46202230453491,0.320707589387894,1.13733243942261,3.87500023841858,2.90450024604797,0.0199999995529652,47.4687309265137,0,0,"657096828126144",0,"MBB",0,0,0,0,0
"MBB_GROW",2025,39.6502380371094,28.544527053833,7.83456039428711,0.350208014249802,0.768702507019043,3.61345338821411,2.37198686599731,0.0199999995529652,54.6091499328613,0,0,"657096828126144",5,"MBB",0,0,0,0,0
"MBB_GROW",2030,45.8672332763672,32.788631439209,9.3252649307251,0.480881094932556,1.13026595115662,4.54665565490723,2.61859393119812,0.0199999995529652,63.9888916015625,0,0,"657096828126144",10,"MBB",0,0,0,0,0
"MBB_GROW",2035,51.5682525634766,36.5749435424805,10.7390041351318,0.624640762805939,1.40951704978943,5.07845020294189,2.87457776069641,0.0199999995529652,72.3144454956055,0,0,"657096828126144",15,"MBB",0,0,0,0,0
"MBB_GROW",2040,56.7877540588379,40.237678527832,12.0653266906738,0.702139973640442,1.2061322927475,5.94586563110352,3.12155842781067,0.0199999995529652,79.8487777709961,0,0,"657096828126144",20,"MBB",0,0,0,0,0
"MBB_GROW",2045,61.4445457458496,43.534252166748,13.2226114273071,0.733259737491608,0.983606398105621,6.44038391113281,3.37314534187317,0.0199999995529652,86.2175521850586,0,0,"657096828126144",25,"MBB",0,0,0,0,0
"MBB_BAU",2020,16.8125991821289,10.3911685943604,3.65050721168518,0.751376926898956,3.55644726753235,3.875,2.90449976921082,0.0199999995529652,31.5704307556152,0,0,"657096860126144",0,"MBB",0,0,0,0,0
"MBB_BAU",2025,26.3554420471191,15.4953804016113,5.19510984420776,0.746583044528961,1.67369699478149,4.81248235702515,2.130211353302,0.0199999995529652,40.9335250854492,0,0,"657096860126144",5,"MBB",0,0,0,0,0
"MBB_BAU",2030,30.3198509216309,17.6342792510986,6.24639129638672,1.46205794811249,4.66652297973633,8.61581802368164,2.63002061843872,0.0199999995529652,53.9606628417969,0,0,"657096860126144",10,"MBB",0,0,0,0,0
"MBB_BAU",2035,32.2879791259766,18.699821472168,6.74592447280884,2.05044770240784,4.69462537765503,10.8273410797119,2.8184769153595,0.0199999995529652,59.4447975158691,0,0,"657096860126144",15,"MBB",0,0,0,0,0
"MBB_BAU",2040,34.1544647216797,19.9493427276611,7.24965620040894,2.36446094512939,3.66566562652588,12.3810787200928,2.9485867023468,0.0199999995529652,62.7839126586914,0,0,"657096860126144",20,"MBB",0,0,0,0,0
"MBB_BAU",2045,37.3894424438477,22.3162956237793,7.85725927352905,2.41927480697632,2.56360149383545,12.3812608718872,3.11580681800842,0.0199999995529652,65.7466430664062,0,0,"657096860126144",25,"MBB",0,0,0,0,0
"MBB_GROW",2020,16.8125991821289,10.3911685943604,3.65050721168518,0.751376926898956,3.55644726753235,3.875,2.90449976921082,0.0199999995529652,31.5704307556152,0,0,"657096860126144",0,"MBB",0,0,0,0,0
"MBB_GROW",2025,23.4647102355957,14.2046356201172,4.75524377822876,0.915063560009003,2.54778027534485,4.81248235702515,2.130211353302,0.0199999995529652,38.6454887390137,0,0,"657096860126144",5,"MBB",0,0,0,0,0
"MBB_GROW",2030,30.0539932250977,17.4906826019287,6.26866292953491,1.09542787075043,1.9998939037323,7.80648612976074,2.46079111099243,0.0199999995529652,49.7052574157715,0,0,"657096860126144",10,"MBB",0,0,0,0,0
"MBB_GROW",2035,32.9811744689941,19.3545913696289,6.99286317825317,1.66957318782806,3.94230604171753,8.63340473175049,2.76973247528076,0.0199999995529652,57.0090560913086,0,0,"657096860126144",15,"MBB",0,0,0,0,0
"MBB_GROW",2040,35.9166145324707,21.6361770629883,7.69710445404053,2.03993558883667,3.48761057853699,10.2947607040405,2.91808819770813,0.0199999995529652,62.3741149902344,0,0,"657096860126144",20,"MBB",0,0,0,0,0
"MBB_GROW",2045,38.7105979919434,23.8796901702881,8.31208419799805,2.20606279373169,2.78031945228577,10.6770133972168,3.09483814239502,0.0199999995529652,65.8009185791016,0,0,"657096860126144",25,"MBB",0,0,0,0,0
"MBB_BAU",2019,31.2543888092041,21.6333103179932,6.47487545013428,1.83218419551849,0.0868642181158066,4.74219799041748,3.91408348083496,0.0199999995529652,48.3245964050293,6.34115409851074,0,"657096862126144",0,"MBB",0.592928588681561,0.00801903503571639,0.784524699240021,0,1.3854723229573
"MBB_BAU",2024,35.3400230407715,23.1570148468018,6.83789873123169,2.44297647476196,2.12653732299805,3.98864340782166,3.19487881660461,0.0199999995529652,53.9509582519531,1.86462688446045,0,"657096862126144",5,"MBB",0.174181609765061,0.0016686051820521,0.234224347966015,0,0.410074562913129
"MBB_BAU",2029,36.2923583984375,22.3121547698975,7.37847232818604,3.25482940673828,7.29226207733154,7.53261041641235,3.5942394733429,0.0199999995529652,65.3647766113281,0,0,"657096862126144",10,"MBB",0,0,0,0,0
"MBB_BAU",2034,36.5416030883789,21.3221893310547,7.80046796798706,3.87294387817383,7.93832111358643,10.5658950805664,3.77039265632629,0.0199999995529652,70.5096130371094,0,0,"657096862126144",15,"MBB",0,0,0,0,0
"MBB_BAU",2039,37.2914886474609,21.241720199585,8.26220893859863,4.19223499298096,6.36214971542358,13.2585391998291,3.88016939163208,0.0199999995529652,73.2667922973633,0,0,"657096862126144",20,"MBB",0,0,0,0,0
"MBB_BAU",2044,38.3134384155273,21.5813674926758,8.68409729003906,4.31236982345581,5.15217399597168,13.9405212402344,4.04329586029053,0.0199999995529652,74.4658966064453,0,0,"657096862126144",25,"MBB",0,0,0,0,0
"MBB_GROW",2019,39.9370498657227,27.9744625091553,8.25897979736328,0.048081286251545,0.0868642181158066,2.59499979019165,3.77029943466187,0.0199999995529652,54.7162742614746,0,0,"657096862126144",0,"MBB",0,0,0,0,0
"MBB_GROW",2024,27.7384834289551,18.1827602386475,5.18393516540527,4.19799327850342,19.0286979675293,2.16639041900635,3.36062264442444,0.0199999995529652,61.6961212158203,0,0,"657096862126144",5,"MBB",0,0,0,0,0
"MBB_GROW",2029,29.1189193725586,17.3405609130859,5.72412729263306,4.52745342254639,10.7847452163696,14.7663745880127,3.31135201454163,0.0199999995529652,68.2529678344727,0,0,"657096862126144",10,"MBB",0,0,0,0,0
"MBB_GROW",2034,30.2457427978516,16.7015686035156,6.21274423599243,4.56144523620605,6.30679321289062,17.9134407043457,3.56440877914429,0.0199999995529652,68.824577331543,0,0,"657096862126144",15,"MBB",0,0,0,0,0
"MBB_GROW",2039,31.7178077697754,16.8479290008545,6.77669858932495,4.46454000473022,4.7994875907898,17.5380439758301,3.73870944976807,0.0199999995529652,69.0552825927734,0,0,"657096862126144",20,"MBB",0,0,0,0,0
"MBB_GROW",2044,33.380916595459,17.4919853210449,7.37026166915894,4.40338802337646,4.50832796096802,16.3465061187744,3.93367028236389,0.0199999995529652,69.9630661010742,0,0,"657096862126144",25,"MBB",0,0,0,0,0
"MBB_BAU",2021,26.4551277160645,18.0454654693604,5.99326133728027,2.58467316627502,2.48169112205505,4.69812870025635,3.91534519195557,0.0199999995529652,46.1482238769531,5.9744119644165,0,"657096938126144",0,"MBB",0.31202786725622,0,0.901908332012261,0,1.21393619926848
"MBB_BAU",2026,29.263484954834,19.0698471069336,6.25130605697632,2.96098375320435,1.80035424232483,5.10599327087402,3.13246154785156,0.0199999995529652,48.5345802307129,2.38479590415955,0,"657096938126144",5,"MBB",0.0899444236054178,0,0.383730372668969,0,0.473674796274387
"MBB_BAU",2031,32.3819541931152,20.4408149719238,7.04304361343384,2.98687076568604,3.26856088638306,7.42217922210693,3.38626623153687,0.0199999995529652,56.5088768005371,0,0,"657096938126144",10,"MBB",0,0,0,0,0
"MBB_BAU",2036,35.3159675598145,20.8496780395508,8.01410961151123,3.39396548271179,5.58232736587524,8.06807994842529,3.72964262962341,0.0199999995529652,64.1240921020508,0,0,"657096938126144",15,"MBB",0,0,0,0,0
"MBB_BAU",2041,36.0166511535645,20.9417247772217,8.41875457763672,3.97184491157532,6.86141443252563,10.0417938232422,3.89790296554565,0.0199999995529652,69.2283630371094,0,0,"657096938126144",20,"MBB",0,0,0,0,0
"MBB_BAU",2046,38.1089019775391,21.6861553192139,9.19048595428467,4.01032733917236,5.01705741882324,12.0614624023438,4.01757717132568,0.0199999995529652,72.4258117675781,0,0,"657096938126144",25,"MBB",0,0,0,0,0
"MBB_GROW",2021,34.7286720275879,24.0198745727539,7.88000535964966,0.697929859161377,2.48169112205505,2.59500026702881,3.7703001499176,0.0199999995529652,52.1735992431641,0,0,"657096938126144",0,"MBB",0,0,0,0,0
"MBB_GROW",2026,18.440486907959,11.9806060791016,3.8652491569519,5.19928741455078,21.0103321075439,3.09183311462402,3.29137349128723,0.0749999955296516,54.9735679626465,0,0,"657096938126144",5,"MBB",0,0,0,0,0
"MBB_GROW",2031,18.4118728637695,11.2033109664917,3.97304034233093,5.00016784667969,10.4752044677734,14.2741661071777,2.98567628860474,0.0749999955296516,55.195125579834,0,0,"657096938126144",10,"MBB",0,0,0,0,0
"MBB_GROW",2036,21.407772064209,12.4478626251221,4.6649055480957,4.28794193267822,3.83645510673523,16.3601360321045,3.16820335388184,0.0749999955296516,53.8004112243652,0,0,"657096938126144",15,"MBB",0,0,0,0,0
"MBB_GROW",2041,24.0038051605225,13.3464059829712,5.39374732971191,3.61816596984863,1.38415622711182,14.5136337280273,3.37126731872559,0.0199999995529652,52.3047790527344,0,0,"657096938126144",20,"MBB",0,0,0,0,0
"MBB_GROW",2046,27.270206451416,14.9318723678589,6.3030514717102,3.05760192871094,0.876837968826294,12.0563049316406,3.57656264305115,0.0199999995529652,53.1605644226074,0,0,"657096938126144",25,"MBB",0,0,0,0,0
"MBB_BAU",2020,22.269437789917,14.9748973846436,4.84991884231567,0.894261360168457,1.34844791889191,3.875,2.90450024604797,0.0199999995529652,36.161563873291,0,0,"657097002126144",0,"MBB",0,0,0,0,0
"MBB_BAU",2025,28.4301300048828,18.2312526702881,5.79803085327148,0.727789044380188,0.599243342876434,3.47650527954102,2.24010682106018,0.0199999995529652,41.2918090820312,0,0,"657097002126144",5,"MBB",0,0,0,0,0
"MBB_BAU",2030,33.8114738464355,21.0328540802002,7.1715726852417,0.720239222049713,0.950675308704376,7.00185966491699,2.57283020019531,0.0199999995529652,52.2486534118652,0,0,"657097002126144",10,"MBB",0,0,0,0,0
"MBB_BAU",2035,37.9171676635742,22.6227931976318,8.32409572601318,0.965386688709259,1.87421977519989,7.89192867279053,2.89354419708252,0.0199999995529652,59.8863410949707,0,0,"657097002126144",15,"MBB",0,0,0,0,0
"MBB_BAU",2040,40.2044906616211,23.9117298126221,8.98260879516602,1.34236109256744,2.35974168777466,9.68254470825195,3.10945653915405,0.0199999995529652,65.7012023925781,0,0,"657097002126144",20,"MBB",0,0,0,0,0
"MBB_BAU",2045,42.3982009887695,25.4073314666748,9.52407264709473,1.60823106765747,2.07187914848328,10.7373676300049,3.28959083557129,0.0199999995529652,69.6493377685547,0,0,"657097002126144",25,"MBB",0,0,0,0,0
"MBB_GROW",2020,22.269437789917,14.9748973846436,4.84991884231567,0.894261360168457,1.34844791889191,3.875,2.90450024604797,0.0199999995529652,36.161563873291,0,0,"657097002126144",0,"MBB",0,0,0,0,0
"MBB_GROW",2025,25.3902435302734,16.2233085632324,5.15816783905029,1.25951015949249,3.07245922088623,3.47650527954102,2.24010682106018,0.0199999995529652,40.6169967651367,0,0,"657097002126144",5,"MBB",0,0,0,0,0
"MBB_GROW",2030,29.9768676757812,18.4485569000244,6.37993144989014,1.21601784229279,1.79998588562012,8.25623512268066,2.48169112205505,0.0199999995529652,50.1307258605957,0,0,"657097002126144",10,"MBB",0,0,0,0,0
"MBB_GROW",2035,34.762077331543,20.2234230041504,7.71587753295898,1.18118321895599,1.12077236175537,9.11727046966553,2.77935194969177,0.0199999995529652,56.696533203125,0,0,"657097002126144",15,"MBB",0,0,0,0,0
"MBB_GROW",2040,37.506103515625,21.6148872375488,8.52865314483643,1.35618126392365,1.64571630954742,10.1193408966064,3.03773498535156,0.0199999995529652,62.2137298583984,0,0,"657097002126144",20,"MBB",0,0,0,0,0
"MBB_GROW",2045,39.5212821960449,23.2471218109131,8.93759727478027,1.74692869186401,2.41681098937988,10.8822574615479,3.24160528182983,0.0199999995529652,66.766471862793,0,0,"657097002126144",25,"MBB",0,0,0,0,0
"MBB_BAU",2019,19.3637886047363,11.7773771286011,4.61383533477783,0.265765428543091,0.450792074203491,3.87500047683716,2.90450024604797,0.0199999995529652,31.4936828613281,0,0,"657097022126144",0,"MBB",0,0,0,0,0
"MBB_BAU",2024,26.6758308410645,15.4760046005249,5.65731000900269,0.277679800987244,0.474461317062378,3.09495115280151,2.27054882049561,0.0199999995529652,38.4707832336426,0,0,"657097022126144",5,"MBB",0,0,0,0,0
"MBB_BAU",2029,32.4560852050781,17.4207401275635,6.91962051391602,0.814443647861481,3.20653963088989,6.15517234802246,2.66537761688232,0.0199999995529652,52.2372436523438,0,0,"657097022126144",10,"MBB",0,0,0,0,0
"MBB_BAU",2034,34.6032104492188,18.4033336639404,7.49462747573853,1.55392956733704,4.91052293777466,8.81373882293701,2.90835928916931,0.0199999995529652,60.3043899536133,0,0,"657097022126144",15,"MBB",0,0,0,0,0
"MBB_BAU",2039,37.1323013305664,20.2518310546875,8.02408218383789,1.98269641399384,3.85947036743164,11.8241481781006,3.04739904403687,0.0199999995529652,65.8900985717773,0,0,"657097022126144",20,"MBB",0,0,0,0,0
"MBB_BAU",2044,39.6233863830566,22.0563831329346,8.54103374481201,2.29743123054504,3.58126735687256,12.4385452270508,3.22225785255432,0.0199999995529652,69.7239227294922,0,0,"657097022126144",25,"MBB",0,0,0,0,0
"MBB_GROW",2019,19.3637886047363,11.7773771286011,4.61383533477783,0.265765428543091,0.450792074203491,3.87500047683716,2.90450024604797,0.0199999995529652,31.4936828613281,0,0,"657097022126144",0,"MBB",0,0,0,0,0
"MBB_GROW",2024,24.3282890319824,13.9946193695068,5.26691102981567,0.5744509100914,1.85971689224243,3.09495115280151,2.27054882049561,0.0199999995529652,37.414867401123,0,0,"657097022126144",5,"MBB",0,0,0,0,0
"MBB_GROW",2029,31.736457824707,16.4455261230469,6.85233688354492,0.737395107746124,1.81795477867126,6.15603303909302,2.56433510780334,0.0199999995529652,49.8845138549805,0,0,"657097022126144",10,"MBB",0,0,0,0,0
"MBB_GROW",2034,35.202522277832,17.9904727935791,7.60886383056641,1.28174877166748,3.59614872932434,7.9449257850647,2.86399960517883,0.0199999995529652,58.5182113647461,0,0,"657097022126144",15,"MBB",0,0,0,0,0
"MBB_GROW",2039,37.7048187255859,19.8357067108154,8.07101345062256,1.6644252538681,3.29988956451416,10.5210723876953,3.03459215164185,0.0199999995529652,64.3158111572266,0,0,"657097022126144",20,"MBB",0,0,0,0,0
"MBB_GROW",2044,40.6137771606445,22.096342086792,8.53044700622559,1.92341434955597,2.99889230728149,11.1114377975464,3.19591903686523,0.0199999995529652,68.3938903808594,0,0,"657097022126144",25,"MBB",0,0,0,0,0
"MBB_BAU",2020,25.8058185577393,17.7885246276855,5.27201843261719,0.181973427534103,0.557580769062042,3.87500047683716,2.90450024604797,0.0199999995529652,38.6168899536133,0,0,"657097053126144",0,"MBB",0,0,0,0,0
"MBB_BAU",2025,24.5393218994141,16.3727626800537,4.92481803894043,1.50220894813538,0.308869391679764,4.8645806312561,2.39051055908203,0.0199999995529652,38.5503120422363,4.65914964675903,0,"657097053126144",5,"MBB",0.652461972153219,0,0.495022450979792,0,1.14748442313301
"MBB_BAU",2030,28.4768753051758,18.2817840576172,5.93577671051025,1.55602777004242,0.280166208744049,5.50529718399048,2.38377952575684,0.0199999995529652,44.1579208374023,1.04127752780914,0,"657097053126144",10,"MBB",0.101199294762689,0,0.139738483332942,0,0.24093777809563
"MBB_BAU",2035,33.5929679870605,21.1006393432617,7.30348587036133,1.41081392765045,0.792145848274231,5.09110307693481,2.5943284034729,0.0199999995529652,50.8048439025879,0,0,"657097053126144",15,"MBB",0,0,0,0,0
"MBB_BAU",2040,38.7605819702148,24.1656246185303,8.53991031646729,1.28001868724823,0.75713574886322,5.20077562332153,2.83581614494324,0.0199999995529652,57.3942375183105,0,0,"657097053126144",20,"MBB",0,0,0,0,0
"MBB_BAU",2045,44.0289154052734,27.5515937805176,9.78918361663818,1.18666887283325,0.758752763271332,5.42228031158447,3.07259440422058,0.0199999995529652,64.2783966064453,0,0,"657097053126144",25,"MBB",0,0,0,0,0
"MBB_GROW",2020,25.8058185577393,17.7885246276855,5.27201843261719,0.181973427534103,0.557580769062042,3.87500047683716,2.90450024604797,0.0199999995529652,38.6168899536133,0,0,"657097053126144",0,"MBB",0,0,0,0,0
"MBB_GROW",2025,27.9351902008057,18.896951675415,5.67315721511841,0.630557358264923,2.73992252349854,3.15916681289673,2.28469610214233,0.0199999995529652,42.4426918029785,0,0,"657097053126144",5,"MBB",0,0,0,0,0
"MBB_GROW",2030,32.7492828369141,21.9747295379639,6.79365825653076,0.612692832946777,1.26704025268555,5.21458053588867,2.42261052131653,0.0199999995529652,49.0798683166504,0,0,"657097053126144",10,"MBB",0,0,0,0,0
"MBB_GROW",2035,37.4164276123047,24.7688808441162,7.93924617767334,0.709032535552979,1.26322078704834,5.53496599197388,2.66150641441345,0.0199999995529652,55.5444030761719,0,0,"657097053126144",15,"MBB",0,0,0,0,0
"MBB_GROW",2040,42.5207366943359,28.1143646240234,9.1861162185669,0.723745942115784,0.97898530960083,5.89406967163086,2.87634086608887,0.0199999995529652,62.1999931335449,0,0,"657097053126144",20,"MBB",0,0,0,0,0
"MBB_GROW",2045,46.697151184082,30.8517646789551,10.1965799331665,0.749032616615295,0.933485090732574,6.12594747543335,3.11385869979858,0.0199999995529652,67.836051940918,0,0,"657097053126144",25,"MBB",0,0,0,0,0
"MBB_BAU",2020,29.4345169067383,19.2213459014893,7.61102056503296,4.47100114822388,5.64066505432129,5.27308988571167,3.96204257011414,0.0199999995529652,56.4123382568359,6.60045433044434,0,"657097147126144",0,"MBB",0.359237301002689,0,1.02202682725956,0,1.38126412826224
"MBB_BAU",2025,31.5137977600098,19.8904132843018,7.58286237716675,4.93195724487305,3.91113924980164,7.05023860931396,3.34055590629578,0.0199999995529652,58.3505554199219,3.10653328895569,0,"657097147126144",5,"MBB",0.171496525533265,0,0.474964110078058,0,0.646460635611323
"MBB_BAU",2030,36.3637046813965,21.9618911743164,8.83745670318604,4.47747421264648,3.54906487464905,9.5056266784668,3.51961827278137,0.0199999995529652,66.27294921875,0,0,"657097147126144",10,"MBB",0,0,0,0,0
"MBB_BAU",2035,40.4182929992676,23.8666324615479,9.81918525695801,4.40653848648071,4.16552495956421,10.2950973510742,3.81200480461121,0.0199999995529652,72.9366455078125,0,0,"657097147126144",15,"MBB",0,0,0,0,0
"MBB_BAU",2040,42.7381286621094,25.176118850708,10.4840116500854,4.68600177764893,5.70057106018066,11.4781475067139,4.04276657104492,0.0199999995529652,79.1496353149414,0,0,"657097147126144",20,"MBB",0,0,0,0,0
"MBB_BAU",2045,44.8835258483887,26.8998355865479,10.9350204467773,4.52452707290649,4.21998023986816,12.9004745483398,4.24001216888428,0.0199999995529652,81.7235412597656,0,0,"657097147126144",25,"MBB",0,0,0,0,0
"MBB_GROW",2020,38.9721717834473,25.821798324585,10.1431074142456,1.93891477584839,5.64066505432129,2.59499979019165,3.77029991149902,0.0199999995529652,63.0801620483398,0,0,"657097147126144",0,"MBB",0,0,0,0,0
"MBB_GROW",2025,23.1943492889404,14.8989019393921,5.30293798446655,7.2563796043396,24.0545196533203,4.32989120483398,3.54114651679993,0.0749999955296516,67.7542266845703,0,0,"657097147126144",5,"MBB",0,0,0,0,0
"MBB_GROW",2030,24.2876510620117,14.7183828353882,5.39956092834473,6.85220718383789,12.0743980407715,16.917781829834,3.20830225944519,0.0199999995529652,68.7599029541016,0,0,"657097147126144",10,"MBB",0,0,0,0,0
"MBB_GROW",2035,28.5323944091797,16.4806690216064,6.39577007293701,5.887375831604,4.59372615814209,19.6031322479248,3.39994978904724,0.0199999995529652,68.4323501586914,0,0,"657097147126144",15,"MBB",0,0,0,0,0
"MBB_GROW",2040,34.7052536010742,19.3357219696045,8.0143461227417,5.01207590103149,1.96092391014099,17.9542942047119,3.68293929100037,0.0199999995529652,71.3498306274414,0,0,"657097147126144",20,"MBB",0,0,0,0,0
"MBB_GROW",2045,37.5905570983887,21.4268989562988,8.85800552368164,4.72091960906982,3.23208045959473,15.6433706283569,4.0373330116272,0.0199999995529652,74.1022567749023,0,0,"657097147126144",25,"MBB",0,0,0,0,0
"MBB_BAU",2020,20.7882804870605,14.1312160491943,4.45007467269897,2.17909073829651,12.0894947052002,3.87500023841858,2.90450024604797,0.0199999995529652,46.3064422607422,0,0,"657097179126144",0,"MBB",0,0,0,0,0
"MBB_BAU",2025,26.9222030639648,18.3034343719482,5.67204666137695,1.78354847431183,5.49531888961792,8.25627899169922,2.15700483322144,0.0199999995529652,50.3064041137695,0,0,"657097179126144",5,"MBB",0,0,0,0,0
"MBB_BAU",2030,26.5569076538086,17.4962425231934,5.61114978790283,3.12249875068665,1.10802602767944,12.6951932907104,2.55261063575745,0.0199999995529652,51.6663856506348,5.25762462615967,0,"657097179126144",10,"MBB",0.660903829077783,0.0052677620438967,0.549004762024256,0,1.21517635314594
"MBB_BAU",2035,29.3547058105469,18.499490737915,6.32420206069946,3.35486268997192,0.695764482021332,11.4024181365967,2.60823130607605,0.0199999995529652,53.7601852416992,2.37927341461182,0,"657097179126144",15,"MBB",0.284539239041065,0.00199092061337491,0.259028837648285,0,0.545558997302726
"MBB_BAU",2040,33.4597396850586,20.7458190917969,7.46006488800049,3.14976167678833,0.854224562644958,10.3121137619019,2.7732036113739,0.0199999995529652,58.029109954834,0.971429228782654,0,"657097179126144",20,"MBB",0.0667920522816772,0.00139117785267198,0.137769374596456,0,0.205952604730805
"MBB_BAU",2045,37.2816543579102,22.9707450866699,8.26730442047119,2.86647796630859,0.647966802120209,9.24967956542969,3.01188778877258,0.0199999995529652,61.344970703125,0.720284759998322,0,"657097179126144",25,"MBB",0.0414123181402269,0.0009602475063349,0.107780062536178,0,0.15015262818274
"MBB_GROW",2020,20.7882804870605,14.1312160491943,4.45007467269897,2.17909073829651,12.0894947052002,3.87500023841858,2.90450024604797,0.0199999995529652,46.3064422607422,0,0,"657097179126144",0,"MBB",0,0,0,0,0
"MBB_GROW",2025,26.8701400756836,18.2769508361816,5.66765403747559,1.78440034389496,5.50153350830078,8.25627899169922,2.15700483322144,0.0199999995529652,50.2570152282715,0,0,"657097179126144",5,"MBB",0,0,0,0,0
"MBB_GROW",2030,33.9286041259766,22.6930351257324,7.21119928359985,1.50052952766418,1.08036732673645,10.5964632034302,2.41820788383484,0.0199999995529652,56.7553749084473,0,0,"657097179126144",10,"MBB",0,0,0,0,0
"MBB_GROW",2035,40.4251976013184,26.5056838989258,8.69572925567627,1.42016172409058,1.15588974952698,9.29311752319336,2.73116636276245,0.0199999995529652,63.7412643432617,0,0,"657097179126144",15,"MBB",0,0,0,0,0
"MBB_GROW",2040,46.8684234619141,30.6220893859863,10.2823839187622,1.30346310138702,1.01983058452606,9.28412055969238,3.02298164367676,0.0199999995529652,71.8012008666992,0,0,"657097179126144",20,"MBB",0,0,0,0,0
"MBB_GROW",2045,54.0436172485352,35.8159217834473,11.8039245605469,1.26876938343048,1.1607460975647,9.09606456756592,3.33458042144775,0.0199999995529652,80.7276916503906,0,0,"657097179126144",25,"MBB",0,0,0,0,0
"MBB_BAU",2020,39.2082786560059,27.0875358581543,9.2559986114502,2.63370060920715,0.143948763608932,5.08974170684814,3.95756316184998,0.0199999995529652,60.3092308044434,8.04512119293213,0,"657097212126144",0,"MBB",0.331139475021056,0,1.44974212311943,0,1.78088159814048
"MBB_BAU",2025,38.011344909668,25.7515850067139,8.68272590637207,3.65184211730957,0.10543567687273,5.27111530303955,3.52977609634399,0.0199999995529652,59.2722396850586,4.86882257461548,0,"657097212126144",5,"MBB",0.177123183218453,0,0.901678036683017,0,1.07880121990147
"MBB_BAU",2030,38.9700469970703,25.898099899292,8.78802108764648,4.10021543502808,0.673967003822327,6.34069538116455,3.54292678833008,0.0199999995529652,62.4358711242676,3.31009769439697,0,"657097212126144",10,"MBB",0.132106918540771,0,0.608666908292404,0,0.740773826833175
"MBB_BAU",2035,45.0122528076172,29.5489349365234,10.0297946929932,3.4988489151001,1.14649999141693,6.09490013122559,3.58990693092346,0.0199999995529652,69.3921966552734,0,0,"657097212126144",15,"MBB",0,0,0,0,0
"MBB_BAU",2040,49.5194473266602,32.9723091125488,10.9615964889526,3.05309891700745,1.41092312335968,6.44732284545898,3.84020853042603,0.0199999995529652,75.2526016235352,0,0,"657097212126144",20,"MBB",0,0,0,0,0
"MBB_BAU",2045,49.0099182128906,32.5106582641602,10.7330274581909,3.82429909706116,1.35382795333862,8.21601009368896,4.14645910263062,0.0199999995529652,77.3035430908203,3.87585639953613,0,"657097212126144",25,"MBB",0.293048907429769,0,0.648387522337543,0,0.941436429767311
"MBB_GROW",2020,50.0012016296387,35.1326599121094,11.7929134368896,0.0967855900526047,0.143948763608932,2.59500002861023,3.7703001499176,0.0199999995529652,68.4201431274414,0,0,"657097212126144",0,"MBB",0,0,0,0,0
"MBB_GROW",2025,37.2569122314453,25.3641242980957,7.84829568862915,4.88819599151611,17.6654052734375,2.32642102241516,3.69951558113098,0.0199999995529652,73.7047500610352,0,0,"657097212126144",5,"MBB",0,0,0,0,0
"MBB_GROW",2030,40.8987846374512,27.8348522186279,8.41656494140625,4.7264518737793,14.131103515625,8.04666900634766,3.3825626373291,0.0199999995529652,79.6221313476562,0,0,"657097212126144",10,"MBB",0,0,0,0,0
"MBB_GROW",2035,46.041446685791,31.4108543395996,9.44453430175781,4.06764793395996,11.6597347259521,9.60932731628418,3.55726480484009,0.0199999995529652,84.3999557495117,0,0,"657097212126144",15,"MBB",0,0,0,0,0
"MBB_GROW",2040,51.0517120361328,35.0213203430176,10.3754110336304,3.41112446784973,9.20685005187988,10.4849510192871,3.794602394104,0.0199999995529652,88.3446502685547,0,0,"657097212126144",20,"MBB",0,0,0,0,0
"MBB_GROW",2045,55.9287109375,38.9215431213379,11.2582778930664,2.89992547035217,7.0650954246521,11.0096912384033,4.03206968307495,0.0199999995529652,92.2137603759766,0,0,"657097212126144",25,"MBB",0,0,0,0,0
"MBB_BAU",2020,30.0989990234375,21.4672355651855,6.48046827316284,0.448097378015518,2.66607332229614,2.59500026702881,3.7703001499176,0.0199999995529652,46.0789413452148,0,0,"657097344126144",0,"MBB",0,0,0,0,0
"MBB_BAU",2025,36.3520584106445,23.931022644043,7.42113733291626,1.15677440166473,2.06315398216248,4.03290462493896,3.15105485916138,0.0199999995529652,54.1970825195312,1.85967755317688,0,"657097344126144",5,"MBB",0.104391120498328,0,0.268724631770206,0,0.373115752268535
"MBB_BAU",2030,38.7732543945312,24.0136604309082,8.24857044219971,1.95440340042114,5.72075271606445,7.74807929992676,3.61489033699036,0.0199999995529652,66.079948425293,0,0,"657097344126144",10,"MBB",0,0,0,0,0
"MBB_BAU",2035,39.4678344726562,23.8364753723145,8.70979118347168,2.78804183006287,7.15560150146484,10.1968631744385,3.79227352142334,0.0199999995529652,72.1304016113281,0,0,"657097344126144",15,"MBB",0,0,0,0,0
"MBB_BAU",2040,39.9190139770508,23.8154239654541,9.04927349090576,3.26023888587952,6.0520429611206,12.6960144042969,3.91346335411072,0.0199999995529652,74.910041809082,0,0,"657097344126144",20,"MBB",0,0,0,0,0
"MBB_BAU",2045,41.7516860961914,24.7921981811523,9.53799438476562,3.21757864952087,3.95010185241699,13.4030332565308,4.06831741333008,0.0199999995529652,75.9487075805664,0,0,"657097344126144",25,"MBB",0,0,0,0,0
"MBB_GROW",2020,30.0989990234375,21.4672355651855,6.48046827316284,0.448097378015518,2.66607332229614,2.59500026702881,3.7703001499176,0.0199999995529652,46.0789413452148,0,0,"657097344126144",0,"MBB",0,0,0,0,0
"MBB_GROW",2025,32.1662216186523,21.0054569244385,6.43650674819946,1.867795586586,7.31979560852051,3.43951606750488,3.10972261428833,0.0199999995529652,54.3595542907715,0,0,"657097344126144",5,"MBB",0,0,0,0,0
"MBB_GROW",2030,36.4722061157227,21.9408798217773,7.60856437683105,2.26342415809631,6.47712993621826,9.22126770019531,3.44865822792053,0.0199999995529652,65.5112533569336,0,0,"657097344126144",10,"MBB",0,0,0,0,0
"MBB_GROW",2035,37.44677734375,22.1971492767334,8.06125450134277,2.9301450252533,6.82988166809082,11.9996318817139,3.72449970245361,0.0199999995529652,71.0121917724609,0,0,"657097344126144",15,"MBB",0,0,0,0,0
"MBB_GROW",2040,38.4220809936523,22.8531074523926,8.43042278289795,3.19954037666321,4.69055271148682,14.2927341461182,3.8419759273529,0.0199999995529652,72.8973007202148,0,0,"657097344126144",20,"MBB",0,0,0,0,0
"MBB_GROW",2045,40.4382858276367,24.1320552825928,8.89575290679932,3.04526352882385,2.74824857711792,14.0383367538452,3.99920082092285,0.0199999995529652,73.1850814819336,0,0,"657097344126144",25,"MBB",0,0,0,0,0
"MBB_BAU",2019,18.5273246765137,13.3367300033569,3.80887508392334,1.84869575500488,0.207219839096069,4.66115283966064,3.90836930274963,0.560000002384186,33.5216369628906,6.36033630371094,0,"678976319126144",0,"MBB",0.593757724720414,0,1.08567542283392,0,1.67943314755433
"MBB_BAU",2024,23.2039051055908,15.9007863998413,4.55323457717896,1.5194046497345,0.274488300085068,3.17326498031616,2.74098873138428,0.699999988079071,36.1652870178223,0,0,"678976319126144",5,"MBB",0,0,0,0,0
"MBB_BAU",2029,27.8376083374023,17.1266288757324,5.9049186706543,1.57062470912933,1.99143171310425,4.78876113891602,3.02332448959351,0.939999997615814,46.0566673278809,0,0,"678976319126144",10,"MBB",0,0,0,0,0
"MBB_BAU",2034,30.5672492980957,17.7971897125244,6.75665807723999,1.62848651409149,2.1288571357727,6.27893352508545,3.30887746810913,1.28000009059906,51.9490585327148,0,0,"678976319126144",15,"MBB",0,0,0,0,0
"MBB_BAU",2039,31.7257995605469,18.4863815307617,7.2244381904602,1.8371661901474,2.61967325210571,7.64147329330444,3.50655651092529,1.28000009059906,55.8351058959961,0,0,"678976319126144",20,"MBB",0,0,0,0,0
"MBB_BAU",2044,32.2226524353027,18.744421005249,7.50427484512329,2.08131170272827,2.98989629745483,8.25358867645264,3.64987063407898,1.28000009059906,57.9815940856934,0,0,"678976319126144",25,"MBB",0,0,0,0,0
"MBB_GROW",2019,27.1403942108154,19.6970653533936,5.58815097808838,0.0694186389446259,0.207219839096069,2.59500026702881,3.7703001499176,0.560000002384186,39.9304885864258,0,0,"678976319126144",0,"MBB",0,0,0,0,0
"MBB_GROW",2024,22.3929996490479,15.5608243942261,4.83820915222168,1.53895795345306,8.83869743347168,2.02274870872498,2.94641995429993,0.699999988079071,43.2780342102051,0,0,"678976319126144",5,"MBB",0,0,0,0,0
"MBB_GROW",2029,27.5110015869141,18.3149852752686,6.14979934692383,1.29899597167969,2.70360088348389,7.82312965393066,2.97353291511536,0.939999997615814,49.4000587463379,0,0,"678976319126144",10,"MBB",0,0,0,0,0
"MBB_GROW",2034,30.8546733856201,19.7769298553467,7.12242269515991,1.37769019603729,1.85224270820618,8.25221538543701,3.26524329185486,1.28000009059906,54.0044860839844,0,0,"678976319126144",15,"MBB",0,0,0,0,0
"MBB_GROW",2039,33.3802108764648,21.044849395752,7.84568929672241,1.3934063911438,1.65998518466949,8.23734760284424,3.47481226921082,1.28000009059906,57.2714462280273,0,0,"678976319126144",20,"MBB",0,0,0,0,0
"MBB_GROW",2044,35.5400466918945,22.0696773529053,8.53289794921875,1.37110900878906,1.43829560279846,8.08470058441162,3.6614146232605,1.28000009059906,59.9084663391113,0,0,"678976319126144",25,"MBB",0,0,0,0,0
"MBB_BAU",2020,24.4410991668701,15.4512939453125,5.82456016540527,1.52586328983307,3.37213611602783,6.07294225692749,3.91796493530273,0.560000002384186,45.7145652770996,2.55317306518555,0,"678976324126144",0,"MBB",0.342626630950247,0,0.365649696459588,0,0.708276327409835
"MBB_BAU",2025,25.6409034729004,16.0897541046143,6.05630350112915,1.87148606777191,2.57493042945862,5.97060108184814,2.06298565864563,0.699999988079071,44.8772087097168,1.50677275657654,0,"678976324126144",5,"MBB",0.199252821501832,0,0.221373636525542,0,0.420626458027374
"MBB_BAU",2030,28.0068969726562,17.4323196411133,6.64443969726562,1.87157332897186,1.3637033700943,6.403564453125,2.14285159111023,0.939999997615814,47.3730316162109,0.741982996463776,0,"678976324126144",10,"MBB",0.0787917229632488,0,0.123955419250705,0,0.202747142213954
"MBB_BAU",2035,32.5608215332031,20.2143840789795,7.71840190887451,1.55213189125061,0.403725177049637,5.9105281829834,2.28050112724304,1.28000009059906,51.7061080932617,0,0,"678976324126144",15,"MBB",0,0,0,0,0
"MBB_BAU",2040,36.0558090209961,22.5293502807617,8.52226829528809,1.3585786819458,0.598691463470459,5.1385326385498,2.4988169670105,1.28000009059906,55.452693939209,0,0,"678976324126144",20,"MBB",0,0,0,0,0
"MBB_BAU",2045,37.7217750549316,23.5140514373779,8.94102478027344,1.68499743938446,0.816433370113373,5.49635696411133,2.71447801589966,1.28000009059906,58.6550636291504,1.21911406517029,0,"678976324126144",25,"MBB",0.0943151246734272,0,0.226569022453895,0,0.320884147127323
"MBB_GROW",2020,28.1641082763672,18.0044651031494,6.7484540939331,0.601967334747314,3.37213611602783,4.99926424026489,3.8468062877655,0.560000002384186,48.2927360534668,0,0,"678976324126144",0,"MBB",0,0,0,0,0
"MBB_GROW",2025,28.7082920074463,17.9463291168213,6.97818994522095,1.1173642873764,5.35950040817261,4.72992038726807,2.12767505645752,0.699999988079071,49.7209396362305,0,0,"678976324126144",5,"MBB",0,0,0,0,0
"MBB_GROW",2030,31.7001800537109,19.7089004516602,7.66699123382568,1.01767516136169,2.36238431930542,6.9403829574585,2.23592281341553,0.939999997615814,52.8635368347168,0,0,"678976324126144",10,"MBB",0,0,0,0,0
"MBB_GROW",2035,35.033374786377,21.509635925293,8.48914432525635,0.978837549686432,1.01552581787109,7.38407230377197,2.41935300827026,1.28000009059906,56.6003036499023,0,0,"678976324126144",15,"MBB",0,0,0,0,0
"MBB_GROW",2040,38.1870574951172,23.7551136016846,9.21321296691895,0.959111154079437,0.947023749351501,6.96109962463379,2.62139463424683,1.28000009059906,60.1688995361328,0,0,"678976324126144",20,"MBB",0,0,0,0,0
"MBB_GROW",2045,41.8585662841797,26.3834857940674,10.0642099380493,0.942580699920654,0.888059616088867,6.77881860733032,2.81000185012817,1.28000009059906,64.6222381591797,0,0,"678976324126144",25,"MBB",0,0,0,0,0
"MBB_BAU",2020,24.3230171203613,15.9222059249878,6.08865785598755,0.913921117782593,0.0290842764079571,3.61947584152222,3.84877419471741,0.560000002384186,39.3829307556152,2.54122114181519,0,"678976594126144",0,"MBB",0.245555540293847,0.00531300114667712,0.292571718712594,0.0153165617540807,0.558756821907199
"MBB_BAU",2025,29.4595375061035,19.0361862182617,7.03119087219238,0.96953696012497,0.166636735200882,2.82281422615051,3.02713394165039,0.699999988079071,44.1768531799316,0.568794190883636,0,"678976594126144",5,"MBB",0.0574683903731337,0.00114242213921048,0.0608034564213919,0.00782705128301016,0.127241320216746
"MBB_BAU",2030,35.0879135131836,22.1140804290771,8.43602180480957,0.994619846343994,1.02821242809296,3.69246959686279,3.23873972892761,0.939999997615814,53.4179763793945,0,0,"678976594126144",10,"MBB",0,0,0,0,0
"MBB_BAU",2035,41.1435241699219,25.315315246582,9.93755054473877,1.01605641841888,1.12896585464478,4.32067203521729,3.49226188659668,1.28000009059906,62.3190269470215,0,0,"678976594126144",15,"MBB",0,0,0,0,0
"MBB_BAU",2040,38.9460716247559,24.1102714538574,9.51846313476562,3.06608963012695,4.44531154632568,6.62091588973999,3.89453458786011,1.28000009059906,67.7713928222656,3.64304494857788,0,"678976594126144",20,"MBB",0.237957745087043,0.0580804223379531,0.333185574072502,0.111163982569743,0.740387724067241
"MBB_BAU",2045,41.7483558654785,25.5224571228027,10.3665943145752,3.44472074508667,1.81308436393738,9.07323837280273,3.84258341789246,1.28000009059906,71.5685729980469,2.04033589363098,0,"678976594126144",25,"MBB",0.120587523803992,0.00907781696034339,0.180302693386652,0.149928902635695,0.459896936786683
"MBB_GROW",2020,27.994758605957,18.4634265899658,6.99013662338257,0.0124428225681186,0.0290842764079571,2.59500026702881,3.7703001499176,0.560000002384186,41.9517250061035,0,0,"678976594126144",0,"MBB",0,0,0,0,0
"MBB_GROW",2025,17.7966766357422,11.3900337219238,4.23096990585327,3.68835878372192,14.5552320480347,2.02893543243408,3.11091089248657,0.699999988079071,46.111083984375,0,0,"678976594126144",5,"MBB",0,0,0,0,0
"MBB_GROW",2030,20.5869464874268,12.6218700408936,5.01120758056641,3.57112121582031,6.70938444137573,9.97683334350586,2.86057567596436,0.939999997615814,49.6560668945312,0,0,"678976594126144",10,"MBB",0,0,0,0,0
"MBB_GROW",2035,25.5417060852051,15.3753108978271,6.38877487182617,3.02736186981201,2.17447757720947,11.3039264678955,3.0203685760498,1.28000009059906,52.7366142272949,0,0,"678976594126144",15,"MBB",0,0,0,0,0
"MBB_GROW",2040,30.8804721832275,18.8596935272217,7.58823442459106,2.55056977272034,0.77398955821991,10.0135717391968,3.23589372634888,1.28000009059906,56.3227348327637,0,0,"678976594126144",20,"MBB",0,0,0,0,0
"MBB_GROW",2045,36.1662559509277,22.3301258087158,8.85379886627197,2.17175722122192,0.608650088310242,8.44850158691406,3.43454623222351,1.28000009059906,60.963508605957,0,0,"678976594126144",25,"MBB",0,0,0,0,0
"MBB_BAU",2019,30.6433219909668,21.1106281280518,7.09464359283447,4.08442878723145,1.889808177948,6.80294990539551,4.04766321182251,0.300000011920929,54.8628158569336,10.7320556640625,0,"678976827126144",0,"MBB",0.616442824658384,0,1.76268280862984,0,2.37912563328822
"MBB_BAU",2024,27.7265701293945,18.2715377807617,5.92797803878784,5.78599071502686,1.00842308998108,8.33983135223389,3.37191939353943,0.440000027418137,52.6007118225098,7.51882600784302,0,"678976827126144",5,"MBB",0.408728400799052,0,1.2528916447756,0,1.66162004557465
"MBB_BAU",2029,28.9353103637695,17.970531463623,6.19916772842407,5.78026247024536,3.14838695526123,10.4504384994507,3.37093591690063,0.680000007152557,58.5645065307617,1.53277194499969,0,"678976827126144",10,"MBB",0.0732909576744423,0,0.262581054603808,0,0.335872012278251
"MBB_BAU",2034,31.7186317443848,17.8756313323975,7.04755544662476,5.51108121871948,4.93852758407593,10.8620529174805,3.61746335029602,1.01999998092651,64.7153091430664,0,0,"678976827126144",15,"MBB",0,0,0,0,0
"MBB_BAU",2039,32.6630477905273,17.1365356445312,7.57280111312866,5.49791049957275,5.95085430145264,12.7547674179077,3.85680055618286,1.01999998092651,69.3161849975586,0,0,"678976827126144",20,"MBB",0,0,0,0,0
"MBB_BAU",2044,31.2532844543457,15.061710357666,7.58539819717407,5.95757293701172,7.95074224472046,14.4910640716553,4.0606803894043,1.01999998092651,72.3187408447266,0,0,"678976827126144",25,"MBB",0,0,0,0,0
"MBB_GROW",2019,45.9581413269043,31.8426818847656,10.6955146789551,0.483558267354965,1.889808177948,2.59499979019165,3.7703001499176,0.300000011920929,65.6923294067383,0,0,"678976827126144",0,"MBB",0,0,0,0,0
"MBB_GROW",2024,38.7477569580078,25.5782737731934,8.91850471496582,3.38164258003235,15.3293180465698,3.01999115943909,3.59589838981628,0.440000027418137,73.4331207275391,0,0,"678976827126144",5,"MBB",0,0,0,0,0
"MBB_GROW",2029,39.7021598815918,25.3703651428223,9.1549482345581,4.0577220916748,10.670051574707,14.1608715057373,3.6841094493866,0.680000007152557,82.1098709106445,0,0,"678976827126144",10,"MBB",0,0,0,0,0
"MBB_GROW",2034,42.5000228881836,25.4301795959473,9.99256229400635,4.40592384338379,7.12107276916504,18.6835441589355,3.98470401763916,1.01999998092651,87.7078170776367,0,0,"678976827126144",15,"MBB",0,0,0,0,0
"MBB_GROW",2039,40.6450881958008,23.0130786895752,9.854172706604,5.38272047042847,9.58771705627441,20.0365524291992,4.28642416000366,1.01999998092651,90.8126678466797,0,0,"678976827126144",20,"MBB",0,0,0,0,0
"MBB_GROW",2044,40.9557418823242,22.5350456237793,10.2124147415161,5.55613470077515,7.39520883560181,22.0987987518311,4.45687246322632,1.01999998092651,91.6951675415039,0,0,"678976827126144",25,"MBB",0,0,0,0,0
"MBB_BAU",2020,24.3742408752441,15.2120723724365,5.39265489578247,0.857526481151581,2.45787501335144,3.98690891265869,2.91158246994019,0.560000002384186,40.5407867431641,0.285798847675323,0,"678976841126144",0,"MBB",0.0273076429036122,0,0.0392305575218944,0,0.0665382004255067
"MBB_BAU",2025,30.6752185821533,18.7441120147705,6.7291669845581,0.741235852241516,1.79938971996307,3.72612428665161,2.36261868476868,0.699999988079071,46.7337532043457,0,0,"678976841126144",5,"MBB",0,0,0,0,0
"MBB_BAU",2030,36.1016883850098,21.7079601287842,8.02477645874023,0.79240894317627,1.71017873287201,5.10077857971191,2.63842368125916,0.939999997615814,55.3082542419434,0,0,"678976841126144",10,"MBB",0,0,0,0,0
"MBB_BAU",2035,41.1651420593262,24.5339889526367,9.29142475128174,0.897740244865417,1.40164995193481,6.41287899017334,2.90848302841187,1.28000009059906,63.3573150634766,0,0,"678976841126144",15,"MBB",0,0,0,0,0
"MBB_BAU",2040,44.8113250732422,26.9228954315186,10.0975494384766,1.17661881446838,2.15416073799133,7.12071228027344,3.16962742805481,1.28000009059906,69.8099899291992,0,0,"678976841126144",20,"MBB",0,0,0,0,0
"MBB_BAU",2045,47.614875793457,29.1884307861328,10.7049512863159,1.63952648639679,3.18997478485107,8.24882793426514,3.37971234321594,1.28000009059906,76.0578689575195,0,0,"678976841126144",25,"MBB",0,0,0,0,0
"MBB_GROW",2020,24.7815170288086,15.4978704452515,5.48258256912231,0.767598509788513,2.45787501335144,3.87500023841858,2.90450024604797,0.560000002384186,40.8290710449219,0,0,"678976841126144",0,"MBB",0,0,0,0,0
"MBB_GROW",2025,30.7236595153809,18.9358558654785,6.74074077606201,0.717997670173645,2.0344545841217,3.66080665588379,2.37316608428955,0.699999988079071,46.9508247375488,0,0,"678976841126144",5,"MBB",0,0,0,0,0
"MBB_GROW",2030,36.0845680236816,22.0090847015381,7.9900393486023,0.787396132946014,1.7756199836731,5.19730281829834,2.62815141677856,0.939999997615814,55.403076171875,0,0,"678976841126144",10,"MBB",0,0,0,0,0
"MBB_GROW",2035,41.6651229858398,25.3771915435791,9.33271503448486,0.856992304325104,1.25238764286041,6.50435972213745,2.88729047775269,1.28000009059906,63.778865814209,0,0,"678976841126144",15,"MBB",0,0,0,0,0
"MBB_GROW",2040,47.464714050293,29.1401977539062,10.6112070083618,0.901183068752289,1.10414218902588,7.13085460662842,3.15563058853149,1.28000009059906,71.6477279663086,0,0,"678976841126144",20,"MBB",0,0,0,0,0
"MBB_GROW",2045,49.6911430358887,30.9501323699951,11.2052707672119,1.48231601715088,3.32349634170532,7.81280660629272,3.42900323867798,1.28000009059906,78.2240295410156,0,0,"678976841126144",25,"MBB",0,0,0,0,0
"MBB_BAU",2020,25.3477115631104,17.9460754394531,5.5186619758606,2.86770701408386,1.01104283332825,5.65866374969482,3.9749231338501,0.0199999995529652,44.3987083435059,8.80337142944336,0,"678977041126144",0,"MBB",0.818924883645948,0,1.26485419993905,0,2.083779083585
"MBB_BAU",2025,28.0498695373535,19.7668724060059,6.05075120925903,2.35700106620789,0.49215704202652,4.42954540252686,2.95001769065857,0.0199999995529652,44.3493423461914,0,0,"678977041126144",5,"MBB",0,0,0,0,0
"MBB_BAU",2030,23.8640213012695,16.3634204864502,5.17172050476074,3.57128643989563,0.331375122070312,5.81806135177612,3.20367240905762,0.0199999995529652,41.9801330566406,5.45804834365845,0,"678977041126144",10,"MBB",0.435047606608904,0,0.83071137156423,0,1.26575897817313
"MBB_BAU",2035,26.8702278137207,18.1818733215332,5.87479305267334,2.91962218284607,0.297540038824081,4.56151390075684,3.04688787460327,0.0199999995529652,43.5905799865723,0,0,"678977041126144",15,"MBB",0,0,0,0,0
"MBB_BAU",2040,26.1079368591309,17.2380790710449,5.79462051391602,3.24310421943665,0.31258299946785,4.85185098648071,3.24993014335632,0.0199999995529652,43.5800285339355,2.83891654014587,0,"678977041126144",20,"MBB",0.143797028387651,0,0.483763547381654,0,0.627560575769305
"MBB_BAU",2045,27.7897338867188,18.2437076568604,6.20100259780884,3.09397721290588,0.310497879981995,4.52339553833008,3.27080249786377,0.0199999995529652,45.2094116210938,1.45585441589355,0,"678977041126144",25,"MBB",0.0756154882708628,0,0.247054010798671,0,0.322669499069534
"MBB_GROW",2020,37.491268157959,26.7494449615479,8.16580581665039,0.220562845468521,1.01104283332825,2.59499979019165,3.7703001499176,0.0199999995529652,53.273983001709,0,0,"678977041126144",0,"MBB",0,0,0,0,0
"MBB_GROW",2025,34.870288848877,24.7616271972656,7.3871488571167,1.59271287918091,6.09436225891113,2.67230367660522,3.25522017478943,0.0199999995529652,55.892032623291,0,0,"678977041126144",5,"MBB",0,0,0,0,0
"MBB_GROW",2030,37.5675773620605,26.4811496734619,7.96354579925537,1.53740346431732,3.39619588851929,5.51424312591553,3.24765253067017,0.0199999995529652,59.2466201782227,0,0,"678977041126144",10,"MBB",0,0,0,0,0
"MBB_GROW",2035,40.915225982666,28.7698402404785,8.71391487121582,1.33432483673096,1.40343642234802,6.40802001953125,3.39738416671753,0.0199999995529652,62.1923065185547,0,0,"678977041126144",15,"MBB",0,0,0,0,0
"MBB_GROW",2040,45.109619140625,31.777587890625,9.69621276855469,1.14715600013733,0.6050785779953,6.102294921875,3.57101154327393,0.0199999995529652,66.2513732910156,0,0,"678977041126144",20,"MBB",0,0,0,0,0
"MBB_GROW",2045,48.5475692749023,34.1935577392578,10.4923362731934,1.05924952030182,0.771992683410645,5.36322355270386,3.77102565765381,0.0199999995529652,70.025390625,0,0,"678977041126144",25,"MBB",0,0,0,0,0
"MBB_BAU",2020,21.0668354034424,13.7478876113892,4.95655679702759,1.40193843841553,1.18658375740051,5.2732081413269,2.48563098907471,0.560000002384186,36.9307556152344,3.29094076156616,0,"678977049126144",0,"MBB",0.449854237814765,0,0.537596521846259,0,0.987450759661024
"MBB_BAU",2025,22.2230396270752,13.9800329208374,5.11930227279663,1.78107404708862,0.534258663654327,5.08640384674072,2.45584392547607,0.699999988079071,37.8999252319336,1.75264132022858,0,"678977049126144",5,"MBB",0.223247603114683,0,0.295648817619916,0,0.518896420734599
"MBB_BAU",2030,26.7955722808838,15.7043571472168,6.40576314926147,1.55823349952698,0.253890037536621,5.39009284973145,2.56901693344116,0.939999997615814,43.9125709533691,0.218586832284927,0,"678977049126144",10,"MBB",0.0320520213591902,0,0.0357712320391683,0,0.0678232533983585
"MBB_BAU",2035,29.4461650848389,16.941915512085,7.20757246017456,1.6895158290863,1.06486940383911,5.76701259613037,2.873863697052,1.28000009059906,49.3289947509766,0.444849997758865,0,"678977049126144",15,"MBB",0.067112733080565,0,0.0724998561483675,0,0.139612589228932
"MBB_BAU",2040,32.3173713684082,18.1970806121826,8.04266834259033,1.68942892551422,0.952589213848114,6.07843351364136,3.05279850959778,1.28000009059906,53.4132919311523,0.227178454399109,0,"678977049126144",20,"MBB",0.0340960879555728,0,0.0377368073261135,0,0.0718328952816863
"MBB_BAU",2045,36.0159111022949,20.3348407745361,8.99108028411865,1.60100102424622,0.87069422006607,6.17214727401733,3.2473292350769,1.28000009059906,58.1781616210938,0.0315212793648243,0,"678977049126144",25,"MBB",0.00422257992954747,0,0.0056275398831934,0,0.00985011981274088
"MBB_GROW",2020,25.8780002593994,17.0388298034668,6.11031293869019,0.248181954026222,1.18658375740051,3.875,2.39533495903015,0.560000002384186,40.2534141540527,0,0,"678977049126144",0,"MBB",0,0,0,0,0
"MBB_GROW",2025,29.8456497192383,19.2001209259033,6.95129442214966,0.247590035200119,0.568106770515442,3.5462532043457,2.54242920875549,0.699999988079071,44.4013252258301,0,0,"678977049126144",5,"MBB",0,0,0,0,0
"MBB_GROW",2030,34.7694091796875,21.3500442504883,8.34139060974121,0.348118424415588,0.703913688659668,4.54501485824585,2.78185987472534,0.939999997615814,52.4297065734863,0,0,"678977049126144",10,"MBB",0,0,0,0,0
"MBB_GROW",2035,38.3473129272461,23.3116550445557,9.31710147857666,0.567125380039215,1.14467322826385,5.46770763397217,3.09240627288818,1.28000009059906,59.2163276672363,0,0,"678977049126144",15,"MBB",0,0,0,0,0
"MBB_GROW",2040,42.0698127746582,25.2169227600098,10.3537950515747,0.744232594966888,1.15609455108643,6.2494010925293,3.30993223190308,1.28000009059906,65.1632690429688,0,0,"678977049126144",20,"MBB",0,0,0,0,0
"MBB_GROW",2045,45.1104431152344,26.8732376098633,11.2280893325806,0.841404020786285,0.971580505371094,7.15302038192749,3.55185508728027,1.28000009059906,70.1363983154297,0,0,"678977049126144",25,"MBB",0,0,0,0,0
"MBB_BAU",2021,33.6845054626465,24.8204917907715,7.30743360519409,0.810672998428345,3.41560339927673,2.59500026702881,3.7703001499176,0.0199999995529652,51.6035194396973,0,0,"734248029290487",0,"MBB",0,0,0,0,0
"MBB_BAU",2026,24.7816772460938,18.1627216339111,5.38092231750488,3.32387709617615,1.44844901561737,6.74092864990234,3.32226252555847,0.0199999995529652,45.0181121826172,8.880859375,0,"734248029290487",5,"MBB",0.395229251159383,0,1.46138057070184,0,1.85660982186122
"MBB_BAU",2031,27.2529411315918,19.9494514465332,5.96133232116699,2.72428417205811,0.379098743200302,5.83361053466797,2.97558403015137,0.0199999995529652,45.1468505859375,0,0,"734248029290487",10,"MBB",0,0,0,0,0
"MBB_BAU",2036,30.1136646270752,21.9181537628174,6.64490461349487,2.25085067749023,0.339588165283203,4.40710163116455,3.10573816299438,0.0199999995529652,46.8818473815918,0,0,"734248029290487",15,"MBB",0,0,0,0,0
"MBB_BAU",2041,22.1544055938721,15.8548946380615,4.92046308517456,4.22652244567871,0.391053736209869,5.99290132522583,3.41788792610168,0.0199999995529652,41.1232376098633,7.80670833587646,0,"734248029290487",20,"MBB",0.386171282941008,0,1.26912048401267,0,1.65529176695368
"MBB_BAU",2046,24.7492351531982,17.5816173553467,5.58697414398193,3.45585107803345,0.336299896240234,4.42092704772949,3.10132741928101,0.0199999995529652,41.6706161499023,0,0,"734248029290487",25,"MBB",0,0,0,0,0
"MBB_GROW",2021,33.6845054626465,24.8204917907715,7.30743360519409,0.810672998428345,3.41560339927673,2.59500026702881,3.7703001499176,0.0199999995529652,51.6035194396973,0,0,"734248029290487",0,"MBB",0,0,0,0,0
"MBB_GROW",2026,26.4566268920898,19.5881061553955,5.72036790847778,2.73770713806152,10.5547227859497,3.97971200942993,3.12505507469177,0.0199999995529652,52.5941925048828,0,0,"734248029290487",5,"MBB",0,0,0,0,0
"MBB_GROW",2031,27.0363903045654,19.9838619232178,5.88815021514893,2.5809760093689,5.24584197998047,8.30654525756836,3.01251149177551,0.0199999995529652,52.0904159545898,0,0,"734248029290487",10,"MBB",0,0,0,0,0
"MBB_GROW",2036,29.5560436248779,21.7218322753906,6.52100467681885,2.18035221099854,2.10152769088745,8.56977272033691,3.10965347290039,0.0199999995529652,52.0583572387695,0,0,"734248029290487",15,"MBB",0,0,0,0,0
"MBB_GROW",2041,32.2605323791504,23.6265335083008,7.21032667160034,1.82142019271851,0.682610154151917,7.35498857498169,3.25794959068298,0.0199999995529652,52.6078262329102,0,0,"734248029290487",20,"MBB",0,0,0,0,0
"MBB_GROW",2046,34.2527847290039,25.000545501709,7.72791957855225,1.53748512268066,0.456273049116135,5.72434997558594,3.40635251998901,0.0199999995529652,53.1251678466797,0,0,"734248029290487",25,"MBB",0,0,0,0,0
"MBB_BAU",2021,26.4134788513184,17.5784664154053,5.95164585113525,1.47252833843231,4.68321228027344,4.38980484008789,2.9390561580658,0.300000011920929,46.1497230529785,1.46188807487488,0,"734248035290487",0,"MBB",0.0486542196083685,0,0.280403437534173,0,0.329057657142541
"MBB_BAU",2026,31.2285232543945,19.8856716156006,6.94761943817139,1.19421231746674,2.15893459320068,5.28604555130005,2.4036602973938,0.440000027418137,49.6589965820312,0,0,"734248035290487",5,"MBB",0,0,0,0,0
"MBB_BAU",2031,34.6296691894531,21.5232696533203,7.78989553451538,1.31134903430939,1.75605797767639,7.24259662628174,2.67246150970459,0.680000007152557,56.0820274353027,0,0,"734248035290487",10,"MBB",0,0,0,0,0
"MBB_BAU",2036,38.7939834594727,23.0569400787354,8.89976596832275,1.41991555690765,1.74238848686218,7.77830219268799,2.94730281829834,1.01999998092651,62.6016578674316,0,0,"734248035290487",15,"MBB",0,0,0,0,0
"MBB_BAU",2041,40.1194458007812,23.3631973266602,9.41376495361328,1.98777937889099,3.6739764213562,8.36473941802979,3.19818878173828,1.01999998092651,67.7778854370117,0,0,"734248035290487",20,"MBB",0,0,0,0,0
"MBB_BAU",2046,41.4759521484375,24.0385208129883,9.88963508605957,2.37987327575684,3.43292808532715,9.95998096466064,3.36727046966553,1.01999998092651,71.5256423950195,0,0,"734248035290487",25,"MBB",0,0,0,0,0
"MBB_GROW",2021,28.4368686676025,19.0403518676758,6.40881633758545,1.01535761356354,4.68321228027344,3.87500047683716,2.90450024604797,0.300000011920929,47.6237525939941,0,0,"734248035290487",0,"MBB",0,0,0,0,0
"MBB_GROW",2026,28.1216278076172,17.6780414581299,6.48016548156738,1.57906210422516,6.27529525756836,4.98532485961914,2.45529580116272,0.440000027418137,50.3367691040039,0,0,"734248035290487",5,"MBB",0,0,0,0,0
"MBB_GROW",2031,31.6586112976074,19.4365177154541,7.38439083099365,1.40093231201172,2.1975953578949,8.58168411254883,2.58924651145935,0.680000007152557,54.4924583435059,0,0,"734248035290487",10,"MBB",0,0,0,0,0
"MBB_GROW",2036,35.6192474365234,21.0645618438721,8.44999980926514,1.3582159280777,1.1316545009613,8.70919418334961,2.86147594451904,1.01999998092651,59.149787902832,0,0,"734248035290487",15,"MBB",0,0,0,0,0
"MBB_GROW",2041,40.2454071044922,23.193172454834,9.73726177215576,1.32546591758728,1.03283059597015,8.31111526489258,3.10527729988098,1.01999998092651,64.7773590087891,0,0,"734248035290487",20,"MBB",0,0,0,0,0
"MBB_GROW",2046,41.2869911193848,23.7464275360107,10.1503276824951,1.86836290359497,3.22084808349609,8.27265644073486,3.38479709625244,1.01999998092651,69.2039794921875,0,0,"734248035290487",25,"MBB",0,0,0,0,0
"MBB_BAU",2021,19.8382244110107,12.005898475647,4.89548921585083,0.953877806663513,2.32201528549194,3.875,2.90449976921082,0.0199999995529652,34.8091049194336,0,0,"734248143290487",0,"MBB",0,0,0,0,0
"MBB_BAU",2026,26.3087005615234,15.9991817474365,6.26876354217529,1.12042129039764,1.20948851108551,4.31097173690796,2.26518130302429,0.0199999995529652,41.5035285949707,0.893577098846436,0,"734248143290487",5,"MBB",0.0650510488147746,0,0.129075720723868,0,0.194126769538643
"MBB_BAU",2031,31.5742835998535,19.1732158660889,7.60978126525879,1.4321631193161,1.07733607292175,6.03793716430664,2.55439972877502,0.0199999995529652,50.3059043884277,1.0740259885788,0,"734248143290487",10,"MBB",0.0641383901743862,0,0.166222762971191,0,0.230361153145578
"MBB_BAU",2036,38.8281326293945,23.6330547332764,9.51305103302002,1.48023748397827,0.884599804878235,6.49857044219971,2.81171369552612,0.0199999995529652,60.036304473877,0.401653528213501,0,"734248143290487",15,"MBB",0.0207216363472556,0,0.0642497542742477,0,0.0849713906215033
"MBB_BAU",2041,44.0285415649414,26.8298530578613,10.8838911056519,1.5046135187149,0.694000720977783,6.81707572937012,3.13591170310974,0.0199999995529652,67.0840301513672,0.465751081705093,0,"734248143290487",20,"MBB",0.0242174216453276,0,0.0743545965512727,0,0.0985720181966002
"MBB_BAU",2046,46.5299987792969,28.7215442657471,11.5832328796387,2.1191189289093,2.08520770072937,7.17679595947266,3.43010687828064,0.0199999995529652,72.9444580078125,1.10844969749451,0,"734248143290487",25,"MBB",0.0537989518511902,0,0.179149568892347,0,0.232948520743537
"MBB_GROW",2021,19.8382244110107,12.005898475647,4.89548921585083,0.953877806663513,2.32201528549194,3.875,2.90449976921082,0.0199999995529652,34.8091049194336,0,0,"734248143290487",0,"MBB",0,0,0,0,0
"MBB_GROW",2026,27.6049480438232,16.8676567077637,6.59413194656372,0.791866362094879,1.21578407287598,3.89828109741211,2.23931860923767,0.0199999995529652,42.364330291748,0,0,"734248143290487",5,"MBB",0,0,0,0,0
"MBB_GROW",2031,34.5948944091797,21.2366065979004,8.36394786834717,0.787676930427551,1.13972198963165,5.28992509841919,2.55896425247192,0.0199999995529652,52.7551307678223,0,0,"734248143290487",10,"MBB",0,0,0,0,0
"MBB_GROW",2036,41.5645141601562,25.6376171112061,10.1190004348755,0.829985558986664,0.955386459827423,5.98647451400757,2.88257694244385,0.0199999995529652,62.3579368591309,0,0,"734248143290487",15,"MBB",0,0,0,0,0
"MBB_GROW",2041,47.7849578857422,29.660680770874,11.7343263626099,0.857881486415863,0.888965368270874,6.48761749267578,3.19014406204224,0.0199999995529652,70.9638900756836,0,0,"734248143290487",20,"MBB",0,0,0,0,0
"MBB_GROW",2046,52.216869354248,33.1510391235352,12.9182634353638,1.33771514892578,2.63832116127014,6.87724113464355,3.4961633682251,0.0199999995529652,79.5045700073242,0,0,"734248143290487",25,"MBB",0,0,0,0,0
"MBB_BAU",2022,24.5883083343506,16.4457359313965,5.35693836212158,1.58784544467926,6.63452959060669,3.87499976158142,2.90450024604797,0.0199999995529652,44.9671211242676,0,0,"749041030290487",0,"MBB",0,0,0,0,0
"MBB_BAU",2027,27.2444725036621,17.5410766601562,5.69158124923706,2.21380639076233,2.8515157699585,7.2993049621582,2.39355635643005,0.0199999995529652,47.7142372131348,2.78309988975525,0,"749041030290487",5,"MBB",0.332413757985657,0,0.292513380380561,0,0.624927138366218
"MBB_BAU",2032,32.8750267028809,20.3459224700928,6.91542291641235,2.09381985664368,1.77362537384033,9.58955669403076,2.55677223205566,0.0199999995529652,55.8242225646973,0,0,"749041030290487",10,"MBB",0,0,0,0,0
"MBB_BAU",2037,36.0728149414062,21.5274429321289,7.84104156494141,2.45284509658813,4.12221145629883,9.73691177368164,2.88775873184204,0.0199999995529652,63.1335868835449,0,0,"749041030290487",15,"MBB",0,0,0,0,0
"MBB_BAU",2042,37.8720932006836,22.45534324646,8.47768211364746,2.7318606376648,4.04945755004883,11.6308832168579,3.0875461101532,0.0199999995529652,67.869514465332,0,0,"749041030290487",20,"MBB",0,0,0,0,0
"MBB_BAU",2047,39.9593849182129,23.6245307922363,9.22661304473877,3.00271534919739,4.09489488601685,12.4167165756226,3.27658271789551,0.0199999995529652,71.9969024658203,0,0,"749041030290487",25,"MBB",0,0,0,0,0
"MBB_GROW",2022,24.5883083343506,16.4457359313965,5.35693836212158,1.58784544467926,6.63452959060669,3.87499976158142,2.90450024604797,0.0199999995529652,44.9671211242676,0,0,"749041030290487",0,"MBB",0,0,0,0,0
"MBB_GROW",2027,28.4801368713379,18.4564514160156,6.05076313018799,1.73279392719269,4.84424638748169,6.22513246536255,2.32449507713318,0.0199999995529652,49.6775665283203,0,0,"749041030290487",5,"MBB",0,0,0,0,0
"MBB_GROW",2032,33.1770629882812,20.7407341003418,7.10799503326416,1.75607335567474,2.37212467193604,9.90693283081055,2.58054614067078,0.0199999995529652,56.9207344055176,0,0,"749041030290487",10,"MBB",0,0,0,0,0
"MBB_GROW",2037,36.9146614074707,22.0945301055908,8.08406829833984,2.09457516670227,3.61949062347412,10.226788520813,2.88186550140381,0.0199999995529652,63.8414497375488,0,0,"749041030290487",15,"MBB",0,0,0,0,0
"MBB_GROW",2042,39.0640487670898,23.4031963348389,8.75099945068359,2.36577367782593,3.62529134750366,12.0104465484619,3.10504817962646,0.0199999995529652,68.9416046142578,0,0,"749041030290487",20,"MBB",0,0,0,0,0
"MBB_GROW",2047,41.0685081481934,24.8266124725342,9.28801918029785,2.43745803833008,2.82312822341919,12.7620220184326,3.30394840240479,0.0199999995529652,71.7030792236328,0,0,"749041030290487",25,"MBB",0,0,0,0,0
"MBB_BAU",2022,23.0287895202637,15.3918542861938,5.21175956726074,6.02985954284668,23.0608730316162,3.875,2.90450000762939,0.0199999995529652,64.1307830810547,0,0,"749041179290487",0,"MBB",0,0,0,0,0
"MBB_BAU",2027,22.907506942749,15.1123428344727,5.15017890930176,6.75505971908569,17.4073619842529,10.0221900939941,2.41230201721191,0.0199999995529652,64.6746063232422,5.64327478408813,0,"749041179290487",5,"MBB",0.666922558543266,0,0.615241775506245,0,1.28216433404951
"MBB_BAU",2032,24.133373260498,15.5794486999512,5.56660318374634,6.58223009109497,13.8698501586914,12.4551086425781,2.47753667831421,0.0199999995529652,65.1046981811523,3.34621047973633,0,"749041179290487",10,"MBB",0.293158657892812,0,0.435974157967505,0,0.729132815860317
"MBB_BAU",2037,27.7582244873047,17.5297203063965,6.5910153388977,5.86875152587891,12.2505207061768,11.2994918823242,2.61474227905273,0.0199999995529652,66.4027481079102,1.53105437755585,0,"749041179290487",15,"MBB",0.0788984419730595,0,0.237351589071004,0,0.316250031044064
"MBB_BAU",2042,30.8000144958496,19.4471549987793,7.36302757263184,5.45706415176392,10.9947204589844,10.7820138931274,2.84365487098694,0.0199999995529652,68.2604904174805,1.72281765937805,0,"749041179290487",20,"MBB",0.0855834440838754,0,0.271214052911485,0,0.35679749699536
"MBB_BAU",2047,33.7087440490723,21.288875579834,8.12219619750977,4.88541603088379,9.13731575012207,10.4678001403809,3.02367329597473,0.0199999995529652,69.3651351928711,1.19380342960358,0,"749041179290487",25,"MBB",0.0502319329075457,0,0.194610852532008,0,0.244842785439554
"MBB_GROW",2022,23.0287895202637,15.3918542861938,5.21175956726074,6.02985954284668,23.0608730316162,3.875,2.90450000762939,0.0199999995529652,64.1307830810547,0,0,"749041179290487",0,"MBB",0,0,0,0,0
"MBB_GROW",2027,31.0685424804688,20.755615234375,7.03520584106445,4.87003135681152,17.4073619842529,7.71645641326904,2.26449942588806,0.0199999995529652,70.3820953369141,0,0,"749041179290487",5,"MBB",0,0,0,0,0
"MBB_GROW",2032,37.7424774169922,25.1178607940674,8.72016143798828,4.05322074890137,14.4004716873169,9.80031299591064,2.6104040145874,0.0199999995529652,77.3470458984375,0,0,"749041179290487",10,"MBB",0,0,0,0,0
"MBB_GROW",2037,44.7409934997559,29.7262535095215,10.4732732772827,3.53426361083984,13.3585643768311,9.64750671386719,2.944979429245,0.0199999995529652,84.7195739746094,0,0,"749041179290487",15,"MBB",0,0,0,0,0
"MBB_GROW",2042,51.9726371765137,34.7221984863281,12.2660503387451,3.06348419189453,11.5793704986572,10.2334041595459,3.26359534263611,0.0199999995529652,92.3985366821289,0,0,"749041179290487",20,"MBB",0,0,0,0,0
"MBB_GROW",2047,55.9515190124512,37.964469909668,13.4107255935669,3.30417108535767,12.5201168060303,10.7142267227173,3.6057710647583,0.0199999995529652,99.5265274047852,0,0,"749041179290487",25,"MBB",0,0,0,0,0
"MBB_BAU",2021,25.7063770294189,17.330020904541,5.52161073684692,1.01511526107788,4.46676778793335,3.875,2.90449976921082,0.0199999995529652,43.5093688964844,0,0,"749041327290487",0,"MBB",0,0,0,0,0
"MBB_BAU",2026,23.751802444458,15.6199531555176,5.00474643707275,2.5709536075592,2.34741592407227,6.89213848114014,2.44691729545593,0.0199999995529652,43.0339775085449,5.59470319747925,0,"749041327290487",5,"MBB",0.767488012198317,0,0.526388275815366,0,1.29387628801368
"MBB_BAU",2031,27.7645988464355,17.2385330200195,5.9023609161377,2.71296501159668,0.988519191741943,7.89253807067871,2.43747329711914,0.0199999995529652,47.7184600830078,1.95789873600006,0,"749041327290487",10,"MBB",0.179138872639863,0,0.244891911811493,0,0.424030784451357
"MBB_BAU",2036,31.9954414367676,19.0321712493896,6.92230606079102,2.68717670440674,1.18925821781158,7.46387195587158,2.63918113708496,0.0199999995529652,52.917236328125,0.968425631523132,0,"749041327290487",15,"MBB",0.0936434644406999,0,0.118040918207944,0,0.211684382648643
"MBB_BAU",2041,36.5850067138672,21.44065284729,8.10675144195557,2.49278378486633,1.06936049461365,7.46273040771484,2.84357261657715,0.0199999995529652,58.5802040100098,0.504215776920319,0,"749041327290487",20,"MBB",0.0411071909340684,0,0.066644726195376,0,0.107751917129444
"MBB_BAU",2046,42.3769035339355,24.8979835510254,9.47443866729736,2.25616765022278,1.17309284210205,7.1746883392334,3.0758056640625,0.0199999995529652,65.5510940551758,0.09506556391716,0,"749041327290487",25,"MBB",0.00642493138148307,0,0.0135911107045114,0,0.0200160420859944
"MBB_GROW",2021,25.7063770294189,17.330020904541,5.52161073684692,1.01511526107788,4.46676778793335,3.875,2.90449976921082,0.0199999995529652,43.5093688964844,0,0,"749041327290487",0,"MBB",0,0,0,0,0
"MBB_GROW",2026,31.6615371704102,21.1456508636475,6.72638845443726,0.841182112693787,2.36623620986938,4.64214992523193,2.30841875076294,0.0199999995529652,48.5659141540527,0,0,"749041327290487",5,"MBB",0,0,0,0,0
"MBB_GROW",2031,38.441722869873,24.8488464355469,8.23092651367188,0.789021372795105,1.38517415523529,5.75238227844238,2.58641195297241,0.0199999995529652,57.2056350708008,0,0,"749041327290487",10,"MBB",0,0,0,0,0
"MBB_GROW",2036,45.598762512207,28.834228515625,9.86490726470947,0.760290801525116,0.890948414802551,6.21723747253418,2.87431788444519,0.0199999995529652,66.2264633178711,0,0,"749041327290487",15,"MBB",0,0,0,0,0
"MBB_GROW",2041,52.1062812805176,32.7649269104004,11.4145021438599,0.761052846908569,0.924445450305939,6.84454154968262,3.1793749332428,0.0199999995529652,75.2501983642578,0,0,"749041327290487",20,"MBB",0,0,0,0,0
"MBB_GROW",2046,54.3958969116211,34.8305511474609,12.052508354187,1.33912420272827,3.59515523910522,7.42889785766602,3.48558497428894,0.0199999995529652,82.3171691894531,0,0,"749041327290487",25,"MBB",0,0,0,0,0
"MBB_BAU",2021,41.2277870178223,28.8074378967285,9.3524169921875,3.96586656570435,1.88291764259338,7.65553855895996,3.16865158081055,0.0199999995529652,67.2731781005859,11.3057689666748,0,"749041470290487",0,"MBB",0.4892121390071,0,1.89421476005799,0,2.38342689906509
"MBB_BAU",2026,34.3235282897949,23.6293468475342,7.80417156219482,5.5707221031189,1.59325683116913,8.67318153381348,2.94824862480164,0.0199999995529652,60.9331130981445,7.08991289138794,0,"749041470290487",5,"MBB",0.293515457537608,0,1.20127028040814,0,1.49478573794575
"MBB_BAU",2031,30.855749130249,21.0444736480713,7.06849575042725,6.05127143859863,1.17749881744385,8.77573013305664,2.8111093044281,0.0199999995529652,56.7598495483398,4.43799495697021,0,"749041470290487",10,"MBB",0.170909017306566,0,0.762605588536454,0,0.93351460584302
"MBB_BAU",2036,27.260425567627,18.333927154541,6.2750883102417,6.32801961898804,0.995044231414795,8.26836109161377,2.81524777412415,0.0199999995529652,51.9621849060059,4.1940746307373,0,"749041470290487",15,"MBB",0.206828779486612,0,0.687347682302427,0,0.894176461789039
"MBB_BAU",2041,28.9537200927734,19.5451068878174,6.71073246002197,5.20704650878906,0.824685871601105,6.32183313369751,2.70887422561646,0.0199999995529652,50.7468910217285,0,0,"749041470290487",20,"MBB",0,0,0,0,0
"MBB_BAU",2046,27.7812232971191,18.5437850952148,6.46036624908447,5.12973499298096,0.782415211200714,5.865478515625,2.89125800132751,0.0199999995529652,48.9304733276367,2.57730054855347,0,"749041470290487",25,"MBB",0.117107028087794,0,0.429127362779288,0,0.546234390867082
"MBB_GROW",2021,56.6710510253906,40.1132049560547,12.8434906005859,0.474794566631317,1.88291764259338,3.87499976158142,2.90449976921082,0.0199999995529652,78.6717529296875,0,0,"749041470290487",0,"MBB",0,0,0,0,0
"MBB_GROW",2026,50.5191802978516,35.1525993347168,11.5559720993042,2.58666563034058,10.9432621002197,4.09791374206543,3.17809462547302,0.0199999995529652,82.9010848999023,0,0,"749041470290487",5,"MBB",0,0,0,0,0
"MBB_GROW",2031,51.2268867492676,35.6052131652832,11.796591758728,2.72325420379639,8.16476726531982,8.19179916381836,3.15805721282959,0.0199999995529652,85.2813568115234,0,0,"749041470290487",10,"MBB",0,0,0,0,0
"MBB_GROW",2036,53.932373046875,37.4991111755371,12.4745779037476,2.41058945655823,4.6827826499939,9.97561931610107,3.31566619873047,0.0199999995529652,86.8116073608398,0,0,"749041470290487",15,"MBB",0,0,0,0,0
"MBB_GROW",2041,56.7522506713867,39.5691604614258,13.2311410903931,2.1792163848877,2.03891849517822,10.698561668396,3.53504061698914,0.0199999995529652,88.4551239013672,0,0,"749041470290487",20,"MBB",0,0,0,0,0
"MBB_GROW",2046,59.6544876098633,41.6509742736816,14.0055513381958,2.00901174545288,1.76214635372162,9.48394870758057,3.76287603378296,0.0199999995529652,90.6980209350586,0,0,"749041470290487",25,"MBB",0,0,0,0,0
"MBB_BAU",2021,9.87246322631836,3.67093563079834,2.94414806365967,0.746178984642029,1.89996898174286,2.59500002861023,2.82495951652527,0.0199999995529652,20.9027194976807,0,0,"749041477290487",0,"MBB",0,0,0,0,0
"MBB_BAU",2026,15.3117980957031,6.89522171020508,3.8194420337677,0.618034660816193,0.791110396385193,2.76742506027222,1.85356175899506,0.0199999995529652,25.1813735961914,0,0,"749041477290487",5,"MBB",0,0,0,0,0
"MBB_BAU",2031,19.3861179351807,9.2686357498169,4.77811527252197,0.541692316532135,0.161853104829788,5.07875442504883,2.03489923477173,0.0199999995529652,32.0014343261719,0,0,"749041477290487",10,"MBB",0,0,0,0,0
"MBB_BAU",2036,25.0796661376953,12.6073017120361,6.04521703720093,0.611644208431244,0.660297334194183,5.72294425964355,2.25096559524536,0.0199999995529652,40.3907356262207,0,0,"749041477290487",15,"MBB",0,0,0,0,0
"MBB_BAU",2041,30.453540802002,15.7870922088623,7.31496715545654,0.70429927110672,0.807679235935211,6.77611970901489,2.47755646705627,0.0199999995529652,48.5541648864746,0,0,"749041477290487",20,"MBB",0,0,0,0,0
"MBB_BAU",2046,35.423225402832,19.0178527832031,8.42355632781982,0.758012592792511,0.720604777336121,7.77836418151855,2.72319960594177,0.0199999995529652,55.8469581604004,0,0,"749041477290487",25,"MBB",0,0,0,0,0
"MBB_GROW",2021,9.87246322631836,3.67093563079834,2.94414806365967,0.746178984642029,1.89996898174286,2.59500002861023,2.82495951652527,0.0199999995529652,20.9027194976807,0,0,"749041477290487",0,"MBB",0,0,0,0,0
"MBB_GROW",2026,14.7163190841675,6.62264108657837,3.69321823120117,0.700402617454529,1.00217914581299,2.76742506027222,1.85356175899506,0.0199999995529652,24.7531070709229,0,0,"749041477290487",5,"MBB",0,0,0,0,0
"MBB_GROW",2031,18.7113552093506,8.91583061218262,4.66071081161499,0.583701074123383,0.0768100768327713,4.96120834350586,2.01127004623413,0.0199999995529652,31.0250568389893,0,0,"749041477290487",10,"MBB",0,0,0,0,0
"MBB_GROW",2036,24.6237907409668,12.6770286560059,5.95509386062622,0.629368662834167,0.58354514837265,5.40451431274414,2.22015857696533,0.0199999995529652,39.4364700317383,0,0,"749041477290487",15,"MBB",0,0,0,0,0
"MBB_GROW",2041,29.3949546813965,15.6869506835938,7.04862642288208,0.68828421831131,0.692633211612701,6.1593165397644,2.44592332839966,0.0199999995529652,46.4497413635254,0,0,"749041477290487",20,"MBB",0,0,0,0,0
"MBB_GROW",2046,34.4865646362305,19.0826168060303,8.22911357879639,0.743093252182007,0.718705713748932,6.98547315597534,2.66158294677734,0.0199999995529652,53.8445320129395,0,0,"749041477290487",25,"MBB",0,0,0,0,0
