"plt_cn","FOR","time","MBB_BAU","MBB_GROW","calc.mbb.bau","calc.mbb.bau.comp","calc.mbb.bau.comp.blend","calc.mbb.grow","delta.mbb.grow","delta.mbb.grow.comp","delta.mbb.grow.comp.blend","prev.plt.cn","forestname.prev","forestsubtype.prev","stdage.prev","gsstk.prev","desire.prev.prev","baac.prev","tpasite.prev","volbfgrs.ac.prev","lorey_ht.prev","qmd.prev","invyr.prev","total_mtco2eac.prev","prev.prev.prev.plt.cn","qmd.prev.prev.prev","trtcd1.prev.prev.prev","baac.prev.prev.prev","total_mtco2eac.prev.prev.prev","prev.prev.plt.cn","invyr.prev.prev","measdate.prev.prev","dstrbcd1.prev.prev","dstrbcd2.prev.prev","dstrbcd3.prev.prev","harvest_type1_srs.prev.prev","total_mtco2eac.prev.prev","baac.perc.cut.prev.prev","qmd.prev.prev","trtcd1.prev.prev","baac.prev.prev","measdate.prev","dstrbcd1.prev","dstrbcd2.prev","dstrbcd3.prev","harvest_type1_srs.prev","baac.perc.cut.prev","trtcd1.prev","ecosub","ecosubcd","statecd","countycd","plot","unitcd","lat","lon","fortypcd","owngrpcd","stdorgcd","invyr","remper","measdate","dstrbcd1","dstrbcd2","dstrbcd3","stdage","siteclcd","spgrpcd","kindcd","designcd","qa_status","gsstk","elev","slope","aspect","trtcd1","harvest_type1_srs","physclcd","baac.perc.cut","desire.prev","avg.desire.harv","avg.desire.standing","total_mtco2eac","baac","tpasite","carbon_ag","volbfgrs.ac","lorey_ht","qmd","fortypgrpcd","forestname","forestsubtype","timediff","harvest","harv1","harv2","harv3","numharvs","baac.remv","qmdchange","baac.prevharv","qmd.prevharv","forestname.prev.prev","forestsubtype.prev.prev","stdage.prev.prev","gsstk.prev.prev","desire.prev.prev.prev","tpasite.prev.prev","volbfgrs.ac.prev.prev","lorey_ht.prev.prev","forestname.prev.prev.prev","forestsubtype.prev.prev.prev","stdage.prev.prev.prev","gsstk.prev.prev.prev","desire.prev.prev.prev.prev","tpasite.prev.prev.prev","volbfgrs.ac.prev.prev.prev","lorey_ht.prev.prev.prev","invyr.prev.prev.prev","volbfgrs.ac.initial","FIPS","Name","State","nummills"
198434273020004,"MBB",0,0,0,0,0,0,0,0,0,0,145755050010478,"Maple / beech / birch group","Sugar maple / beech / yellow birch",72,75.4475,2.25610741309666,123.778936507454,168.505288,12402.9002146215,77.6864019081838,11.6053712933772,2007,176.270261126004,NA,NA,NA,NA,NA,29959615010478,NA,NA,NA,NA,NA,NA,NA,0,NA,NA,NA,"2008-11-12",0,0,0,NA,0,0,"M221","M221Dd",37,75,23,4,35.227255,-83.953948,801,40,0,2014,5,"2013-10-30",0,0,0,77,1,30,2,1,1,80.3249,3300,45,60,0,NA,23,0,2.31304279038756,0,2.29196644289319,174.501254890321,120.431705821744,156.469196,14655.766927,13082.8570014996,81.0625239182069,11.879507241788,800,"Maple / beech / birch group","Sugar maple / beech / yellow birch",4.9637234770705,0,0,0,0,0,NA,NA,NA,NA,NA,NA,NA,NA,NA,NA,NA,NA,NA,NA,NA,NA,NA,NA,NA,NA,NA,12402.9002146215,37075,"Graham","NC",11
198434273020004,"MBB",5,-1.7721912789959,0.510810593033928,-2.7941549165502,-1.7265607771093,1.28974602190515,1.87297217445774,4.66712709100794,3.59953295156703,0.583226152552582,145755050010478,"Maple / beech / birch group","Sugar maple / beech / yellow birch",72,75.4475,2.25610741309666,123.778936507454,168.505288,12402.9002146215,77.6864019081838,11.6053712933772,2007,176.270261126004,NA,NA,NA,NA,NA,29959615010478,NA,NA,NA,NA,NA,NA,NA,0,NA,NA,NA,"2008-11-12",0,0,0,NA,0,0,"M221","M221Dd",37,75,23,4,35.227255,-83.953948,801,40,0,2014,5,"2013-10-30",0,0,0,77,1,30,2,1,1,80.3249,3300,45,60,0,NA,23,0,2.31304279038756,0,2.29196644289319,174.501254890321,120.431705821744,156.469196,14655.766927,13082.8570014996,81.0625239182069,11.879507241788,800,"Maple / beech / birch group","Sugar maple / beech / yellow birch",4.9637234770705,0,0,0,0,0,NA,NA,NA,NA,NA,NA,NA,NA,NA,NA,NA,NA,NA,NA,NA,NA,NA,NA,NA,NA,NA,12402.9002146215,37075,"Graham","NC",11
198434273020004,"MBB",10,0.438134498051219,0.43674848083411,0.690792058594088,1.60359638353738,1.41528684065725,1.60141109639174,0.910619037797649,-0.00218528714564115,0.186124255734483,145755050010478,"Maple / beech / birch group","Sugar maple / beech / yellow birch",72,75.4475,2.25610741309666,123.778936507454,168.505288,12402.9002146215,77.6864019081838,11.6053712933772,2007,176.270261126004,NA,NA,NA,NA,NA,29959615010478,NA,NA,NA,NA,NA,NA,NA,0,NA,NA,NA,"2008-11-12",0,0,0,NA,0,0,"M221","M221Dd",37,75,23,4,35.227255,-83.953948,801,40,0,2014,5,"2013-10-30",0,0,0,77,1,30,2,1,1,80.3249,3300,45,60,0,NA,23,0,2.31304279038756,0,2.29196644289319,174.501254890321,120.431705821744,156.469196,14655.766927,13082.8570014996,81.0625239182069,11.879507241788,800,"Maple / beech / birch group","Sugar maple / beech / yellow birch",4.9637234770705,0,0,0,0,0,NA,NA,NA,NA,NA,NA,NA,NA,NA,NA,NA,NA,NA,NA,NA,NA,NA,NA,NA,NA,NA,12402.9002146215,37075,"Graham","NC",11
198434273020004,"MBB",15,-0.70895668634901,0.552800935381661,-1.11778837547694,0.0375655794707325,0.850502579817598,2.02693676306609,3.14472513854303,1.98937118359536,1.17643418324849,145755050010478,"Maple / beech / birch group","Sugar maple / beech / yellow birch",72,75.4475,2.25610741309666,123.778936507454,168.505288,12402.9002146215,77.6864019081838,11.6053712933772,2007,176.270261126004,NA,NA,NA,NA,NA,29959615010478,NA,NA,NA,NA,NA,NA,NA,0,NA,NA,NA,"2008-11-12",0,0,0,NA,0,0,"M221","M221Dd",37,75,23,4,35.227255,-83.953948,801,40,0,2014,5,"2013-10-30",0,0,0,77,1,30,2,1,1,80.3249,3300,45,60,0,NA,23,0,2.31304279038756,0,2.29196644289319,174.501254890321,120.431705821744,156.469196,14655.766927,13082.8570014996,81.0625239182069,11.879507241788,800,"Maple / beech / birch group","Sugar maple / beech / yellow birch",4.9637234770705,0,0,0,0,0,NA,NA,NA,NA,NA,NA,NA,NA,NA,NA,NA,NA,NA,NA,NA,NA,NA,NA,NA,NA,NA,12402.9002146215,37075,"Graham","NC",11
198434273020004,"MBB",20,0.400763742663592,0.534603331647997,0.631870834266264,1.74919179741058,1.28964937248966,1.96021221604266,1.32834138177639,0.211020418632079,0.670562843552998,145755050010478,"Maple / beech / birch group","Sugar maple / beech / yellow birch",72,75.4475,2.25610741309666,123.778936507454,168.505288,12402.9002146215,77.6864019081838,11.6053712933772,2007,176.270261126004,NA,NA,NA,NA,NA,29959615010478,NA,NA,NA,NA,NA,NA,NA,0,NA,NA,NA,"2008-11-12",0,0,0,NA,0,0,"M221","M221Dd",37,75,23,4,35.227255,-83.953948,801,40,0,2014,5,"2013-10-30",0,0,0,77,1,30,2,1,1,80.3249,3300,45,60,0,NA,23,0,2.31304279038756,0,2.29196644289319,174.501254890321,120.431705821744,156.469196,14655.766927,13082.8570014996,81.0625239182069,11.879507241788,800,"Maple / beech / birch group","Sugar maple / beech / yellow birch",4.9637234770705,0,0,0,0,0,NA,NA,NA,NA,NA,NA,NA,NA,NA,NA,NA,NA,NA,NA,NA,NA,NA,NA,NA,NA,NA,12402.9002146215,37075,"Graham","NC",11
221697518020004,"MBB",0,0,0,0,0,0,0,0,0,0,155532382010854,"Maple / beech / birch group","Hard maple / basswood",39,36.9725,1.98331528261823,128.124746740261,204.613564,6307.25908215339,69.5070358989252,10.7149890889571,2009,100.467101799308,43903821010478,NA,NA,NA,NA,30550014010478,2002,"2002-02-27",80,0,0,NA,94.6833048695047,0.0586571594422465,9.84068281346849,0,108.068723397715,"2009-06-19",0,0,0,15,0.270042300787134,10,"M221","M221Aa",51,121,40,5,37.255356,-80.404805,805,40,0,2014,5.2,"2014-08-27",0,0,0,44,5,39,2,1,1,26.0485,2320,10,22,0,NA,22,0.118919103580213,1.94528153140238,3,1.81645884910331,108.372143144628,102.271718970727,144.433104,9193.299272,8364.4073671965,79.4325281400127,11.3942787178478,800,"Maple / beech / birch group","Hard maple / basswood",5.18822724161533,0,0,1,0,1,0.270042300787134,0.874306275488651,108.068723397715,9.84068281346849,"Oak / hickory group","Cherry / white ash / yellow-poplar",32,30.1933,2.00738229988569,204.613564,3284.86494682875,57.3787704779719,NA,NA,NA,NA,NA,NA,NA,NA,NA,3284.86494682875,51121,"Montgomery","VA",11
221697518020004,"MBB",5,-1.19837160256136,0.571226789697656,-1.88943256003842,-0.695568569570314,1.56763905585896,2.09449822889141,3.98393078892982,2.79006679846172,0.526859173032443,155532382010854,"Maple / beech / birch group","Hard maple / basswood",39,36.9725,1.98331528261823,128.124746740261,204.613564,6307.25908215339,69.5070358989252,10.7149890889571,2009,100.467101799308,43903821010478,NA,NA,NA,NA,30550014010478,2002,"2002-02-27",80,0,0,NA,94.6833048695047,0.0586571594422465,9.84068281346849,0,108.068723397715,"2009-06-19",0,0,0,15,0.270042300787134,10,"M221","M221Aa",51,121,40,5,37.255356,-80.404805,805,40,0,2014,5.2,"2014-08-27",0,0,0,44,5,39,2,1,1,26.0485,2320,10,22,0,NA,22,0.118919103580213,1.94528153140238,3,1.81645884910331,108.372143144628,102.271718970727,144.433104,9193.299272,8364.4073671965,79.4325281400127,11.3942787178478,800,"Maple / beech / birch group","Hard maple / basswood",5.18822724161533,0,0,1,0,1,0.270042300787134,0.874306275488651,108.068723397715,9.84068281346849,"Oak / hickory group","Cherry / white ash / yellow-poplar",32,30.1933,2.00738229988569,204.613564,3284.86494682875,57.3787704779719,NA,NA,NA,NA,NA,NA,NA,NA,NA,3284.86494682875,51121,"Montgomery","VA",11
221697518020004,"MBB",10,1.72439456076234,-0.0833713099293774,2.71879542413529,2.54454938638289,0.0191194951394921,-0.305694803074384,-3.02449022720967,-2.85024418945728,-0.324814298213876,155532382010854,"Maple / beech / birch group","Hard maple / basswood",39,36.9725,1.98331528261823,128.124746740261,204.613564,6307.25908215339,69.5070358989252,10.7149890889571,2009,100.467101799308,43903821010478,NA,NA,NA,NA,30550014010478,2002,"2002-02-27",80,0,0,NA,94.6833048695047,0.0586571594422465,9.84068281346849,0,108.068723397715,"2009-06-19",0,0,0,15,0.270042300787134,10,"M221","M221Aa",51,121,40,5,37.255356,-80.404805,805,40,0,2014,5.2,"2014-08-27",0,0,0,44,5,39,2,1,1,26.0485,2320,10,22,0,NA,22,0.118919103580213,1.94528153140238,3,1.81645884910331,108.372143144628,102.271718970727,144.433104,9193.299272,8364.4073671965,79.4325281400127,11.3942787178478,800,"Maple / beech / birch group","Hard maple / basswood",5.18822724161533,0,0,1,0,1,0.270042300787134,0.874306275488651,108.068723397715,9.84068281346849,"Oak / hickory group","Cherry / white ash / yellow-poplar",32,30.1933,2.00738229988569,204.613564,3284.86494682875,57.3787704779719,NA,NA,NA,NA,NA,NA,NA,NA,NA,3284.86494682875,51121,"Montgomery","VA",11
221697518020004,"MBB",15,0.781712261302823,0.688017733182728,1.23249966532078,2.67045672767269,1.77409333471212,2.52273168833667,1.29023202301589,-0.147725039336017,0.748638353624554,155532382010854,"Maple / beech / birch group","Hard maple / basswood",39,36.9725,1.98331528261823,128.124746740261,204.613564,6307.25908215339,69.5070358989252,10.7149890889571,2009,100.467101799308,43903821010478,NA,NA,NA,NA,30550014010478,2002,"2002-02-27",80,0,0,NA,94.6833048695047,0.0586571594422465,9.84068281346849,0,108.068723397715,"2009-06-19",0,0,0,15,0.270042300787134,10,"M221","M221Aa",51,121,40,5,37.255356,-80.404805,805,40,0,2014,5.2,"2014-08-27",0,0,0,44,5,39,2,1,1,26.0485,2320,10,22,0,NA,22,0.118919103580213,1.94528153140238,3,1.81645884910331,108.372143144628,102.271718970727,144.433104,9193.299272,8364.4073671965,79.4325281400127,11.3942787178478,800,"Maple / beech / birch group","Hard maple / basswood",5.18822724161533,0,0,1,0,1,0.270042300787134,0.874306275488651,108.068723397715,9.84068281346849,"Oak / hickory group","Cherry / white ash / yellow-poplar",32,30.1933,2.00738229988569,204.613564,3284.86494682875,57.3787704779719,NA,NA,NA,NA,NA,NA,NA,NA,NA,3284.86494682875,51121,"Montgomery","VA",11
221697518020004,"MBB",20,0.678211728691936,0.784964459001301,1.06931382557095,2.70988954488367,1.93220676265025,2.8782030163381,1.80888919076715,0.168313471454433,0.945996253687853,155532382010854,"Maple / beech / birch group","Hard maple / basswood",39,36.9725,1.98331528261823,128.124746740261,204.613564,6307.25908215339,69.5070358989252,10.7149890889571,2009,100.467101799308,43903821010478,NA,NA,NA,NA,30550014010478,2002,"2002-02-27",80,0,0,NA,94.6833048695047,0.0586571594422465,9.84068281346849,0,108.068723397715,"2009-06-19",0,0,0,15,0.270042300787134,10,"M221","M221Aa",51,121,40,5,37.255356,-80.404805,805,40,0,2014,5.2,"2014-08-27",0,0,0,44,5,39,2,1,1,26.0485,2320,10,22,0,NA,22,0.118919103580213,1.94528153140238,3,1.81645884910331,108.372143144628,102.271718970727,144.433104,9193.299272,8364.4073671965,79.4325281400127,11.3942787178478,800,"Maple / beech / birch group","Hard maple / basswood",5.18822724161533,0,0,1,0,1,0.270042300787134,0.874306275488651,108.068723397715,9.84068281346849,"Oak / hickory group","Cherry / white ash / yellow-poplar",32,30.1933,2.00738229988569,204.613564,3284.86494682875,57.3787704779719,NA,NA,NA,NA,NA,NA,NA,NA,NA,3284.86494682875,51121,"Montgomery","VA",11
221697521020004,"MBB",0,0,0,0,0,0,0,0,0,0,155531829010854,"Maple / beech / birch group","Hard maple / basswood",93,53.3329,2.11642716301337,90.2427079817845,174.523334,5697.76372026769,59.3435060301921,9.73692314921881,2009,102.63325533513,43708379010478,NA,NA,NA,NA,30732204010478,2002,"2002-09-03",10,0,0,NA,103.122714018392,0,9.41284150430598,0,78.5192048228042,"2009-07-14",0,0,0,NA,0,0,"M221","M221Aa",51,5,8,4,37.780251,-79.861274,805,40,0,2014,5,"2014-07-08",0,0,0,98,6,31,2,1,1,58.0849,2320,73,53,0,NA,12,0,2.08538892150205,0,2.0511340567307,125.173464616138,97.0355545657999,174.523334,9796.584222,7049.14842294391,66.0121148428494,10.0967389750867,800,"Maple / beech / birch group","Hard maple / basswood",4.98288843258042,0,0,0,0,0,0,0.359815825867875,90.2427079817845,9.73692314921881,"Maple / beech / birch group","Hard maple / basswood",86,45.4354,2.2425205727958,162.487242,5600.04194910004,59.702924590639,NA,NA,NA,NA,NA,NA,NA,NA,NA,5600.04194910004,51005,"Alleghany","VA",8
221697521020004,"MBB",5,-0.42496261158228,0.739770000168444,-0.670024384261395,0.876094916090654,2.21049758266564,2.71249000061763,3.38251438487902,1.83639508452697,0.501992417951985,155531829010854,"Maple / beech / birch group","Hard maple / basswood",93,53.3329,2.11642716301337,90.2427079817845,174.523334,5697.76372026769,59.3435060301921,9.73692314921881,2009,102.63325533513,43708379010478,NA,NA,NA,NA,30732204010478,2002,"2002-09-03",10,0,0,NA,103.122714018392,0,9.41284150430598,0,78.5192048228042,"2009-07-14",0,0,0,NA,0,0,"M221","M221Aa",51,5,8,4,37.780251,-79.861274,805,40,0,2014,5,"2014-07-08",0,0,0,98,6,31,2,1,1,58.0849,2320,73,53,0,NA,12,0,2.08538892150205,0,2.0511340567307,125.173464616138,97.0355545657999,174.523334,9796.584222,7049.14842294391,66.0121148428494,10.0967389750867,800,"Maple / beech / birch group","Hard maple / basswood",4.98288843258042,0,0,0,0,0,0,0.359815825867875,90.2427079817845,9.73692314921881,"Maple / beech / birch group","Hard maple / basswood",86,45.4354,2.2425205727958,162.487242,5600.04194910004,59.702924590639,NA,NA,NA,NA,NA,NA,NA,NA,NA,5600.04194910004,51005,"Alleghany","VA",8
221697521020004,"MBB",10,0.63249997295878,0.646518357772716,0.997241624031676,2.34846499177665,2.09247653761337,2.37056731183329,1.37332568780162,0.0221023200566397,0.278090774219922,155531829010854,"Maple / beech / birch group","Hard maple / basswood",93,53.3329,2.11642716301337,90.2427079817845,174.523334,5697.76372026769,59.3435060301921,9.73692314921881,2009,102.63325533513,43708379010478,NA,NA,NA,NA,30732204010478,2002,"2002-09-03",10,0,0,NA,103.122714018392,0,9.41284150430598,0,78.5192048228042,"2009-07-14",0,0,0,NA,0,0,"M221","M221Aa",51,5,8,4,37.780251,-79.861274,805,40,0,2014,5,"2014-07-08",0,0,0,98,6,31,2,1,1,58.0849,2320,73,53,0,NA,12,0,2.08538892150205,0,2.0511340567307,125.173464616138,97.0355545657999,174.523334,9796.584222,7049.14842294391,66.0121148428494,10.0967389750867,800,"Maple / beech / birch group","Hard maple / basswood",4.98288843258042,0,0,0,0,0,0,0.359815825867875,90.2427079817845,9.73692314921881,"Maple / beech / birch group","Hard maple / basswood",86,45.4354,2.2425205727958,162.487242,5600.04194910004,59.702924590639,NA,NA,NA,NA,NA,NA,NA,NA,NA,5600.04194910004,51005,"Alleghany","VA",8
221697521020004,"MBB",15,0.941115260588076,0.667069605031364,1.48382506086053,2.87800053537608,1.79885503656842,2.445921885115,0.962096824254467,-0.432078650261083,0.647066848546578,155531829010854,"Maple / beech / birch group","Hard maple / basswood",93,53.3329,2.11642716301337,90.2427079817845,174.523334,5697.76372026769,59.3435060301921,9.73692314921881,2009,102.63325533513,43708379010478,NA,NA,NA,NA,30732204010478,2002,"2002-09-03",10,0,0,NA,103.122714018392,0,9.41284150430598,0,78.5192048228042,"2009-07-14",0,0,0,NA,0,0,"M221","M221Aa",51,5,8,4,37.780251,-79.861274,805,40,0,2014,5,"2014-07-08",0,0,0,98,6,31,2,1,1,58.0849,2320,73,53,0,NA,12,0,2.08538892150205,0,2.0511340567307,125.173464616138,97.0355545657999,174.523334,9796.584222,7049.14842294391,66.0121148428494,10.0967389750867,800,"Maple / beech / birch group","Hard maple / basswood",4.98288843258042,0,0,0,0,0,0,0.359815825867875,90.2427079817845,9.73692314921881,"Maple / beech / birch group","Hard maple / basswood",86,45.4354,2.2425205727958,162.487242,5600.04194910004,59.702924590639,NA,NA,NA,NA,NA,NA,NA,NA,NA,5600.04194910004,51005,"Alleghany","VA",8
221697521020004,"MBB",20,0.952735182095896,1.0711151176107,1.5021458037712,3.74077639957756,2.6483067241076,3.9274220979059,2.4252762941347,0.18664569832834,1.2791153737983,155531829010854,"Maple / beech / birch group","Hard maple / basswood",93,53.3329,2.11642716301337,90.2427079817845,174.523334,5697.76372026769,59.3435060301921,9.73692314921881,2009,102.63325533513,43708379010478,NA,NA,NA,NA,30732204010478,2002,"2002-09-03",10,0,0,NA,103.122714018392,0,9.41284150430598,0,78.5192048228042,"2009-07-14",0,0,0,NA,0,0,"M221","M221Aa",51,5,8,4,37.780251,-79.861274,805,40,0,2014,5,"2014-07-08",0,0,0,98,6,31,2,1,1,58.0849,2320,73,53,0,NA,12,0,2.08538892150205,0,2.0511340567307,125.173464616138,97.0355545657999,174.523334,9796.584222,7049.14842294391,66.0121148428494,10.0967389750867,800,"Maple / beech / birch group","Hard maple / basswood",4.98288843258042,0,0,0,0,0,0,0.359815825867875,90.2427079817845,9.73692314921881,"Maple / beech / birch group","Hard maple / basswood",86,45.4354,2.2425205727958,162.487242,5600.04194910004,59.702924590639,NA,NA,NA,NA,NA,NA,NA,NA,NA,5600.04194910004,51005,"Alleghany","VA",8
221697574020004,"MBB",0,0,0,0,0,0,0,0,0,0,155532251010854,"Maple / beech / birch group","Sugar maple / beech / yellow birch",132,46.1809,2.5687710531293,142.136744101193,150.45115,10436.5102979541,66.9621944341166,13.161271823042,2009,150.146960261899,43759498010478,NA,NA,NA,NA,30532860010478,2002,"2003-05-19",0,0,0,NA,134.491546929615,0.066449115476237,12.8536373181949,0,140.992518334792,"2010-03-22",46,0,0,NA,0,0,"M221","M221Aa",51,91,23,4,38.229129,-79.589272,801,40,0,2014,5,"2015-03-16",10,0,0,137,5,25,2,1,1,48.5538,1920,45,145,0,NA,23,0,2.48227933217437,0,2.47055715819133,156.815650442117,143.25280822876,144.433104,12838.787454,11701.607173834,70.5493576394797,13.4853006393381,800,"Maple / beech / birch group","Sugar maple / beech / yellow birch",4.98288843258042,0,0,0,0,0,0,0.324028816296101,142.136744101193,13.161271823042,"White / red / jack pine group","Eastern hemlock",125,38.5322,2.40424311224481,156.469196,9588.96761801756,62.8924256415061,NA,NA,NA,NA,NA,NA,NA,NA,NA,9588.96761801756,51091,"Highland","VA",8
221697574020004,"MBB",5,-2.59708402915708,0.848599701550761,-4.09473581930433,-2.32116244306324,2.19815363611121,3.11153223901946,7.20626805832379,5.4326946820827,0.913378602908246,155532251010854,"Maple / beech / birch group","Sugar maple / beech / yellow birch",132,46.1809,2.5687710531293,142.136744101193,150.45115,10436.5102979541,66.9621944341166,13.161271823042,2009,150.146960261899,43759498010478,NA,NA,NA,NA,30532860010478,2002,"2003-05-19",0,0,0,NA,134.491546929615,0.066449115476237,12.8536373181949,0,140.992518334792,"2010-03-22",46,0,0,NA,0,0,"M221","M221Aa",51,91,23,4,38.229129,-79.589272,801,40,0,2014,5,"2015-03-16",10,0,0,137,5,25,2,1,1,48.5538,1920,45,145,0,NA,23,0,2.48227933217437,0,2.47055715819133,156.815650442117,143.25280822876,144.433104,12838.787454,11701.607173834,70.5493576394797,13.4853006393381,800,"Maple / beech / birch group","Sugar maple / beech / yellow birch",4.98288843258042,0,0,0,0,0,0,0.324028816296101,142.136744101193,13.161271823042,"White / red / jack pine group","Eastern hemlock",125,38.5322,2.40424311224481,156.469196,9588.96761801756,62.8924256415061,NA,NA,NA,NA,NA,NA,NA,NA,NA,9588.96761801756,51091,"Highland","VA",8
221697574020004,"MBB",10,0.924860860702436,1.05647202517846,1.45819729037417,3.66622382299715,3.40191157526204,3.87373075898768,2.41553346861351,0.20750693599053,0.47181918372564,155532251010854,"Maple / beech / birch group","Sugar maple / beech / yellow birch",132,46.1809,2.5687710531293,142.136744101193,150.45115,10436.5102979541,66.9621944341166,13.161271823042,2009,150.146960261899,43759498010478,NA,NA,NA,NA,30532860010478,2002,"2003-05-19",0,0,0,NA,134.491546929615,0.066449115476237,12.8536373181949,0,140.992518334792,"2010-03-22",46,0,0,NA,0,0,"M221","M221Aa",51,91,23,4,38.229129,-79.589272,801,40,0,2014,5,"2015-03-16",10,0,0,137,5,25,2,1,1,48.5538,1920,45,145,0,NA,23,0,2.48227933217437,0,2.47055715819133,156.815650442117,143.25280822876,144.433104,12838.787454,11701.607173834,70.5493576394797,13.4853006393381,800,"Maple / beech / birch group","Sugar maple / beech / yellow birch",4.98288843258042,0,0,0,0,0,0,0.324028816296101,142.136744101193,13.161271823042,"White / red / jack pine group","Eastern hemlock",125,38.5322,2.40424311224481,156.469196,9588.96761801756,62.8924256415061,NA,NA,NA,NA,NA,NA,NA,NA,NA,9588.96761801756,51091,"Highland","VA",8
221697574020004,"MBB",15,0.751741949228035,0.656156510596253,1.18524647328287,2.55661358042904,1.69461614531422,2.40590720551959,1.22066073223673,-0.150706374909443,0.71129106020537,155532251010854,"Maple / beech / birch group","Sugar maple / beech / yellow birch",132,46.1809,2.5687710531293,142.136744101193,150.45115,10436.5102979541,66.9621944341166,13.161271823042,2009,150.146960261899,43759498010478,NA,NA,NA,NA,30532860010478,2002,"2003-05-19",0,0,0,NA,134.491546929615,0.066449115476237,12.8536373181949,0,140.992518334792,"2010-03-22",46,0,0,NA,0,0,"M221","M221Aa",51,91,23,4,38.229129,-79.589272,801,40,0,2014,5,"2015-03-16",10,0,0,137,5,25,2,1,1,48.5538,1920,45,145,0,NA,23,0,2.48227933217437,0,2.47055715819133,156.815650442117,143.25280822876,144.433104,12838.787454,11701.607173834,70.5493576394797,13.4853006393381,800,"Maple / beech / birch group","Sugar maple / beech / yellow birch",4.98288843258042,0,0,0,0,0,0,0.324028816296101,142.136744101193,13.161271823042,"White / red / jack pine group","Eastern hemlock",125,38.5322,2.40424311224481,156.469196,9588.96761801756,62.8924256415061,NA,NA,NA,NA,NA,NA,NA,NA,NA,9588.96761801756,51091,"Highland","VA",8
221697574020004,"MBB",20,0.656401580410983,0.576093460670856,1.03492649178132,2.23896182458341,1.48628801237881,2.11234268912647,1.07741619734516,-0.126619135456934,0.62605467674766,155532251010854,"Maple / beech / birch group","Sugar maple / beech / yellow birch",132,46.1809,2.5687710531293,142.136744101193,150.45115,10436.5102979541,66.9621944341166,13.161271823042,2009,150.146960261899,43759498010478,NA,NA,NA,NA,30532860010478,2002,"2003-05-19",0,0,0,NA,134.491546929615,0.066449115476237,12.8536373181949,0,140.992518334792,"2010-03-22",46,0,0,NA,0,0,"M221","M221Aa",51,91,23,4,38.229129,-79.589272,801,40,0,2014,5,"2015-03-16",10,0,0,137,5,25,2,1,1,48.5538,1920,45,145,0,NA,23,0,2.48227933217437,0,2.47055715819133,156.815650442117,143.25280822876,144.433104,12838.787454,11701.607173834,70.5493576394797,13.4853006393381,800,"Maple / beech / birch group","Sugar maple / beech / yellow birch",4.98288843258042,0,0,0,0,0,0,0.324028816296101,142.136744101193,13.161271823042,"White / red / jack pine group","Eastern hemlock",125,38.5322,2.40424311224481,156.469196,9588.96761801756,62.8924256415061,NA,NA,NA,NA,NA,NA,NA,NA,NA,9588.96761801756,51091,"Highland","VA",8
221697753020004,"MBB",0,0,0,0,0,0,0,0,0,0,155532064010854,"Maple / beech / birch group","Sugar maple / beech / yellow birch",47,23.1917,2.79287011774271,94.3128558137572,138.415058,1265.35733691082,56.9185555317306,11.1772820838793,2009,93.0186416910485,NA,NA,NA,NA,NA,30762344010478,NA,NA,NA,NA,NA,NA,NA,0,NA,NA,NA,"2010-02-03",51,0,0,NA,0,0,"M221","M221Cb",51,51,44,5,37.149561,-82.192617,801,40,0,2014,5.1,"2015-03-02",0,0,0,52,5,25,2,1,1,31.6412,1610,75,200,0,NA,23,0,2.78466241976151,0,2.78466241976151,93.6151815906246,100.559369886626,150.45115,7653.393632,1240.05156782369,54.2342708290385,11.0702122834208,800,"Maple / beech / birch group","Sugar maple / beech / yellow birch",5.07323750855578,0,0,0,0,0,NA,NA,NA,NA,NA,NA,NA,NA,NA,NA,NA,NA,NA,NA,NA,NA,NA,NA,NA,NA,NA,1265.35733691082,51051,"Dickenson","VA",11
221697753020004,"MBB",5,-0.0878283037049044,-0.0517929186458552,-0.138475958841399,-0.246723158811237,-0.173574718022019,-0.189907368368136,-0.0514314095267365,0.0568157904431009,-0.016332650346117,155532064010854,"Maple / beech / birch group","Sugar maple / beech / yellow birch",47,23.1917,2.79287011774271,94.3128558137572,138.415058,1265.35733691082,56.9185555317306,11.1772820838793,2009,93.0186416910485,NA,NA,NA,NA,NA,30762344010478,NA,NA,NA,NA,NA,NA,NA,0,NA,NA,NA,"2010-02-03",51,0,0,NA,0,0,"M221","M221Cb",51,51,44,5,37.149561,-82.192617,801,40,0,2014,5.1,"2015-03-02",0,0,0,52,5,25,2,1,1,31.6412,1610,75,200,0,NA,23,0,2.78466241976151,0,2.78466241976151,93.6151815906246,100.559369886626,150.45115,7653.393632,1240.05156782369,54.2342708290385,11.0702122834208,800,"Maple / beech / birch group","Sugar maple / beech / yellow birch",5.07323750855578,0,0,0,0,0,NA,NA,NA,NA,NA,NA,NA,NA,NA,NA,NA,NA,NA,NA,NA,NA,NA,NA,NA,NA,NA,1265.35733691082,51051,"Dickenson","VA",11
221697753020004,"MBB",10,0.999987473453883,-0.842973458795795,1.57664691647896,-0.185167612404257,-2.43636025733843,-3.09090268225125,-4.6675495987302,-2.90573506984699,-0.654542424912822,155532064010854,"Maple / beech / birch group","Sugar maple / beech / yellow birch",47,23.1917,2.79287011774271,94.3128558137572,138.415058,1265.35733691082,56.9185555317306,11.1772820838793,2009,93.0186416910485,NA,NA,NA,NA,NA,30762344010478,NA,NA,NA,NA,NA,NA,NA,0,NA,NA,NA,"2010-02-03",51,0,0,NA,0,0,"M221","M221Cb",51,51,44,5,37.149561,-82.192617,801,40,0,2014,5.1,"2015-03-02",0,0,0,52,5,25,2,1,1,31.6412,1610,75,200,0,NA,23,0,2.78466241976151,0,2.78466241976151,93.6151815906246,100.559369886626,150.45115,7653.393632,1240.05156782369,54.2342708290385,11.0702122834208,800,"Maple / beech / birch group","Sugar maple / beech / yellow birch",5.07323750855578,0,0,0,0,0,NA,NA,NA,NA,NA,NA,NA,NA,NA,NA,NA,NA,NA,NA,NA,NA,NA,NA,NA,NA,NA,1265.35733691082,51051,"Dickenson","VA",11
221697753020004,"MBB",15,1.18939732490944,0.453699001077183,1.87528311560722,2.82351402785854,1.45967176196237,1.66356300394967,-0.211720111657553,-1.15995102390887,0.203891241987297,155532064010854,"Maple / beech / birch group","Sugar maple / beech / yellow birch",47,23.1917,2.79287011774271,94.3128558137572,138.415058,1265.35733691082,56.9185555317306,11.1772820838793,2009,93.0186416910485,NA,NA,NA,NA,NA,30762344010478,NA,NA,NA,NA,NA,NA,NA,0,NA,NA,NA,"2010-02-03",51,0,0,NA,0,0,"M221","M221Cb",51,51,44,5,37.149561,-82.192617,801,40,0,2014,5.1,"2015-03-02",0,0,0,52,5,25,2,1,1,31.6412,1610,75,200,0,NA,23,0,2.78466241976151,0,2.78466241976151,93.6151815906246,100.559369886626,150.45115,7653.393632,1240.05156782369,54.2342708290385,11.0702122834208,800,"Maple / beech / birch group","Sugar maple / beech / yellow birch",5.07323750855578,0,0,0,0,0,NA,NA,NA,NA,NA,NA,NA,NA,NA,NA,NA,NA,NA,NA,NA,NA,NA,NA,NA,NA,NA,1265.35733691082,51051,"Dickenson","VA",11
221697753020004,"MBB",20,0.782235487858065,0.699161792636625,1.23332461918955,2.6945727658001,1.79760940638951,2.56359323966762,1.33026862047807,-0.130979526132471,0.76598383327811,155532064010854,"Maple / beech / birch group","Sugar maple / beech / yellow birch",47,23.1917,2.79287011774271,94.3128558137572,138.415058,1265.35733691082,56.9185555317306,11.1772820838793,2009,93.0186416910485,NA,NA,NA,NA,NA,30762344010478,NA,NA,NA,NA,NA,NA,NA,0,NA,NA,NA,"2010-02-03",51,0,0,NA,0,0,"M221","M221Cb",51,51,44,5,37.149561,-82.192617,801,40,0,2014,5.1,"2015-03-02",0,0,0,52,5,25,2,1,1,31.6412,1610,75,200,0,NA,23,0,2.78466241976151,0,2.78466241976151,93.6151815906246,100.559369886626,150.45115,7653.393632,1240.05156782369,54.2342708290385,11.0702122834208,800,"Maple / beech / birch group","Sugar maple / beech / yellow birch",5.07323750855578,0,0,0,0,0,NA,NA,NA,NA,NA,NA,NA,NA,NA,NA,NA,NA,NA,NA,NA,NA,NA,NA,NA,NA,NA,1265.35733691082,51051,"Dickenson","VA",11
221697964020004,"MBB",0,0,0,0,0,0,0,0,0,0,NA,NA,NA,NA,NA,NA,NA,NA,NA,NA,NA,NA,NA,NA,NA,NA,NA,NA,NA,NA,NA,NA,NA,NA,NA,NA,NA,NA,NA,NA,NA,NA,NA,NA,NA,NA,NA,NA,NA,NA,NA,NA,NA,NA,NA,NA,NA,NA,NA,NA,NA,NA,NA,NA,NA,NA,NA,NA,NA,NA,NA,NA,NA,NA,NA,NA,NA,NA,NA,NA,NA,NA,NA,NA,NA,NA,NA,NA,NA,NA,NA,NA,NA,NA,NA,NA,NA,NA,NA,NA,NA,NA,NA,NA,NA,NA,NA,NA,NA,NA,NA,NA,NA,NA,NA,NA,NA,NA,NA,NA,NA,NA,NA
221697964020004,"MBB",5,-2.60051428566732,0.728260075773235,-4.10014419040214,-2.57808063203607,1.82695874767479,2.67028694450186,6.770431134904,5.24836757653794,0.843328196827069,NA,NA,NA,NA,NA,NA,NA,NA,NA,NA,NA,NA,NA,NA,NA,NA,NA,NA,NA,NA,NA,NA,NA,NA,NA,NA,NA,NA,NA,NA,NA,NA,NA,NA,NA,NA,NA,NA,NA,NA,NA,NA,NA,NA,NA,NA,NA,NA,NA,NA,NA,NA,NA,NA,NA,NA,NA,NA,NA,NA,NA,NA,NA,NA,NA,NA,NA,NA,NA,NA,NA,NA,NA,NA,NA,NA,NA,NA,NA,NA,NA,NA,NA,NA,NA,NA,NA,NA,NA,NA,NA,NA,NA,NA,NA,NA,NA,NA,NA,NA,NA,NA,NA,NA,NA,NA,NA,NA,NA,NA,NA,NA,NA
221697964020004,"MBB",10,1.0395024599726,-0.194849041419974,1.63894887855679,1.23171438198905,-0.433814653977904,-0.714446485206571,-2.35339536376336,-1.94616086719562,-0.280631831228667,NA,NA,NA,NA,NA,NA,NA,NA,NA,NA,NA,NA,NA,NA,NA,NA,NA,NA,NA,NA,NA,NA,NA,NA,NA,NA,NA,NA,NA,NA,NA,NA,NA,NA,NA,NA,NA,NA,NA,NA,NA,NA,NA,NA,NA,NA,NA,NA,NA,NA,NA,NA,NA,NA,NA,NA,NA,NA,NA,NA,NA,NA,NA,NA,NA,NA,NA,NA,NA,NA,NA,NA,NA,NA,NA,NA,NA,NA,NA,NA,NA,NA,NA,NA,NA,NA,NA,NA,NA,NA,NA,NA,NA,NA,NA,NA,NA,NA,NA,NA,NA,NA,NA,NA,NA,NA,NA,NA,NA,NA,NA,NA,NA
221697964020004,"MBB",15,1.24291193166339,0.699421816184511,1.95965781225595,3.42144940808158,1.99624372644089,2.56454665934321,0.604888847087256,-0.856902748738372,0.56830293290232,NA,NA,NA,NA,NA,NA,NA,NA,NA,NA,NA,NA,NA,NA,NA,NA,NA,NA,NA,NA,NA,NA,NA,NA,NA,NA,NA,NA,NA,NA,NA,NA,NA,NA,NA,NA,NA,NA,NA,NA,NA,NA,NA,NA,NA,NA,NA,NA,NA,NA,NA,NA,NA,NA,NA,NA,NA,NA,NA,NA,NA,NA,NA,NA,NA,NA,NA,NA,NA,NA,NA,NA,NA,NA,NA,NA,NA,NA,NA,NA,NA,NA,NA,NA,NA,NA,NA,NA,NA,NA,NA,NA,NA,NA,NA,NA,NA,NA,NA,NA,NA,NA,NA,NA,NA,NA,NA,NA,NA,NA,NA,NA,NA
221697964020004,"MBB",20,0.961522783946512,0.737291038357277,1.516000922689,3.05693919285571,1.95439306726371,2.70340047397668,1.18739955128768,-0.353538718879027,0.749007406712973,NA,NA,NA,NA,NA,NA,NA,NA,NA,NA,NA,NA,NA,NA,NA,NA,NA,NA,NA,NA,NA,NA,NA,NA,NA,NA,NA,NA,NA,NA,NA,NA,NA,NA,NA,NA,NA,NA,NA,NA,NA,NA,NA,NA,NA,NA,NA,NA,NA,NA,NA,NA,NA,NA,NA,NA,NA,NA,NA,NA,NA,NA,NA,NA,NA,NA,NA,NA,NA,NA,NA,NA,NA,NA,NA,NA,NA,NA,NA,NA,NA,NA,NA,NA,NA,NA,NA,NA,NA,NA,NA,NA,NA,NA,NA,NA,NA,NA,NA,NA,NA,NA,NA,NA,NA,NA,NA,NA,NA,NA,NA,NA,NA
221697977020004,"MBB",0,0,0,0,0,0,0,0,0,0,155531955010854,"Maple / beech / birch group","Sugar maple / beech / yellow birch",57,24.8231,1.98241593399725,62.6182901538664,114.342874,2046.75569733352,47.7457431764007,10.0204790304656,2009,69.946424264793,43939379010478,NA,NA,NA,NA,30748449010478,2002,"2003-07-14",0,0,0,12,52.0987779203322,0.631514706884854,11.2460320971903,10,120.383584867554,"2010-02-23",0,0,0,NA,0,0,"M221","M221Cb",51,27,34,5,37.221835,-81.846392,801,40,0,2014,5.2,"2015-04-29",0,0,0,62,6,39,2,1,1,27.4673,2400,18,310,0,NA,23,0,2.00043950409288,0,2.00043950409288,94.5755792466776,74.0739721888401,132.397012,6805.040541,3377.81075456449,51.4745575853345,10.1282907110367,800,"Maple / beech / birch group","Sugar maple / beech / yellow birch",5.1772758384668,0,0,0,1,1,0.631514706884854,NA,NA,NA,"Oak / hickory group","Mixed upland hardwoods",50,36.3448,2.14911631196084,174.523334,1948.44403729694,63.9849009851319,NA,NA,NA,NA,NA,NA,NA,NA,NA,1948.44403729694,51027,"Buchanan","VA",11
221697977020004,"MBB",5,1.46054474160219,1.39949630834484,2.30279220925945,5.22773949370016,4.54413578835846,5.13148646393108,2.82869425467164,-0.0962530297690796,0.587350675572623,155531955010854,"Maple / beech / birch group","Sugar maple / beech / yellow birch",57,24.8231,1.98241593399725,62.6182901538664,114.342874,2046.75569733352,47.7457431764007,10.0204790304656,2009,69.946424264793,43939379010478,NA,NA,NA,NA,30748449010478,2002,"2003-07-14",0,0,0,12,52.0987779203322,0.631514706884854,11.2460320971903,10,120.383584867554,"2010-02-23",0,0,0,NA,0,0,"M221","M221Cb",51,27,34,5,37.221835,-81.846392,801,40,0,2014,5.2,"2015-04-29",0,0,0,62,6,39,2,1,1,27.4673,2400,18,310,0,NA,23,0,2.00043950409288,0,2.00043950409288,94.5755792466776,74.0739721888401,132.397012,6805.040541,3377.81075456449,51.4745575853345,10.1282907110367,800,"Maple / beech / birch group","Sugar maple / beech / yellow birch",5.1772758384668,0,0,0,1,1,0.631514706884854,NA,NA,NA,"Oak / hickory group","Mixed upland hardwoods",50,36.3448,2.14911631196084,174.523334,1948.44403729694,63.9849009851319,NA,NA,NA,NA,NA,NA,NA,NA,NA,1948.44403729694,51027,"Buchanan","VA",11
221697977020004,"MBB",10,1.42774132838344,1.44417554334354,2.25107216108456,5.26939904667257,4.67649928603946,5.29531032559299,3.04423816450843,0.0259112789204226,0.618811039553528,155531955010854,"Maple / beech / birch group","Sugar maple / beech / yellow birch",57,24.8231,1.98241593399725,62.6182901538664,114.342874,2046.75569733352,47.7457431764007,10.0204790304656,2009,69.946424264793,43939379010478,NA,NA,NA,NA,30748449010478,2002,"2003-07-14",0,0,0,12,52.0987779203322,0.631514706884854,11.2460320971903,10,120.383584867554,"2010-02-23",0,0,0,NA,0,0,"M221","M221Cb",51,27,34,5,37.221835,-81.846392,801,40,0,2014,5.2,"2015-04-29",0,0,0,62,6,39,2,1,1,27.4673,2400,18,310,0,NA,23,0,2.00043950409288,0,2.00043950409288,94.5755792466776,74.0739721888401,132.397012,6805.040541,3377.81075456449,51.4745575853345,10.1282907110367,800,"Maple / beech / birch group","Sugar maple / beech / yellow birch",5.1772758384668,0,0,0,1,1,0.631514706884854,NA,NA,NA,"Oak / hickory group","Mixed upland hardwoods",50,36.3448,2.14911631196084,174.523334,1948.44403729694,63.9849009851319,NA,NA,NA,NA,NA,NA,NA,NA,NA,1948.44403729694,51027,"Buchanan","VA",11
221697977020004,"MBB",15,1.14936650288844,1.48814824621655,1.81216785288744,4.92239768748002,3.60445743083461,5.45654356946067,3.64437571657323,0.534145881980649,1.85208613862606,155531955010854,"Maple / beech / birch group","Sugar maple / beech / yellow birch",57,24.8231,1.98241593399725,62.6182901538664,114.342874,2046.75569733352,47.7457431764007,10.0204790304656,2009,69.946424264793,43939379010478,NA,NA,NA,NA,30748449010478,2002,"2003-07-14",0,0,0,12,52.0987779203322,0.631514706884854,11.2460320971903,10,120.383584867554,"2010-02-23",0,0,0,NA,0,0,"M221","M221Cb",51,27,34,5,37.221835,-81.846392,801,40,0,2014,5.2,"2015-04-29",0,0,0,62,6,39,2,1,1,27.4673,2400,18,310,0,NA,23,0,2.00043950409288,0,2.00043950409288,94.5755792466776,74.0739721888401,132.397012,6805.040541,3377.81075456449,51.4745575853345,10.1282907110367,800,"Maple / beech / birch group","Sugar maple / beech / yellow birch",5.1772758384668,0,0,0,1,1,0.631514706884854,NA,NA,NA,"Oak / hickory group","Mixed upland hardwoods",50,36.3448,2.14911631196084,174.523334,1948.44403729694,63.9849009851319,NA,NA,NA,NA,NA,NA,NA,NA,NA,1948.44403729694,51027,"Buchanan","VA",11
221697977020004,"MBB",20,0.936984581050167,1.08024284823274,1.47731235612243,3.73501990892887,2.66061092265801,3.96089044352006,2.48357808739763,0.225870534591196,1.30027952086205,155531955010854,"Maple / beech / birch group","Sugar maple / beech / yellow birch",57,24.8231,1.98241593399725,62.6182901538664,114.342874,2046.75569733352,47.7457431764007,10.0204790304656,2009,69.946424264793,43939379010478,NA,NA,NA,NA,30748449010478,2002,"2003-07-14",0,0,0,12,52.0987779203322,0.631514706884854,11.2460320971903,10,120.383584867554,"2010-02-23",0,0,0,NA,0,0,"M221","M221Cb",51,27,34,5,37.221835,-81.846392,801,40,0,2014,5.2,"2015-04-29",0,0,0,62,6,39,2,1,1,27.4673,2400,18,310,0,NA,23,0,2.00043950409288,0,2.00043950409288,94.5755792466776,74.0739721888401,132.397012,6805.040541,3377.81075456449,51.4745575853345,10.1282907110367,800,"Maple / beech / birch group","Sugar maple / beech / yellow birch",5.1772758384668,0,0,0,1,1,0.631514706884854,NA,NA,NA,"Oak / hickory group","Mixed upland hardwoods",50,36.3448,2.14911631196084,174.523334,1948.44403729694,63.9849009851319,NA,NA,NA,NA,NA,NA,NA,NA,NA,1948.44403729694,51027,"Buchanan","VA",11
221698042020004,"MBB",0,0,0,0,0,0,0,0,0,0,155532034010854,"Maple / beech / birch group","Black cherry",29,4.8846,1.75394375097516,70.415932851872,204.613564,0,44.6394876189995,7.94347790180539,2009,50.8407621706363,43727068010478,NA,NA,NA,NA,30758898010478,2002,"2002-12-04",60,0,0,NA,27.7608640085418,0,8.35562840766369,0,52.7055935009118,"2010-03-02",0,0,0,NA,0,0,"M221","M221Ab",51,43,7,4,39.149314,-77.938533,802,40,0,2014,4.6,"2014-09-30",60,0,0,34,5,40,2,1,1,3.9227,510,7,70,0,NA,22,0,1.07628382610324,0,1,69.2138855472655,72.0712792341499,198.595518,5926.249091,0,55.1000690797205,8.15715711024448,800,"Maple / beech / birch group","Black cherry",4.58042436687201,0,0,0,0,0,0,0.213679208439091,70.415932851872,7.94347790180539,"Maple / beech / birch group","Black cherry",17,3.1421,2.27113334389571,138.415058,0,38.6517249649183,NA,NA,NA,NA,NA,NA,NA,NA,NA,0,51043,"Clarke","VA",8
221698042020004,"MBB",5,1.09445358284461,1.09445358284461,1.72558848228499,4.01299647043022,3.54602960841652,4.01299647043022,2.28740798814523,0,0.466966862013698,155532034010854,"Maple / beech / birch group","Black cherry",29,4.8846,1.75394375097516,70.415932851872,204.613564,0,44.6394876189995,7.94347790180539,2009,50.8407621706363,43727068010478,NA,NA,NA,NA,30758898010478,2002,"2002-12-04",60,0,0,NA,27.7608640085418,0,8.35562840766369,0,52.7055935009118,"2010-03-02",0,0,0,NA,0,0,"M221","M221Ab",51,43,7,4,39.149314,-77.938533,802,40,0,2014,4.6,"2014-09-30",60,0,0,34,5,40,2,1,1,3.9227,510,7,70,0,NA,22,0,1.07628382610324,0,1,69.2138855472655,72.0712792341499,198.595518,5926.249091,0,55.1000690797205,8.15715711024448,800,"Maple / beech / birch group","Black cherry",4.58042436687201,0,0,0,0,0,0,0.213679208439091,70.415932851872,7.94347790180539,"Maple / beech / birch group","Black cherry",17,3.1421,2.27113334389571,138.415058,0,38.6517249649183,NA,NA,NA,NA,NA,NA,NA,NA,NA,0,51043,"Clarke","VA",8
221698042020004,"MBB",10,0.0992479803803278,1.16979588168257,0.15648098239965,2.60135437511623,3.61885099244317,4.28925156616943,4.13277058376978,1.68789719105321,0.670400573726257,155532034010854,"Maple / beech / birch group","Black cherry",29,4.8846,1.75394375097516,70.415932851872,204.613564,0,44.6394876189995,7.94347790180539,2009,50.8407621706363,43727068010478,NA,NA,NA,NA,30758898010478,2002,"2002-12-04",60,0,0,NA,27.7608640085418,0,8.35562840766369,0,52.7055935009118,"2010-03-02",0,0,0,NA,0,0,"M221","M221Ab",51,43,7,4,39.149314,-77.938533,802,40,0,2014,4.6,"2014-09-30",60,0,0,34,5,40,2,1,1,3.9227,510,7,70,0,NA,22,0,1.07628382610324,0,1,69.2138855472655,72.0712792341499,198.595518,5926.249091,0,55.1000690797205,8.15715711024448,800,"Maple / beech / birch group","Black cherry",4.58042436687201,0,0,0,0,0,0,0.213679208439091,70.415932851872,7.94347790180539,"Maple / beech / birch group","Black cherry",17,3.1421,2.27113334389571,138.415058,0,38.6517249649183,NA,NA,NA,NA,NA,NA,NA,NA,NA,0,51043,"Clarke","VA",8
221698042020004,"MBB",15,-0.0241175404627334,1.10991092510964,-0.0380253221295764,2.28168851134956,2.30934329108016,4.06967339206866,4.10769871419824,1.7879848807191,1.7603301009885,155532034010854,"Maple / beech / birch group","Black cherry",29,4.8846,1.75394375097516,70.415932851872,204.613564,0,44.6394876189995,7.94347790180539,2009,50.8407621706363,43727068010478,NA,NA,NA,NA,30758898010478,2002,"2002-12-04",60,0,0,NA,27.7608640085418,0,8.35562840766369,0,52.7055935009118,"2010-03-02",0,0,0,NA,0,0,"M221","M221Ab",51,43,7,4,39.149314,-77.938533,802,40,0,2014,4.6,"2014-09-30",60,0,0,34,5,40,2,1,1,3.9227,510,7,70,0,NA,22,0,1.07628382610324,0,1,69.2138855472655,72.0712792341499,198.595518,5926.249091,0,55.1000690797205,8.15715711024448,800,"Maple / beech / birch group","Black cherry",4.58042436687201,0,0,0,0,0,0,0.213679208439091,70.415932851872,7.94347790180539,"Maple / beech / birch group","Black cherry",17,3.1421,2.27113334389571,138.415058,0,38.6517249649183,NA,NA,NA,NA,NA,NA,NA,NA,NA,0,51043,"Clarke","VA",8
221698042020004,"MBB",20,0.186500460109268,0.985770747615699,0.294049058772279,2.35430992128909,2.1404560603638,3.61449274125756,3.32044368248528,1.26018281996847,1.47403668089377,155532034010854,"Maple / beech / birch group","Black cherry",29,4.8846,1.75394375097516,70.415932851872,204.613564,0,44.6394876189995,7.94347790180539,2009,50.8407621706363,43727068010478,NA,NA,NA,NA,30758898010478,2002,"2002-12-04",60,0,0,NA,27.7608640085418,0,8.35562840766369,0,52.7055935009118,"2010-03-02",0,0,0,NA,0,0,"M221","M221Ab",51,43,7,4,39.149314,-77.938533,802,40,0,2014,4.6,"2014-09-30",60,0,0,34,5,40,2,1,1,3.9227,510,7,70,0,NA,22,0,1.07628382610324,0,1,69.2138855472655,72.0712792341499,198.595518,5926.249091,0,55.1000690797205,8.15715711024448,800,"Maple / beech / birch group","Black cherry",4.58042436687201,0,0,0,0,0,0,0.213679208439091,70.415932851872,7.94347790180539,"Maple / beech / birch group","Black cherry",17,3.1421,2.27113334389571,138.415058,0,38.6517249649183,NA,NA,NA,NA,NA,NA,NA,NA,NA,0,51043,"Clarke","VA",8
221698164020004,"MBB",0,0,0,0,0,0,0,0,0,0,155532594010854,"Maple / beech / birch group","Sugar maple / beech / yellow birch",45,59.9736,1.81379969318408,103.473177195911,138.415058,10083.8764472568,83.7605417559045,11.7075131952687,2009,153.780048839077,NA,NA,NA,NA,NA,30573578010478,NA,NA,NA,NA,NA,NA,NA,0,NA,NA,NA,"2009-09-08",0,0,0,NA,0,0,"221","221Ja",51,169,62,5,36.654461,-82.857275,801,40,0,2014,5.7,"2015-06-03",0,0,0,50,4,31,2,1,1,67.867,1300,53,355,0,NA,23,0,1.79262711762078,0,1.78576618775709,169.508987661005,109.652165698181,138.415058,14340.013591,11500.4636091396,84.057775427992,12.052006868784,800,"Maple / beech / birch group","Sugar maple / beech / yellow birch",5.73305954825462,0,0,0,0,0,NA,NA,NA,NA,NA,NA,NA,NA,NA,NA,NA,NA,NA,NA,NA,NA,NA,NA,NA,NA,NA,10083.8764472568,51169,"Scott","VA",11
221698164020004,"MBB",5,-1.42939574024829,0.581676212962563,-2.25368061712481,-1.03797733203305,1.56285941748497,2.13281278086273,4.38649339798754,3.17079011289578,0.569953363377764,155532594010854,"Maple / beech / birch group","Sugar maple / beech / yellow birch",45,59.9736,1.81379969318408,103.473177195911,138.415058,10083.8764472568,83.7605417559045,11.7075131952687,2009,153.780048839077,NA,NA,NA,NA,NA,30573578010478,NA,NA,NA,NA,NA,NA,NA,0,NA,NA,NA,"2009-09-08",0,0,0,NA,0,0,"221","221Ja",51,169,62,5,36.654461,-82.857275,801,40,0,2014,5.7,"2015-06-03",0,0,0,50,4,31,2,1,1,67.867,1300,53,355,0,NA,23,0,1.79262711762078,0,1.78576618775709,169.508987661005,109.652165698181,138.415058,14340.013591,11500.4636091396,84.057775427992,12.052006868784,800,"Maple / beech / birch group","Sugar maple / beech / yellow birch",5.73305954825462,0,0,0,0,0,NA,NA,NA,NA,NA,NA,NA,NA,NA,NA,NA,NA,NA,NA,NA,NA,NA,NA,NA,NA,NA,10083.8764472568,51169,"Scott","VA",11
221698164020004,"MBB",10,0.0815434781462145,0.187019611703397,0.128566883877198,0.519437872337298,0.589067360549857,0.685738576245789,0.557171692368591,0.166300703908491,0.0966712156959321,155532594010854,"Maple / beech / birch group","Sugar maple / beech / yellow birch",45,59.9736,1.81379969318408,103.473177195911,138.415058,10083.8764472568,83.7605417559045,11.7075131952687,2009,153.780048839077,NA,NA,NA,NA,NA,30573578010478,NA,NA,NA,NA,NA,NA,NA,0,NA,NA,NA,"2009-09-08",0,0,0,NA,0,0,"221","221Ja",51,169,62,5,36.654461,-82.857275,801,40,0,2014,5.7,"2015-06-03",0,0,0,50,4,31,2,1,1,67.867,1300,53,355,0,NA,23,0,1.79262711762078,0,1.78576618775709,169.508987661005,109.652165698181,138.415058,14340.013591,11500.4636091396,84.057775427992,12.052006868784,800,"Maple / beech / birch group","Sugar maple / beech / yellow birch",5.73305954825462,0,0,0,0,0,NA,NA,NA,NA,NA,NA,NA,NA,NA,NA,NA,NA,NA,NA,NA,NA,NA,NA,NA,NA,NA,10083.8764472568,51169,"Scott","VA",11
221698164020004,"MBB",15,0.386508946859544,0.385773656571499,0.609395772881881,1.41566271511631,0.972465789384036,1.41450340742883,0.805107634546947,-0.0011593076874854,0.442037618044792,155532594010854,"Maple / beech / birch group","Sugar maple / beech / yellow birch",45,59.9736,1.81379969318408,103.473177195911,138.415058,10083.8764472568,83.7605417559045,11.7075131952687,2009,153.780048839077,NA,NA,NA,NA,NA,30573578010478,NA,NA,NA,NA,NA,NA,NA,0,NA,NA,NA,"2009-09-08",0,0,0,NA,0,0,"221","221Ja",51,169,62,5,36.654461,-82.857275,801,40,0,2014,5.7,"2015-06-03",0,0,0,50,4,31,2,1,1,67.867,1300,53,355,0,NA,23,0,1.79262711762078,0,1.78576618775709,169.508987661005,109.652165698181,138.415058,14340.013591,11500.4636091396,84.057775427992,12.052006868784,800,"Maple / beech / birch group","Sugar maple / beech / yellow birch",5.73305954825462,0,0,0,0,0,NA,NA,NA,NA,NA,NA,NA,NA,NA,NA,NA,NA,NA,NA,NA,NA,NA,NA,NA,NA,NA,10083.8764472568,51169,"Scott","VA",11
221698164020004,"MBB",20,0.708061007721398,0.84844498407913,1.11637618884074,2.88962620556612,2.07771625004558,3.11096494162348,1.99458875278274,0.221338736057358,1.03324869157789,155532594010854,"Maple / beech / birch group","Sugar maple / beech / yellow birch",45,59.9736,1.81379969318408,103.473177195911,138.415058,10083.8764472568,83.7605417559045,11.7075131952687,2009,153.780048839077,NA,NA,NA,NA,NA,30573578010478,NA,NA,NA,NA,NA,NA,NA,0,NA,NA,NA,"2009-09-08",0,0,0,NA,0,0,"221","221Ja",51,169,62,5,36.654461,-82.857275,801,40,0,2014,5.7,"2015-06-03",0,0,0,50,4,31,2,1,1,67.867,1300,53,355,0,NA,23,0,1.79262711762078,0,1.78576618775709,169.508987661005,109.652165698181,138.415058,14340.013591,11500.4636091396,84.057775427992,12.052006868784,800,"Maple / beech / birch group","Sugar maple / beech / yellow birch",5.73305954825462,0,0,0,0,0,NA,NA,NA,NA,NA,NA,NA,NA,NA,NA,NA,NA,NA,NA,NA,NA,NA,NA,NA,NA,NA,10083.8764472568,51169,"Scott","VA",11
221698172020004,"MBB",0,0,0,0,0,0,0,0,0,0,155532712010854,"Maple / beech / birch group","Hard maple / basswood",62,48.1923,2.20447371691314,81.1271826423828,150.45115,5413.68852683266,60.8451069313509,9.94323890892701,2009,88.073813927985,NA,NA,NA,NA,NA,30690084010478,NA,NA,NA,NA,NA,NA,NA,0,NA,NA,NA,"2009-07-08",0,0,0,NA,0,0,"M221","M221Cc",51,195,49,5,37.086223,-82.704,805,40,0,2014,5,"2014-07-21",60,0,0,67,5,31,2,1,1,57.3773,1980,68,355,0,NA,23,0,2.32408038147139,0,2.30778012081622,107.084453560214,89.7105744507776,174.523334,8447.554119,6402.55722972766,64.8018115384026,9.70817288111698,800,"Maple / beech / birch group","Hard maple / basswood",5.03490759753593,0,0,0,0,0,NA,NA,NA,NA,NA,NA,NA,NA,NA,NA,NA,NA,NA,NA,NA,NA,NA,NA,NA,NA,NA,5413.68852683266,51195,"Wise","VA",11
221698172020004,"MBB",5,0.192133265945898,1.18935657591892,0.302930115974699,2.78868535964524,3.69395957638162,4.36097411170271,4.05804399572801,1.57228875205747,0.66701453532109,155532712010854,"Maple / beech / birch group","Hard maple / basswood",62,48.1923,2.20447371691314,81.1271826423828,150.45115,5413.68852683266,60.8451069313509,9.94323890892701,2009,88.073813927985,NA,NA,NA,NA,NA,30690084010478,NA,NA,NA,NA,NA,NA,NA,0,NA,NA,NA,"2009-07-08",0,0,0,NA,0,0,"M221","M221Cc",51,195,49,5,37.086223,-82.704,805,40,0,2014,5,"2014-07-21",60,0,0,67,5,31,2,1,1,57.3773,1980,68,355,0,NA,23,0,2.32408038147139,0,2.30778012081622,107.084453560214,89.7105744507776,174.523334,8447.554119,6402.55722972766,64.8018115384026,9.70817288111698,800,"Maple / beech / birch group","Hard maple / basswood",5.03490759753593,0,0,0,0,0,NA,NA,NA,NA,NA,NA,NA,NA,NA,NA,NA,NA,NA,NA,NA,NA,NA,NA,NA,NA,NA,5413.68852683266,51195,"Wise","VA",11
221698172020004,"MBB",10,0.323793678724885,1.18402214589911,0.510514700122902,2.98512098505204,3.69859519796524,4.3414145349634,3.8308998348405,1.35629354991136,0.642819336998163,155532712010854,"Maple / beech / birch group","Hard maple / basswood",62,48.1923,2.20447371691314,81.1271826423828,150.45115,5413.68852683266,60.8451069313509,9.94323890892701,2009,88.073813927985,NA,NA,NA,NA,NA,30690084010478,NA,NA,NA,NA,NA,NA,NA,0,NA,NA,NA,"2009-07-08",0,0,0,NA,0,0,"M221","M221Cc",51,195,49,5,37.086223,-82.704,805,40,0,2014,5,"2014-07-21",60,0,0,67,5,31,2,1,1,57.3773,1980,68,355,0,NA,23,0,2.32408038147139,0,2.30778012081622,107.084453560214,89.7105744507776,174.523334,8447.554119,6402.55722972766,64.8018115384026,9.70817288111698,800,"Maple / beech / birch group","Hard maple / basswood",5.03490759753593,0,0,0,0,0,NA,NA,NA,NA,NA,NA,NA,NA,NA,NA,NA,NA,NA,NA,NA,NA,NA,NA,NA,NA,NA,5413.68852683266,51195,"Wise","VA",11
221698172020004,"MBB",15,0.278625728530839,1.06869870679772,0.43929989865029,2.67288019585753,2.3533893604755,3.91856192492498,3.47926202627469,1.24568172906745,1.56517256444948,155532712010854,"Maple / beech / birch group","Hard maple / basswood",62,48.1923,2.20447371691314,81.1271826423828,150.45115,5413.68852683266,60.8451069313509,9.94323890892701,2009,88.073813927985,NA,NA,NA,NA,NA,30690084010478,NA,NA,NA,NA,NA,NA,NA,0,NA,NA,NA,"2009-07-08",0,0,0,NA,0,0,"M221","M221Cc",51,195,49,5,37.086223,-82.704,805,40,0,2014,5,"2014-07-21",60,0,0,67,5,31,2,1,1,57.3773,1980,68,355,0,NA,23,0,2.32408038147139,0,2.30778012081622,107.084453560214,89.7105744507776,174.523334,8447.554119,6402.55722972766,64.8018115384026,9.70817288111698,800,"Maple / beech / birch group","Hard maple / basswood",5.03490759753593,0,0,0,0,0,NA,NA,NA,NA,NA,NA,NA,NA,NA,NA,NA,NA,NA,NA,NA,NA,NA,NA,NA,NA,NA,5413.68852683266,51195,"Wise","VA",11
221698172020004,"MBB",20,0.0834646011914337,0.879044426285869,0.131595854545161,1.96879870548263,1.87309262944978,3.22316289638152,3.09156704183636,1.25436419089889,1.35007026693174,155532712010854,"Maple / beech / birch group","Hard maple / basswood",62,48.1923,2.20447371691314,81.1271826423828,150.45115,5413.68852683266,60.8451069313509,9.94323890892701,2009,88.073813927985,NA,NA,NA,NA,NA,30690084010478,NA,NA,NA,NA,NA,NA,NA,0,NA,NA,NA,"2009-07-08",0,0,0,NA,0,0,"M221","M221Cc",51,195,49,5,37.086223,-82.704,805,40,0,2014,5,"2014-07-21",60,0,0,67,5,31,2,1,1,57.3773,1980,68,355,0,NA,23,0,2.32408038147139,0,2.30778012081622,107.084453560214,89.7105744507776,174.523334,8447.554119,6402.55722972766,64.8018115384026,9.70817288111698,800,"Maple / beech / birch group","Hard maple / basswood",5.03490759753593,0,0,0,0,0,NA,NA,NA,NA,NA,NA,NA,NA,NA,NA,NA,NA,NA,NA,NA,NA,NA,NA,NA,NA,NA,5413.68852683266,51195,"Wise","VA",11
274682907489998,"MBB",0,0,0,0,0,0,0,0,0,0,146776568010854,"Maple / beech / birch group","Hard maple / basswood",77,51.3651,1.89978737877998,112.022272854634,162.487242,7371.83544164126,75.21682184633,11.2430719408295,2009,165.913479236279,32762042010478,NA,NA,NA,NA,20637816010478,2004,"2005-02-10",0,0,0,NA,160.486128145027,0,11.2421528187443,0,103.707368465431,"2009-10-01",0,0,0,NA,0,0,"M221","M221Cd",47,151,12,4,36.325973,-84.500467,805,40,0,2014,6.7,"2016-06-29",0,0,0,83,4,42,2,1,1,43.4877,1420,18,360,0,NA,22,0,1.79815086942252,0,1.55052002687779,179.331972766472,113.668317362267,150.45115,14810.676602,9021.7437875638,73.4957344518462,11.7696728926508,800,"Maple / beech / birch group","Hard maple / basswood",6.74332648870637,0,0,0,0,0,0,0.526600951821383,112.022272854634,11.2430719408295,"Maple / beech / birch group","Hard maple / basswood",69,37.2664,1.9724811691238,150.45115,6345.43461713486,71.3800578647729,NA,NA,NA,NA,NA,NA,NA,NA,NA,6345.43461713486,47151,"Scott","TN",10
274682907489998,"MBB",5,-0.977872206653566,0.593028494567143,-1.54177851249046,-0.302348958845127,1.67006821020223,2.17443781341286,3.71621632590331,2.47678677225799,0.504369603210628,146776568010854,"Maple / beech / birch group","Hard maple / basswood",77,51.3651,1.89978737877998,112.022272854634,162.487242,7371.83544164126,75.21682184633,11.2430719408295,2009,165.913479236279,32762042010478,NA,NA,NA,NA,20637816010478,2004,"2005-02-10",0,0,0,NA,160.486128145027,0,11.2421528187443,0,103.707368465431,"2009-10-01",0,0,0,NA,0,0,"M221","M221Cd",47,151,12,4,36.325973,-84.500467,805,40,0,2014,6.7,"2016-06-29",0,0,0,83,4,42,2,1,1,43.4877,1420,18,360,0,NA,22,0,1.79815086942252,0,1.55052002687779,179.331972766472,113.668317362267,150.45115,14810.676602,9021.7437875638,73.4957344518462,11.7696728926508,800,"Maple / beech / birch group","Hard maple / basswood",6.74332648870637,0,0,0,0,0,0,0.526600951821383,112.022272854634,11.2430719408295,"Maple / beech / birch group","Hard maple / basswood",69,37.2664,1.9724811691238,150.45115,6345.43461713486,71.3800578647729,NA,NA,NA,NA,NA,NA,NA,NA,NA,6345.43461713486,47151,"Scott","TN",10
274682907489998,"MBB",10,0.865461050933543,0.848700508800044,1.36454359030522,3.13832765369731,2.7524713352535,3.11190186560016,1.74735827529494,-0.026425788097149,0.359430530346659,146776568010854,"Maple / beech / birch group","Hard maple / basswood",77,51.3651,1.89978737877998,112.022272854634,162.487242,7371.83544164126,75.21682184633,11.2430719408295,2009,165.913479236279,32762042010478,NA,NA,NA,NA,20637816010478,2004,"2005-02-10",0,0,0,NA,160.486128145027,0,11.2421528187443,0,103.707368465431,"2009-10-01",0,0,0,NA,0,0,"M221","M221Cd",47,151,12,4,36.325973,-84.500467,805,40,0,2014,6.7,"2016-06-29",0,0,0,83,4,42,2,1,1,43.4877,1420,18,360,0,NA,22,0,1.79815086942252,0,1.55052002687779,179.331972766472,113.668317362267,150.45115,14810.676602,9021.7437875638,73.4957344518462,11.7696728926508,800,"Maple / beech / birch group","Hard maple / basswood",6.74332648870637,0,0,0,0,0,0,0.526600951821383,112.022272854634,11.2430719408295,"Maple / beech / birch group","Hard maple / basswood",69,37.2664,1.9724811691238,150.45115,6345.43461713486,71.3800578647729,NA,NA,NA,NA,NA,NA,NA,NA,NA,6345.43461713486,47151,"Scott","TN",10
274682907489998,"MBB",15,0.933286891335722,0.6454214010036,1.47148233200599,2.82041306010351,1.75024409137188,2.3665451370132,0.895062805007211,-0.453867923090312,0.616301045641315,146776568010854,"Maple / beech / birch group","Hard maple / basswood",77,51.3651,1.89978737877998,112.022272854634,162.487242,7371.83544164126,75.21682184633,11.2430719408295,2009,165.913479236279,32762042010478,NA,NA,NA,NA,20637816010478,2004,"2005-02-10",0,0,0,NA,160.486128145027,0,11.2421528187443,0,103.707368465431,"2009-10-01",0,0,0,NA,0,0,"M221","M221Cd",47,151,12,4,36.325973,-84.500467,805,40,0,2014,6.7,"2016-06-29",0,0,0,83,4,42,2,1,1,43.4877,1420,18,360,0,NA,22,0,1.79815086942252,0,1.55052002687779,179.331972766472,113.668317362267,150.45115,14810.676602,9021.7437875638,73.4957344518462,11.7696728926508,800,"Maple / beech / birch group","Hard maple / basswood",6.74332648870637,0,0,0,0,0,0,0.526600951821383,112.022272854634,11.2430719408295,"Maple / beech / birch group","Hard maple / basswood",69,37.2664,1.9724811691238,150.45115,6345.43461713486,71.3800578647729,NA,NA,NA,NA,NA,NA,NA,NA,NA,6345.43461713486,47151,"Scott","TN",10
274682907489998,"MBB",20,0.714629711470853,0.456774944251291,1.12673284508571,2.08139247857091,1.26195040941766,1.67484146225473,0.54810861716902,-0.406551016316177,0.412891052837068,146776568010854,"Maple / beech / birch group","Hard maple / basswood",77,51.3651,1.89978737877998,112.022272854634,162.487242,7371.83544164126,75.21682184633,11.2430719408295,2009,165.913479236279,32762042010478,NA,NA,NA,NA,20637816010478,2004,"2005-02-10",0,0,0,NA,160.486128145027,0,11.2421528187443,0,103.707368465431,"2009-10-01",0,0,0,NA,0,0,"M221","M221Cd",47,151,12,4,36.325973,-84.500467,805,40,0,2014,6.7,"2016-06-29",0,0,0,83,4,42,2,1,1,43.4877,1420,18,360,0,NA,22,0,1.79815086942252,0,1.55052002687779,179.331972766472,113.668317362267,150.45115,14810.676602,9021.7437875638,73.4957344518462,11.7696728926508,800,"Maple / beech / birch group","Hard maple / basswood",6.74332648870637,0,0,0,0,0,0,0.526600951821383,112.022272854634,11.2430719408295,"Maple / beech / birch group","Hard maple / basswood",69,37.2664,1.9724811691238,150.45115,6345.43461713486,71.3800578647729,NA,NA,NA,NA,NA,NA,NA,NA,NA,6345.43461713486,47151,"Scott","TN",10
274683015489998,"MBB",0,0,0,0,0,0,0,0,0,0,146776273010854,"Oak / hickory group","White oak / red oak / hickory",95,39.4796,0,67.2734943915041,108.324828,6187.50840405389,72.0795319338868,10.6708845827222,2009,126.325644109526,32444783010478,NA,NA,NA,NA,20649700010478,NA,NA,NA,NA,NA,NA,NA,0,NA,NA,NA,"2009-04-07",0,0,0,NA,0,0,"223","223Eg",47,85,65,2,36.178087,-87.808412,801,40,0,2014,6.8,"2016-01-12",0,0,0,101,6,33,2,1,1,21.4843,530,7,223,10,12,22,0.2255296103668,1.69841946814365,1,1.62172289483545,84.8830773423542,80.6015151286841,114.342874,6594.340462,3451.66393824637,75.569776655621,11.3686653848013,800,"Maple / beech / birch group","Sugar maple / beech / yellow birch",6.76522929500342,1,1,0,0,1,0.2255296103668,0.697780802079112,67.2734943915041,10.6708845827222,NA,NA,NA,NA,NA,NA,NA,NA,NA,NA,NA,NA,NA,NA,NA,NA,NA,6187.50840405389,47085,"Humphreys","TN",14
274683015489998,"MBB",5,-0.185089615641054,0.679417652241469,-0.291824627327395,1.12815826585727,2.06299203040116,2.49119805821872,2.78302268554611,1.36303979236144,0.428206027817563,146776273010854,"Oak / hickory group","White oak / red oak / hickory",95,39.4796,0,67.2734943915041,108.324828,6187.50840405389,72.0795319338868,10.6708845827222,2009,126.325644109526,32444783010478,NA,NA,NA,NA,20649700010478,NA,NA,NA,NA,NA,NA,NA,0,NA,NA,NA,"2009-04-07",0,0,0,NA,0,0,"223","223Eg",47,85,65,2,36.178087,-87.808412,801,40,0,2014,6.8,"2016-01-12",0,0,0,101,6,33,2,1,1,21.4843,530,7,223,10,12,22,0.2255296103668,1.69841946814365,1,1.62172289483545,84.8830773423542,80.6015151286841,114.342874,6594.340462,3451.66393824637,75.569776655621,11.3686653848013,800,"Maple / beech / birch group","Sugar maple / beech / yellow birch",6.76522929500342,1,1,0,0,1,0.2255296103668,0.697780802079112,67.2734943915041,10.6708845827222,NA,NA,NA,NA,NA,NA,NA,NA,NA,NA,NA,NA,NA,NA,NA,NA,NA,6187.50840405389,47085,"Humphreys","TN",14
274683015489998,"MBB",10,1.19417259183061,1.02391699371134,1.88281211978626,4.02279863664297,3.34473195532383,3.75436231027492,1.87155019048866,-0.268436326368048,0.40963035495109,146776273010854,"Oak / hickory group","White oak / red oak / hickory",95,39.4796,0,67.2734943915041,108.324828,6187.50840405389,72.0795319338868,10.6708845827222,2009,126.325644109526,32444783010478,NA,NA,NA,NA,20649700010478,NA,NA,NA,NA,NA,NA,NA,0,NA,NA,NA,"2009-04-07",0,0,0,NA,0,0,"223","223Eg",47,85,65,2,36.178087,-87.808412,801,40,0,2014,6.8,"2016-01-12",0,0,0,101,6,33,2,1,1,21.4843,530,7,223,10,12,22,0.2255296103668,1.69841946814365,1,1.62172289483545,84.8830773423542,80.6015151286841,114.342874,6594.340462,3451.66393824637,75.569776655621,11.3686653848013,800,"Maple / beech / birch group","Sugar maple / beech / yellow birch",6.76522929500342,1,1,0,0,1,0.2255296103668,0.697780802079112,67.2734943915041,10.6708845827222,NA,NA,NA,NA,NA,NA,NA,NA,NA,NA,NA,NA,NA,NA,NA,NA,NA,6187.50840405389,47085,"Humphreys","TN",14
274683015489998,"MBB",15,1.22291172582292,1.07943825033046,1.92812415438081,4.18415009757148,2.78187798529452,3.9579402512117,2.02981609683089,-0.226209846359778,1.17606226591717,146776273010854,"Oak / hickory group","White oak / red oak / hickory",95,39.4796,0,67.2734943915041,108.324828,6187.50840405389,72.0795319338868,10.6708845827222,2009,126.325644109526,32444783010478,NA,NA,NA,NA,20649700010478,NA,NA,NA,NA,NA,NA,NA,0,NA,NA,NA,"2009-04-07",0,0,0,NA,0,0,"223","223Eg",47,85,65,2,36.178087,-87.808412,801,40,0,2014,6.8,"2016-01-12",0,0,0,101,6,33,2,1,1,21.4843,530,7,223,10,12,22,0.2255296103668,1.69841946814365,1,1.62172289483545,84.8830773423542,80.6015151286841,114.342874,6594.340462,3451.66393824637,75.569776655621,11.3686653848013,800,"Maple / beech / birch group","Sugar maple / beech / yellow birch",6.76522929500342,1,1,0,0,1,0.2255296103668,0.697780802079112,67.2734943915041,10.6708845827222,NA,NA,NA,NA,NA,NA,NA,NA,NA,NA,NA,NA,NA,NA,NA,NA,NA,6187.50840405389,47085,"Humphreys","TN",14
274683015489998,"MBB",20,0.699783971756459,0.752586639140726,1.10332606213602,2.67623213794014,1.8738131836594,2.759484343516,1.65615828137998,0.0832522055758615,0.885671159856601,146776273010854,"Oak / hickory group","White oak / red oak / hickory",95,39.4796,0,67.2734943915041,108.324828,6187.50840405389,72.0795319338868,10.6708845827222,2009,126.325644109526,32444783010478,NA,NA,NA,NA,20649700010478,NA,NA,NA,NA,NA,NA,NA,0,NA,NA,NA,"2009-04-07",0,0,0,NA,0,0,"223","223Eg",47,85,65,2,36.178087,-87.808412,801,40,0,2014,6.8,"2016-01-12",0,0,0,101,6,33,2,1,1,21.4843,530,7,223,10,12,22,0.2255296103668,1.69841946814365,1,1.62172289483545,84.8830773423542,80.6015151286841,114.342874,6594.340462,3451.66393824637,75.569776655621,11.3686653848013,800,"Maple / beech / birch group","Sugar maple / beech / yellow birch",6.76522929500342,1,1,0,0,1,0.2255296103668,0.697780802079112,67.2734943915041,10.6708845827222,NA,NA,NA,NA,NA,NA,NA,NA,NA,NA,NA,NA,NA,NA,NA,NA,NA,6187.50840405389,47085,"Humphreys","TN",14
274683356489998,"MBB",0,0,0,0,0,0,0,0,0,0,146776646010854,"Maple / beech / birch group","Sugar maple / beech / yellow birch",76,62.2773,1.65087077987963,119.954139568782,126.378966,13116.2041558685,75.7320474214974,13.1920611047128,2009,193.960976425325,32723325010478,NA,NA,NA,NA,20638153010478,2004,"2004-11-03",0,0,0,NA,169.425371383533,0,12.8255245506763,0,107.981885113491,"2009-08-19",0,0,0,NA,0,0,"223","223Ec",47,165,17,3,36.355264,-86.644167,801,40,0,2014,6.9,"2016-06-29",0,0,0,83,5,31,2,1,1,70.0836,670,24,197,0,NA,22,0,1.71747313228674,0,1.69938553847168,224.827811821648,137.982121199444,132.397012,18778.002688,16611.7062914259,80.9760813399045,13.823396010848,800,"Maple / beech / birch group","Sugar maple / beech / yellow birch",6.86105407255305,0,0,0,0,0,0,0.631334906135162,119.954139568782,13.1920611047128,"Maple / beech / birch group","Sugar maple / beech / yellow birch",71,48.1853,1.6407428237111,120.36092,8351.37363362085,72.4625368912369,NA,NA,NA,NA,NA,NA,NA,NA,NA,8351.37363362085,47165,"Sumner","TN",7
274683356489998,"MBB",5,-2.77051060875359,1.33449114594357,-4.36817172646816,-1.57908523144609,3.66695103210564,4.89313420179311,9.26130592826127,6.47221943323919,1.22618316968747,146776646010854,"Maple / beech / birch group","Sugar maple / beech / yellow birch",76,62.2773,1.65087077987963,119.954139568782,126.378966,13116.2041558685,75.7320474214974,13.1920611047128,2009,193.960976425325,32723325010478,NA,NA,NA,NA,20638153010478,2004,"2004-11-03",0,0,0,NA,169.425371383533,0,12.8255245506763,0,107.981885113491,"2009-08-19",0,0,0,NA,0,0,"223","223Ec",47,165,17,3,36.355264,-86.644167,801,40,0,2014,6.9,"2016-06-29",0,0,0,83,5,31,2,1,1,70.0836,670,24,197,0,NA,22,0,1.71747313228674,0,1.69938553847168,224.827811821648,137.982121199444,132.397012,18778.002688,16611.7062914259,80.9760813399045,13.823396010848,800,"Maple / beech / birch group","Sugar maple / beech / yellow birch",6.86105407255305,0,0,0,0,0,0,0.631334906135162,119.954139568782,13.1920611047128,"Maple / beech / birch group","Sugar maple / beech / yellow birch",71,48.1853,1.6407428237111,120.36092,8351.37363362085,72.4625368912369,NA,NA,NA,NA,NA,NA,NA,NA,NA,8351.37363362085,47165,"Sumner","TN",7
274683356489998,"MBB",10,1.23332625073529,0.530654464636812,1.94454438865931,3.05361221975025,1.83174795119903,1.94573303700165,0.00118864834233601,-1.1078791827486,0.113985085802617,146776646010854,"Maple / beech / birch group","Sugar maple / beech / yellow birch",76,62.2773,1.65087077987963,119.954139568782,126.378966,13116.2041558685,75.7320474214974,13.1920611047128,2009,193.960976425325,32723325010478,NA,NA,NA,NA,20638153010478,2004,"2004-11-03",0,0,0,NA,169.425371383533,0,12.8255245506763,0,107.981885113491,"2009-08-19",0,0,0,NA,0,0,"223","223Ec",47,165,17,3,36.355264,-86.644167,801,40,0,2014,6.9,"2016-06-29",0,0,0,83,5,31,2,1,1,70.0836,670,24,197,0,NA,22,0,1.71747313228674,0,1.69938553847168,224.827811821648,137.982121199444,132.397012,18778.002688,16611.7062914259,80.9760813399045,13.823396010848,800,"Maple / beech / birch group","Sugar maple / beech / yellow birch",6.86105407255305,0,0,0,0,0,0,0.631334906135162,119.954139568782,13.1920611047128,"Maple / beech / birch group","Sugar maple / beech / yellow birch",71,48.1853,1.6407428237111,120.36092,8351.37363362085,72.4625368912369,NA,NA,NA,NA,NA,NA,NA,NA,NA,8351.37363362085,47165,"Sumner","TN",7
274683356489998,"MBB",15,0.787342478382111,-0.132124319274912,1.24137664091579,0.965236813631228,0.062417438419741,-0.484455837341345,-1.72583247825714,-1.44969265097257,-0.546873275761086,146776646010854,"Maple / beech / birch group","Sugar maple / beech / yellow birch",76,62.2773,1.65087077987963,119.954139568782,126.378966,13116.2041558685,75.7320474214974,13.1920611047128,2009,193.960976425325,32723325010478,NA,NA,NA,NA,20638153010478,2004,"2004-11-03",0,0,0,NA,169.425371383533,0,12.8255245506763,0,107.981885113491,"2009-08-19",0,0,0,NA,0,0,"223","223Ec",47,165,17,3,36.355264,-86.644167,801,40,0,2014,6.9,"2016-06-29",0,0,0,83,5,31,2,1,1,70.0836,670,24,197,0,NA,22,0,1.71747313228674,0,1.69938553847168,224.827811821648,137.982121199444,132.397012,18778.002688,16611.7062914259,80.9760813399045,13.823396010848,800,"Maple / beech / birch group","Sugar maple / beech / yellow birch",6.86105407255305,0,0,0,0,0,0,0.631334906135162,119.954139568782,13.1920611047128,"Maple / beech / birch group","Sugar maple / beech / yellow birch",71,48.1853,1.6407428237111,120.36092,8351.37363362085,72.4625368912369,NA,NA,NA,NA,NA,NA,NA,NA,NA,8351.37363362085,47165,"Sumner","TN",7
274683356489998,"MBB",20,0.0856934832944816,-0.364817666287429,0.135110058660966,-0.627358863879761,-0.7256207247241,-1.33766477638724,-1.47277483504821,-0.710305912507479,-0.61204405166314,146776646010854,"Maple / beech / birch group","Sugar maple / beech / yellow birch",76,62.2773,1.65087077987963,119.954139568782,126.378966,13116.2041558685,75.7320474214974,13.1920611047128,2009,193.960976425325,32723325010478,NA,NA,NA,NA,20638153010478,2004,"2004-11-03",0,0,0,NA,169.425371383533,0,12.8255245506763,0,107.981885113491,"2009-08-19",0,0,0,NA,0,0,"223","223Ec",47,165,17,3,36.355264,-86.644167,801,40,0,2014,6.9,"2016-06-29",0,0,0,83,5,31,2,1,1,70.0836,670,24,197,0,NA,22,0,1.71747313228674,0,1.69938553847168,224.827811821648,137.982121199444,132.397012,18778.002688,16611.7062914259,80.9760813399045,13.823396010848,800,"Maple / beech / birch group","Sugar maple / beech / yellow birch",6.86105407255305,0,0,0,0,0,0,0.631334906135162,119.954139568782,13.1920611047128,"Maple / beech / birch group","Sugar maple / beech / yellow birch",71,48.1853,1.6407428237111,120.36092,8351.37363362085,72.4625368912369,NA,NA,NA,NA,NA,NA,NA,NA,NA,8351.37363362085,47165,"Sumner","TN",7
291609162489998,"MBB",0,0,0,0,0,0,0,0,0,0,166400278010854,"Oak / hickory group","Mixed upland hardwoods",55,47.3391,2.19912686917318,65.5621332623323,120.36092,1179.5615335194,51.7735826149092,9.99369801424878,2009,91.8005350336305,NA,NA,NA,NA,NA,74722716010478,NA,NA,NA,NA,NA,NA,NA,0,NA,NA,NA,"2009-11-03",0,0,0,NA,0,0,"223","223Eb",21,57,21,5,36.688409,-85.364711,801,40,0,2014,5.5,"2015-05-06",0,0,0,60,4,33,2,1,1,26.3765,730,52,42,0,NA,23,0,2.05461354415895,0,2.05461354415895,105.523180744976,75.8693587205948,132.397012,8238.612552,1524.30271688767,57.9011795504279,10.2502993304409,800,"Maple / beech / birch group","Sugar maple / beech / yellow birch",5.50308008213552,0,0,0,0,0,NA,NA,NA,NA,NA,NA,NA,NA,NA,NA,NA,NA,NA,NA,NA,NA,NA,NA,NA,NA,NA,1179.5615335194,21057,"Cumberland","KY",14
291609162489998,"MBB",5,1.00106626096443,0.446529666075111,1.57834780478726,2.51159480688424,1.53548197326565,1.63727544227541,0.058927637488152,-0.874319364608831,0.101793469009756,166400278010854,"Oak / hickory group","Mixed upland hardwoods",55,47.3391,2.19912686917318,65.5621332623323,120.36092,1179.5615335194,51.7735826149092,9.99369801424878,2009,91.8005350336305,NA,NA,NA,NA,NA,74722716010478,NA,NA,NA,NA,NA,NA,NA,0,NA,NA,NA,"2009-11-03",0,0,0,NA,0,0,"223","223Eb",21,57,21,5,36.688409,-85.364711,801,40,0,2014,5.5,"2015-05-06",0,0,0,60,4,33,2,1,1,26.3765,730,52,42,0,NA,23,0,2.05461354415895,0,2.05461354415895,105.523180744976,75.8693587205948,132.397012,8238.612552,1524.30271688767,57.9011795504279,10.2502993304409,800,"Maple / beech / birch group","Sugar maple / beech / yellow birch",5.50308008213552,0,0,0,0,0,NA,NA,NA,NA,NA,NA,NA,NA,NA,NA,NA,NA,NA,NA,NA,NA,NA,NA,NA,NA,NA,1179.5615335194,21057,"Cumberland","KY",14
291609162489998,"MBB",10,1.36214142321824,0.0332033762404976,2.1476429772741,2.21703803361674,0.320209026535651,0.121745712881824,-2.02589726439227,-2.09529232073491,-0.198463313653827,166400278010854,"Oak / hickory group","Mixed upland hardwoods",55,47.3391,2.19912686917318,65.5621332623323,120.36092,1179.5615335194,51.7735826149092,9.99369801424878,2009,91.8005350336305,NA,NA,NA,NA,NA,74722716010478,NA,NA,NA,NA,NA,NA,NA,0,NA,NA,NA,"2009-11-03",0,0,0,NA,0,0,"223","223Eb",21,57,21,5,36.688409,-85.364711,801,40,0,2014,5.5,"2015-05-06",0,0,0,60,4,33,2,1,1,26.3765,730,52,42,0,NA,23,0,2.05461354415895,0,2.05461354415895,105.523180744976,75.8693587205948,132.397012,8238.612552,1524.30271688767,57.9011795504279,10.2502993304409,800,"Maple / beech / birch group","Sugar maple / beech / yellow birch",5.50308008213552,0,0,0,0,0,NA,NA,NA,NA,NA,NA,NA,NA,NA,NA,NA,NA,NA,NA,NA,NA,NA,NA,NA,NA,NA,1179.5615335194,21057,"Cumberland","KY",14
291609162489998,"MBB",15,1.22574611659456,0.659332293123009,1.93259304383075,3.31059753645784,1.90507532276275,2.41755174145103,0.484958697620282,-0.893045795006807,0.512476418688285,166400278010854,"Oak / hickory group","Mixed upland hardwoods",55,47.3391,2.19912686917318,65.5621332623323,120.36092,1179.5615335194,51.7735826149092,9.99369801424878,2009,91.8005350336305,NA,NA,NA,NA,NA,74722716010478,NA,NA,NA,NA,NA,NA,NA,0,NA,NA,NA,"2009-11-03",0,0,0,NA,0,0,"223","223Eb",21,57,21,5,36.688409,-85.364711,801,40,0,2014,5.5,"2015-05-06",0,0,0,60,4,33,2,1,1,26.3765,730,52,42,0,NA,23,0,2.05461354415895,0,2.05461354415895,105.523180744976,75.8693587205948,132.397012,8238.612552,1524.30271688767,57.9011795504279,10.2502993304409,800,"Maple / beech / birch group","Sugar maple / beech / yellow birch",5.50308008213552,0,0,0,0,0,NA,NA,NA,NA,NA,NA,NA,NA,NA,NA,NA,NA,NA,NA,NA,NA,NA,NA,NA,NA,NA,1179.5615335194,21057,"Cumberland","KY",14
291609162489998,"MBB",20,0.905552271869655,1.0134459090271,1.42775408198116,3.54585603184781,2.5074894267706,3.71596833309939,2.28821425111823,0.170112301251579,1.20847890632878,166400278010854,"Oak / hickory group","Mixed upland hardwoods",55,47.3391,2.19912686917318,65.5621332623323,120.36092,1179.5615335194,51.7735826149092,9.99369801424878,2009,91.8005350336305,NA,NA,NA,NA,NA,74722716010478,NA,NA,NA,NA,NA,NA,NA,0,NA,NA,NA,"2009-11-03",0,0,0,NA,0,0,"223","223Eb",21,57,21,5,36.688409,-85.364711,801,40,0,2014,5.5,"2015-05-06",0,0,0,60,4,33,2,1,1,26.3765,730,52,42,0,NA,23,0,2.05461354415895,0,2.05461354415895,105.523180744976,75.8693587205948,132.397012,8238.612552,1524.30271688767,57.9011795504279,10.2502993304409,800,"Maple / beech / birch group","Sugar maple / beech / yellow birch",5.50308008213552,0,0,0,0,0,NA,NA,NA,NA,NA,NA,NA,NA,NA,NA,NA,NA,NA,NA,NA,NA,NA,NA,NA,NA,NA,1179.5615335194,21057,"Cumberland","KY",14
291609223489998,"MBB",0,0,0,0,0,0,0,0,0,0,166400580010854,"Oak / hickory group","White oak / red oak / hickory",55,38.7207,1.52406898379428,92.5835244080565,144.433104,1604.86696067473,61.1858105068582,10.8411640288301,2009,81.561124099278,NA,NA,NA,NA,NA,74698969010478,NA,NA,NA,NA,NA,NA,NA,0,NA,NA,NA,"2009-10-19",0,0,0,12,0.553337601592033,10,"223","223Dg",21,141,29,6,37.019139,-86.883497,801,40,0,2014,6.6,"2016-06-01",0,0,0,60,5,9,2,1,1,27.4703,570,17,328,0,NA,22,0,1.72849209215017,0,1.81087624147754,65.2676234259689,49.5318752715355,108.324828,4177.00577,990.497499080986,47.8768018867215,9.15631688447319,800,"Maple / beech / birch group","Sugar maple / beech / yellow birch",6.61738535249829,0,0,1,0,1,0.553337601592033,NA,NA,NA,NA,NA,NA,NA,NA,NA,NA,NA,NA,NA,NA,NA,NA,NA,NA,NA,NA,1604.86696067473,21141,"Logan","KY",10
291609223489998,"MBB",5,1.83978824266648,1.63997301535535,2.90073279593748,6.32827639803017,5.34548300612111,6.01323438963628,3.1125015936988,-0.315042008393883,0.667751383515169,166400580010854,"Oak / hickory group","White oak / red oak / hickory",55,38.7207,1.52406898379428,92.5835244080565,144.433104,1604.86696067473,61.1858105068582,10.8411640288301,2009,81.561124099278,NA,NA,NA,NA,NA,74698969010478,NA,NA,NA,NA,NA,NA,NA,0,NA,NA,NA,"2009-10-19",0,0,0,12,0.553337601592033,10,"223","223Dg",21,141,29,6,37.019139,-86.883497,801,40,0,2014,6.6,"2016-06-01",0,0,0,60,5,9,2,1,1,27.4703,570,17,328,0,NA,22,0,1.72849209215017,0,1.81087624147754,65.2676234259689,49.5318752715355,108.324828,4177.00577,990.497499080986,47.8768018867215,9.15631688447319,800,"Maple / beech / birch group","Sugar maple / beech / yellow birch",6.61738535249829,0,0,1,0,1,0.553337601592033,NA,NA,NA,NA,NA,NA,NA,NA,NA,NA,NA,NA,NA,NA,NA,NA,NA,NA,NA,NA,1604.86696067473,21141,"Logan","KY",10
291609223489998,"MBB",10,1.43226887864399,1.51481266395663,2.25821059866203,5.42416906633139,4.89478602556947,5.55431310117433,3.2961025025123,0.130144034842932,0.659527075604854,166400580010854,"Oak / hickory group","White oak / red oak / hickory",55,38.7207,1.52406898379428,92.5835244080565,144.433104,1604.86696067473,61.1858105068582,10.8411640288301,2009,81.561124099278,NA,NA,NA,NA,NA,74698969010478,NA,NA,NA,NA,NA,NA,NA,0,NA,NA,NA,"2009-10-19",0,0,0,12,0.553337601592033,10,"223","223Dg",21,141,29,6,37.019139,-86.883497,801,40,0,2014,6.6,"2016-06-01",0,0,0,60,5,9,2,1,1,27.4703,570,17,328,0,NA,22,0,1.72849209215017,0,1.81087624147754,65.2676234259689,49.5318752715355,108.324828,4177.00577,990.497499080986,47.8768018867215,9.15631688447319,800,"Maple / beech / birch group","Sugar maple / beech / yellow birch",6.61738535249829,0,0,1,0,1,0.553337601592033,NA,NA,NA,NA,NA,NA,NA,NA,NA,NA,NA,NA,NA,NA,NA,NA,NA,NA,NA,NA,1604.86696067473,21141,"Logan","KY",10
291609223489998,"MBB",15,0.229535776083469,0.504374739861497,0.36190140695827,1.4160446132688,1.15284359002642,1.84937404615882,1.48747263920055,0.433329432890024,0.696530456132402,166400580010854,"Oak / hickory group","White oak / red oak / hickory",55,38.7207,1.52406898379428,92.5835244080565,144.433104,1604.86696067473,61.1858105068582,10.8411640288301,2009,81.561124099278,NA,NA,NA,NA,NA,74698969010478,NA,NA,NA,NA,NA,NA,NA,0,NA,NA,NA,"2009-10-19",0,0,0,12,0.553337601592033,10,"223","223Dg",21,141,29,6,37.019139,-86.883497,801,40,0,2014,6.6,"2016-06-01",0,0,0,60,5,9,2,1,1,27.4703,570,17,328,0,NA,22,0,1.72849209215017,0,1.81087624147754,65.2676234259689,49.5318752715355,108.324828,4177.00577,990.497499080986,47.8768018867215,9.15631688447319,800,"Maple / beech / birch group","Sugar maple / beech / yellow birch",6.61738535249829,0,0,1,0,1,0.553337601592033,NA,NA,NA,NA,NA,NA,NA,NA,NA,NA,NA,NA,NA,NA,NA,NA,NA,NA,NA,NA,1604.86696067473,21141,"Logan","KY",10
291609223489998,"MBB",20,0.160860749645239,0.24341785840701,0.253623781940661,0.762367106011311,0.577913446418103,0.892532147492369,0.638908365551708,0.130165041481058,0.314618701074266,166400580010854,"Oak / hickory group","White oak / red oak / hickory",55,38.7207,1.52406898379428,92.5835244080565,144.433104,1604.86696067473,61.1858105068582,10.8411640288301,2009,81.561124099278,NA,NA,NA,NA,NA,74698969010478,NA,NA,NA,NA,NA,NA,NA,0,NA,NA,NA,"2009-10-19",0,0,0,12,0.553337601592033,10,"223","223Dg",21,141,29,6,37.019139,-86.883497,801,40,0,2014,6.6,"2016-06-01",0,0,0,60,5,9,2,1,1,27.4703,570,17,328,0,NA,22,0,1.72849209215017,0,1.81087624147754,65.2676234259689,49.5318752715355,108.324828,4177.00577,990.497499080986,47.8768018867215,9.15631688447319,800,"Maple / beech / birch group","Sugar maple / beech / yellow birch",6.61738535249829,0,0,1,0,1,0.553337601592033,NA,NA,NA,NA,NA,NA,NA,NA,NA,NA,NA,NA,NA,NA,NA,NA,NA,NA,NA,NA,1604.86696067473,21141,"Logan","KY",10
291609308489998,"MBB",0,0,0,0,0,0,0,0,0,0,NA,NA,NA,NA,NA,NA,NA,NA,NA,NA,NA,NA,NA,NA,NA,NA,NA,NA,NA,NA,NA,NA,NA,NA,NA,NA,NA,NA,NA,NA,NA,NA,NA,NA,NA,NA,NA,NA,NA,NA,NA,NA,NA,NA,NA,NA,NA,NA,NA,NA,NA,NA,NA,NA,NA,NA,NA,NA,NA,NA,NA,NA,NA,NA,NA,NA,NA,NA,NA,NA,NA,NA,NA,NA,NA,NA,NA,NA,NA,NA,NA,NA,NA,NA,NA,NA,NA,NA,NA,NA,NA,NA,NA,NA,NA,NA,NA,NA,NA,NA,NA,NA,NA,NA,NA,NA,NA,NA,NA,NA,NA,NA,NA
291609308489998,"MBB",5,0.415358894470825,0.415358894470825,0.654882523615667,1.52298261305969,1.34576281808547,1.52298261305969,0.868100089444024,-2.22044604925031e-16,0.177219794974219,NA,NA,NA,NA,NA,NA,NA,NA,NA,NA,NA,NA,NA,NA,NA,NA,NA,NA,NA,NA,NA,NA,NA,NA,NA,NA,NA,NA,NA,NA,NA,NA,NA,NA,NA,NA,NA,NA,NA,NA,NA,NA,NA,NA,NA,NA,NA,NA,NA,NA,NA,NA,NA,NA,NA,NA,NA,NA,NA,NA,NA,NA,NA,NA,NA,NA,NA,NA,NA,NA,NA,NA,NA,NA,NA,NA,NA,NA,NA,NA,NA,NA,NA,NA,NA,NA,NA,NA,NA,NA,NA,NA,NA,NA,NA,NA,NA,NA,NA,NA,NA,NA,NA,NA,NA,NA,NA,NA,NA,NA,NA,NA,NA
291609308489998,"MBB",10,0.667673583368005,0.667673583368005,1.05269868311022,2.44813647234935,2.16326241011234,2.44813647234935,1.39543778923913,0,0.284874062237015,NA,NA,NA,NA,NA,NA,NA,NA,NA,NA,NA,NA,NA,NA,NA,NA,NA,NA,NA,NA,NA,NA,NA,NA,NA,NA,NA,NA,NA,NA,NA,NA,NA,NA,NA,NA,NA,NA,NA,NA,NA,NA,NA,NA,NA,NA,NA,NA,NA,NA,NA,NA,NA,NA,NA,NA,NA,NA,NA,NA,NA,NA,NA,NA,NA,NA,NA,NA,NA,NA,NA,NA,NA,NA,NA,NA,NA,NA,NA,NA,NA,NA,NA,NA,NA,NA,NA,NA,NA,NA,NA,NA,NA,NA,NA,NA,NA,NA,NA,NA,NA,NA,NA,NA,NA,NA,NA,NA,NA,NA,NA,NA,NA
291609308489998,"MBB",15,-0.382532778312441,0.958244599033519,-0.603126680472615,1.39960453150744,1.8382421173057,3.51356352978957,4.11669021026218,2.11395899828213,1.67532141248386,NA,NA,NA,NA,NA,NA,NA,NA,NA,NA,NA,NA,NA,NA,NA,NA,NA,NA,NA,NA,NA,NA,NA,NA,NA,NA,NA,NA,NA,NA,NA,NA,NA,NA,NA,NA,NA,NA,NA,NA,NA,NA,NA,NA,NA,NA,NA,NA,NA,NA,NA,NA,NA,NA,NA,NA,NA,NA,NA,NA,NA,NA,NA,NA,NA,NA,NA,NA,NA,NA,NA,NA,NA,NA,NA,NA,NA,NA,NA,NA,NA,NA,NA,NA,NA,NA,NA,NA,NA,NA,NA,NA,NA,NA,NA,NA,NA,NA,NA,NA,NA,NA,NA,NA,NA,NA,NA,NA,NA,NA,NA,NA,NA
291609308489998,"MBB",20,0.82026984726154,1.02532136311449,1.29329212584903,3.43621377475831,2.49563768323175,3.75951166475314,2.46621953890411,0.323297889994822,1.26387398152139,NA,NA,NA,NA,NA,NA,NA,NA,NA,NA,NA,NA,NA,NA,NA,NA,NA,NA,NA,NA,NA,NA,NA,NA,NA,NA,NA,NA,NA,NA,NA,NA,NA,NA,NA,NA,NA,NA,NA,NA,NA,NA,NA,NA,NA,NA,NA,NA,NA,NA,NA,NA,NA,NA,NA,NA,NA,NA,NA,NA,NA,NA,NA,NA,NA,NA,NA,NA,NA,NA,NA,NA,NA,NA,NA,NA,NA,NA,NA,NA,NA,NA,NA,NA,NA,NA,NA,NA,NA,NA,NA,NA,NA,NA,NA,NA,NA,NA,NA,NA,NA,NA,NA,NA,NA,NA,NA,NA,NA,NA,NA,NA,NA
291609445489998,"MBB",0,0,0,0,0,0,0,0,0,0,166400259010854,"Maple / beech / birch group","Sugar maple / beech / yellow birch",30,26.081,2.63793009987668,60.3926016581023,96.288736,1050.84570007714,50.651783036738,10.7237470130547,2009,63.9995710260801,NA,NA,NA,NA,NA,74737957010478,NA,NA,NA,NA,NA,NA,NA,0,NA,NA,NA,"2010-04-07",0,0,0,NA,0,0,"221","221He",21,51,20,3,37.145157,-83.869741,801,40,0,2014,5.5,"2015-09-22",0,0,0,35,6,28,2,1,1,34.0246,1040,48,277,0,NA,19,0,2.60898109546961,0,2.68429419373557,85.215841164731,72.8355821734267,120.36092,6966.415756,2265.00665908538,55.1574472333008,10.5334704632424,800,"Maple / beech / birch group","Sugar maple / beech / yellow birch",5.45927446954141,0,0,0,0,0,NA,NA,NA,NA,NA,NA,NA,NA,NA,NA,NA,NA,NA,NA,NA,NA,NA,NA,NA,NA,NA,1050.84570007714,21051,"Clay","KY",9
291609445489998,"MBB",5,0.983340770027616,-0.00336511717423136,1.55040061407687,1.54336751918273,0.146969962307786,-0.0123387629721816,-1.56273937704906,-1.55570628215491,-0.159308725279968,166400259010854,"Maple / beech / birch group","Sugar maple / beech / yellow birch",30,26.081,2.63793009987668,60.3926016581023,96.288736,1050.84570007714,50.651783036738,10.7237470130547,2009,63.9995710260801,NA,NA,NA,NA,NA,74737957010478,NA,NA,NA,NA,NA,NA,NA,0,NA,NA,NA,"2010-04-07",0,0,0,NA,0,0,"221","221He",21,51,20,3,37.145157,-83.869741,801,40,0,2014,5.5,"2015-09-22",0,0,0,35,6,28,2,1,1,34.0246,1040,48,277,0,NA,19,0,2.60898109546961,0,2.68429419373557,85.215841164731,72.8355821734267,120.36092,6966.415756,2265.00665908538,55.1574472333008,10.5334704632424,800,"Maple / beech / birch group","Sugar maple / beech / yellow birch",5.45927446954141,0,0,0,0,0,NA,NA,NA,NA,NA,NA,NA,NA,NA,NA,NA,NA,NA,NA,NA,NA,NA,NA,NA,NA,NA,1050.84570007714,21051,"Clay","KY",9
291609445489998,"MBB",10,0.7645550601153,-0.94247012190986,1.20544847811512,-0.764314076676483,-2.78047916586392,-3.45572378033615,-4.66117225845128,-2.69140970365967,-0.675244614472232,166400259010854,"Maple / beech / birch group","Sugar maple / beech / yellow birch",30,26.081,2.63793009987668,60.3926016581023,96.288736,1050.84570007714,50.651783036738,10.7237470130547,2009,63.9995710260801,NA,NA,NA,NA,NA,74737957010478,NA,NA,NA,NA,NA,NA,NA,0,NA,NA,NA,"2010-04-07",0,0,0,NA,0,0,"221","221He",21,51,20,3,37.145157,-83.869741,801,40,0,2014,5.5,"2015-09-22",0,0,0,35,6,28,2,1,1,34.0246,1040,48,277,0,NA,19,0,2.60898109546961,0,2.68429419373557,85.215841164731,72.8355821734267,120.36092,6966.415756,2265.00665908538,55.1574472333008,10.5334704632424,800,"Maple / beech / birch group","Sugar maple / beech / yellow birch",5.45927446954141,0,0,0,0,0,NA,NA,NA,NA,NA,NA,NA,NA,NA,NA,NA,NA,NA,NA,NA,NA,NA,NA,NA,NA,NA,1050.84570007714,21051,"Clay","KY",9
291609445489998,"MBB",15,1.03299597262179,-0.255487692100522,1.62869031683369,1.0947210403436,-0.0897810082627204,-0.93678820436858,-2.56547852120227,-2.03150924471218,-0.847007196105859,166400259010854,"Maple / beech / birch group","Sugar maple / beech / yellow birch",30,26.081,2.63793009987668,60.3926016581023,96.288736,1050.84570007714,50.651783036738,10.7237470130547,2009,63.9995710260801,NA,NA,NA,NA,NA,74737957010478,NA,NA,NA,NA,NA,NA,NA,0,NA,NA,NA,"2010-04-07",0,0,0,NA,0,0,"221","221He",21,51,20,3,37.145157,-83.869741,801,40,0,2014,5.5,"2015-09-22",0,0,0,35,6,28,2,1,1,34.0246,1040,48,277,0,NA,19,0,2.60898109546961,0,2.68429419373557,85.215841164731,72.8355821734267,120.36092,6966.415756,2265.00665908538,55.1574472333008,10.5334704632424,800,"Maple / beech / birch group","Sugar maple / beech / yellow birch",5.45927446954141,0,0,0,0,0,NA,NA,NA,NA,NA,NA,NA,NA,NA,NA,NA,NA,NA,NA,NA,NA,NA,NA,NA,NA,NA,1050.84570007714,21051,"Clay","KY",9
291609445489998,"MBB",20,0.784946896272899,0.333785768929926,1.23759960645694,1.93521186352048,1.03513942246089,1.22388115274306,-0.0137184537138744,-0.71133071077742,0.188741730282171,166400259010854,"Maple / beech / birch group","Sugar maple / beech / yellow birch",30,26.081,2.63793009987668,60.3926016581023,96.288736,1050.84570007714,50.651783036738,10.7237470130547,2009,63.9995710260801,NA,NA,NA,NA,NA,74737957010478,NA,NA,NA,NA,NA,NA,NA,0,NA,NA,NA,"2010-04-07",0,0,0,NA,0,0,"221","221He",21,51,20,3,37.145157,-83.869741,801,40,0,2014,5.5,"2015-09-22",0,0,0,35,6,28,2,1,1,34.0246,1040,48,277,0,NA,19,0,2.60898109546961,0,2.68429419373557,85.215841164731,72.8355821734267,120.36092,6966.415756,2265.00665908538,55.1574472333008,10.5334704632424,800,"Maple / beech / birch group","Sugar maple / beech / yellow birch",5.45927446954141,0,0,0,0,0,NA,NA,NA,NA,NA,NA,NA,NA,NA,NA,NA,NA,NA,NA,NA,NA,NA,NA,NA,NA,NA,1050.84570007714,21051,"Clay","KY",9
291609452489998,"MBB",0,0,0,0,0,0,0,0,0,0,166400510010854,"Maple / beech / birch group","Sugar maple / beech / yellow birch",51,44.2632,2.60488078148524,76.8399177652747,120.36092,7906.44601843585,69.5948417278034,10.819149689324,2009,111.00434882308,NA,NA,NA,NA,NA,74600506010478,NA,NA,NA,NA,NA,NA,NA,0,NA,NA,NA,"2009-11-19",0,0,0,NA,0,0,"221","221He",21,121,15,3,36.839215,-84.002806,801,40,0,2014,5.7,"2015-07-30",0,0,0,56,4,33,2,1,1,27.4756,1230,29,175,0,NA,12,0,2.6686888005227,0,2.6686888005227,125.833358367358,86.0278986031929,132.397012,10587.265295,4882.95524467886,78.9514865199834,10.9149813642451,800,"Maple / beech / birch group","Sugar maple / beech / yellow birch",5.69199178644764,0,0,0,0,0,NA,NA,NA,NA,NA,NA,NA,NA,NA,NA,NA,NA,NA,NA,NA,NA,NA,NA,NA,NA,NA,7906.44601843585,21121,"Knox","KY",9
291609452489998,"MBB",5,0.9632412621794,-0.273937228117371,1.51871039003619,0.946181583270882,-0.689608060652798,-1.00443650309703,-2.52314689313321,-1.95061808636791,-0.314828442444228,166400510010854,"Maple / beech / birch group","Sugar maple / beech / yellow birch",51,44.2632,2.60488078148524,76.8399177652747,120.36092,7906.44601843585,69.5948417278034,10.819149689324,2009,111.00434882308,NA,NA,NA,NA,NA,74600506010478,NA,NA,NA,NA,NA,NA,NA,0,NA,NA,NA,"2009-11-19",0,0,0,NA,0,0,"221","221He",21,121,15,3,36.839215,-84.002806,801,40,0,2014,5.7,"2015-07-30",0,0,0,56,4,33,2,1,1,27.4756,1230,29,175,0,NA,12,0,2.6686888005227,0,2.6686888005227,125.833358367358,86.0278986031929,132.397012,10587.265295,4882.95524467886,78.9514865199834,10.9149813642451,800,"Maple / beech / birch group","Sugar maple / beech / yellow birch",5.69199178644764,0,0,0,0,0,NA,NA,NA,NA,NA,NA,NA,NA,NA,NA,NA,NA,NA,NA,NA,NA,NA,NA,NA,NA,NA,7906.44601843585,21121,"Knox","KY",9
291609452489998,"MBB",10,-0.156099621072391,-1.79762463059307,-0.246117069224137,-4.00315254716365,-5.56165980159823,-6.59129031217459,-6.34517324295045,-2.58813776501094,-1.02963051057635,166400510010854,"Maple / beech / birch group","Sugar maple / beech / yellow birch",51,44.2632,2.60488078148524,76.8399177652747,120.36092,7906.44601843585,69.5948417278034,10.819149689324,2009,111.00434882308,NA,NA,NA,NA,NA,74600506010478,NA,NA,NA,NA,NA,NA,NA,0,NA,NA,NA,"2009-11-19",0,0,0,NA,0,0,"221","221He",21,121,15,3,36.839215,-84.002806,801,40,0,2014,5.7,"2015-07-30",0,0,0,56,4,33,2,1,1,27.4756,1230,29,175,0,NA,12,0,2.6686888005227,0,2.6686888005227,125.833358367358,86.0278986031929,132.397012,10587.265295,4882.95524467886,78.9514865199834,10.9149813642451,800,"Maple / beech / birch group","Sugar maple / beech / yellow birch",5.69199178644764,0,0,0,0,0,NA,NA,NA,NA,NA,NA,NA,NA,NA,NA,NA,NA,NA,NA,NA,NA,NA,NA,NA,NA,NA,7906.44601843585,21121,"Knox","KY",9
291609452489998,"MBB",15,0.358351427089295,-0.713777962401156,0.565000750044121,-0.926795191374294,-1.33770482777002,-2.61718586213757,-3.18218661218169,-1.69039067076328,-1.27948103436755,166400510010854,"Maple / beech / birch group","Sugar maple / beech / yellow birch",51,44.2632,2.60488078148524,76.8399177652747,120.36092,7906.44601843585,69.5948417278034,10.819149689324,2009,111.00434882308,NA,NA,NA,NA,NA,74600506010478,NA,NA,NA,NA,NA,NA,NA,0,NA,NA,NA,"2009-11-19",0,0,0,NA,0,0,"221","221He",21,121,15,3,36.839215,-84.002806,801,40,0,2014,5.7,"2015-07-30",0,0,0,56,4,33,2,1,1,27.4756,1230,29,175,0,NA,12,0,2.6686888005227,0,2.6686888005227,125.833358367358,86.0278986031929,132.397012,10587.265295,4882.95524467886,78.9514865199834,10.9149813642451,800,"Maple / beech / birch group","Sugar maple / beech / yellow birch",5.69199178644764,0,0,0,0,0,NA,NA,NA,NA,NA,NA,NA,NA,NA,NA,NA,NA,NA,NA,NA,NA,NA,NA,NA,NA,NA,7906.44601843585,21121,"Knox","KY",9
291609452489998,"MBB",20,0.587606803863015,0.237520090896253,0.926460060757354,1.42287705073052,0.749087915634264,0.870906999952926,-0.0555530608044276,-0.551970050777596,0.121819084318662,166400510010854,"Maple / beech / birch group","Sugar maple / beech / yellow birch",51,44.2632,2.60488078148524,76.8399177652747,120.36092,7906.44601843585,69.5948417278034,10.819149689324,2009,111.00434882308,NA,NA,NA,NA,NA,74600506010478,NA,NA,NA,NA,NA,NA,NA,0,NA,NA,NA,"2009-11-19",0,0,0,NA,0,0,"221","221He",21,121,15,3,36.839215,-84.002806,801,40,0,2014,5.7,"2015-07-30",0,0,0,56,4,33,2,1,1,27.4756,1230,29,175,0,NA,12,0,2.6686888005227,0,2.6686888005227,125.833358367358,86.0278986031929,132.397012,10587.265295,4882.95524467886,78.9514865199834,10.9149813642451,800,"Maple / beech / birch group","Sugar maple / beech / yellow birch",5.69199178644764,0,0,0,0,0,NA,NA,NA,NA,NA,NA,NA,NA,NA,NA,NA,NA,NA,NA,NA,NA,NA,NA,NA,NA,NA,7906.44601843585,21121,"Knox","KY",9
291609563489998,"MBB",0,0,0,0,0,0,0,0,0,0,166400501010854,"Maple / beech / birch group","Sugar maple / beech / yellow birch",62,58.4401,2.47482965958173,108.940575570056,138.415058,11259.9940997903,78.7735316097038,12.0128373363484,2009,165.95519798089,NA,NA,NA,NA,NA,74694062010478,NA,NA,NA,NA,NA,NA,NA,0,NA,NA,NA,"2010-05-12",80,0,0,NA,0,0,"221","221Ha",21,119,29,1,37.297961,-83.01819,801,40,0,2014,5.9,"2016-04-13",0,0,0,65,5,33,2,1,1,57.3959,1200,68,296,0,NA,23,0,2.55424621999881,0,2.84955775013895,157.823392010811,111.10483361915,138.415058,13127.277394,9855.12527707875,81.2914545618366,12.1315764773622,800,"Maple / beech / birch group","Sugar maple / beech / yellow birch",5.92197125256673,0,0,0,0,0,NA,NA,NA,NA,NA,NA,NA,NA,NA,NA,NA,NA,NA,NA,NA,NA,NA,NA,NA,NA,NA,11259.9940997903,21119,"Knott","KY",3
291609563489998,"MBB",5,-1.00984935543239,-0.986538489743118,-1.59219581706507,-3.65406126062819,-3.20011444527799,-3.61730779572477,-2.02511197865969,0.0367534649034247,-0.41719335044678,166400501010854,"Maple / beech / birch group","Sugar maple / beech / yellow birch",62,58.4401,2.47482965958173,108.940575570056,138.415058,11259.9940997903,78.7735316097038,12.0128373363484,2009,165.95519798089,NA,NA,NA,NA,NA,74694062010478,NA,NA,NA,NA,NA,NA,NA,0,NA,NA,NA,"2010-05-12",80,0,0,NA,0,0,"221","221Ha",21,119,29,1,37.297961,-83.01819,801,40,0,2014,5.9,"2016-04-13",0,0,0,65,5,33,2,1,1,57.3959,1200,68,296,0,NA,23,0,2.55424621999881,0,2.84955775013895,157.823392010811,111.10483361915,138.415058,13127.277394,9855.12527707875,81.2914545618366,12.1315764773622,800,"Maple / beech / birch group","Sugar maple / beech / yellow birch",5.92197125256673,0,0,0,0,0,NA,NA,NA,NA,NA,NA,NA,NA,NA,NA,NA,NA,NA,NA,NA,NA,NA,NA,NA,NA,NA,11259.9940997903,21119,"Knott","KY",3
291609563489998,"MBB",10,0.832128515002108,-3.37627731483542,1.31198929198666,-5.74443029601938,-10.2657935672928,-12.3796834877299,-13.6916727797165,-6.63525319171051,-2.11388992043712,166400501010854,"Maple / beech / birch group","Sugar maple / beech / yellow birch",62,58.4401,2.47482965958173,108.940575570056,138.415058,11259.9940997903,78.7735316097038,12.0128373363484,2009,165.95519798089,NA,NA,NA,NA,NA,74694062010478,NA,NA,NA,NA,NA,NA,NA,0,NA,NA,NA,"2010-05-12",80,0,0,NA,0,0,"221","221Ha",21,119,29,1,37.297961,-83.01819,801,40,0,2014,5.9,"2016-04-13",0,0,0,65,5,33,2,1,1,57.3959,1200,68,296,0,NA,23,0,2.55424621999881,0,2.84955775013895,157.823392010811,111.10483361915,138.415058,13127.277394,9855.12527707875,81.2914545618366,12.1315764773622,800,"Maple / beech / birch group","Sugar maple / beech / yellow birch",5.92197125256673,0,0,0,0,0,NA,NA,NA,NA,NA,NA,NA,NA,NA,NA,NA,NA,NA,NA,NA,NA,NA,NA,NA,NA,NA,11259.9940997903,21119,"Knott","KY",3
291609563489998,"MBB",15,0.961631707468976,-1.65078404265332,1.51617265877609,-1.93396599036936,-3.03663701493378,-6.05287482306218,-7.56904748183826,-4.11890883269282,-3.0162378081284,166400501010854,"Maple / beech / birch group","Sugar maple / beech / yellow birch",62,58.4401,2.47482965958173,108.940575570056,138.415058,11259.9940997903,78.7735316097038,12.0128373363484,2009,165.95519798089,NA,NA,NA,NA,NA,74694062010478,NA,NA,NA,NA,NA,NA,NA,0,NA,NA,NA,"2010-05-12",80,0,0,NA,0,0,"221","221Ha",21,119,29,1,37.297961,-83.01819,801,40,0,2014,5.9,"2016-04-13",0,0,0,65,5,33,2,1,1,57.3959,1200,68,296,0,NA,23,0,2.55424621999881,0,2.84955775013895,157.823392010811,111.10483361915,138.415058,13127.277394,9855.12527707875,81.2914545618366,12.1315764773622,800,"Maple / beech / birch group","Sugar maple / beech / yellow birch",5.92197125256673,0,0,0,0,0,NA,NA,NA,NA,NA,NA,NA,NA,NA,NA,NA,NA,NA,NA,NA,NA,NA,NA,NA,NA,NA,11259.9940997903,21119,"Knott","KY",3
291609563489998,"MBB",20,0.907234616870649,-0.0154199025077826,1.43040657926606,1.39817898302479,0.357883289013113,-0.0565396425285363,-1.48694622179459,-1.45471862555333,-0.41442293154165,166400501010854,"Maple / beech / birch group","Sugar maple / beech / yellow birch",62,58.4401,2.47482965958173,108.940575570056,138.415058,11259.9940997903,78.7735316097038,12.0128373363484,2009,165.95519798089,NA,NA,NA,NA,NA,74694062010478,NA,NA,NA,NA,NA,NA,NA,0,NA,NA,NA,"2010-05-12",80,0,0,NA,0,0,"221","221Ha",21,119,29,1,37.297961,-83.01819,801,40,0,2014,5.9,"2016-04-13",0,0,0,65,5,33,2,1,1,57.3959,1200,68,296,0,NA,23,0,2.55424621999881,0,2.84955775013895,157.823392010811,111.10483361915,138.415058,13127.277394,9855.12527707875,81.2914545618366,12.1315764773622,800,"Maple / beech / birch group","Sugar maple / beech / yellow birch",5.92197125256673,0,0,0,0,0,NA,NA,NA,NA,NA,NA,NA,NA,NA,NA,NA,NA,NA,NA,NA,NA,NA,NA,NA,NA,NA,11259.9940997903,21119,"Knott","KY",3
291609580489998,"MBB",0,0,0,0,0,0,0,0,0,0,166400766010854,"Maple / beech / birch group","Sugar maple / beech / yellow birch",89,43.9182,2.52963647156352,134.118656164372,144.433104,8733.86895635356,73.3755961144712,13.0482917144991,2009,196.919585291602,NA,NA,NA,NA,NA,74668438010478,NA,NA,NA,NA,NA,NA,NA,0,NA,NA,NA,"2009-12-16",0,0,0,NA,0,0,"221","221Ha",21,193,15,1,37.295702,-83.163485,801,40,0,2014,6.3,"2016-03-28",0,0,0,69,5,33,2,1,1,32.6411,950,40,330,0,NA,23,0,2.55795634198852,0,2.64191854048376,183.42093269597,145.968207273954,150.45115,15290.934672,5892.73514087626,67.1788155089176,13.3374810215423,800,"Maple / beech / birch group","Sugar maple / beech / yellow birch",6.28062970568104,0,0,0,0,0,NA,NA,NA,NA,NA,NA,NA,NA,NA,NA,NA,NA,NA,NA,NA,NA,NA,NA,NA,NA,NA,8733.86895635356,21193,"Perry","KY",3
291609580489998,"MBB",5,-3.22241080231115,-0.934283597801675,-5.08066769831059,-7.03332041771609,-3.39317920959894,-3.42570652527281,1.65496117303778,3.60761389244328,-0.0325273156738648,166400766010854,"Maple / beech / birch group","Sugar maple / beech / yellow birch",89,43.9182,2.52963647156352,134.118656164372,144.433104,8733.86895635356,73.3755961144712,13.0482917144991,2009,196.919585291602,NA,NA,NA,NA,NA,74668438010478,NA,NA,NA,NA,NA,NA,NA,0,NA,NA,NA,"2009-12-16",0,0,0,NA,0,0,"221","221Ha",21,193,15,1,37.295702,-83.163485,801,40,0,2014,6.3,"2016-03-28",0,0,0,69,5,33,2,1,1,32.6411,950,40,330,0,NA,23,0,2.55795634198852,0,2.64191854048376,183.42093269597,145.968207273954,150.45115,15290.934672,5892.73514087626,67.1788155089176,13.3374810215423,800,"Maple / beech / birch group","Sugar maple / beech / yellow birch",6.28062970568104,0,0,0,0,0,NA,NA,NA,NA,NA,NA,NA,NA,NA,NA,NA,NA,NA,NA,NA,NA,NA,NA,NA,NA,NA,8733.86895635356,21193,"Perry","KY",3
291609580489998,"MBB",10,0.418412455244294,-2.60971770841455,0.659696971101837,-4.79461303948457,-7.97098454907773,-9.56896493085335,-10.2286619019552,-4.77435189136878,-1.59798038177562,166400766010854,"Maple / beech / birch group","Sugar maple / beech / yellow birch",89,43.9182,2.52963647156352,134.118656164372,144.433104,8733.86895635356,73.3755961144712,13.0482917144991,2009,196.919585291602,NA,NA,NA,NA,NA,74668438010478,NA,NA,NA,NA,NA,NA,NA,0,NA,NA,NA,"2009-12-16",0,0,0,NA,0,0,"221","221Ha",21,193,15,1,37.295702,-83.163485,801,40,0,2014,6.3,"2016-03-28",0,0,0,69,5,33,2,1,1,32.6411,950,40,330,0,NA,23,0,2.55795634198852,0,2.64191854048376,183.42093269597,145.968207273954,150.45115,15290.934672,5892.73514087626,67.1788155089176,13.3374810215423,800,"Maple / beech / birch group","Sugar maple / beech / yellow birch",6.28062970568104,0,0,0,0,0,NA,NA,NA,NA,NA,NA,NA,NA,NA,NA,NA,NA,NA,NA,NA,NA,NA,NA,NA,NA,NA,8733.86895635356,21193,"Perry","KY",3
291609580489998,"MBB",15,0.762103042459131,-1.04562887344409,1.20158246361056,-0.983781881887586,-1.85766003724072,-3.83397253596166,-5.03555499957223,-2.85019065407408,-1.97631249872094,166400766010854,"Maple / beech / birch group","Sugar maple / beech / yellow birch",89,43.9182,2.52963647156352,134.118656164372,144.433104,8733.86895635356,73.3755961144712,13.0482917144991,2009,196.919585291602,NA,NA,NA,NA,NA,74668438010478,NA,NA,NA,NA,NA,NA,NA,0,NA,NA,NA,"2009-12-16",0,0,0,NA,0,0,"221","221Ha",21,193,15,1,37.295702,-83.163485,801,40,0,2014,6.3,"2016-03-28",0,0,0,69,5,33,2,1,1,32.6411,950,40,330,0,NA,23,0,2.55795634198852,0,2.64191854048376,183.42093269597,145.968207273954,150.45115,15290.934672,5892.73514087626,67.1788155089176,13.3374810215423,800,"Maple / beech / birch group","Sugar maple / beech / yellow birch",6.28062970568104,0,0,0,0,0,NA,NA,NA,NA,NA,NA,NA,NA,NA,NA,NA,NA,NA,NA,NA,NA,NA,NA,NA,NA,NA,8733.86895635356,21193,"Perry","KY",3
291609580489998,"MBB",20,0.694392711602586,-0.270923859598152,1.09482584196008,0.52859497539994,-0.267642000571025,-0.993387485193223,-2.0882133271533,-1.52198246059316,-0.725745484622198,166400766010854,"Maple / beech / birch group","Sugar maple / beech / yellow birch",89,43.9182,2.52963647156352,134.118656164372,144.433104,8733.86895635356,73.3755961144712,13.0482917144991,2009,196.919585291602,NA,NA,NA,NA,NA,74668438010478,NA,NA,NA,NA,NA,NA,NA,0,NA,NA,NA,"2009-12-16",0,0,0,NA,0,0,"221","221Ha",21,193,15,1,37.295702,-83.163485,801,40,0,2014,6.3,"2016-03-28",0,0,0,69,5,33,2,1,1,32.6411,950,40,330,0,NA,23,0,2.55795634198852,0,2.64191854048376,183.42093269597,145.968207273954,150.45115,15290.934672,5892.73514087626,67.1788155089176,13.3374810215423,800,"Maple / beech / birch group","Sugar maple / beech / yellow birch",6.28062970568104,0,0,0,0,0,NA,NA,NA,NA,NA,NA,NA,NA,NA,NA,NA,NA,NA,NA,NA,NA,NA,NA,NA,NA,NA,8733.86895635356,21193,"Perry","KY",3
291609583489998,"MBB",0,0,0,0,0,0,0,0,0,0,166400152010854,"Maple / beech / birch group","Sugar maple / beech / yellow birch",65,20.0161,3.08228442437923,46.9534606082485,84.252644,3217.91095338805,63.621618334518,10.1084476694354,2009,69.4168191761218,NA,NA,NA,NA,NA,74770822010478,NA,NA,NA,NA,NA,NA,NA,0,NA,NA,NA,"2010-03-29",0,0,0,NA,0,0,"221","221Ha",21,25,1,3,37.379445,-83.458239,801,40,0,2014,6,"2016-03-10",0,0,0,65,5,41,2,1,1,17.8009,1330,55,305,0,NA,23,0,2.80149339808772,0,2.80149339808772,80.7112431474808,58.120305321843,96.288736,6364.460664,1231.15829804041,63.423585370695,10.5200701043292,800,"Maple / beech / birch group","Sugar maple / beech / yellow birch",5.94934976043806,0,0,0,0,0,NA,NA,NA,NA,NA,NA,NA,NA,NA,NA,NA,NA,NA,NA,NA,NA,NA,NA,NA,NA,NA,3217.91095338805,21025,"Breathitt","KY",9
291609583489998,"MBB",5,1.28910350250551,0.329206936367591,2.03248652228369,2.72052901929196,1.22021392441306,1.2070921000145,-0.825394422269193,-1.51343691927746,-0.0131218243985622,166400152010854,"Maple / beech / birch group","Sugar maple / beech / yellow birch",65,20.0161,3.08228442437923,46.9534606082485,84.252644,3217.91095338805,63.621618334518,10.1084476694354,2009,69.4168191761218,NA,NA,NA,NA,NA,74770822010478,NA,NA,NA,NA,NA,NA,NA,0,NA,NA,NA,"2010-03-29",0,0,0,NA,0,0,"221","221Ha",21,25,1,3,37.379445,-83.458239,801,40,0,2014,6,"2016-03-10",0,0,0,65,5,41,2,1,1,17.8009,1330,55,305,0,NA,23,0,2.80149339808772,0,2.80149339808772,80.7112431474808,58.120305321843,96.288736,6364.460664,1231.15829804041,63.423585370695,10.5200701043292,800,"Maple / beech / birch group","Sugar maple / beech / yellow birch",5.94934976043806,0,0,0,0,0,NA,NA,NA,NA,NA,NA,NA,NA,NA,NA,NA,NA,NA,NA,NA,NA,NA,NA,NA,NA,NA,3217.91095338805,21025,"Breathitt","KY",9
291609583489998,"MBB",10,1.2872760324837,-0.535994442488909,2.02960521121596,0.909376826414142,-1.44489871766845,-1.96531295579266,-3.99491816700863,-2.87468978220681,-0.520414238124218,166400152010854,"Maple / beech / birch group","Sugar maple / beech / yellow birch",65,20.0161,3.08228442437923,46.9534606082485,84.252644,3217.91095338805,63.621618334518,10.1084476694354,2009,69.4168191761218,NA,NA,NA,NA,NA,74770822010478,NA,NA,NA,NA,NA,NA,NA,0,NA,NA,NA,"2010-03-29",0,0,0,NA,0,0,"221","221Ha",21,25,1,3,37.379445,-83.458239,801,40,0,2014,6,"2016-03-10",0,0,0,65,5,41,2,1,1,17.8009,1330,55,305,0,NA,23,0,2.80149339808772,0,2.80149339808772,80.7112431474808,58.120305321843,96.288736,6364.460664,1231.15829804041,63.423585370695,10.5200701043292,800,"Maple / beech / birch group","Sugar maple / beech / yellow birch",5.94934976043806,0,0,0,0,0,NA,NA,NA,NA,NA,NA,NA,NA,NA,NA,NA,NA,NA,NA,NA,NA,NA,NA,NA,NA,NA,3217.91095338805,21025,"Breathitt","KY",9
291609583489998,"MBB",15,1.13886104976154,0.161281909063344,1.79560425512402,2.13268344506641,0.826789441339849,0.591366999898927,-1.2042372552251,-1.54131644516749,-0.235422441440923,166400152010854,"Maple / beech / birch group","Sugar maple / beech / yellow birch",65,20.0161,3.08228442437923,46.9534606082485,84.252644,3217.91095338805,63.621618334518,10.1084476694354,2009,69.4168191761218,NA,NA,NA,NA,NA,74770822010478,NA,NA,NA,NA,NA,NA,NA,0,NA,NA,NA,"2010-03-29",0,0,0,NA,0,0,"221","221Ha",21,25,1,3,37.379445,-83.458239,801,40,0,2014,6,"2016-03-10",0,0,0,65,5,41,2,1,1,17.8009,1330,55,305,0,NA,23,0,2.80149339808772,0,2.80149339808772,80.7112431474808,58.120305321843,96.288736,6364.460664,1231.15829804041,63.423585370695,10.5200701043292,800,"Maple / beech / birch group","Sugar maple / beech / yellow birch",5.94934976043806,0,0,0,0,0,NA,NA,NA,NA,NA,NA,NA,NA,NA,NA,NA,NA,NA,NA,NA,NA,NA,NA,NA,NA,NA,3217.91095338805,21025,"Breathitt","KY",9
291609583489998,"MBB",20,0.464987077066891,0.609239303835521,0.733129624842132,2.00643976985837,1.473254588155,2.23387744739691,1.50074782255478,0.22743767753854,0.760622859241908,166400152010854,"Maple / beech / birch group","Sugar maple / beech / yellow birch",65,20.0161,3.08228442437923,46.9534606082485,84.252644,3217.91095338805,63.621618334518,10.1084476694354,2009,69.4168191761218,NA,NA,NA,NA,NA,74770822010478,NA,NA,NA,NA,NA,NA,NA,0,NA,NA,NA,"2010-03-29",0,0,0,NA,0,0,"221","221Ha",21,25,1,3,37.379445,-83.458239,801,40,0,2014,6,"2016-03-10",0,0,0,65,5,41,2,1,1,17.8009,1330,55,305,0,NA,23,0,2.80149339808772,0,2.80149339808772,80.7112431474808,58.120305321843,96.288736,6364.460664,1231.15829804041,63.423585370695,10.5200701043292,800,"Maple / beech / birch group","Sugar maple / beech / yellow birch",5.94934976043806,0,0,0,0,0,NA,NA,NA,NA,NA,NA,NA,NA,NA,NA,NA,NA,NA,NA,NA,NA,NA,NA,NA,NA,NA,3217.91095338805,21025,"Breathitt","KY",9
291609600489998,"MBB",0,0,0,0,0,0,0,0,0,0,166400148010854,"Maple / beech / birch group","Sugar maple / beech / yellow birch",80,30.8597,1.85536124751225,85.2565716654188,138.415058,3992.98707363959,58.7069598284936,10.6270982582878,2009,97.1885579266221,NA,NA,NA,NA,NA,74680190010478,NA,NA,NA,NA,NA,NA,NA,0,NA,NA,NA,"2010-03-24",0,0,0,NA,0,0,"221","221Ha",21,25,20,3,37.545911,-83.442877,801,40,0,2014,6,"2016-03-10",0,0,0,85,5,32,2,1,1,28.2753,1020,53,346,0,NA,23,0,1.93624513498486,0,1.93468578637077,106.974038388859,85.8382670549805,150.45115,8534.761942,2866.92721479571,57.2590593541252,10.227868790711,800,"Maple / beech / birch group","Sugar maple / beech / yellow birch",5.96303901437372,0,0,0,0,0,NA,NA,NA,NA,NA,NA,NA,NA,NA,NA,NA,NA,NA,NA,NA,NA,NA,NA,NA,NA,NA,3992.98707363959,21025,"Breathitt","KY",9
291609600489998,"MBB",5,0.944290667910745,1.09168122397577,1.48883161973928,3.77044537784864,3.5134646767111,4.00283115457783,2.51399953483855,0.232385776729192,0.489366477866734,166400148010854,"Maple / beech / birch group","Sugar maple / beech / yellow birch",80,30.8597,1.85536124751225,85.2565716654188,138.415058,3992.98707363959,58.7069598284936,10.6270982582878,2009,97.1885579266221,NA,NA,NA,NA,NA,74680190010478,NA,NA,NA,NA,NA,NA,NA,0,NA,NA,NA,"2010-03-24",0,0,0,NA,0,0,"221","221Ha",21,25,20,3,37.545911,-83.442877,801,40,0,2014,6,"2016-03-10",0,0,0,85,5,32,2,1,1,28.2753,1020,53,346,0,NA,23,0,1.93624513498486,0,1.93468578637077,106.974038388859,85.8382670549805,150.45115,8534.761942,2866.92721479571,57.2590593541252,10.227868790711,800,"Maple / beech / birch group","Sugar maple / beech / yellow birch",5.96303901437372,0,0,0,0,0,NA,NA,NA,NA,NA,NA,NA,NA,NA,NA,NA,NA,NA,NA,NA,NA,NA,NA,NA,NA,NA,3992.98707363959,21025,"Breathitt","KY",9
291609600489998,"MBB",10,1.29782274288209,1.00073806380342,2.04623385794409,4.13777641129325,3.28992487537568,3.66937290061256,1.62313904266847,-0.468403510680689,0.379448025236876,166400148010854,"Maple / beech / birch group","Sugar maple / beech / yellow birch",80,30.8597,1.85536124751225,85.2565716654188,138.415058,3992.98707363959,58.7069598284936,10.6270982582878,2009,97.1885579266221,NA,NA,NA,NA,NA,74680190010478,NA,NA,NA,NA,NA,NA,NA,0,NA,NA,NA,"2010-03-24",0,0,0,NA,0,0,"221","221Ha",21,25,20,3,37.545911,-83.442877,801,40,0,2014,6,"2016-03-10",0,0,0,85,5,32,2,1,1,28.2753,1020,53,346,0,NA,23,0,1.93624513498486,0,1.93468578637077,106.974038388859,85.8382670549805,150.45115,8534.761942,2866.92721479571,57.2590593541252,10.227868790711,800,"Maple / beech / birch group","Sugar maple / beech / yellow birch",5.96303901437372,0,0,0,0,0,NA,NA,NA,NA,NA,NA,NA,NA,NA,NA,NA,NA,NA,NA,NA,NA,NA,NA,NA,NA,NA,3992.98707363959,21025,"Breathitt","KY",9
291609600489998,"MBB",15,1.17116165417825,0.982337774936914,1.84653154142104,3.89961749103919,2.5566854609148,3.60190517476869,1.75537363334764,-0.297712316270506,1.04521971385389,166400148010854,"Maple / beech / birch group","Sugar maple / beech / yellow birch",80,30.8597,1.85536124751225,85.2565716654188,138.415058,3992.98707363959,58.7069598284936,10.6270982582878,2009,97.1885579266221,NA,NA,NA,NA,NA,74680190010478,NA,NA,NA,NA,NA,NA,NA,0,NA,NA,NA,"2010-03-24",0,0,0,NA,0,0,"221","221Ha",21,25,20,3,37.545911,-83.442877,801,40,0,2014,6,"2016-03-10",0,0,0,85,5,32,2,1,1,28.2753,1020,53,346,0,NA,23,0,1.93624513498486,0,1.93468578637077,106.974038388859,85.8382670549805,150.45115,8534.761942,2866.92721479571,57.2590593541252,10.227868790711,800,"Maple / beech / birch group","Sugar maple / beech / yellow birch",5.96303901437372,0,0,0,0,0,NA,NA,NA,NA,NA,NA,NA,NA,NA,NA,NA,NA,NA,NA,NA,NA,NA,NA,NA,NA,NA,3992.98707363959,21025,"Breathitt","KY",9
291609600489998,"MBB",20,0.825999384598013,0.852169710013403,1.30232569638287,3.08336039031088,2.13621442930516,3.12462227004915,1.82229657366628,0.0412618797382649,0.988407840743987,166400148010854,"Maple / beech / birch group","Sugar maple / beech / yellow birch",80,30.8597,1.85536124751225,85.2565716654188,138.415058,3992.98707363959,58.7069598284936,10.6270982582878,2009,97.1885579266221,NA,NA,NA,NA,NA,74680190010478,NA,NA,NA,NA,NA,NA,NA,0,NA,NA,NA,"2010-03-24",0,0,0,NA,0,0,"221","221Ha",21,25,20,3,37.545911,-83.442877,801,40,0,2014,6,"2016-03-10",0,0,0,85,5,32,2,1,1,28.2753,1020,53,346,0,NA,23,0,1.93624513498486,0,1.93468578637077,106.974038388859,85.8382670549805,150.45115,8534.761942,2866.92721479571,57.2590593541252,10.227868790711,800,"Maple / beech / birch group","Sugar maple / beech / yellow birch",5.96303901437372,0,0,0,0,0,NA,NA,NA,NA,NA,NA,NA,NA,NA,NA,NA,NA,NA,NA,NA,NA,NA,NA,NA,NA,NA,3992.98707363959,21025,"Breathitt","KY",9
291609682489998,"MBB",0,0,0,0,0,0,0,0,0,0,NA,NA,NA,NA,NA,NA,NA,NA,NA,NA,NA,NA,NA,NA,NA,NA,NA,NA,NA,NA,NA,NA,NA,NA,NA,NA,NA,NA,NA,NA,NA,NA,NA,NA,NA,NA,NA,NA,NA,NA,NA,NA,NA,NA,NA,NA,NA,NA,NA,NA,NA,NA,NA,NA,NA,NA,NA,NA,NA,NA,NA,NA,NA,NA,NA,NA,NA,NA,NA,NA,NA,NA,NA,NA,NA,NA,NA,NA,NA,NA,NA,NA,NA,NA,NA,NA,NA,NA,NA,NA,NA,NA,NA,NA,NA,NA,NA,NA,NA,NA,NA,NA,NA,NA,NA,NA,NA,NA,NA,NA,NA,NA,NA
291609682489998,"MBB",5,-0.250219307732125,0.782397229339601,-0.394512441857651,1.24069776746212,2.36974837712883,2.86878984091187,3.26330228276952,1.62809207344975,0.499041463783039,NA,NA,NA,NA,NA,NA,NA,NA,NA,NA,NA,NA,NA,NA,NA,NA,NA,NA,NA,NA,NA,NA,NA,NA,NA,NA,NA,NA,NA,NA,NA,NA,NA,NA,NA,NA,NA,NA,NA,NA,NA,NA,NA,NA,NA,NA,NA,NA,NA,NA,NA,NA,NA,NA,NA,NA,NA,NA,NA,NA,NA,NA,NA,NA,NA,NA,NA,NA,NA,NA,NA,NA,NA,NA,NA,NA,NA,NA,NA,NA,NA,NA,NA,NA,NA,NA,NA,NA,NA,NA,NA,NA,NA,NA,NA,NA,NA,NA,NA,NA,NA,NA,NA,NA,NA,NA,NA,NA,NA,NA,NA,NA,NA
291609682489998,"MBB",10,0.713174557232378,-0.528367503244419,1.12443855190305,0.0201504701222125,-1.51326398083563,-1.9373475118962,-3.06178606379925,-1.95749798201842,-0.424083531060573,NA,NA,NA,NA,NA,NA,NA,NA,NA,NA,NA,NA,NA,NA,NA,NA,NA,NA,NA,NA,NA,NA,NA,NA,NA,NA,NA,NA,NA,NA,NA,NA,NA,NA,NA,NA,NA,NA,NA,NA,NA,NA,NA,NA,NA,NA,NA,NA,NA,NA,NA,NA,NA,NA,NA,NA,NA,NA,NA,NA,NA,NA,NA,NA,NA,NA,NA,NA,NA,NA,NA,NA,NA,NA,NA,NA,NA,NA,NA,NA,NA,NA,NA,NA,NA,NA,NA,NA,NA,NA,NA,NA,NA,NA,NA,NA,NA,NA,NA,NA,NA,NA,NA,NA,NA,NA,NA,NA,NA,NA,NA,NA,NA
291609682489998,"MBB",15,-0.276932043030749,-0.477974844496244,-0.436629521178481,-1.43559694617563,-1.11804820350037,-1.75257442981956,-1.31594490864108,-0.31697748364393,-0.634526226319188,NA,NA,NA,NA,NA,NA,NA,NA,NA,NA,NA,NA,NA,NA,NA,NA,NA,NA,NA,NA,NA,NA,NA,NA,NA,NA,NA,NA,NA,NA,NA,NA,NA,NA,NA,NA,NA,NA,NA,NA,NA,NA,NA,NA,NA,NA,NA,NA,NA,NA,NA,NA,NA,NA,NA,NA,NA,NA,NA,NA,NA,NA,NA,NA,NA,NA,NA,NA,NA,NA,NA,NA,NA,NA,NA,NA,NA,NA,NA,NA,NA,NA,NA,NA,NA,NA,NA,NA,NA,NA,NA,NA,NA,NA,NA,NA,NA,NA,NA,NA,NA,NA,NA,NA,NA,NA,NA,NA,NA,NA,NA,NA,NA
291609682489998,"MBB",20,-0.216273320660588,-0.358047623808856,-0.34099093557486,-1.08931046933537,-0.841317061644563,-1.31284128729914,-0.97185035172428,-0.22353081796377,-0.471524225654578,NA,NA,NA,NA,NA,NA,NA,NA,NA,NA,NA,NA,NA,NA,NA,NA,NA,NA,NA,NA,NA,NA,NA,NA,NA,NA,NA,NA,NA,NA,NA,NA,NA,NA,NA,NA,NA,NA,NA,NA,NA,NA,NA,NA,NA,NA,NA,NA,NA,NA,NA,NA,NA,NA,NA,NA,NA,NA,NA,NA,NA,NA,NA,NA,NA,NA,NA,NA,NA,NA,NA,NA,NA,NA,NA,NA,NA,NA,NA,NA,NA,NA,NA,NA,NA,NA,NA,NA,NA,NA,NA,NA,NA,NA,NA,NA,NA,NA,NA,NA,NA,NA,NA,NA,NA,NA,NA,NA,NA,NA,NA,NA,NA
291609727489998,"MBB",0,0,0,0,0,0,0,0,0,0,NA,NA,NA,NA,NA,NA,NA,NA,NA,NA,NA,NA,NA,NA,NA,NA,NA,NA,NA,NA,NA,NA,NA,NA,NA,NA,NA,NA,NA,NA,NA,NA,NA,NA,NA,NA,NA,NA,NA,NA,NA,NA,NA,NA,NA,NA,NA,NA,NA,NA,NA,NA,NA,NA,NA,NA,NA,NA,NA,NA,NA,NA,NA,NA,NA,NA,NA,NA,NA,NA,NA,NA,NA,NA,NA,NA,NA,NA,NA,NA,NA,NA,NA,NA,NA,NA,NA,NA,NA,NA,NA,NA,NA,NA,NA,NA,NA,NA,NA,NA,NA,NA,NA,NA,NA,NA,NA,NA,NA,NA,NA,NA,NA
291609727489998,"MBB",5,-3.83683840928603,1.36879743773604,-6.04941522530764,-3.18862858043931,3.60200196274125,5.01892393836549,11.0683391636731,8.2075525188048,1.41692197562424,NA,NA,NA,NA,NA,NA,NA,NA,NA,NA,NA,NA,NA,NA,NA,NA,NA,NA,NA,NA,NA,NA,NA,NA,NA,NA,NA,NA,NA,NA,NA,NA,NA,NA,NA,NA,NA,NA,NA,NA,NA,NA,NA,NA,NA,NA,NA,NA,NA,NA,NA,NA,NA,NA,NA,NA,NA,NA,NA,NA,NA,NA,NA,NA,NA,NA,NA,NA,NA,NA,NA,NA,NA,NA,NA,NA,NA,NA,NA,NA,NA,NA,NA,NA,NA,NA,NA,NA,NA,NA,NA,NA,NA,NA,NA,NA,NA,NA,NA,NA,NA,NA,NA,NA,NA,NA,NA,NA,NA,NA,NA,NA,NA
291609727489998,"MBB",10,0.828311275351015,0.796859400795952,1.3059707774701,2.97140692513364,2.5868567585077,2.92181780291849,1.61584702544839,-0.0495891222151497,0.334961044410796,NA,NA,NA,NA,NA,NA,NA,NA,NA,NA,NA,NA,NA,NA,NA,NA,NA,NA,NA,NA,NA,NA,NA,NA,NA,NA,NA,NA,NA,NA,NA,NA,NA,NA,NA,NA,NA,NA,NA,NA,NA,NA,NA,NA,NA,NA,NA,NA,NA,NA,NA,NA,NA,NA,NA,NA,NA,NA,NA,NA,NA,NA,NA,NA,NA,NA,NA,NA,NA,NA,NA,NA,NA,NA,NA,NA,NA,NA,NA,NA,NA,NA,NA,NA,NA,NA,NA,NA,NA,NA,NA,NA,NA,NA,NA,NA,NA,NA,NA,NA,NA,NA,NA,NA,NA,NA,NA,NA,NA,NA,NA,NA,NA
291609727489998,"MBB",15,0.795321722748005,0.336670236187922,1.25395724953269,1.95759804316545,1.0456291344144,1.23445753268905,-0.0194997168436408,-0.723140510476398,0.188828398274648,NA,NA,NA,NA,NA,NA,NA,NA,NA,NA,NA,NA,NA,NA,NA,NA,NA,NA,NA,NA,NA,NA,NA,NA,NA,NA,NA,NA,NA,NA,NA,NA,NA,NA,NA,NA,NA,NA,NA,NA,NA,NA,NA,NA,NA,NA,NA,NA,NA,NA,NA,NA,NA,NA,NA,NA,NA,NA,NA,NA,NA,NA,NA,NA,NA,NA,NA,NA,NA,NA,NA,NA,NA,NA,NA,NA,NA,NA,NA,NA,NA,NA,NA,NA,NA,NA,NA,NA,NA,NA,NA,NA,NA,NA,NA,NA,NA,NA,NA,NA,NA,NA,NA,NA,NA,NA,NA,NA,NA,NA,NA,NA,NA
291609727489998,"MBB",20,0.802955294055654,0.01608598844862,1.26599284696108,1.2996125628187,0.378890492301547,0.05898195764494,-1.20701088931614,-1.24063060517376,-0.319908534656607,NA,NA,NA,NA,NA,NA,NA,NA,NA,NA,NA,NA,NA,NA,NA,NA,NA,NA,NA,NA,NA,NA,NA,NA,NA,NA,NA,NA,NA,NA,NA,NA,NA,NA,NA,NA,NA,NA,NA,NA,NA,NA,NA,NA,NA,NA,NA,NA,NA,NA,NA,NA,NA,NA,NA,NA,NA,NA,NA,NA,NA,NA,NA,NA,NA,NA,NA,NA,NA,NA,NA,NA,NA,NA,NA,NA,NA,NA,NA,NA,NA,NA,NA,NA,NA,NA,NA,NA,NA,NA,NA,NA,NA,NA,NA,NA,NA,NA,NA,NA,NA,NA,NA,NA,NA,NA,NA,NA,NA,NA,NA,NA,NA
291609728489998,"MBB",0,0,0,0,0,0,0,0,0,0,166400413010854,"Maple / beech / birch group","Sugar maple / beech / yellow birch",55,36.341,2.17241379650192,103.569704659371,138.415058,5980.96089884546,64.2085236949607,11.712972741144,2009,87.0910320479036,NA,NA,NA,NA,NA,74636629010478,NA,NA,NA,NA,NA,NA,NA,0,NA,NA,NA,"2010-03-31",50,0,0,12,0.252606370119666,10,"M221","M221Cc",21,95,44,1,36.907912,-83.029892,801,40,0,2014,5.8,"2016-01-05",0,0,0,55,5,31,2,1,1,39.0841,3570,49,350,0,NA,23,0,1.73348291898902,0,1.74209181106482,129.404923535867,97.3775642122512,138.415058,9789.697507,7147.17979248804,61.4914315118606,11.3574338804074,800,"Maple / beech / birch group","Sugar maple / beech / yellow birch",5.7659137577002,0,0,1,0,1,0.252606370119666,NA,NA,NA,NA,NA,NA,NA,NA,NA,NA,NA,NA,NA,NA,NA,NA,NA,NA,NA,NA,5980.96089884546,21095,"Harlan","KY",3
291609728489998,"MBB",5,1.51092183928576,2.21332387727632,2.38222009994055,7.00806700344806,7.05878503629679,8.11552088334651,5.73330078340596,1.10745387989845,1.05673584704972,166400413010854,"Maple / beech / birch group","Sugar maple / beech / yellow birch",55,36.341,2.17241379650192,103.569704659371,138.415058,5980.96089884546,64.2085236949607,11.712972741144,2009,87.0910320479036,NA,NA,NA,NA,NA,74636629010478,NA,NA,NA,NA,NA,NA,NA,0,NA,NA,NA,"2010-03-31",50,0,0,12,0.252606370119666,10,"M221","M221Cc",21,95,44,1,36.907912,-83.029892,801,40,0,2014,5.8,"2016-01-05",0,0,0,55,5,31,2,1,1,39.0841,3570,49,350,0,NA,23,0,1.73348291898902,0,1.74209181106482,129.404923535867,97.3775642122512,138.415058,9789.697507,7147.17979248804,61.4914315118606,11.3574338804074,800,"Maple / beech / birch group","Sugar maple / beech / yellow birch",5.7659137577002,0,0,1,0,1,0.252606370119666,NA,NA,NA,NA,NA,NA,NA,NA,NA,NA,NA,NA,NA,NA,NA,NA,NA,NA,NA,NA,5980.96089884546,21095,"Harlan","KY",3
291609728489998,"MBB",10,2.07070974397588,2.07011706677913,3.26481902966864,7.59136369923703,6.70727412471586,7.59042924485681,4.32561021518817,-0.000934454380214333,0.883155120140949,166400413010854,"Maple / beech / birch group","Sugar maple / beech / yellow birch",55,36.341,2.17241379650192,103.569704659371,138.415058,5980.96089884546,64.2085236949607,11.712972741144,2009,87.0910320479036,NA,NA,NA,NA,NA,74636629010478,NA,NA,NA,NA,NA,NA,NA,0,NA,NA,NA,"2010-03-31",50,0,0,12,0.252606370119666,10,"M221","M221Cc",21,95,44,1,36.907912,-83.029892,801,40,0,2014,5.8,"2016-01-05",0,0,0,55,5,31,2,1,1,39.0841,3570,49,350,0,NA,23,0,1.73348291898902,0,1.74209181106482,129.404923535867,97.3775642122512,138.415058,9789.697507,7147.17979248804,61.4914315118606,11.3574338804074,800,"Maple / beech / birch group","Sugar maple / beech / yellow birch",5.7659137577002,0,0,1,0,1,0.252606370119666,NA,NA,NA,NA,NA,NA,NA,NA,NA,NA,NA,NA,NA,NA,NA,NA,NA,NA,NA,NA,5980.96089884546,21095,"Harlan","KY",3
291609728489998,"MBB",15,1.32432584090568,2.02505949773455,2.08802040916129,6.32039475942649,4.80183446185464,7.42521815836,5.33719774919871,1.10482339893351,2.62338369650536,166400413010854,"Maple / beech / birch group","Sugar maple / beech / yellow birch",55,36.341,2.17241379650192,103.569704659371,138.415058,5980.96089884546,64.2085236949607,11.712972741144,2009,87.0910320479036,NA,NA,NA,NA,NA,74636629010478,NA,NA,NA,NA,NA,NA,NA,0,NA,NA,NA,"2010-03-31",50,0,0,12,0.252606370119666,10,"M221","M221Cc",21,95,44,1,36.907912,-83.029892,801,40,0,2014,5.8,"2016-01-05",0,0,0,55,5,31,2,1,1,39.0841,3570,49,350,0,NA,23,0,1.73348291898902,0,1.74209181106482,129.404923535867,97.3775642122512,138.415058,9789.697507,7147.17979248804,61.4914315118606,11.3574338804074,800,"Maple / beech / birch group","Sugar maple / beech / yellow birch",5.7659137577002,0,0,1,0,1,0.252606370119666,NA,NA,NA,NA,NA,NA,NA,NA,NA,NA,NA,NA,NA,NA,NA,NA,NA,NA,NA,NA,5980.96089884546,21095,"Harlan","KY",3
291609728489998,"MBB",20,-0.344521251428498,0.881527497602465,-0.543195173085598,1.29919729690356,1.6942483318749,3.23226749120904,3.77546266429464,1.93307019430548,1.53801915933414,166400413010854,"Maple / beech / birch group","Sugar maple / beech / yellow birch",55,36.341,2.17241379650192,103.569704659371,138.415058,5980.96089884546,64.2085236949607,11.712972741144,2009,87.0910320479036,NA,NA,NA,NA,NA,74636629010478,NA,NA,NA,NA,NA,NA,NA,0,NA,NA,NA,"2010-03-31",50,0,0,12,0.252606370119666,10,"M221","M221Cc",21,95,44,1,36.907912,-83.029892,801,40,0,2014,5.8,"2016-01-05",0,0,0,55,5,31,2,1,1,39.0841,3570,49,350,0,NA,23,0,1.73348291898902,0,1.74209181106482,129.404923535867,97.3775642122512,138.415058,9789.697507,7147.17979248804,61.4914315118606,11.3574338804074,800,"Maple / beech / birch group","Sugar maple / beech / yellow birch",5.7659137577002,0,0,1,0,1,0.252606370119666,NA,NA,NA,NA,NA,NA,NA,NA,NA,NA,NA,NA,NA,NA,NA,NA,NA,NA,NA,NA,5980.96089884546,21095,"Harlan","KY",3
291609758489998,"MBB",0,0,0,0,0,0,0,0,0,0,166400383010854,"Maple / beech / birch group","Sugar maple / beech / yellow birch",49,58.9681,1.70570891190262,84.8720044654562,150.45115,5476.67758482868,61.1884801530792,10.1701394287394,2009,116.960844396988,NA,NA,NA,NA,NA,74783060010478,NA,NA,NA,NA,NA,NA,NA,0,NA,NA,NA,"2010-03-24",0,0,0,NA,0,0,"223","223Ea",21,87,40,5,37.213183,-85.564064,801,40,0,2014,5.6,"2015-10-22",0,0,0,54,5,41,2,1,1,61.3625,820,41,318,0,NA,22,0,1.67113868076902,0,1.70744177014018,125.923765692139,93.3770031990349,138.415058,9924.706612,7225.87028756277,63.8880857882265,11.1216885643206,800,"Maple / beech / birch group","Sugar maple / beech / yellow birch",5.57973990417522,0,0,0,0,0,NA,NA,NA,NA,NA,NA,NA,NA,NA,NA,NA,NA,NA,NA,NA,NA,NA,NA,NA,NA,NA,5476.67758482868,21087,"Green","KY",14
291609758489998,"MBB",5,0.571872639865447,0.97366511796713,0.901652528854521,2.93661262540582,3.09038818571723,3.57010543254614,2.66845290369162,0.63349280714032,0.479717246828911,166400383010854,"Maple / beech / birch group","Sugar maple / beech / yellow birch",49,58.9681,1.70570891190262,84.8720044654562,150.45115,5476.67758482868,61.1884801530792,10.1701394287394,2009,116.960844396988,NA,NA,NA,NA,NA,74783060010478,NA,NA,NA,NA,NA,NA,NA,0,NA,NA,NA,"2010-03-24",0,0,0,NA,0,0,"223","223Ea",21,87,40,5,37.213183,-85.564064,801,40,0,2014,5.6,"2015-10-22",0,0,0,54,5,41,2,1,1,61.3625,820,41,318,0,NA,22,0,1.67113868076902,0,1.70744177014018,125.923765692139,93.3770031990349,138.415058,9924.706612,7225.87028756277,63.8880857882265,11.1216885643206,800,"Maple / beech / birch group","Sugar maple / beech / yellow birch",5.57973990417522,0,0,0,0,0,NA,NA,NA,NA,NA,NA,NA,NA,NA,NA,NA,NA,NA,NA,NA,NA,NA,NA,NA,NA,NA,5476.67758482868,21087,"Green","KY",14
291609758489998,"MBB",10,0.997360396415951,0.756108593426234,1.57250489168248,3.15277185194331,2.48839213117935,2.77239817589619,1.19989328421371,-0.380373676047121,0.284006044716838,166400383010854,"Maple / beech / birch group","Sugar maple / beech / yellow birch",49,58.9681,1.70570891190262,84.8720044654562,150.45115,5476.67758482868,61.1884801530792,10.1701394287394,2009,116.960844396988,NA,NA,NA,NA,NA,74783060010478,NA,NA,NA,NA,NA,NA,NA,0,NA,NA,NA,"2010-03-24",0,0,0,NA,0,0,"223","223Ea",21,87,40,5,37.213183,-85.564064,801,40,0,2014,5.6,"2015-10-22",0,0,0,54,5,41,2,1,1,61.3625,820,41,318,0,NA,22,0,1.67113868076902,0,1.70744177014018,125.923765692139,93.3770031990349,138.415058,9924.706612,7225.87028756277,63.8880857882265,11.1216885643206,800,"Maple / beech / birch group","Sugar maple / beech / yellow birch",5.57973990417522,0,0,0,0,0,NA,NA,NA,NA,NA,NA,NA,NA,NA,NA,NA,NA,NA,NA,NA,NA,NA,NA,NA,NA,NA,5476.67758482868,21087,"Green","KY",14
291609758489998,"MBB",15,0.785011696684589,0.877428374095919,1.23770177510603,3.07152707696651,2.17138033143484,3.21723737168504,1.979535596579,0.145710294718531,1.04585704025019,166400383010854,"Maple / beech / birch group","Sugar maple / beech / yellow birch",49,58.9681,1.70570891190262,84.8720044654562,150.45115,5476.67758482868,61.1884801530792,10.1701394287394,2009,116.960844396988,NA,NA,NA,NA,NA,74783060010478,NA,NA,NA,NA,NA,NA,NA,0,NA,NA,NA,"2010-03-24",0,0,0,NA,0,0,"223","223Ea",21,87,40,5,37.213183,-85.564064,801,40,0,2014,5.6,"2015-10-22",0,0,0,54,5,41,2,1,1,61.3625,820,41,318,0,NA,22,0,1.67113868076902,0,1.70744177014018,125.923765692139,93.3770031990349,138.415058,9924.706612,7225.87028756277,63.8880857882265,11.1216885643206,800,"Maple / beech / birch group","Sugar maple / beech / yellow birch",5.57973990417522,0,0,0,0,0,NA,NA,NA,NA,NA,NA,NA,NA,NA,NA,NA,NA,NA,NA,NA,NA,NA,NA,NA,NA,NA,5476.67758482868,21087,"Green","KY",14
291609758489998,"MBB",20,0.118034858330721,0.423741398729318,0.18610162663477,1.07172114997904,0.936374512426485,1.5537184620075,1.36761683537273,0.481997312028455,0.617343949581015,166400383010854,"Maple / beech / birch group","Sugar maple / beech / yellow birch",49,58.9681,1.70570891190262,84.8720044654562,150.45115,5476.67758482868,61.1884801530792,10.1701394287394,2009,116.960844396988,NA,NA,NA,NA,NA,74783060010478,NA,NA,NA,NA,NA,NA,NA,0,NA,NA,NA,"2010-03-24",0,0,0,NA,0,0,"223","223Ea",21,87,40,5,37.213183,-85.564064,801,40,0,2014,5.6,"2015-10-22",0,0,0,54,5,41,2,1,1,61.3625,820,41,318,0,NA,22,0,1.67113868076902,0,1.70744177014018,125.923765692139,93.3770031990349,138.415058,9924.706612,7225.87028756277,63.8880857882265,11.1216885643206,800,"Maple / beech / birch group","Sugar maple / beech / yellow birch",5.57973990417522,0,0,0,0,0,NA,NA,NA,NA,NA,NA,NA,NA,NA,NA,NA,NA,NA,NA,NA,NA,NA,NA,NA,NA,NA,5476.67758482868,21087,"Green","KY",14
291609878489998,"MBB",0,0,0,0,0,0,0,0,0,0,166400295010854,"Maple / beech / birch group","Sugar maple / beech / yellow birch",59,37.7865,1.41293603221924,106.826033644904,150.45115,3214.73333482936,73.9532756872037,11.4099365467123,2009,69.8571077967186,NA,NA,NA,NA,NA,74723597010478,NA,NA,NA,NA,NA,NA,NA,0,NA,NA,NA,"2010-04-22",51,0,0,12,0.570573716705939,10,"223","223Dj",21,61,20,6,37.24348,-86.367688,801,40,0,2014,6.1,"2016-05-31",0,0,0,65,5,31,2,1,1,48.6562,540,25,48,0,NA,22,0,1.51991586959788,0,1.51991586959788,96.1698021658265,69.7860508632743,126.378966,7236.048419,5514.97407049865,53.6111486858274,10.0621166002085,800,"Maple / beech / birch group","Sugar maple / beech / yellow birch",6.10814510609172,0,0,1,0,1,0.570573716705939,NA,NA,NA,NA,NA,NA,NA,NA,NA,NA,NA,NA,NA,NA,NA,NA,NA,NA,NA,NA,3214.73333482936,21061,"Edmonson","KY",10
291609878489998,"MBB",5,2.0034881531648,2.02252574161663,3.1588329881565,7.38591178813525,6.54993738868558,7.41592771926097,4.25709473110446,0.0300159311257113,0.865990330575387,166400295010854,"Maple / beech / birch group","Sugar maple / beech / yellow birch",59,37.7865,1.41293603221924,106.826033644904,150.45115,3214.73333482936,73.9532756872037,11.4099365467123,2009,69.8571077967186,NA,NA,NA,NA,NA,74723597010478,NA,NA,NA,NA,NA,NA,NA,0,NA,NA,NA,"2010-04-22",51,0,0,12,0.570573716705939,10,"223","223Dj",21,61,20,6,37.24348,-86.367688,801,40,0,2014,6.1,"2016-05-31",0,0,0,65,5,31,2,1,1,48.6562,540,25,48,0,NA,22,0,1.51991586959788,0,1.51991586959788,96.1698021658265,69.7860508632743,126.378966,7236.048419,5514.97407049865,53.6111486858274,10.0621166002085,800,"Maple / beech / birch group","Sugar maple / beech / yellow birch",6.10814510609172,0,0,1,0,1,0.570573716705939,NA,NA,NA,NA,NA,NA,NA,NA,NA,NA,NA,NA,NA,NA,NA,NA,NA,NA,NA,NA,3214.73333482936,21061,"Edmonson","KY",10
291609878489998,"MBB",10,1.77202366633846,1.8480464235717,2.7938906472603,6.65630767252515,5.97550677121499,6.7761702197629,3.98227957250261,0.119862547237751,0.800663448547913,166400295010854,"Maple / beech / birch group","Sugar maple / beech / yellow birch",59,37.7865,1.41293603221924,106.826033644904,150.45115,3214.73333482936,73.9532756872037,11.4099365467123,2009,69.8571077967186,NA,NA,NA,NA,NA,74723597010478,NA,NA,NA,NA,NA,NA,NA,0,NA,NA,NA,"2010-04-22",51,0,0,12,0.570573716705939,10,"223","223Dj",21,61,20,6,37.24348,-86.367688,801,40,0,2014,6.1,"2016-05-31",0,0,0,65,5,31,2,1,1,48.6562,540,25,48,0,NA,22,0,1.51991586959788,0,1.51991586959788,96.1698021658265,69.7860508632743,126.378966,7236.048419,5514.97407049865,53.6111486858274,10.0621166002085,800,"Maple / beech / birch group","Sugar maple / beech / yellow birch",6.10814510609172,0,0,1,0,1,0.570573716705939,NA,NA,NA,NA,NA,NA,NA,NA,NA,NA,NA,NA,NA,NA,NA,NA,NA,NA,NA,NA,3214.73333482936,21061,"Edmonson","KY",10
291609878489998,"MBB",15,1.45055747547913,1.52409620972084,2.2870456196721,5.47240669798865,3.80910079277258,5.58835276897641,3.30130714930431,0.11594607098776,1.77925197620383,166400295010854,"Maple / beech / birch group","Sugar maple / beech / yellow birch",59,37.7865,1.41293603221924,106.826033644904,150.45115,3214.73333482936,73.9532756872037,11.4099365467123,2009,69.8571077967186,NA,NA,NA,NA,NA,74723597010478,NA,NA,NA,NA,NA,NA,NA,0,NA,NA,NA,"2010-04-22",51,0,0,12,0.570573716705939,10,"223","223Dj",21,61,20,6,37.24348,-86.367688,801,40,0,2014,6.1,"2016-05-31",0,0,0,65,5,31,2,1,1,48.6562,540,25,48,0,NA,22,0,1.51991586959788,0,1.51991586959788,96.1698021658265,69.7860508632743,126.378966,7236.048419,5514.97407049865,53.6111486858274,10.0621166002085,800,"Maple / beech / birch group","Sugar maple / beech / yellow birch",6.10814510609172,0,0,1,0,1,0.570573716705939,NA,NA,NA,NA,NA,NA,NA,NA,NA,NA,NA,NA,NA,NA,NA,NA,NA,NA,NA,NA,3214.73333482936,21061,"Edmonson","KY",10
291609878489998,"MBB",20,0.261661495187815,0.810121856218815,0.412552957412788,2.10570763691011,1.80566912242808,2.97044680613566,2.55789384872287,0.864739169225544,1.16477768370757,166400295010854,"Maple / beech / birch group","Sugar maple / beech / yellow birch",59,37.7865,1.41293603221924,106.826033644904,150.45115,3214.73333482936,73.9532756872037,11.4099365467123,2009,69.8571077967186,NA,NA,NA,NA,NA,74723597010478,NA,NA,NA,NA,NA,NA,NA,0,NA,NA,NA,"2010-04-22",51,0,0,12,0.570573716705939,10,"223","223Dj",21,61,20,6,37.24348,-86.367688,801,40,0,2014,6.1,"2016-05-31",0,0,0,65,5,31,2,1,1,48.6562,540,25,48,0,NA,22,0,1.51991586959788,0,1.51991586959788,96.1698021658265,69.7860508632743,126.378966,7236.048419,5514.97407049865,53.6111486858274,10.0621166002085,800,"Maple / beech / birch group","Sugar maple / beech / yellow birch",6.10814510609172,0,0,1,0,1,0.570573716705939,NA,NA,NA,NA,NA,NA,NA,NA,NA,NA,NA,NA,NA,NA,NA,NA,NA,NA,NA,NA,3214.73333482936,21061,"Edmonson","KY",10
291609880489998,"MBB",0,0,0,0,0,0,0,0,0,0,166400375010854,"Maple / beech / birch group","Sugar maple / beech / yellow birch",65,56.0422,2.85875768290084,106.715189040582,102.306782,7307.83066987746,78.8264228096486,13.8294000550405,2009,129.909121228375,NA,NA,NA,NA,NA,74688406010478,NA,NA,NA,NA,NA,NA,NA,0,NA,NA,NA,"2010-03-29",0,0,0,NA,0,0,"223","223Dc",21,85,5,5,37.344651,-86.452145,801,40,0,2014,5.3,"2015-07-06",0,0,0,70,6,39,2,1,1,42.4953,590,30,275,0,NA,22,0,2.71819839285315,0,2.75277692707802,129.295140333265,81.4345876083875,96.288736,9824.532894,5411.49137434634,75.2252622764537,12.4525742820511,800,"Maple / beech / birch group","Sugar maple / beech / yellow birch",5.27036276522929,0,0,0,0,0,NA,NA,NA,NA,NA,NA,NA,NA,NA,NA,NA,NA,NA,NA,NA,NA,NA,NA,NA,NA,NA,7307.83066987746,21085,"Grayson","KY",14
291609880489998,"MBB",5,-0.0127219254239648,-0.15720030502724,-0.0200582357517845,-0.348606873258716,-0.486212447551734,-0.576401118433213,-0.556342882681429,-0.227794245174497,-0.0901886708814797,166400375010854,"Maple / beech / birch group","Sugar maple / beech / yellow birch",65,56.0422,2.85875768290084,106.715189040582,102.306782,7307.83066987746,78.8264228096486,13.8294000550405,2009,129.909121228375,NA,NA,NA,NA,NA,74688406010478,NA,NA,NA,NA,NA,NA,NA,0,NA,NA,NA,"2010-03-29",0,0,0,NA,0,0,"223","223Dc",21,85,5,5,37.344651,-86.452145,801,40,0,2014,5.3,"2015-07-06",0,0,0,70,6,39,2,1,1,42.4953,590,30,275,0,NA,22,0,2.71819839285315,0,2.75277692707802,129.295140333265,81.4345876083875,96.288736,9824.532894,5411.49137434634,75.2252622764537,12.4525742820511,800,"Maple / beech / birch group","Sugar maple / beech / yellow birch",5.27036276522929,0,0,0,0,0,NA,NA,NA,NA,NA,NA,NA,NA,NA,NA,NA,NA,NA,NA,NA,NA,NA,NA,NA,NA,NA,7307.83066987746,21085,"Grayson","KY",14
291609880489998,"MBB",10,1.31847390519477,-1.37149297048259,2.07879385719042,-0.787626451118188,-4.01324252425521,-5.02880755843615,-7.10760141562658,-4.24118110731797,-1.01556503418095,166400375010854,"Maple / beech / birch group","Sugar maple / beech / yellow birch",65,56.0422,2.85875768290084,106.715189040582,102.306782,7307.83066987746,78.8264228096486,13.8294000550405,2009,129.909121228375,NA,NA,NA,NA,NA,74688406010478,NA,NA,NA,NA,NA,NA,NA,0,NA,NA,NA,"2010-03-29",0,0,0,NA,0,0,"223","223Dc",21,85,5,5,37.344651,-86.452145,801,40,0,2014,5.3,"2015-07-06",0,0,0,70,6,39,2,1,1,42.4953,590,30,275,0,NA,22,0,2.71819839285315,0,2.75277692707802,129.295140333265,81.4345876083875,96.288736,9824.532894,5411.49137434634,75.2252622764537,12.4525742820511,800,"Maple / beech / birch group","Sugar maple / beech / yellow birch",5.27036276522929,0,0,0,0,0,NA,NA,NA,NA,NA,NA,NA,NA,NA,NA,NA,NA,NA,NA,NA,NA,NA,NA,NA,NA,NA,7307.83066987746,21085,"Grayson","KY",14
291609880489998,"MBB",15,1.27877893791102,-0.396260443892244,2.01620812543971,1.18802379770492,-0.27830938443305,-1.45295496093823,-3.46916308637794,-2.64097875864315,-1.17464557650518,166400375010854,"Maple / beech / birch group","Sugar maple / beech / yellow birch",65,56.0422,2.85875768290084,106.715189040582,102.306782,7307.83066987746,78.8264228096486,13.8294000550405,2009,129.909121228375,NA,NA,NA,NA,NA,74688406010478,NA,NA,NA,NA,NA,NA,NA,0,NA,NA,NA,"2010-03-29",0,0,0,NA,0,0,"223","223Dc",21,85,5,5,37.344651,-86.452145,801,40,0,2014,5.3,"2015-07-06",0,0,0,70,6,39,2,1,1,42.4953,590,30,275,0,NA,22,0,2.71819839285315,0,2.75277692707802,129.295140333265,81.4345876083875,96.288736,9824.532894,5411.49137434634,75.2252622764537,12.4525742820511,800,"Maple / beech / birch group","Sugar maple / beech / yellow birch",5.27036276522929,0,0,0,0,0,NA,NA,NA,NA,NA,NA,NA,NA,NA,NA,NA,NA,NA,NA,NA,NA,NA,NA,NA,NA,NA,7307.83066987746,21085,"Grayson","KY",14
291609880489998,"MBB",20,0.731166318002695,0.92942631921127,1.15280556138425,3.0953065685358,2.25690252389271,3.40789650377465,2.2550909423904,0.312589935238852,1.15099397988194,166400375010854,"Maple / beech / birch group","Sugar maple / beech / yellow birch",65,56.0422,2.85875768290084,106.715189040582,102.306782,7307.83066987746,78.8264228096486,13.8294000550405,2009,129.909121228375,NA,NA,NA,NA,NA,74688406010478,NA,NA,NA,NA,NA,NA,NA,0,NA,NA,NA,"2010-03-29",0,0,0,NA,0,0,"223","223Dc",21,85,5,5,37.344651,-86.452145,801,40,0,2014,5.3,"2015-07-06",0,0,0,70,6,39,2,1,1,42.4953,590,30,275,0,NA,22,0,2.71819839285315,0,2.75277692707802,129.295140333265,81.4345876083875,96.288736,9824.532894,5411.49137434634,75.2252622764537,12.4525742820511,800,"Maple / beech / birch group","Sugar maple / beech / yellow birch",5.27036276522929,0,0,0,0,0,NA,NA,NA,NA,NA,NA,NA,NA,NA,NA,NA,NA,NA,NA,NA,NA,NA,NA,NA,NA,NA,7307.83066987746,21085,"Grayson","KY",14
291609881489998,"MBB",0,0,0,0,0,0,0,0,0,0,166400174010854,"Maple / beech / birch group","Sugar maple / beech / yellow birch",55,56.214,2.31425502701745,86.9525062558351,174.523334,3539.89314455593,40.2195796864085,9.55777351074813,2009,79.4724736773027,NA,NA,NA,NA,NA,74681744010478,NA,NA,NA,NA,NA,NA,NA,0,NA,NA,NA,"2009-12-16",0,0,0,NA,0,0,"223","223Dc",21,31,23,6,37.378811,-86.562027,801,40,0,2014,6.4,"2016-05-23",0,0,0,61,6,33,2,1,1,58.5498,680,51,341,0,NA,22,0,2.25655407081359,0,2.31806618980455,108.685475464732,107.082078083579,192.577472,8033.667573,4936.29549128848,53.8120825628441,10.0971332565239,800,"Maple / beech / birch group","Sugar maple / beech / yellow birch",6.43394934976044,0,0,0,0,0,NA,NA,NA,NA,NA,NA,NA,NA,NA,NA,NA,NA,NA,NA,NA,NA,NA,NA,NA,NA,NA,3539.89314455593,21031,"Butler","KY",10
291609881489998,"MBB",5,0.362691225860224,0.104348107288258,0.571843166106286,0.789930710338745,0.37942276658547,0.382609726723612,-0.189233439382674,-0.407320983615133,0.00318696013814207,166400174010854,"Maple / beech / birch group","Sugar maple / beech / yellow birch",55,56.214,2.31425502701745,86.9525062558351,174.523334,3539.89314455593,40.2195796864085,9.55777351074813,2009,79.4724736773027,NA,NA,NA,NA,NA,74681744010478,NA,NA,NA,NA,NA,NA,NA,0,NA,NA,NA,"2009-12-16",0,0,0,NA,0,0,"223","223Dc",21,31,23,6,37.378811,-86.562027,801,40,0,2014,6.4,"2016-05-23",0,0,0,61,6,33,2,1,1,58.5498,680,51,341,0,NA,22,0,2.25655407081359,0,2.31806618980455,108.685475464732,107.082078083579,192.577472,8033.667573,4936.29549128848,53.8120825628441,10.0971332565239,800,"Maple / beech / birch group","Sugar maple / beech / yellow birch",6.43394934976044,0,0,0,0,0,NA,NA,NA,NA,NA,NA,NA,NA,NA,NA,NA,NA,NA,NA,NA,NA,NA,NA,NA,NA,NA,3539.89314455593,21031,"Butler","KY",10
291609881489998,"MBB",10,1.19606709152666,-0.923633749631888,1.88579911430704,-0.0445954224236072,-2.65342121422195,-3.38665708198359,-5.27245619629063,-3.34206165955998,-0.73323586776164,166400174010854,"Maple / beech / birch group","Sugar maple / beech / yellow birch",55,56.214,2.31425502701745,86.9525062558351,174.523334,3539.89314455593,40.2195796864085,9.55777351074813,2009,79.4724736773027,NA,NA,NA,NA,NA,74681744010478,NA,NA,NA,NA,NA,NA,NA,0,NA,NA,NA,"2009-12-16",0,0,0,NA,0,0,"223","223Dc",21,31,23,6,37.378811,-86.562027,801,40,0,2014,6.4,"2016-05-23",0,0,0,61,6,33,2,1,1,58.5498,680,51,341,0,NA,22,0,2.25655407081359,0,2.31806618980455,108.685475464732,107.082078083579,192.577472,8033.667573,4936.29549128848,53.8120825628441,10.0971332565239,800,"Maple / beech / birch group","Sugar maple / beech / yellow birch",6.43394934976044,0,0,0,0,0,NA,NA,NA,NA,NA,NA,NA,NA,NA,NA,NA,NA,NA,NA,NA,NA,NA,NA,NA,NA,NA,3539.89314455593,21031,"Butler","KY",10
291609881489998,"MBB",15,1.47392948725462,0.149034025640493,2.32389549157145,2.63537660516008,0.945270793108115,0.54645809401514,-1.77743739755631,-2.08891851114494,-0.398812699092975,166400174010854,"Maple / beech / birch group","Sugar maple / beech / yellow birch",55,56.214,2.31425502701745,86.9525062558351,174.523334,3539.89314455593,40.2195796864085,9.55777351074813,2009,79.4724736773027,NA,NA,NA,NA,NA,74681744010478,NA,NA,NA,NA,NA,NA,NA,0,NA,NA,NA,"2009-12-16",0,0,0,NA,0,0,"223","223Dc",21,31,23,6,37.378811,-86.562027,801,40,0,2014,6.4,"2016-05-23",0,0,0,61,6,33,2,1,1,58.5498,680,51,341,0,NA,22,0,2.25655407081359,0,2.31806618980455,108.685475464732,107.082078083579,192.577472,8033.667573,4936.29549128848,53.8120825628441,10.0971332565239,800,"Maple / beech / birch group","Sugar maple / beech / yellow birch",6.43394934976044,0,0,0,0,0,NA,NA,NA,NA,NA,NA,NA,NA,NA,NA,NA,NA,NA,NA,NA,NA,NA,NA,NA,NA,NA,3539.89314455593,21031,"Butler","KY",10
291609881489998,"MBB",20,1.00096748792258,0.591746177474844,1.57819207262461,2.81494158354703,1.66716553072913,2.16973598407443,0.591543911449822,-0.645205599472602,0.502570453345293,166400174010854,"Maple / beech / birch group","Sugar maple / beech / yellow birch",55,56.214,2.31425502701745,86.9525062558351,174.523334,3539.89314455593,40.2195796864085,9.55777351074813,2009,79.4724736773027,NA,NA,NA,NA,NA,74681744010478,NA,NA,NA,NA,NA,NA,NA,0,NA,NA,NA,"2009-12-16",0,0,0,NA,0,0,"223","223Dc",21,31,23,6,37.378811,-86.562027,801,40,0,2014,6.4,"2016-05-23",0,0,0,61,6,33,2,1,1,58.5498,680,51,341,0,NA,22,0,2.25655407081359,0,2.31806618980455,108.685475464732,107.082078083579,192.577472,8033.667573,4936.29549128848,53.8120825628441,10.0971332565239,800,"Maple / beech / birch group","Sugar maple / beech / yellow birch",6.43394934976044,0,0,0,0,0,NA,NA,NA,NA,NA,NA,NA,NA,NA,NA,NA,NA,NA,NA,NA,NA,NA,NA,NA,NA,NA,3539.89314455593,21031,"Butler","KY",10
335231305489998,"MBB",0,0,0,0,0,0,0,0,0,0,NA,NA,NA,NA,NA,NA,NA,NA,NA,NA,NA,NA,NA,NA,NA,NA,NA,NA,NA,NA,NA,NA,NA,NA,NA,NA,NA,NA,NA,NA,NA,NA,NA,NA,NA,NA,NA,NA,NA,NA,NA,NA,NA,NA,NA,NA,NA,NA,NA,NA,NA,NA,NA,NA,NA,NA,NA,NA,NA,NA,NA,NA,NA,NA,NA,NA,NA,NA,NA,NA,NA,NA,NA,NA,NA,NA,NA,NA,NA,NA,NA,NA,NA,NA,NA,NA,NA,NA,NA,NA,NA,NA,NA,NA,NA,NA,NA,NA,NA,NA,NA,NA,NA,NA,NA,NA,NA,NA,NA,NA,NA,NA,NA
335231305489998,"MBB",5,-3.15276136433698,0.312803612992293,-4.97085375110463,-4.31709419995074,0.458993309722347,1.14694658097174,6.11780033207638,5.46404078092248,0.687953271249395,NA,NA,NA,NA,NA,NA,NA,NA,NA,NA,NA,NA,NA,NA,NA,NA,NA,NA,NA,NA,NA,NA,NA,NA,NA,NA,NA,NA,NA,NA,NA,NA,NA,NA,NA,NA,NA,NA,NA,NA,NA,NA,NA,NA,NA,NA,NA,NA,NA,NA,NA,NA,NA,NA,NA,NA,NA,NA,NA,NA,NA,NA,NA,NA,NA,NA,NA,NA,NA,NA,NA,NA,NA,NA,NA,NA,NA,NA,NA,NA,NA,NA,NA,NA,NA,NA,NA,NA,NA,NA,NA,NA,NA,NA,NA,NA,NA,NA,NA,NA,NA,NA,NA,NA,NA,NA,NA,NA,NA,NA,NA,NA,NA
335231305489998,"MBB",10,0.576967963423138,-0.49002304921389,0.909686155663814,-0.114462017193216,-1.41695611743108,-1.79675118045093,-2.70643733611475,-1.68228916325771,-0.379795063019851,NA,NA,NA,NA,NA,NA,NA,NA,NA,NA,NA,NA,NA,NA,NA,NA,NA,NA,NA,NA,NA,NA,NA,NA,NA,NA,NA,NA,NA,NA,NA,NA,NA,NA,NA,NA,NA,NA,NA,NA,NA,NA,NA,NA,NA,NA,NA,NA,NA,NA,NA,NA,NA,NA,NA,NA,NA,NA,NA,NA,NA,NA,NA,NA,NA,NA,NA,NA,NA,NA,NA,NA,NA,NA,NA,NA,NA,NA,NA,NA,NA,NA,NA,NA,NA,NA,NA,NA,NA,NA,NA,NA,NA,NA,NA,NA,NA,NA,NA,NA,NA,NA,NA,NA,NA,NA,NA,NA,NA,NA,NA,NA,NA
335231305489998,"MBB",15,0.1025217700185,0.39678747714723,0.161642657395834,0.990928484633544,0.873370188345665,1.45488741620651,1.29324475881067,0.463958931572964,0.581517227860844,NA,NA,NA,NA,NA,NA,NA,NA,NA,NA,NA,NA,NA,NA,NA,NA,NA,NA,NA,NA,NA,NA,NA,NA,NA,NA,NA,NA,NA,NA,NA,NA,NA,NA,NA,NA,NA,NA,NA,NA,NA,NA,NA,NA,NA,NA,NA,NA,NA,NA,NA,NA,NA,NA,NA,NA,NA,NA,NA,NA,NA,NA,NA,NA,NA,NA,NA,NA,NA,NA,NA,NA,NA,NA,NA,NA,NA,NA,NA,NA,NA,NA,NA,NA,NA,NA,NA,NA,NA,NA,NA,NA,NA,NA,NA,NA,NA,NA,NA,NA,NA,NA,NA,NA,NA,NA,NA,NA,NA,NA,NA,NA,NA
335231305489998,"MBB",20,0.472746757308289,0.780204764942763,0.745364054022736,2.37599201275311,1.83390906437294,2.86075080479013,2.1153867507674,0.484758792037022,1.02684174041719,NA,NA,NA,NA,NA,NA,NA,NA,NA,NA,NA,NA,NA,NA,NA,NA,NA,NA,NA,NA,NA,NA,NA,NA,NA,NA,NA,NA,NA,NA,NA,NA,NA,NA,NA,NA,NA,NA,NA,NA,NA,NA,NA,NA,NA,NA,NA,NA,NA,NA,NA,NA,NA,NA,NA,NA,NA,NA,NA,NA,NA,NA,NA,NA,NA,NA,NA,NA,NA,NA,NA,NA,NA,NA,NA,NA,NA,NA,NA,NA,NA,NA,NA,NA,NA,NA,NA,NA,NA,NA,NA,NA,NA,NA,NA,NA,NA,NA,NA,NA,NA,NA,NA,NA,NA,NA,NA,NA,NA,NA,NA,NA,NA
335231747489998,"MBB",0,0,0,0,0,0,0,0,0,0,220499418010854,"Maple / beech / birch group","Sugar maple / beech / yellow birch",56,75.8558,2.31697469507112,141.938270192256,222.667702,10250.9333901801,71.7780100498794,10.8109429045984,2010,178.200812224695,43626187010478,NA,NA,NA,NA,79215528010478,2006,"2006-08-28",0,0,0,NA,167.995497179562,0,10.3399582611394,0,133.3496267962,"2011-02-02",0,0,0,NA,0,0,"M221","M221Cb",51,27,6,5,37.221667,-81.763102,801,40,0,2015,5.5,"2016-08-04",0,0,0,61,4,30,2,1,1,77.4058,2650,77,360,0,NA,23,0,2.30304920322616,0,2.28677165973367,201.232150310642,153.555687998233,216.649656,17160.623235,11820.1699197434,78.3702179417127,11.3997777756118,800,"Maple / beech / birch group","Sugar maple / beech / yellow birch",5.50308008213552,0,0,0,0,0,0,0.588834871013427,141.938270192256,10.8109429045984,"Maple / beech / birch group","Sugar maple / beech / yellow birch",51,66.4551,2.28052202491724,228.685748,7996.72997220924,70.6820326890768,NA,NA,NA,NA,NA,NA,NA,NA,NA,7996.72997220924,51027,"Buchanan","VA",11
335231747489998,"MBB",5,-3.5392596342022,0.316666326385355,-5.58023268992547,-4.91840006778008,0.409050743794541,1.16110986341297,6.74134255333844,6.07950993119305,0.752059119618427,220499418010854,"Maple / beech / birch group","Sugar maple / beech / yellow birch",56,75.8558,2.31697469507112,141.938270192256,222.667702,10250.9333901801,71.7780100498794,10.8109429045984,2010,178.200812224695,43626187010478,NA,NA,NA,NA,79215528010478,2006,"2006-08-28",0,0,0,NA,167.995497179562,0,10.3399582611394,0,133.3496267962,"2011-02-02",0,0,0,NA,0,0,"M221","M221Cb",51,27,6,5,37.221667,-81.763102,801,40,0,2015,5.5,"2016-08-04",0,0,0,61,4,30,2,1,1,77.4058,2650,77,360,0,NA,23,0,2.30304920322616,0,2.28677165973367,201.232150310642,153.555687998233,216.649656,17160.623235,11820.1699197434,78.3702179417127,11.3997777756118,800,"Maple / beech / birch group","Sugar maple / beech / yellow birch",5.50308008213552,0,0,0,0,0,0,0.588834871013427,141.938270192256,10.8109429045984,"Maple / beech / birch group","Sugar maple / beech / yellow birch",51,66.4551,2.28052202491724,228.685748,7996.72997220924,70.6820326890768,NA,NA,NA,NA,NA,NA,NA,NA,NA,7996.72997220924,51027,"Buchanan","VA",11
335231747489998,"MBB",10,-0.309663179895316,-0.502754037441731,-0.488235613634948,-1.53899155188817,-1.59802854410378,-1.84343147061968,-1.35519585698473,-0.304439918731514,-0.245402926515898,220499418010854,"Maple / beech / birch group","Sugar maple / beech / yellow birch",56,75.8558,2.31697469507112,141.938270192256,222.667702,10250.9333901801,71.7780100498794,10.8109429045984,2010,178.200812224695,43626187010478,NA,NA,NA,NA,79215528010478,2006,"2006-08-28",0,0,0,NA,167.995497179562,0,10.3399582611394,0,133.3496267962,"2011-02-02",0,0,0,NA,0,0,"M221","M221Cb",51,27,6,5,37.221667,-81.763102,801,40,0,2015,5.5,"2016-08-04",0,0,0,61,4,30,2,1,1,77.4058,2650,77,360,0,NA,23,0,2.30304920322616,0,2.28677165973367,201.232150310642,153.555687998233,216.649656,17160.623235,11820.1699197434,78.3702179417127,11.3997777756118,800,"Maple / beech / birch group","Sugar maple / beech / yellow birch",5.50308008213552,0,0,0,0,0,0,0.588834871013427,141.938270192256,10.8109429045984,"Maple / beech / birch group","Sugar maple / beech / yellow birch",51,66.4551,2.28052202491724,228.685748,7996.72997220924,70.6820326890768,NA,NA,NA,NA,NA,NA,NA,NA,NA,7996.72997220924,51027,"Buchanan","VA",11
335231747489998,"MBB",15,0.68516673676487,0.164646490920433,1.08027955496594,1.42439072098965,0.638732862832598,0.603703800041586,-0.476575754924358,-0.820686920948062,-0.0350290627910118,220499418010854,"Maple / beech / birch group","Sugar maple / beech / yellow birch",56,75.8558,2.31697469507112,141.938270192256,222.667702,10250.9333901801,71.7780100498794,10.8109429045984,2010,178.200812224695,43626187010478,NA,NA,NA,NA,79215528010478,2006,"2006-08-28",0,0,0,NA,167.995497179562,0,10.3399582611394,0,133.3496267962,"2011-02-02",0,0,0,NA,0,0,"M221","M221Cb",51,27,6,5,37.221667,-81.763102,801,40,0,2015,5.5,"2016-08-04",0,0,0,61,4,30,2,1,1,77.4058,2650,77,360,0,NA,23,0,2.30304920322616,0,2.28677165973367,201.232150310642,153.555687998233,216.649656,17160.623235,11820.1699197434,78.3702179417127,11.3997777756118,800,"Maple / beech / birch group","Sugar maple / beech / yellow birch",5.50308008213552,0,0,0,0,0,0,0.588834871013427,141.938270192256,10.8109429045984,"Maple / beech / birch group","Sugar maple / beech / yellow birch",51,66.4551,2.28052202491724,228.685748,7996.72997220924,70.6820326890768,NA,NA,NA,NA,NA,NA,NA,NA,NA,7996.72997220924,51027,"Buchanan","VA",11
335231747489998,"MBB",20,0.184221795396465,0.472854097943535,0.290456364075093,1.27872142877708,1.06748043672247,1.7337983591263,1.4433419950512,0.455076930349214,0.666317922403827,220499418010854,"Maple / beech / birch group","Sugar maple / beech / yellow birch",56,75.8558,2.31697469507112,141.938270192256,222.667702,10250.9333901801,71.7780100498794,10.8109429045984,2010,178.200812224695,43626187010478,NA,NA,NA,NA,79215528010478,2006,"2006-08-28",0,0,0,NA,167.995497179562,0,10.3399582611394,0,133.3496267962,"2011-02-02",0,0,0,NA,0,0,"M221","M221Cb",51,27,6,5,37.221667,-81.763102,801,40,0,2015,5.5,"2016-08-04",0,0,0,61,4,30,2,1,1,77.4058,2650,77,360,0,NA,23,0,2.30304920322616,0,2.28677165973367,201.232150310642,153.555687998233,216.649656,17160.623235,11820.1699197434,78.3702179417127,11.3997777756118,800,"Maple / beech / birch group","Sugar maple / beech / yellow birch",5.50308008213552,0,0,0,0,0,0,0.588834871013427,141.938270192256,10.8109429045984,"Maple / beech / birch group","Sugar maple / beech / yellow birch",51,66.4551,2.28052202491724,228.685748,7996.72997220924,70.6820326890768,NA,NA,NA,NA,NA,NA,NA,NA,NA,7996.72997220924,51027,"Buchanan","VA",11
335232165489998,"MBB",0,0,0,0,0,0,0,0,0,0,220499294010854,"Maple / beech / birch group","Sugar maple / beech / yellow birch",69,67.7794,2.45975866962515,127.4839316026,150.45115,15088.355442856,80.7805038926864,12.4644293892661,2010,181.827688425804,NA,NA,NA,NA,NA,79196516010478,NA,NA,NA,NA,NA,NA,NA,0,NA,NA,NA,"2010-11-18",0,0,0,NA,0,0,"M221","M221Cb",51,167,84,5,37.008831,-82.152364,801,40,0,2015,5.6,"2016-06-17",0,0,0,75,4,26,2,1,1,58.4581,2030,61,35,0,NA,23,0,2.44843208053448,0,2.43877171504285,200.400758161324,138.992776115919,162.487242,17095.142154,15796.9928046751,84.356527977878,12.5235921068701,800,"Maple / beech / birch group","Sugar maple / beech / yellow birch",5.57973990417522,0,0,0,0,0,NA,NA,NA,NA,NA,NA,NA,NA,NA,NA,NA,NA,NA,NA,NA,NA,NA,NA,NA,NA,NA,15088.355442856,51167,"Russell","VA",11
335232165489998,"MBB",5,-3.56537624925842,0.410926641477947,-5.62140988633078,-4.76257320564187,0.695193855870728,1.50673101875247,7.12814090508325,6.26930422439434,0.811537162881744,220499294010854,"Maple / beech / birch group","Sugar maple / beech / yellow birch",69,67.7794,2.45975866962515,127.4839316026,150.45115,15088.355442856,80.7805038926864,12.4644293892661,2010,181.827688425804,NA,NA,NA,NA,NA,79196516010478,NA,NA,NA,NA,NA,NA,NA,0,NA,NA,NA,"2010-11-18",0,0,0,NA,0,0,"M221","M221Cb",51,167,84,5,37.008831,-82.152364,801,40,0,2015,5.6,"2016-06-17",0,0,0,75,4,26,2,1,1,58.4581,2030,61,35,0,NA,23,0,2.44843208053448,0,2.43877171504285,200.400758161324,138.992776115919,162.487242,17095.142154,15796.9928046751,84.356527977878,12.5235921068701,800,"Maple / beech / birch group","Sugar maple / beech / yellow birch",5.57973990417522,0,0,0,0,0,NA,NA,NA,NA,NA,NA,NA,NA,NA,NA,NA,NA,NA,NA,NA,NA,NA,NA,NA,NA,NA,15088.355442856,51167,"Russell","VA",11
335232165489998,"MBB",10,0.916896745413961,-0.272955772107134,1.44564053526935,0.875162971565434,-0.69400029882374,-1.00083783105949,-2.44647836632884,-1.87600080262493,-0.306837532235753,220499294010854,"Maple / beech / birch group","Sugar maple / beech / yellow birch",69,67.7794,2.45975866962515,127.4839316026,150.45115,15088.355442856,80.7805038926864,12.4644293892661,2010,181.827688425804,NA,NA,NA,NA,NA,79196516010478,NA,NA,NA,NA,NA,NA,NA,0,NA,NA,NA,"2010-11-18",0,0,0,NA,0,0,"M221","M221Cb",51,167,84,5,37.008831,-82.152364,801,40,0,2015,5.6,"2016-06-17",0,0,0,75,4,26,2,1,1,58.4581,2030,61,35,0,NA,23,0,2.44843208053448,0,2.43877171504285,200.400758161324,138.992776115919,162.487242,17095.142154,15796.9928046751,84.356527977878,12.5235921068701,800,"Maple / beech / birch group","Sugar maple / beech / yellow birch",5.57973990417522,0,0,0,0,0,NA,NA,NA,NA,NA,NA,NA,NA,NA,NA,NA,NA,NA,NA,NA,NA,NA,NA,NA,NA,NA,15088.355442856,51167,"Russell","VA",11
335232165489998,"MBB",15,1.03235732844411,0.256038538857931,1.62768338784687,2.16280393405995,0.97903419744404,0.938807975812412,-0.688875412034461,-1.22399595824754,-0.0402262216316283,220499294010854,"Maple / beech / birch group","Sugar maple / beech / yellow birch",69,67.7794,2.45975866962515,127.4839316026,150.45115,15088.355442856,80.7805038926864,12.4644293892661,2010,181.827688425804,NA,NA,NA,NA,NA,79196516010478,NA,NA,NA,NA,NA,NA,NA,0,NA,NA,NA,"2010-11-18",0,0,0,NA,0,0,"M221","M221Cb",51,167,84,5,37.008831,-82.152364,801,40,0,2015,5.6,"2016-06-17",0,0,0,75,4,26,2,1,1,58.4581,2030,61,35,0,NA,23,0,2.44843208053448,0,2.43877171504285,200.400758161324,138.992776115919,162.487242,17095.142154,15796.9928046751,84.356527977878,12.5235921068701,800,"Maple / beech / birch group","Sugar maple / beech / yellow birch",5.57973990417522,0,0,0,0,0,NA,NA,NA,NA,NA,NA,NA,NA,NA,NA,NA,NA,NA,NA,NA,NA,NA,NA,NA,NA,NA,15088.355442856,51167,"Russell","VA",11
335232165489998,"MBB",20,1.028989156177,0.748550218035224,1.62237290290574,3.18684285859936,2.00693529284973,2.74468413279582,1.12231122989008,-0.442158725803534,0.737748839946093,220499294010854,"Maple / beech / birch group","Sugar maple / beech / yellow birch",69,67.7794,2.45975866962515,127.4839316026,150.45115,15088.355442856,80.7805038926864,12.4644293892661,2010,181.827688425804,NA,NA,NA,NA,NA,79196516010478,NA,NA,NA,NA,NA,NA,NA,0,NA,NA,NA,"2010-11-18",0,0,0,NA,0,0,"M221","M221Cb",51,167,84,5,37.008831,-82.152364,801,40,0,2015,5.6,"2016-06-17",0,0,0,75,4,26,2,1,1,58.4581,2030,61,35,0,NA,23,0,2.44843208053448,0,2.43877171504285,200.400758161324,138.992776115919,162.487242,17095.142154,15796.9928046751,84.356527977878,12.5235921068701,800,"Maple / beech / birch group","Sugar maple / beech / yellow birch",5.57973990417522,0,0,0,0,0,NA,NA,NA,NA,NA,NA,NA,NA,NA,NA,NA,NA,NA,NA,NA,NA,NA,NA,NA,NA,NA,15088.355442856,51167,"Russell","VA",11
386053928489998,"MBB",0,0,0,0,0,0,0,0,0,0,225798259010854,"Maple / beech / birch group","Hard maple / basswood",40,74.2372,1.73695147527336,108.053057255272,252.757932,6150.83367947414,56.1317819118066,8.85336901168944,2010,149.894430427897,74788260010478,NA,NA,NA,NA,75620164010478,2005,"2006-02-16",0,0,0,NA,127.980142183646,0,8.64122739029652,0,90.6824463923729,"2010-11-02",0,0,0,NA,0,0,"223","223Fb",21,97,26,4,38.33869,-84.448921,801,40,0,2015,5.9,"2016-09-14",12,0,0,45,5,36,2,1,1,41.3685,880,18,58,0,NA,22,0,1.74079044096197,0,1.42336914259382,168.064525712743,117.506571494322,252.757932,12189.240171,3913.65188335102,59.7820829260774,9.23253821572172,800,"Maple / beech / birch group","Sugar maple / beech / yellow birch",5.86721423682409,0,0,0,0,0,0,0.379169204032275,108.053057255272,8.85336901168944,"Maple / beech / birch group","Hard maple / basswood",30,64.8401,1.70537708438346,222.667702,5062.48615262914,49.6845263583554,NA,NA,NA,NA,NA,NA,NA,NA,NA,5062.48615262914,21097,"Harrison","KY",3
386053928489998,"MBB",5,-0.41564524048232,-0.496159362699507,-0.655333995827124,-1.69230706386909,-1.59467407559165,-1.81925099656486,-1.16391700073773,-0.126943932695765,-0.224576920973206,225798259010854,"Maple / beech / birch group","Hard maple / basswood",40,74.2372,1.73695147527336,108.053057255272,252.757932,6150.83367947414,56.1317819118066,8.85336901168944,2010,149.894430427897,74788260010478,NA,NA,NA,NA,75620164010478,2005,"2006-02-16",0,0,0,NA,127.980142183646,0,8.64122739029652,0,90.6824463923729,"2010-11-02",0,0,0,NA,0,0,"223","223Fb",21,97,26,4,38.33869,-84.448921,801,40,0,2015,5.9,"2016-09-14",12,0,0,45,5,36,2,1,1,41.3685,880,18,58,0,NA,22,0,1.74079044096197,0,1.42336914259382,168.064525712743,117.506571494322,252.757932,12189.240171,3913.65188335102,59.7820829260774,9.23253821572172,800,"Maple / beech / birch group","Sugar maple / beech / yellow birch",5.86721423682409,0,0,0,0,0,0,0.379169204032275,108.053057255272,8.85336901168944,"Maple / beech / birch group","Hard maple / basswood",30,64.8401,1.70537708438346,222.667702,5062.48615262914,49.6845263583554,NA,NA,NA,NA,NA,NA,NA,NA,NA,5062.48615262914,21097,"Harrison","KY",3
386053928489998,"MBB",10,0.604523516597979,0.428757288007024,0.953132077836147,1.84923480977083,1.41729620971731,1.57211005602576,0.618977978189609,-0.277124753745072,0.154813846308445,225798259010854,"Maple / beech / birch group","Hard maple / basswood",40,74.2372,1.73695147527336,108.053057255272,252.757932,6150.83367947414,56.1317819118066,8.85336901168944,2010,149.894430427897,74788260010478,NA,NA,NA,NA,75620164010478,2005,"2006-02-16",0,0,0,NA,127.980142183646,0,8.64122739029652,0,90.6824463923729,"2010-11-02",0,0,0,NA,0,0,"223","223Fb",21,97,26,4,38.33869,-84.448921,801,40,0,2015,5.9,"2016-09-14",12,0,0,45,5,36,2,1,1,41.3685,880,18,58,0,NA,22,0,1.74079044096197,0,1.42336914259382,168.064525712743,117.506571494322,252.757932,12189.240171,3913.65188335102,59.7820829260774,9.23253821572172,800,"Maple / beech / birch group","Sugar maple / beech / yellow birch",5.86721423682409,0,0,0,0,0,0,0.379169204032275,108.053057255272,8.85336901168944,"Maple / beech / birch group","Hard maple / basswood",30,64.8401,1.70537708438346,222.667702,5062.48615262914,49.6845263583554,NA,NA,NA,NA,NA,NA,NA,NA,NA,5062.48615262914,21097,"Harrison","KY",3
386053928489998,"MBB",15,1.09313601052166,1.07108059776521,1.72351110992248,3.96206955925177,2.7086069338536,3.9272955251391,2.20378441521662,-0.0347740341126648,1.2186885912855,225798259010854,"Maple / beech / birch group","Hard maple / basswood",40,74.2372,1.73695147527336,108.053057255272,252.757932,6150.83367947414,56.1317819118066,8.85336901168944,2010,149.894430427897,74788260010478,NA,NA,NA,NA,75620164010478,2005,"2006-02-16",0,0,0,NA,127.980142183646,0,8.64122739029652,0,90.6824463923729,"2010-11-02",0,0,0,NA,0,0,"223","223Fb",21,97,26,4,38.33869,-84.448921,801,40,0,2015,5.9,"2016-09-14",12,0,0,45,5,36,2,1,1,41.3685,880,18,58,0,NA,22,0,1.74079044096197,0,1.42336914259382,168.064525712743,117.506571494322,252.757932,12189.240171,3913.65188335102,59.7820829260774,9.23253821572172,800,"Maple / beech / birch group","Sugar maple / beech / yellow birch",5.86721423682409,0,0,0,0,0,0,0.379169204032275,108.053057255272,8.85336901168944,"Maple / beech / birch group","Hard maple / basswood",30,64.8401,1.70537708438346,222.667702,5062.48615262914,49.6845263583554,NA,NA,NA,NA,NA,NA,NA,NA,NA,5062.48615262914,21097,"Harrison","KY",3
386053928489998,"MBB",20,0.703725290255063,0.947639144336702,1.10954020763548,3.09010601929919,2.28316768647338,3.47467686256791,2.36513665493242,0.384570843268717,1.19150917609452,225798259010854,"Maple / beech / birch group","Hard maple / basswood",40,74.2372,1.73695147527336,108.053057255272,252.757932,6150.83367947414,56.1317819118066,8.85336901168944,2010,149.894430427897,74788260010478,NA,NA,NA,NA,75620164010478,2005,"2006-02-16",0,0,0,NA,127.980142183646,0,8.64122739029652,0,90.6824463923729,"2010-11-02",0,0,0,NA,0,0,"223","223Fb",21,97,26,4,38.33869,-84.448921,801,40,0,2015,5.9,"2016-09-14",12,0,0,45,5,36,2,1,1,41.3685,880,18,58,0,NA,22,0,1.74079044096197,0,1.42336914259382,168.064525712743,117.506571494322,252.757932,12189.240171,3913.65188335102,59.7820829260774,9.23253821572172,800,"Maple / beech / birch group","Sugar maple / beech / yellow birch",5.86721423682409,0,0,0,0,0,0,0.379169204032275,108.053057255272,8.85336901168944,"Maple / beech / birch group","Hard maple / basswood",30,64.8401,1.70537708438346,222.667702,5062.48615262914,49.6845263583554,NA,NA,NA,NA,NA,NA,NA,NA,NA,5062.48615262914,21097,"Harrison","KY",3
386053932489998,"MBB",0,0,0,0,0,0,0,0,0,0,225797747010854,"Maple / beech / birch group","Hard maple / basswood",56,34.2131,1.62969384325671,62.483718220042,54.162414,9786.25097330381,83.1456331573887,14.543765369089,2010,113.795282784949,74595770010478,NA,NA,NA,NA,75619931010478,2005,"2006-01-30",0,0,0,NA,81.5897348551743,0,13.2103074234562,0,51.5512256058392,"2011-04-14",31,0,0,NA,0,0,"M221","M221Cc",21,95,6,1,36.708491,-83.397354,805,40,0,2015,5.5,"2016-10-26",0,0,0,60,6,39,2,1,1,35.0977,2210,45,217,0,NA,12,0,1.66914081880996,0,1.73908468741203,151.178049330567,84.8942941728367,66.198506,12750.954177,12156.2981659471,93.8441067322428,15.3340752455557,800,"Maple / beech / birch group","Hard maple / basswood",5.53593429158111,0,0,0,0,0,0,0.790309876466731,62.483718220042,14.543765369089,"Maple / beech / birch group","Hard maple / basswood",52,25.4438,1.57919012502313,54.162414,6929.42052916656,75.5845189119947,NA,NA,NA,NA,NA,NA,NA,NA,NA,6929.42052916656,21095,"Harlan","KY",3
386053932489998,"MBB",5,-0.900817975466649,0.646767437058791,-1.42028967465242,-0.0685457311995416,1.84791283006641,2.3714806025489,3.79177027720132,2.44002633374844,0.523567772482488,225797747010854,"Maple / beech / birch group","Hard maple / basswood",56,34.2131,1.62969384325671,62.483718220042,54.162414,9786.25097330381,83.1456331573887,14.543765369089,2010,113.795282784949,74595770010478,NA,NA,NA,NA,75619931010478,2005,"2006-01-30",0,0,0,NA,81.5897348551743,0,13.2103074234562,0,51.5512256058392,"2011-04-14",31,0,0,NA,0,0,"M221","M221Cc",21,95,6,1,36.708491,-83.397354,805,40,0,2015,5.5,"2016-10-26",0,0,0,60,6,39,2,1,1,35.0977,2210,45,217,0,NA,12,0,1.66914081880996,0,1.73908468741203,151.178049330567,84.8942941728367,66.198506,12750.954177,12156.2981659471,93.8441067322428,15.3340752455557,800,"Maple / beech / birch group","Hard maple / basswood",5.53593429158111,0,0,0,0,0,0,0.790309876466731,62.483718220042,14.543765369089,"Maple / beech / birch group","Hard maple / basswood",52,25.4438,1.57919012502313,54.162414,6929.42052916656,75.5845189119947,NA,NA,NA,NA,NA,NA,NA,NA,NA,6929.42052916656,21095,"Harlan","KY",3
386053932489998,"MBB",10,0.694336795292697,0.800597785428475,1.09473768057815,2.76798705212367,2.57693506636653,2.93552521323774,1.84078753265959,0.167538161114077,0.358590146871208,225797747010854,"Maple / beech / birch group","Hard maple / basswood",56,34.2131,1.62969384325671,62.483718220042,54.162414,9786.25097330381,83.1456331573887,14.543765369089,2010,113.795282784949,74595770010478,NA,NA,NA,NA,75619931010478,2005,"2006-01-30",0,0,0,NA,81.5897348551743,0,13.2103074234562,0,51.5512256058392,"2011-04-14",31,0,0,NA,0,0,"M221","M221Cc",21,95,6,1,36.708491,-83.397354,805,40,0,2015,5.5,"2016-10-26",0,0,0,60,6,39,2,1,1,35.0977,2210,45,217,0,NA,12,0,1.66914081880996,0,1.73908468741203,151.178049330567,84.8942941728367,66.198506,12750.954177,12156.2981659471,93.8441067322428,15.3340752455557,800,"Maple / beech / birch group","Hard maple / basswood",5.53593429158111,0,0,0,0,0,0,0.790309876466731,62.483718220042,14.543765369089,"Maple / beech / birch group","Hard maple / basswood",52,25.4438,1.57919012502313,54.162414,6929.42052916656,75.5845189119947,NA,NA,NA,NA,NA,NA,NA,NA,NA,6929.42052916656,21095,"Harlan","KY",3
386053932489998,"MBB",15,0.795715008821872,1.03752817311214,1.25457733057582,3.4230112123802,2.51059133559778,3.80426996807786,2.54969263750204,0.381258755697661,1.29367863248007,225797747010854,"Maple / beech / birch group","Hard maple / basswood",56,34.2131,1.62969384325671,62.483718220042,54.162414,9786.25097330381,83.1456331573887,14.543765369089,2010,113.795282784949,74595770010478,NA,NA,NA,NA,75619931010478,2005,"2006-01-30",0,0,0,NA,81.5897348551743,0,13.2103074234562,0,51.5512256058392,"2011-04-14",31,0,0,NA,0,0,"M221","M221Cc",21,95,6,1,36.708491,-83.397354,805,40,0,2015,5.5,"2016-10-26",0,0,0,60,6,39,2,1,1,35.0977,2210,45,217,0,NA,12,0,1.66914081880996,0,1.73908468741203,151.178049330567,84.8942941728367,66.198506,12750.954177,12156.2981659471,93.8441067322428,15.3340752455557,800,"Maple / beech / birch group","Hard maple / basswood",5.53593429158111,0,0,0,0,0,0,0.790309876466731,62.483718220042,14.543765369089,"Maple / beech / birch group","Hard maple / basswood",52,25.4438,1.57919012502313,54.162414,6929.42052916656,75.5845189119947,NA,NA,NA,NA,NA,NA,NA,NA,NA,6929.42052916656,21095,"Harlan","KY",3
386053932489998,"MBB",20,1.17624063382677,0.946994287235682,1.85453939933353,3.83375745965611,2.48500153286809,3.47231238653084,1.6177729871973,-0.361445073125274,0.98731085366275,225797747010854,"Maple / beech / birch group","Hard maple / basswood",56,34.2131,1.62969384325671,62.483718220042,54.162414,9786.25097330381,83.1456331573887,14.543765369089,2010,113.795282784949,74595770010478,NA,NA,NA,NA,75619931010478,2005,"2006-01-30",0,0,0,NA,81.5897348551743,0,13.2103074234562,0,51.5512256058392,"2011-04-14",31,0,0,NA,0,0,"M221","M221Cc",21,95,6,1,36.708491,-83.397354,805,40,0,2015,5.5,"2016-10-26",0,0,0,60,6,39,2,1,1,35.0977,2210,45,217,0,NA,12,0,1.66914081880996,0,1.73908468741203,151.178049330567,84.8942941728367,66.198506,12750.954177,12156.2981659471,93.8441067322428,15.3340752455557,800,"Maple / beech / birch group","Hard maple / basswood",5.53593429158111,0,0,0,0,0,0,0.790309876466731,62.483718220042,14.543765369089,"Maple / beech / birch group","Hard maple / basswood",52,25.4438,1.57919012502313,54.162414,6929.42052916656,75.5845189119947,NA,NA,NA,NA,NA,NA,NA,NA,NA,6929.42052916656,21095,"Harlan","KY",3
386053995489998,"MBB",0,0,0,0,0,0,0,0,0,0,225798549010854,"Maple / beech / birch group","Sugar maple / beech / yellow birch",67,49.0745,2.23450600406549,101.899837637209,132.397012,12732.6793500787,89.9895192421754,11.8792791333175,2010,173.169790688693,74589405010478,NA,NA,NA,NA,75612468010478,2005,"2005-04-06",0,0,0,NA,147.267771780234,0,11.5356383603575,0,91.7219325251091,"2010-08-03",0,0,0,NA,0,0,"223","223Ec",21,57,24,5,36.693293,-85.426006,801,40,0,2015,6,"2016-08-09",0,0,0,73,4,39,2,1,1,44.8321,900,63,17,0,NA,23,0,2.2543955822926,0,2.30122721827169,160.014011964553,114.396400757891,138.415058,13411.734657,12166.0012962167,90.7115970337049,12.3099685656364,800,"Maple / beech / birch group","Sugar maple / beech / yellow birch",6.01779603011636,0,0,0,0,0,0,0.430689432318905,101.899837637209,11.8792791333175,"Oak / hickory group","White oak / red oak / hickory",62,44.3048,2.24694818871906,126.378966,10341.6776823462,84.9997992631329,NA,NA,NA,NA,NA,NA,NA,NA,NA,10341.6776823462,21057,"Cumberland","KY",14
386053995489998,"MBB",5,-0.867839237629978,-0.025034414860734,-1.3682931979966,-1.42061512505553,-0.215960275791857,-0.091792854489358,1.27650034350724,1.32882227056617,0.124167421302499,225798549010854,"Maple / beech / birch group","Sugar maple / beech / yellow birch",67,49.0745,2.23450600406549,101.899837637209,132.397012,12732.6793500787,89.9895192421754,11.8792791333175,2010,173.169790688693,74589405010478,NA,NA,NA,NA,75612468010478,2005,"2005-04-06",0,0,0,NA,147.267771780234,0,11.5356383603575,0,91.7219325251091,"2010-08-03",0,0,0,NA,0,0,"223","223Ec",21,57,24,5,36.693293,-85.426006,801,40,0,2015,6,"2016-08-09",0,0,0,73,4,39,2,1,1,44.8321,900,63,17,0,NA,23,0,2.2543955822926,0,2.30122721827169,160.014011964553,114.396400757891,138.415058,13411.734657,12166.0012962167,90.7115970337049,12.3099685656364,800,"Maple / beech / birch group","Sugar maple / beech / yellow birch",6.01779603011636,0,0,0,0,0,0,0.430689432318905,101.899837637209,11.8792791333175,"Oak / hickory group","White oak / red oak / hickory",62,44.3048,2.24694818871906,126.378966,10341.6776823462,84.9997992631329,NA,NA,NA,NA,NA,NA,NA,NA,NA,10341.6776823462,21057,"Cumberland","KY",14
386053995489998,"MBB",10,0.739472445346344,-1.13324534572505,1.16590155549607,-1.20258121706928,-3.37208007357774,-4.15523293432518,-5.32113448982125,-2.9526517172559,-0.783152860747445,225798549010854,"Maple / beech / birch group","Sugar maple / beech / yellow birch",67,49.0745,2.23450600406549,101.899837637209,132.397012,12732.6793500787,89.9895192421754,11.8792791333175,2010,173.169790688693,74589405010478,NA,NA,NA,NA,75612468010478,2005,"2005-04-06",0,0,0,NA,147.267771780234,0,11.5356383603575,0,91.7219325251091,"2010-08-03",0,0,0,NA,0,0,"223","223Ec",21,57,24,5,36.693293,-85.426006,801,40,0,2015,6,"2016-08-09",0,0,0,73,4,39,2,1,1,44.8321,900,63,17,0,NA,23,0,2.2543955822926,0,2.30122721827169,160.014011964553,114.396400757891,138.415058,13411.734657,12166.0012962167,90.7115970337049,12.3099685656364,800,"Maple / beech / birch group","Sugar maple / beech / yellow birch",6.01779603011636,0,0,0,0,0,0,0.430689432318905,101.899837637209,11.8792791333175,"Oak / hickory group","White oak / red oak / hickory",62,44.3048,2.24694818871906,126.378966,10341.6776823462,84.9997992631329,NA,NA,NA,NA,NA,NA,NA,NA,NA,10341.6776823462,21057,"Cumberland","KY",14
386053995489998,"MBB",15,1.28502222831131,-0.191512425828692,2.02605171330416,1.6257907433222,0.152298588191896,-0.702212228038538,-2.7282639413427,-2.32800297136073,-0.854510816230434,225798549010854,"Maple / beech / birch group","Sugar maple / beech / yellow birch",67,49.0745,2.23450600406549,101.899837637209,132.397012,12732.6793500787,89.9895192421754,11.8792791333175,2010,173.169790688693,74589405010478,NA,NA,NA,NA,75612468010478,2005,"2005-04-06",0,0,0,NA,147.267771780234,0,11.5356383603575,0,91.7219325251091,"2010-08-03",0,0,0,NA,0,0,"223","223Ec",21,57,24,5,36.693293,-85.426006,801,40,0,2015,6,"2016-08-09",0,0,0,73,4,39,2,1,1,44.8321,900,63,17,0,NA,23,0,2.2543955822926,0,2.30122721827169,160.014011964553,114.396400757891,138.415058,13411.734657,12166.0012962167,90.7115970337049,12.3099685656364,800,"Maple / beech / birch group","Sugar maple / beech / yellow birch",6.01779603011636,0,0,0,0,0,0,0.430689432318905,101.899837637209,11.8792791333175,"Oak / hickory group","White oak / red oak / hickory",62,44.3048,2.24694818871906,126.378966,10341.6776823462,84.9997992631329,NA,NA,NA,NA,NA,NA,NA,NA,NA,10341.6776823462,21057,"Cumberland","KY",14
386053995489998,"MBB",20,0.83661220396114,0.503633839293119,1.31905857491206,2.37165329903468,1.41233797182591,1.84665741074143,0.527598835829371,-0.524995888293247,0.434319438915527,225798549010854,"Maple / beech / birch group","Sugar maple / beech / yellow birch",67,49.0745,2.23450600406549,101.899837637209,132.397012,12732.6793500787,89.9895192421754,11.8792791333175,2010,173.169790688693,74589405010478,NA,NA,NA,NA,75612468010478,2005,"2005-04-06",0,0,0,NA,147.267771780234,0,11.5356383603575,0,91.7219325251091,"2010-08-03",0,0,0,NA,0,0,"223","223Ec",21,57,24,5,36.693293,-85.426006,801,40,0,2015,6,"2016-08-09",0,0,0,73,4,39,2,1,1,44.8321,900,63,17,0,NA,23,0,2.2543955822926,0,2.30122721827169,160.014011964553,114.396400757891,138.415058,13411.734657,12166.0012962167,90.7115970337049,12.3099685656364,800,"Maple / beech / birch group","Sugar maple / beech / yellow birch",6.01779603011636,0,0,0,0,0,0,0.430689432318905,101.899837637209,11.8792791333175,"Oak / hickory group","White oak / red oak / hickory",62,44.3048,2.24694818871906,126.378966,10341.6776823462,84.9997992631329,NA,NA,NA,NA,NA,NA,NA,NA,NA,10341.6776823462,21057,"Cumberland","KY",14
386054030489998,"MBB",0,0,0,0,0,0,0,0,0,0,225797533010854,"Maple / beech / birch group","Sugar maple / beech / yellow birch",55,58.6117,1.42039949565333,59.6737905969427,108.324828,4329.09285447763,51.1188441249684,10.050096738064,2010,103.675320037885,74717871010478,NA,NA,NA,NA,75606933010478,2005,"2005-06-23",0,0,0,NA,77.1068213073896,0,11.9549617779026,0,42.2191543314604,"2010-10-12",0,0,0,NA,0,0,"223","223Dc",21,31,10,6,37.229869,-86.62151,801,40,0,2015,6,"2016-09-27",0,0,0,61,5,25,2,1,1,48.6673,580,42,225,0,NA,22,0,1.64555684868507,0,1.64555684868507,117.166471109208,75.6981208581667,144.433104,8781.853265,6417.03832142044,59.8921319046663,9.80283313639481,800,"Maple / beech / birch group","Sugar maple / beech / yellow birch",5.96030116358658,0,0,0,0,0,0,-0.247263601669184,59.6737905969427,10.050096738064,"Oak / hickory group","Yellow-poplar / white oak / northern red oak",50,44.7194,1.57775102376491,54.162414,3156.70337542309,48.9813595331656,NA,NA,NA,NA,NA,NA,NA,NA,NA,3156.70337542309,21031,"Butler","KY",10
386054030489998,"MBB",5,1.38713778077917,1.31006089326578,2.18705390102849,4.92508116795398,4.25692959618328,4.80355660864121,2.61650270761272,-0.121524559312771,0.546627012457927,225797533010854,"Maple / beech / birch group","Sugar maple / beech / yellow birch",55,58.6117,1.42039949565333,59.6737905969427,108.324828,4329.09285447763,51.1188441249684,10.050096738064,2010,103.675320037885,74717871010478,NA,NA,NA,NA,75606933010478,2005,"2005-06-23",0,0,0,NA,77.1068213073896,0,11.9549617779026,0,42.2191543314604,"2010-10-12",0,0,0,NA,0,0,"223","223Dc",21,31,10,6,37.229869,-86.62151,801,40,0,2015,6,"2016-09-27",0,0,0,61,5,25,2,1,1,48.6673,580,42,225,0,NA,22,0,1.64555684868507,0,1.64555684868507,117.166471109208,75.6981208581667,144.433104,8781.853265,6417.03832142044,59.8921319046663,9.80283313639481,800,"Maple / beech / birch group","Sugar maple / beech / yellow birch",5.96030116358658,0,0,0,0,0,0,-0.247263601669184,59.6737905969427,10.050096738064,"Oak / hickory group","Yellow-poplar / white oak / northern red oak",50,44.7194,1.57775102376491,54.162414,3156.70337542309,48.9813595331656,NA,NA,NA,NA,NA,NA,NA,NA,NA,3156.70337542309,21031,"Butler","KY",10
386054030489998,"MBB",10,1.35292114220846,0.846980183317422,2.13310566754868,3.90329425068209,2.82516634737101,3.10559400549721,0.972488337948536,-0.797700245184876,0.2804276581262,225797533010854,"Maple / beech / birch group","Sugar maple / beech / yellow birch",55,58.6117,1.42039949565333,59.6737905969427,108.324828,4329.09285447763,51.1188441249684,10.050096738064,2010,103.675320037885,74717871010478,NA,NA,NA,NA,75606933010478,2005,"2005-06-23",0,0,0,NA,77.1068213073896,0,11.9549617779026,0,42.2191543314604,"2010-10-12",0,0,0,NA,0,0,"223","223Dc",21,31,10,6,37.229869,-86.62151,801,40,0,2015,6,"2016-09-27",0,0,0,61,5,25,2,1,1,48.6673,580,42,225,0,NA,22,0,1.64555684868507,0,1.64555684868507,117.166471109208,75.6981208581667,144.433104,8781.853265,6417.03832142044,59.8921319046663,9.80283313639481,800,"Maple / beech / birch group","Sugar maple / beech / yellow birch",5.96030116358658,0,0,0,0,0,0,-0.247263601669184,59.6737905969427,10.050096738064,"Oak / hickory group","Yellow-poplar / white oak / northern red oak",50,44.7194,1.57775102376491,54.162414,3156.70337542309,48.9813595331656,NA,NA,NA,NA,NA,NA,NA,NA,NA,3156.70337542309,21031,"Butler","KY",10
386054030489998,"MBB",15,1.08949615668869,0.977276908203901,1.7177722737125,3.76028101185865,2.51099208552229,3.5833486634143,1.8655763897018,-0.176932348444352,1.07235657789201,225797533010854,"Maple / beech / birch group","Sugar maple / beech / yellow birch",55,58.6117,1.42039949565333,59.6737905969427,108.324828,4329.09285447763,51.1188441249684,10.050096738064,2010,103.675320037885,74717871010478,NA,NA,NA,NA,75606933010478,2005,"2005-06-23",0,0,0,NA,77.1068213073896,0,11.9549617779026,0,42.2191543314604,"2010-10-12",0,0,0,NA,0,0,"223","223Dc",21,31,10,6,37.229869,-86.62151,801,40,0,2015,6,"2016-09-27",0,0,0,61,5,25,2,1,1,48.6673,580,42,225,0,NA,22,0,1.64555684868507,0,1.64555684868507,117.166471109208,75.6981208581667,144.433104,8781.853265,6417.03832142044,59.8921319046663,9.80283313639481,800,"Maple / beech / birch group","Sugar maple / beech / yellow birch",5.96030116358658,0,0,0,0,0,0,-0.247263601669184,59.6737905969427,10.050096738064,"Oak / hickory group","Yellow-poplar / white oak / northern red oak",50,44.7194,1.57775102376491,54.162414,3156.70337542309,48.9813595331656,NA,NA,NA,NA,NA,NA,NA,NA,NA,3156.70337542309,21031,"Butler","KY",10
386054030489998,"MBB",20,1.00337956736826,0.96940670786778,1.58199511788396,3.60805513732762,2.45751323341201,3.55449126218186,1.9724961442979,-0.0535638751457617,1.09697802876985,225797533010854,"Maple / beech / birch group","Sugar maple / beech / yellow birch",55,58.6117,1.42039949565333,59.6737905969427,108.324828,4329.09285447763,51.1188441249684,10.050096738064,2010,103.675320037885,74717871010478,NA,NA,NA,NA,75606933010478,2005,"2005-06-23",0,0,0,NA,77.1068213073896,0,11.9549617779026,0,42.2191543314604,"2010-10-12",0,0,0,NA,0,0,"223","223Dc",21,31,10,6,37.229869,-86.62151,801,40,0,2015,6,"2016-09-27",0,0,0,61,5,25,2,1,1,48.6673,580,42,225,0,NA,22,0,1.64555684868507,0,1.64555684868507,117.166471109208,75.6981208581667,144.433104,8781.853265,6417.03832142044,59.8921319046663,9.80283313639481,800,"Maple / beech / birch group","Sugar maple / beech / yellow birch",5.96030116358658,0,0,0,0,0,0,-0.247263601669184,59.6737905969427,10.050096738064,"Oak / hickory group","Yellow-poplar / white oak / northern red oak",50,44.7194,1.57775102376491,54.162414,3156.70337542309,48.9813595331656,NA,NA,NA,NA,NA,NA,NA,NA,NA,3156.70337542309,21031,"Butler","KY",10
386054036489998,"MBB",0,0,0,0,0,0,0,0,0,0,225797545010854,"Maple / beech / birch group","Hard maple / basswood",56,45.1981,1.29236767334951,82.2503659534733,120.36092,6019.52518756243,65.6276528309968,11.1935695825773,2010,118.188608173484,74797244010478,NA,NA,NA,NA,75582675010478,2005,"2005-11-21",0,0,0,12,117.557385012266,0.312314808476516,11.969132582715,10,108.149328703833,"2011-04-06",0,0,0,NA,0,0,"223","223Dg",21,141,4,6,36.901642,-86.745713,805,40,0,2015,5.9,"2017-02-13",0,0,0,62,5,25,2,1,1,55.7067,640,8,330,0,NA,22,0,1.29229435796055,0,1.30240880271177,126.363185329704,89.8426026468285,120.36092,10267.00807,7937.12129879579,68.6432019051987,11.6987873303176,800,"Maple / beech / birch group","Hard maple / basswood",5.8590006844627,0,0,0,1,1,0.312314808476516,NA,NA,NA,"Maple / beech / birch group","Hard maple / basswood",51,30.9939,1.26934149685927,138.415058,3235.11470537998,79.4012918457659,NA,NA,NA,NA,NA,NA,NA,NA,NA,3235.11470537998,21141,"Logan","KY",10
386054036489998,"MBB",5,0.839402158251954,1.28466677772189,1.32345740284391,4.00841096828267,4.09107802070374,4.71044485164694,3.38698744880302,0.702033883364269,0.619366830943197,225797545010854,"Maple / beech / birch group","Hard maple / basswood",56,45.1981,1.29236767334951,82.2503659534733,120.36092,6019.52518756243,65.6276528309968,11.1935695825773,2010,118.188608173484,74797244010478,NA,NA,NA,NA,75582675010478,2005,"2005-11-21",0,0,0,12,117.557385012266,0.312314808476516,11.969132582715,10,108.149328703833,"2011-04-06",0,0,0,NA,0,0,"223","223Dg",21,141,4,6,36.901642,-86.745713,805,40,0,2015,5.9,"2017-02-13",0,0,0,62,5,25,2,1,1,55.7067,640,8,330,0,NA,22,0,1.29229435796055,0,1.30240880271177,126.363185329704,89.8426026468285,120.36092,10267.00807,7937.12129879579,68.6432019051987,11.6987873303176,800,"Maple / beech / birch group","Hard maple / basswood",5.8590006844627,0,0,0,1,1,0.312314808476516,NA,NA,NA,"Maple / beech / birch group","Hard maple / basswood",51,30.9939,1.26934149685927,138.415058,3235.11470537998,79.4012918457659,NA,NA,NA,NA,NA,NA,NA,NA,NA,3235.11470537998,21141,"Logan","KY",10
386054036489998,"MBB",10,1.86156122425602,1.60576263725637,2.93506153024366,6.29110544210948,5.24359871863059,5.8877963366067,2.95273480636304,-0.403309105502782,0.644197617976108,225797545010854,"Maple / beech / birch group","Hard maple / basswood",56,45.1981,1.29236767334951,82.2503659534733,120.36092,6019.52518756243,65.6276528309968,11.1935695825773,2010,118.188608173484,74797244010478,NA,NA,NA,NA,75582675010478,2005,"2005-11-21",0,0,0,12,117.557385012266,0.312314808476516,11.969132582715,10,108.149328703833,"2011-04-06",0,0,0,NA,0,0,"223","223Dg",21,141,4,6,36.901642,-86.745713,805,40,0,2015,5.9,"2017-02-13",0,0,0,62,5,25,2,1,1,55.7067,640,8,330,0,NA,22,0,1.29229435796055,0,1.30240880271177,126.363185329704,89.8426026468285,120.36092,10267.00807,7937.12129879579,68.6432019051987,11.6987873303176,800,"Maple / beech / birch group","Hard maple / basswood",5.8590006844627,0,0,0,1,1,0.312314808476516,NA,NA,NA,"Maple / beech / birch group","Hard maple / basswood",51,30.9939,1.26934149685927,138.415058,3235.11470537998,79.4012918457659,NA,NA,NA,NA,NA,NA,NA,NA,NA,3235.11470537998,21141,"Logan","KY",10
386054036489998,"MBB",15,0.879586340276246,1.09677659973979,1.38681446316888,3.67907755662505,2.67048521977495,4.02151419904591,2.63469973587703,0.342436642420859,1.35102897927095,225797545010854,"Maple / beech / birch group","Hard maple / basswood",56,45.1981,1.29236767334951,82.2503659534733,120.36092,6019.52518756243,65.6276528309968,11.1935695825773,2010,118.188608173484,74797244010478,NA,NA,NA,NA,75582675010478,2005,"2005-11-21",0,0,0,12,117.557385012266,0.312314808476516,11.969132582715,10,108.149328703833,"2011-04-06",0,0,0,NA,0,0,"223","223Dg",21,141,4,6,36.901642,-86.745713,805,40,0,2015,5.9,"2017-02-13",0,0,0,62,5,25,2,1,1,55.7067,640,8,330,0,NA,22,0,1.29229435796055,0,1.30240880271177,126.363185329704,89.8426026468285,120.36092,10267.00807,7937.12129879579,68.6432019051987,11.6987873303176,800,"Maple / beech / birch group","Hard maple / basswood",5.8590006844627,0,0,0,1,1,0.312314808476516,NA,NA,NA,"Maple / beech / birch group","Hard maple / basswood",51,30.9939,1.26934149685927,138.415058,3235.11470537998,79.4012918457659,NA,NA,NA,NA,NA,NA,NA,NA,NA,3235.11470537998,21141,"Logan","KY",10
386054036489998,"MBB",20,0.238082768703458,0.360474048837672,0.375377165322452,1.12876792739319,0.855766352613222,1.32173817907146,0.946361013749011,0.192970251678277,0.465971826458242,225797545010854,"Maple / beech / birch group","Hard maple / basswood",56,45.1981,1.29236767334951,82.2503659534733,120.36092,6019.52518756243,65.6276528309968,11.1935695825773,2010,118.188608173484,74797244010478,NA,NA,NA,NA,75582675010478,2005,"2005-11-21",0,0,0,12,117.557385012266,0.312314808476516,11.969132582715,10,108.149328703833,"2011-04-06",0,0,0,NA,0,0,"223","223Dg",21,141,4,6,36.901642,-86.745713,805,40,0,2015,5.9,"2017-02-13",0,0,0,62,5,25,2,1,1,55.7067,640,8,330,0,NA,22,0,1.29229435796055,0,1.30240880271177,126.363185329704,89.8426026468285,120.36092,10267.00807,7937.12129879579,68.6432019051987,11.6987873303176,800,"Maple / beech / birch group","Hard maple / basswood",5.8590006844627,0,0,0,1,1,0.312314808476516,NA,NA,NA,"Maple / beech / birch group","Hard maple / basswood",51,30.9939,1.26934149685927,138.415058,3235.11470537998,79.4012918457659,NA,NA,NA,NA,NA,NA,NA,NA,NA,3235.11470537998,21141,"Logan","KY",10
386054058489998,"MBB",0,0,0,0,0,0,0,0,0,0,NA,NA,NA,NA,NA,NA,NA,NA,NA,NA,NA,NA,NA,NA,NA,NA,NA,NA,NA,NA,NA,NA,NA,NA,NA,NA,NA,NA,NA,NA,NA,NA,NA,NA,NA,NA,NA,NA,NA,NA,NA,NA,NA,NA,NA,NA,NA,NA,NA,NA,NA,NA,NA,NA,NA,NA,NA,NA,NA,NA,NA,NA,NA,NA,NA,NA,NA,NA,NA,NA,NA,NA,NA,NA,NA,NA,NA,NA,NA,NA,NA,NA,NA,NA,NA,NA,NA,NA,NA,NA,NA,NA,NA,NA,NA,NA,NA,NA,NA,NA,NA,NA,NA,NA,NA,NA,NA,NA,NA,NA,NA,NA,NA
386054058489998,"MBB",5,1.10216425584427,0.518226152297261,1.73774564338113,2.82083830168241,1.77248283001065,1.90016255842329,0.162416915042157,-0.920675743259119,0.127679728412643,NA,NA,NA,NA,NA,NA,NA,NA,NA,NA,NA,NA,NA,NA,NA,NA,NA,NA,NA,NA,NA,NA,NA,NA,NA,NA,NA,NA,NA,NA,NA,NA,NA,NA,NA,NA,NA,NA,NA,NA,NA,NA,NA,NA,NA,NA,NA,NA,NA,NA,NA,NA,NA,NA,NA,NA,NA,NA,NA,NA,NA,NA,NA,NA,NA,NA,NA,NA,NA,NA,NA,NA,NA,NA,NA,NA,NA,NA,NA,NA,NA,NA,NA,NA,NA,NA,NA,NA,NA,NA,NA,NA,NA,NA,NA,NA,NA,NA,NA,NA,NA,NA,NA,NA,NA,NA,NA,NA,NA,NA,NA,NA,NA
386054058489998,"MBB",10,1.23153182438136,-0.7608998009026,1.94171517644127,0.351434592554837,-2.14652629487899,-2.78996593664287,-4.73168111308413,-3.1414005291977,-0.643439641763875,NA,NA,NA,NA,NA,NA,NA,NA,NA,NA,NA,NA,NA,NA,NA,NA,NA,NA,NA,NA,NA,NA,NA,NA,NA,NA,NA,NA,NA,NA,NA,NA,NA,NA,NA,NA,NA,NA,NA,NA,NA,NA,NA,NA,NA,NA,NA,NA,NA,NA,NA,NA,NA,NA,NA,NA,NA,NA,NA,NA,NA,NA,NA,NA,NA,NA,NA,NA,NA,NA,NA,NA,NA,NA,NA,NA,NA,NA,NA,NA,NA,NA,NA,NA,NA,NA,NA,NA,NA,NA,NA,NA,NA,NA,NA,NA,NA,NA,NA,NA,NA,NA,NA,NA,NA,NA,NA,NA,NA,NA,NA,NA,NA
386054058489998,"MBB",15,0.731991896011583,-0.225093963083274,1.1541072227116,0.683660839867553,-0.155689867559062,-0.825344531305338,-1.97945175401693,-1.50900537117289,-0.669654663746276,NA,NA,NA,NA,NA,NA,NA,NA,NA,NA,NA,NA,NA,NA,NA,NA,NA,NA,NA,NA,NA,NA,NA,NA,NA,NA,NA,NA,NA,NA,NA,NA,NA,NA,NA,NA,NA,NA,NA,NA,NA,NA,NA,NA,NA,NA,NA,NA,NA,NA,NA,NA,NA,NA,NA,NA,NA,NA,NA,NA,NA,NA,NA,NA,NA,NA,NA,NA,NA,NA,NA,NA,NA,NA,NA,NA,NA,NA,NA,NA,NA,NA,NA,NA,NA,NA,NA,NA,NA,NA,NA,NA,NA,NA,NA,NA,NA,NA,NA,NA,NA,NA,NA,NA,NA,NA,NA,NA,NA,NA,NA,NA,NA
386054058489998,"MBB",20,0.198842615524282,0.560140209247123,0.313508523809951,1.48420156113644,1.25619536200193,2.05384743390612,1.74033891009616,0.569645872769678,0.797652071904189,NA,NA,NA,NA,NA,NA,NA,NA,NA,NA,NA,NA,NA,NA,NA,NA,NA,NA,NA,NA,NA,NA,NA,NA,NA,NA,NA,NA,NA,NA,NA,NA,NA,NA,NA,NA,NA,NA,NA,NA,NA,NA,NA,NA,NA,NA,NA,NA,NA,NA,NA,NA,NA,NA,NA,NA,NA,NA,NA,NA,NA,NA,NA,NA,NA,NA,NA,NA,NA,NA,NA,NA,NA,NA,NA,NA,NA,NA,NA,NA,NA,NA,NA,NA,NA,NA,NA,NA,NA,NA,NA,NA,NA,NA,NA,NA,NA,NA,NA,NA,NA,NA,NA,NA,NA,NA,NA,NA,NA,NA,NA,NA,NA
386054062489998,"MBB",0,0,0,0,0,0,0,0,0,0,225797803010854,"Maple / beech / birch group","Sugar maple / beech / yellow birch",76,54.7138,2.55535393914621,85.3267328765757,90.27069,8859.68302642968,74.1581926302443,13.1647195184706,2010,145.298576072409,74806041010478,NA,NA,NA,NA,75592233010478,2005,"2005-11-08",30,0,0,NA,135.830350709184,0,12.6914669496214,0,79.3022559300324,"2011-02-11",0,0,0,NA,0,0,"221","221Ha",21,193,23,1,37.33811,-83.126408,801,40,0,2015,6.1,"2017-03-24",0,0,0,78,5,33,2,1,1,56.2257,890,55,277,0,NA,12,0,2.53388693637261,0,2.53388693637261,148.191865567119,91.7396566334665,90.27069,12072.198654,8888.53578970288,70.1822418399407,13.6504700773758,800,"Maple / beech / birch group","Sugar maple / beech / yellow birch",6.11362080766598,0,0,0,0,0,0,0.485750558905279,85.3267328765757,13.1647195184706,"Maple / beech / birch group","Sugar maple / beech / yellow birch",70,44.1612,2.57098579350051,90.27069,7721.08045240133,69.0752679846728,NA,NA,NA,NA,NA,NA,NA,NA,NA,7721.08045240133,21193,"Perry","KY",3
386054062489998,"MBB",5,-0.841158995739534,-0.288934626831032,-1.32622734994933,-1.93010072002619,-1.0245040899579,-1.05942696504712,0.266800384902214,0.870673754979071,-0.0349228750892134,225797803010854,"Maple / beech / birch group","Sugar maple / beech / yellow birch",76,54.7138,2.55535393914621,85.3267328765757,90.27069,8859.68302642968,74.1581926302443,13.1647195184706,2010,145.298576072409,74806041010478,NA,NA,NA,NA,75592233010478,2005,"2005-11-08",30,0,0,NA,135.830350709184,0,12.6914669496214,0,79.3022559300324,"2011-02-11",0,0,0,NA,0,0,"221","221Ha",21,193,23,1,37.33811,-83.126408,801,40,0,2015,6.1,"2017-03-24",0,0,0,78,5,33,2,1,1,56.2257,890,55,277,0,NA,12,0,2.53388693637261,0,2.53388693637261,148.191865567119,91.7396566334665,90.27069,12072.198654,8888.53578970288,70.1822418399407,13.6504700773758,800,"Maple / beech / birch group","Sugar maple / beech / yellow birch",6.11362080766598,0,0,0,0,0,0,0.485750558905279,85.3267328765757,13.1647195184706,"Maple / beech / birch group","Sugar maple / beech / yellow birch",70,44.1612,2.57098579350051,90.27069,7721.08045240133,69.0752679846728,NA,NA,NA,NA,NA,NA,NA,NA,NA,7721.08045240133,21193,"Perry","KY",3
386054062489998,"MBB",10,1.71906413480669,-1.42658011192704,2.71039111921189,-0.271161314715618,-4.1188164831662,-5.23079374373246,-7.94118486294435,-4.95963242901685,-1.11197726056626,225797803010854,"Maple / beech / birch group","Sugar maple / beech / yellow birch",76,54.7138,2.55535393914621,85.3267328765757,90.27069,8859.68302642968,74.1581926302443,13.1647195184706,2010,145.298576072409,74806041010478,NA,NA,NA,NA,75592233010478,2005,"2005-11-08",30,0,0,NA,135.830350709184,0,12.6914669496214,0,79.3022559300324,"2011-02-11",0,0,0,NA,0,0,"221","221Ha",21,193,23,1,37.33811,-83.126408,801,40,0,2015,6.1,"2017-03-24",0,0,0,78,5,33,2,1,1,56.2257,890,55,277,0,NA,12,0,2.53388693637261,0,2.53388693637261,148.191865567119,91.7396566334665,90.27069,12072.198654,8888.53578970288,70.1822418399407,13.6504700773758,800,"Maple / beech / birch group","Sugar maple / beech / yellow birch",6.11362080766598,0,0,0,0,0,0,0.485750558905279,85.3267328765757,13.1647195184706,"Maple / beech / birch group","Sugar maple / beech / yellow birch",70,44.1612,2.57098579350051,90.27069,7721.08045240133,69.0752679846728,NA,NA,NA,NA,NA,NA,NA,NA,NA,7721.08045240133,21193,"Perry","KY",3
386054062489998,"MBB",15,1.03045433003854,-0.0169658551869375,1.62468299369409,1.58922435635339,0.407636724575872,-0.0622081356854376,-1.68689112937953,-1.65143249203883,-0.469844860261309,225797803010854,"Maple / beech / birch group","Sugar maple / beech / yellow birch",76,54.7138,2.55535393914621,85.3267328765757,90.27069,8859.68302642968,74.1581926302443,13.1647195184706,2010,145.298576072409,74806041010478,NA,NA,NA,NA,75592233010478,2005,"2005-11-08",30,0,0,NA,135.830350709184,0,12.6914669496214,0,79.3022559300324,"2011-02-11",0,0,0,NA,0,0,"221","221Ha",21,193,23,1,37.33811,-83.126408,801,40,0,2015,6.1,"2017-03-24",0,0,0,78,5,33,2,1,1,56.2257,890,55,277,0,NA,12,0,2.53388693637261,0,2.53388693637261,148.191865567119,91.7396566334665,90.27069,12072.198654,8888.53578970288,70.1822418399407,13.6504700773758,800,"Maple / beech / birch group","Sugar maple / beech / yellow birch",6.11362080766598,0,0,0,0,0,0,0.485750558905279,85.3267328765757,13.1647195184706,"Maple / beech / birch group","Sugar maple / beech / yellow birch",70,44.1612,2.57098579350051,90.27069,7721.08045240133,69.0752679846728,NA,NA,NA,NA,NA,NA,NA,NA,NA,7721.08045240133,21193,"Perry","KY",3
386054062489998,"MBB",20,0.131945923481935,0.679098624847416,0.208034739356517,1.62735086528762,1.47605287302833,2.49002829110719,2.28199355175068,0.862677425819576,1.01397541807886,225797803010854,"Maple / beech / birch group","Sugar maple / beech / yellow birch",76,54.7138,2.55535393914621,85.3267328765757,90.27069,8859.68302642968,74.1581926302443,13.1647195184706,2010,145.298576072409,74806041010478,NA,NA,NA,NA,75592233010478,2005,"2005-11-08",30,0,0,NA,135.830350709184,0,12.6914669496214,0,79.3022559300324,"2011-02-11",0,0,0,NA,0,0,"221","221Ha",21,193,23,1,37.33811,-83.126408,801,40,0,2015,6.1,"2017-03-24",0,0,0,78,5,33,2,1,1,56.2257,890,55,277,0,NA,12,0,2.53388693637261,0,2.53388693637261,148.191865567119,91.7396566334665,90.27069,12072.198654,8888.53578970288,70.1822418399407,13.6504700773758,800,"Maple / beech / birch group","Sugar maple / beech / yellow birch",6.11362080766598,0,0,0,0,0,0,0.485750558905279,85.3267328765757,13.1647195184706,"Maple / beech / birch group","Sugar maple / beech / yellow birch",70,44.1612,2.57098579350051,90.27069,7721.08045240133,69.0752679846728,NA,NA,NA,NA,NA,NA,NA,NA,NA,7721.08045240133,21193,"Perry","KY",3
386054067489998,"MBB",0,0,0,0,0,0,0,0,0,0,225797813010854,"Maple / beech / birch group","Sugar maple / beech / yellow birch",66,23.6466,1.66765336910948,187.160640112937,168.505288,17147.2731297118,97.1431550197254,14.2706227965005,2010,325.383936626305,74761346010478,NA,NA,NA,NA,75592078010478,2005,"2005-06-21",0,0,0,NA,269.751687016318,0,15.1787375652283,0,204.176476689126,"2011-03-04",0,0,0,NA,0,0,"221","221Ha",21,193,1,1,37.144977,-83.075809,801,40,0,2015,6.1,"2017-03-29",0,0,0,69,4,31,2,1,1,31.1979,1790,29,322,0,NA,23,0,1.67862431077841,0,1.66823079388311,315.053449851443,199.995809194818,168.505288,26292.730423,20559.7677790588,95.0382592151404,14.7518372947721,800,"Maple / beech / birch group","Sugar maple / beech / yellow birch",6.06981519507187,0,0,0,0,0,0,0.481214498271575,187.160640112937,14.2706227965005,"Oak / hickory group","Yellow-poplar / white oak / northern red oak",60,41.771,1.67064032037341,162.487242,14203.0248502809,88.4468214853612,NA,NA,NA,NA,NA,NA,NA,NA,NA,14203.0248502809,21193,"Perry","KY",3
386054067489998,"MBB",5,-6.23885842410818,0.661544504774801,-9.83660011534389,-8.45397210036456,1.03933972684908,2.42566318417427,12.2622632995182,10.8796352845388,1.38632345732519,225797813010854,"Maple / beech / birch group","Sugar maple / beech / yellow birch",66,23.6466,1.66765336910948,187.160640112937,168.505288,17147.2731297118,97.1431550197254,14.2706227965005,2010,325.383936626305,74761346010478,NA,NA,NA,NA,75592078010478,2005,"2005-06-21",0,0,0,NA,269.751687016318,0,15.1787375652283,0,204.176476689126,"2011-03-04",0,0,0,NA,0,0,"221","221Ha",21,193,1,1,37.144977,-83.075809,801,40,0,2015,6.1,"2017-03-29",0,0,0,69,4,31,2,1,1,31.1979,1790,29,322,0,NA,23,0,1.67862431077841,0,1.66823079388311,315.053449851443,199.995809194818,168.505288,26292.730423,20559.7677790588,95.0382592151404,14.7518372947721,800,"Maple / beech / birch group","Sugar maple / beech / yellow birch",6.06981519507187,0,0,0,0,0,0,0.481214498271575,187.160640112937,14.2706227965005,"Oak / hickory group","Yellow-poplar / white oak / northern red oak",60,41.771,1.67064032037341,162.487242,14203.0248502809,88.4468214853612,NA,NA,NA,NA,NA,NA,NA,NA,NA,14203.0248502809,21193,"Perry","KY",3
386054067489998,"MBB",10,-0.329578855445176,-0.268628765710824,-0.519635995418561,-1.08107011575418,-0.880109215260566,-0.984972140939687,-0.465336145521126,0.0960979748144956,-0.104862925679122,225797813010854,"Maple / beech / birch group","Sugar maple / beech / yellow birch",66,23.6466,1.66765336910948,187.160640112937,168.505288,17147.2731297118,97.1431550197254,14.2706227965005,2010,325.383936626305,74761346010478,NA,NA,NA,NA,75592078010478,2005,"2005-06-21",0,0,0,NA,269.751687016318,0,15.1787375652283,0,204.176476689126,"2011-03-04",0,0,0,NA,0,0,"221","221Ha",21,193,1,1,37.144977,-83.075809,801,40,0,2015,6.1,"2017-03-29",0,0,0,69,4,31,2,1,1,31.1979,1790,29,322,0,NA,23,0,1.67862431077841,0,1.66823079388311,315.053449851443,199.995809194818,168.505288,26292.730423,20559.7677790588,95.0382592151404,14.7518372947721,800,"Maple / beech / birch group","Sugar maple / beech / yellow birch",6.06981519507187,0,0,0,0,0,0,0.481214498271575,187.160640112937,14.2706227965005,"Oak / hickory group","Yellow-poplar / white oak / northern red oak",60,41.771,1.67064032037341,162.487242,14203.0248502809,88.4468214853612,NA,NA,NA,NA,NA,NA,NA,NA,NA,14203.0248502809,21193,"Perry","KY",3
386054067489998,"MBB",15,0.548494807976677,-0.0633761003823281,0.86479348057656,0.732337430777495,0.103396717630905,-0.232379034735203,-1.09717251531176,-0.964716465512698,-0.335775752366108,225797813010854,"Maple / beech / birch group","Sugar maple / beech / yellow birch",66,23.6466,1.66765336910948,187.160640112937,168.505288,17147.2731297118,97.1431550197254,14.2706227965005,2010,325.383936626305,74761346010478,NA,NA,NA,NA,75592078010478,2005,"2005-06-21",0,0,0,NA,269.751687016318,0,15.1787375652283,0,204.176476689126,"2011-03-04",0,0,0,NA,0,0,"221","221Ha",21,193,1,1,37.144977,-83.075809,801,40,0,2015,6.1,"2017-03-29",0,0,0,69,4,31,2,1,1,31.1979,1790,29,322,0,NA,23,0,1.67862431077841,0,1.66823079388311,315.053449851443,199.995809194818,168.505288,26292.730423,20559.7677790588,95.0382592151404,14.7518372947721,800,"Maple / beech / birch group","Sugar maple / beech / yellow birch",6.06981519507187,0,0,0,0,0,0,0.481214498271575,187.160640112937,14.2706227965005,"Oak / hickory group","Yellow-poplar / white oak / northern red oak",60,41.771,1.67064032037341,162.487242,14203.0248502809,88.4468214853612,NA,NA,NA,NA,NA,NA,NA,NA,NA,14203.0248502809,21193,"Perry","KY",3
386054067489998,"MBB",20,0.979630443584026,-0.127416988966937,1.54455066605081,1.27824915910992,0.154939583800233,-0.467195626212101,-2.01174629226291,-1.74544478532202,-0.622135210012334,225797813010854,"Maple / beech / birch group","Sugar maple / beech / yellow birch",66,23.6466,1.66765336910948,187.160640112937,168.505288,17147.2731297118,97.1431550197254,14.2706227965005,2010,325.383936626305,74761346010478,NA,NA,NA,NA,75592078010478,2005,"2005-06-21",0,0,0,NA,269.751687016318,0,15.1787375652283,0,204.176476689126,"2011-03-04",0,0,0,NA,0,0,"221","221Ha",21,193,1,1,37.144977,-83.075809,801,40,0,2015,6.1,"2017-03-29",0,0,0,69,4,31,2,1,1,31.1979,1790,29,322,0,NA,23,0,1.67862431077841,0,1.66823079388311,315.053449851443,199.995809194818,168.505288,26292.730423,20559.7677790588,95.0382592151404,14.7518372947721,800,"Maple / beech / birch group","Sugar maple / beech / yellow birch",6.06981519507187,0,0,0,0,0,0,0.481214498271575,187.160640112937,14.2706227965005,"Oak / hickory group","Yellow-poplar / white oak / northern red oak",60,41.771,1.67064032037341,162.487242,14203.0248502809,88.4468214853612,NA,NA,NA,NA,NA,NA,NA,NA,NA,14203.0248502809,21193,"Perry","KY",3
386054080489998,"MBB",0,0,0,0,0,0,0,0,0,0,225797995010854,"Maple / beech / birch group","Hard maple / basswood",43,48.505,1.61528614299805,87.3224149617378,162.487242,6251.08499184479,57.2095748651809,9.92648906639126,2010,133.534241347817,74779403010478,NA,NA,NA,NA,75613837010478,2005,"2006-02-09",0,0,0,NA,120.25456152464,0,10.3994505349356,0,74.5436610603101,"2011-02-07",0,0,0,NA,0,0,"221","221Ej",21,65,19,3,37.66342,-84.004211,805,40,0,2015,6,"2017-02-13",0,0,0,50,4,42,2,1,1,54.2102,620,58,320,0,NA,23,0,1.63073640407214,0,1.63073640407214,146.504839728376,97.1310678163924,162.487242,10509.276303,7717.2063834332,57.7228528294032,10.4691610615815,800,"Maple / beech / birch group","Hard maple / basswood",6.01779603011636,0,0,0,0,0,0,0.542671995190197,87.3224149617378,9.92648906639126,"Maple / beech / birch group","Hard maple / basswood",38,48.49,1.60878634961309,126.378966,5499.25072773249,49.0268607775961,NA,NA,NA,NA,NA,NA,NA,NA,NA,5499.25072773249,21065,"Estill","KY",9
386054080489998,"MBB",5,1.61573382567947,1.51464753483676,2.54747366515464,5.71308701296347,4.92363181940594,5.55370762773479,3.00623396258015,-0.159379385228677,0.630075808328852,225797995010854,"Maple / beech / birch group","Hard maple / basswood",43,48.505,1.61528614299805,87.3224149617378,162.487242,6251.08499184479,57.2095748651809,9.92648906639126,2010,133.534241347817,74779403010478,NA,NA,NA,NA,75613837010478,2005,"2006-02-09",0,0,0,NA,120.25456152464,0,10.3994505349356,0,74.5436610603101,"2011-02-07",0,0,0,NA,0,0,"221","221Ej",21,65,19,3,37.66342,-84.004211,805,40,0,2015,6,"2017-02-13",0,0,0,50,4,42,2,1,1,54.2102,620,58,320,0,NA,23,0,1.63073640407214,0,1.63073640407214,146.504839728376,97.1310678163924,162.487242,10509.276303,7717.2063834332,57.7228528294032,10.4691610615815,800,"Maple / beech / birch group","Hard maple / basswood",6.01779603011636,0,0,0,0,0,0,0.542671995190197,87.3224149617378,9.92648906639126,"Maple / beech / birch group","Hard maple / basswood",38,48.49,1.60878634961309,126.378966,5499.25072773249,49.0268607775961,NA,NA,NA,NA,NA,NA,NA,NA,NA,5499.25072773249,21065,"Estill","KY",9
386054080489998,"MBB",10,1.32375377612293,1.25710229178,2.08711845368715,4.71446224350735,4.08367566286207,4.60937506986,2.52225661617285,-0.105087173647348,0.525699406997932,225797995010854,"Maple / beech / birch group","Hard maple / basswood",43,48.505,1.61528614299805,87.3224149617378,162.487242,6251.08499184479,57.2095748651809,9.92648906639126,2010,133.534241347817,74779403010478,NA,NA,NA,NA,75613837010478,2005,"2006-02-09",0,0,0,NA,120.25456152464,0,10.3994505349356,0,74.5436610603101,"2011-02-07",0,0,0,NA,0,0,"221","221Ej",21,65,19,3,37.66342,-84.004211,805,40,0,2015,6,"2017-02-13",0,0,0,50,4,42,2,1,1,54.2102,620,58,320,0,NA,23,0,1.63073640407214,0,1.63073640407214,146.504839728376,97.1310678163924,162.487242,10509.276303,7717.2063834332,57.7228528294032,10.4691610615815,800,"Maple / beech / birch group","Hard maple / basswood",6.01779603011636,0,0,0,0,0,0,0.542671995190197,87.3224149617378,9.92648906639126,"Maple / beech / birch group","Hard maple / basswood",38,48.49,1.60878634961309,126.378966,5499.25072773249,49.0268607775961,NA,NA,NA,NA,NA,NA,NA,NA,NA,5499.25072773249,21065,"Estill","KY",9
386054080489998,"MBB",15,0.552753048829078,0.800879275734908,0.87150730698718,2.54534499327314,1.91152149728246,2.93655734436133,2.06505003737415,0.391212351088193,1.02503584707887,225797995010854,"Maple / beech / birch group","Hard maple / basswood",43,48.505,1.61528614299805,87.3224149617378,162.487242,6251.08499184479,57.2095748651809,9.92648906639126,2010,133.534241347817,74779403010478,NA,NA,NA,NA,75613837010478,2005,"2006-02-09",0,0,0,NA,120.25456152464,0,10.3994505349356,0,74.5436610603101,"2011-02-07",0,0,0,NA,0,0,"221","221Ej",21,65,19,3,37.66342,-84.004211,805,40,0,2015,6,"2017-02-13",0,0,0,50,4,42,2,1,1,54.2102,620,58,320,0,NA,23,0,1.63073640407214,0,1.63073640407214,146.504839728376,97.1310678163924,162.487242,10509.276303,7717.2063834332,57.7228528294032,10.4691610615815,800,"Maple / beech / birch group","Hard maple / basswood",6.01779603011636,0,0,0,0,0,0,0.542671995190197,87.3224149617378,9.92648906639126,"Maple / beech / birch group","Hard maple / basswood",38,48.49,1.60878634961309,126.378966,5499.25072773249,49.0268607775961,NA,NA,NA,NA,NA,NA,NA,NA,NA,5499.25072773249,21065,"Estill","KY",9
386054080489998,"MBB",20,0.457862578931797,0.403440355463485,0.7218966661158,1.56508700903448,1.04007125185936,1.47928130336611,0.757384637250312,-0.0858057056683719,0.439210051506755,225797995010854,"Maple / beech / birch group","Hard maple / basswood",43,48.505,1.61528614299805,87.3224149617378,162.487242,6251.08499184479,57.2095748651809,9.92648906639126,2010,133.534241347817,74779403010478,NA,NA,NA,NA,75613837010478,2005,"2006-02-09",0,0,0,NA,120.25456152464,0,10.3994505349356,0,74.5436610603101,"2011-02-07",0,0,0,NA,0,0,"221","221Ej",21,65,19,3,37.66342,-84.004211,805,40,0,2015,6,"2017-02-13",0,0,0,50,4,42,2,1,1,54.2102,620,58,320,0,NA,23,0,1.63073640407214,0,1.63073640407214,146.504839728376,97.1310678163924,162.487242,10509.276303,7717.2063834332,57.7228528294032,10.4691610615815,800,"Maple / beech / birch group","Hard maple / basswood",6.01779603011636,0,0,0,0,0,0,0.542671995190197,87.3224149617378,9.92648906639126,"Maple / beech / birch group","Hard maple / basswood",38,48.49,1.60878634961309,126.378966,5499.25072773249,49.0268607775961,NA,NA,NA,NA,NA,NA,NA,NA,NA,5499.25072773249,21065,"Estill","KY",9
386054085489998,"MBB",0,0,0,0,0,0,0,0,0,0,225798317010854,"Maple / beech / birch group","Sugar maple / beech / yellow birch",60,65.4255,2.32649451487669,104.900135313035,192.577472,8695.6701074619,72.1164899784662,9.99373241086632,2010,163.489000399843,29172641010478,NA,NA,NA,NA,29115531010478,2005,"2005-06-23",0,0,0,NA,151.683306128178,0,9.93582858422852,0,93.9673144746036,"2010-06-23",0,0,0,NA,0,0,"221","221Hc",21,231,52,5,36.805172,-84.842379,801,40,0,2015,6.1,"2016-07-19",0,0,0,66,5,31,2,1,1,60.9149,1540,18,341,0,NA,23,0,2.31840678379595,0,2.28129108404505,194.514430393328,119.829535804787,204.613564,15883.391397,11270.2711229626,79.2929605638267,10.3623238649616,800,"Maple / beech / birch group","Sugar maple / beech / yellow birch",6.072553045859,0,0,0,0,0,0,0.36859145409529,104.900135313035,9.99373241086632,"Maple / beech / birch group","Sugar maple / beech / yellow birch",56,64.4118,2.34365904365904,174.523334,7843.12786961237,69.1643838230778,NA,NA,NA,NA,NA,NA,NA,NA,NA,7843.12786961237,21231,"Wayne","KY",14
386054085489998,"MBB",5,-0.873375948451269,0.362391890127907,-1.3770227453915,-0.619623695024175,0.97642686984175,1.32877026380233,2.70579300919383,1.9483939588265,0.352343393960575,225798317010854,"Maple / beech / birch group","Sugar maple / beech / yellow birch",60,65.4255,2.32649451487669,104.900135313035,192.577472,8695.6701074619,72.1164899784662,9.99373241086632,2010,163.489000399843,29172641010478,NA,NA,NA,NA,29115531010478,2005,"2005-06-23",0,0,0,NA,151.683306128178,0,9.93582858422852,0,93.9673144746036,"2010-06-23",0,0,0,NA,0,0,"221","221Hc",21,231,52,5,36.805172,-84.842379,801,40,0,2015,6.1,"2016-07-19",0,0,0,66,5,31,2,1,1,60.9149,1540,18,341,0,NA,23,0,2.31840678379595,0,2.28129108404505,194.514430393328,119.829535804787,204.613564,15883.391397,11270.2711229626,79.2929605638267,10.3623238649616,800,"Maple / beech / birch group","Sugar maple / beech / yellow birch",6.072553045859,0,0,0,0,0,0,0.36859145409529,104.900135313035,9.99373241086632,"Maple / beech / birch group","Sugar maple / beech / yellow birch",56,64.4118,2.34365904365904,174.523334,7843.12786961237,69.1643838230778,NA,NA,NA,NA,NA,NA,NA,NA,NA,7843.12786961237,21231,"Wayne","KY",14
386054085489998,"MBB",10,1.28953982924295,-1.10031618164064,2.03317446410639,-0.266486355522549,-3.1826474667743,-4.03449266601568,-6.06766713012206,-3.76800631049313,-0.851845199241381,225798317010854,"Maple / beech / birch group","Sugar maple / beech / yellow birch",60,65.4255,2.32649451487669,104.900135313035,192.577472,8695.6701074619,72.1164899784662,9.99373241086632,2010,163.489000399843,29172641010478,NA,NA,NA,NA,29115531010478,2005,"2005-06-23",0,0,0,NA,151.683306128178,0,9.93582858422852,0,93.9673144746036,"2010-06-23",0,0,0,NA,0,0,"221","221Hc",21,231,52,5,36.805172,-84.842379,801,40,0,2015,6.1,"2016-07-19",0,0,0,66,5,31,2,1,1,60.9149,1540,18,341,0,NA,23,0,2.31840678379595,0,2.28129108404505,194.514430393328,119.829535804787,204.613564,15883.391397,11270.2711229626,79.2929605638267,10.3623238649616,800,"Maple / beech / birch group","Sugar maple / beech / yellow birch",6.072553045859,0,0,0,0,0,0,0.36859145409529,104.900135313035,9.99373241086632,"Maple / beech / birch group","Sugar maple / beech / yellow birch",56,64.4118,2.34365904365904,174.523334,7843.12786961237,69.1643838230778,NA,NA,NA,NA,NA,NA,NA,NA,NA,7843.12786961237,21231,"Wayne","KY",14
386054085489998,"MBB",15,1.14180557527827,-0.0253974788496436,1.80024679035541,1.74716605955965,0.437895666573901,-0.0931240891153597,-1.89337087947077,-1.84029014867501,-0.531019755689261,225798317010854,"Maple / beech / birch group","Sugar maple / beech / yellow birch",60,65.4255,2.32649451487669,104.900135313035,192.577472,8695.6701074619,72.1164899784662,9.99373241086632,2010,163.489000399843,29172641010478,NA,NA,NA,NA,29115531010478,2005,"2005-06-23",0,0,0,NA,151.683306128178,0,9.93582858422852,0,93.9673144746036,"2010-06-23",0,0,0,NA,0,0,"221","221Hc",21,231,52,5,36.805172,-84.842379,801,40,0,2015,6.1,"2016-07-19",0,0,0,66,5,31,2,1,1,60.9149,1540,18,341,0,NA,23,0,2.31840678379595,0,2.28129108404505,194.514430393328,119.829535804787,204.613564,15883.391397,11270.2711229626,79.2929605638267,10.3623238649616,800,"Maple / beech / birch group","Sugar maple / beech / yellow birch",6.072553045859,0,0,0,0,0,0,0.36859145409529,104.900135313035,9.99373241086632,"Maple / beech / birch group","Sugar maple / beech / yellow birch",56,64.4118,2.34365904365904,174.523334,7843.12786961237,69.1643838230778,NA,NA,NA,NA,NA,NA,NA,NA,NA,7843.12786961237,21231,"Wayne","KY",14
386054085489998,"MBB",20,0.620817878600125,0.994548889100793,0.978822855259531,3.05743003348019,2.34555886601871,3.64667926003624,2.66785640477671,0.589249226556052,1.30112039401753,225798317010854,"Maple / beech / birch group","Sugar maple / beech / yellow birch",60,65.4255,2.32649451487669,104.900135313035,192.577472,8695.6701074619,72.1164899784662,9.99373241086632,2010,163.489000399843,29172641010478,NA,NA,NA,NA,29115531010478,2005,"2005-06-23",0,0,0,NA,151.683306128178,0,9.93582858422852,0,93.9673144746036,"2010-06-23",0,0,0,NA,0,0,"221","221Hc",21,231,52,5,36.805172,-84.842379,801,40,0,2015,6.1,"2016-07-19",0,0,0,66,5,31,2,1,1,60.9149,1540,18,341,0,NA,23,0,2.31840678379595,0,2.28129108404505,194.514430393328,119.829535804787,204.613564,15883.391397,11270.2711229626,79.2929605638267,10.3623238649616,800,"Maple / beech / birch group","Sugar maple / beech / yellow birch",6.072553045859,0,0,0,0,0,0,0.36859145409529,104.900135313035,9.99373241086632,"Maple / beech / birch group","Sugar maple / beech / yellow birch",56,64.4118,2.34365904365904,174.523334,7843.12786961237,69.1643838230778,NA,NA,NA,NA,NA,NA,NA,NA,NA,7843.12786961237,21231,"Wayne","KY",14
386054098489998,"MBB",0,0,0,0,0,0,0,0,0,0,NA,NA,NA,NA,NA,NA,NA,NA,NA,NA,NA,NA,NA,NA,NA,NA,NA,NA,NA,NA,NA,NA,NA,NA,NA,NA,NA,NA,NA,NA,NA,NA,NA,NA,NA,NA,NA,NA,NA,NA,NA,NA,NA,NA,NA,NA,NA,NA,NA,NA,NA,NA,NA,NA,NA,NA,NA,NA,NA,NA,NA,NA,NA,NA,NA,NA,NA,NA,NA,NA,NA,NA,NA,NA,NA,NA,NA,NA,NA,NA,NA,NA,NA,NA,NA,NA,NA,NA,NA,NA,NA,NA,NA,NA,NA,NA,NA,NA,NA,NA,NA,NA,NA,NA,NA,NA,NA,NA,NA,NA,NA,NA,NA
386054098489998,"MBB",5,-0.519813848899848,-0.780947482345113,-0.819573168432094,-2.45175340653338,-2.48848846144692,-2.86347410193208,-2.04390093349999,-0.4117206953987,-0.374985640485157,NA,NA,NA,NA,NA,NA,NA,NA,NA,NA,NA,NA,NA,NA,NA,NA,NA,NA,NA,NA,NA,NA,NA,NA,NA,NA,NA,NA,NA,NA,NA,NA,NA,NA,NA,NA,NA,NA,NA,NA,NA,NA,NA,NA,NA,NA,NA,NA,NA,NA,NA,NA,NA,NA,NA,NA,NA,NA,NA,NA,NA,NA,NA,NA,NA,NA,NA,NA,NA,NA,NA,NA,NA,NA,NA,NA,NA,NA,NA,NA,NA,NA,NA,NA,NA,NA,NA,NA,NA,NA,NA,NA,NA,NA,NA,NA,NA,NA,NA,NA,NA,NA,NA,NA,NA,NA,NA,NA,NA,NA,NA,NA,NA
386054098489998,"MBB",10,-1.18641803155726,-0.332324326066728,-1.87058576308861,-2.56514360456807,-1.21338580933468,-1.21852252891133,0.652063234177275,1.34662107565674,-0.00513671957665252,NA,NA,NA,NA,NA,NA,NA,NA,NA,NA,NA,NA,NA,NA,NA,NA,NA,NA,NA,NA,NA,NA,NA,NA,NA,NA,NA,NA,NA,NA,NA,NA,NA,NA,NA,NA,NA,NA,NA,NA,NA,NA,NA,NA,NA,NA,NA,NA,NA,NA,NA,NA,NA,NA,NA,NA,NA,NA,NA,NA,NA,NA,NA,NA,NA,NA,NA,NA,NA,NA,NA,NA,NA,NA,NA,NA,NA,NA,NA,NA,NA,NA,NA,NA,NA,NA,NA,NA,NA,NA,NA,NA,NA,NA,NA,NA,NA,NA,NA,NA,NA,NA,NA,NA,NA,NA,NA,NA,NA,NA,NA,NA,NA
386054098489998,"MBB",15,0.584318734128623,0.902190934358951,0.921275870809462,2.80685492361967,2.13683610848551,3.30803342598282,2.38675755517336,0.50117850236315,1.1711973174973,NA,NA,NA,NA,NA,NA,NA,NA,NA,NA,NA,NA,NA,NA,NA,NA,NA,NA,NA,NA,NA,NA,NA,NA,NA,NA,NA,NA,NA,NA,NA,NA,NA,NA,NA,NA,NA,NA,NA,NA,NA,NA,NA,NA,NA,NA,NA,NA,NA,NA,NA,NA,NA,NA,NA,NA,NA,NA,NA,NA,NA,NA,NA,NA,NA,NA,NA,NA,NA,NA,NA,NA,NA,NA,NA,NA,NA,NA,NA,NA,NA,NA,NA,NA,NA,NA,NA,NA,NA,NA,NA,NA,NA,NA,NA,NA,NA,NA,NA,NA,NA,NA,NA,NA,NA,NA,NA,NA,NA,NA,NA,NA,NA
386054098489998,"MBB",20,0.950219517553803,1.18707954222644,1.49817943934316,3.97917568259642,2.8895906358014,4.35262498816362,2.85444554882045,0.373449305567191,1.46303435236222,NA,NA,NA,NA,NA,NA,NA,NA,NA,NA,NA,NA,NA,NA,NA,NA,NA,NA,NA,NA,NA,NA,NA,NA,NA,NA,NA,NA,NA,NA,NA,NA,NA,NA,NA,NA,NA,NA,NA,NA,NA,NA,NA,NA,NA,NA,NA,NA,NA,NA,NA,NA,NA,NA,NA,NA,NA,NA,NA,NA,NA,NA,NA,NA,NA,NA,NA,NA,NA,NA,NA,NA,NA,NA,NA,NA,NA,NA,NA,NA,NA,NA,NA,NA,NA,NA,NA,NA,NA,NA,NA,NA,NA,NA,NA,NA,NA,NA,NA,NA,NA,NA,NA,NA,NA,NA,NA,NA,NA,NA,NA,NA,NA
386054140489998,"MBB",0,0,0,0,0,0,0,0,0,0,225798001010854,"Maple / beech / birch group","Sugar maple / beech / yellow birch",67,71.381,2.31397191623684,101.715375620601,144.433104,11683.7687526929,81.3642917020958,11.3632448417401,2010,166.807405941285,74745002010478,NA,NA,NA,NA,75600906010478,2005,"2005-08-15",0,0,0,NA,162.085773207762,0,10.9629558058035,0,98.6202211426394,"2010-11-09",0,0,0,NA,0,0,"221","221Hb",21,109,25,3,37.561506,-83.975496,801,40,0,2015,5.8,"2016-09-07",0,0,0,72,5,33,2,1,1,48.104,800,45,205,0,NA,23,0,2.38131522900024,0,2.38131522900024,170.050981945579,110.069338693036,150.45115,14092.057371,9988.54705398772,79.4841839908507,11.5818478663813,800,"Maple / beech / birch group","Sugar maple / beech / yellow birch",5.82888432580424,0,0,0,0,0,0,0.218603024641141,101.715375620601,11.3632448417401,"Maple / beech / birch group","Sugar maple / beech / yellow birch",62,69.1339,2.29688996369098,150.45115,10828.4862758319,76.8827700264471,NA,NA,NA,NA,NA,NA,NA,NA,NA,10828.4862758319,21109,"Jackson","KY",9
386054140489998,"MBB",5,-1.63992813600006,0.20931873975992,-2.5856200277601,-2.14814386166186,0.382313216700542,0.767502045786371,3.35312207354647,2.91564590744824,0.385188829085829,225798001010854,"Maple / beech / birch group","Sugar maple / beech / yellow birch",67,71.381,2.31397191623684,101.715375620601,144.433104,11683.7687526929,81.3642917020958,11.3632448417401,2010,166.807405941285,74745002010478,NA,NA,NA,NA,75600906010478,2005,"2005-08-15",0,0,0,NA,162.085773207762,0,10.9629558058035,0,98.6202211426394,"2010-11-09",0,0,0,NA,0,0,"221","221Hb",21,109,25,3,37.561506,-83.975496,801,40,0,2015,5.8,"2016-09-07",0,0,0,72,5,33,2,1,1,48.104,800,45,205,0,NA,23,0,2.38131522900024,0,2.38131522900024,170.050981945579,110.069338693036,150.45115,14092.057371,9988.54705398772,79.4841839908507,11.5818478663813,800,"Maple / beech / birch group","Sugar maple / beech / yellow birch",5.82888432580424,0,0,0,0,0,0,0.218603024641141,101.715375620601,11.3632448417401,"Maple / beech / birch group","Sugar maple / beech / yellow birch",62,69.1339,2.29688996369098,150.45115,10828.4862758319,76.8827700264471,NA,NA,NA,NA,NA,NA,NA,NA,NA,10828.4862758319,21109,"Jackson","KY",9
386054140489998,"MBB",10,1.52061593987908,-1.12928239825058,2.39750446520935,0.0373042528656261,-3.23489123623115,-4.14070212691881,-6.53820659212815,-4.17800637978443,-0.905810890687662,225798001010854,"Maple / beech / birch group","Sugar maple / beech / yellow birch",67,71.381,2.31397191623684,101.715375620601,144.433104,11683.7687526929,81.3642917020958,11.3632448417401,2010,166.807405941285,74745002010478,NA,NA,NA,NA,75600906010478,2005,"2005-08-15",0,0,0,NA,162.085773207762,0,10.9629558058035,0,98.6202211426394,"2010-11-09",0,0,0,NA,0,0,"221","221Hb",21,109,25,3,37.561506,-83.975496,801,40,0,2015,5.8,"2016-09-07",0,0,0,72,5,33,2,1,1,48.104,800,45,205,0,NA,23,0,2.38131522900024,0,2.38131522900024,170.050981945579,110.069338693036,150.45115,14092.057371,9988.54705398772,79.4841839908507,11.5818478663813,800,"Maple / beech / birch group","Sugar maple / beech / yellow birch",5.82888432580424,0,0,0,0,0,0,0.218603024641141,101.715375620601,11.3632448417401,"Maple / beech / birch group","Sugar maple / beech / yellow birch",62,69.1339,2.29688996369098,150.45115,10828.4862758319,76.8827700264471,NA,NA,NA,NA,NA,NA,NA,NA,NA,10828.4862758319,21109,"Jackson","KY",9
386054140489998,"MBB",15,1.2597567294724,-0.209958957445617,1.98621644346814,1.5474022224068,0.10288117261179,-0.769849510633931,-2.75606595410208,-2.31725173304073,-0.87273068324572,225798001010854,"Maple / beech / birch group","Sugar maple / beech / yellow birch",67,71.381,2.31397191623684,101.715375620601,144.433104,11683.7687526929,81.3642917020958,11.3632448417401,2010,166.807405941285,74745002010478,NA,NA,NA,NA,75600906010478,2005,"2005-08-15",0,0,0,NA,162.085773207762,0,10.9629558058035,0,98.6202211426394,"2010-11-09",0,0,0,NA,0,0,"221","221Hb",21,109,25,3,37.561506,-83.975496,801,40,0,2015,5.8,"2016-09-07",0,0,0,72,5,33,2,1,1,48.104,800,45,205,0,NA,23,0,2.38131522900024,0,2.38131522900024,170.050981945579,110.069338693036,150.45115,14092.057371,9988.54705398772,79.4841839908507,11.5818478663813,800,"Maple / beech / birch group","Sugar maple / beech / yellow birch",5.82888432580424,0,0,0,0,0,0,0.218603024641141,101.715375620601,11.3632448417401,"Maple / beech / birch group","Sugar maple / beech / yellow birch",62,69.1339,2.29688996369098,150.45115,10828.4862758319,76.8827700264471,NA,NA,NA,NA,NA,NA,NA,NA,NA,10828.4862758319,21109,"Jackson","KY",9
386054140489998,"MBB",20,0.46873849315739,0.605725049465427,0.739044357544819,2.00500971092756,1.46752290544042,2.2209918480399,1.48194749049508,0.215982137112337,0.753468942599478,225798001010854,"Maple / beech / birch group","Sugar maple / beech / yellow birch",67,71.381,2.31397191623684,101.715375620601,144.433104,11683.7687526929,81.3642917020958,11.3632448417401,2010,166.807405941285,74745002010478,NA,NA,NA,NA,75600906010478,2005,"2005-08-15",0,0,0,NA,162.085773207762,0,10.9629558058035,0,98.6202211426394,"2010-11-09",0,0,0,NA,0,0,"221","221Hb",21,109,25,3,37.561506,-83.975496,801,40,0,2015,5.8,"2016-09-07",0,0,0,72,5,33,2,1,1,48.104,800,45,205,0,NA,23,0,2.38131522900024,0,2.38131522900024,170.050981945579,110.069338693036,150.45115,14092.057371,9988.54705398772,79.4841839908507,11.5818478663813,800,"Maple / beech / birch group","Sugar maple / beech / yellow birch",5.82888432580424,0,0,0,0,0,0,0.218603024641141,101.715375620601,11.3632448417401,"Maple / beech / birch group","Sugar maple / beech / yellow birch",62,69.1339,2.29688996369098,150.45115,10828.4862758319,76.8827700264471,NA,NA,NA,NA,NA,NA,NA,NA,NA,10828.4862758319,21109,"Jackson","KY",9
386054297489998,"MBB",0,0,0,0,0,0,0,0,0,0,225797901010854,"Oak / hickory group","Yellow-poplar / white oak / northern red oak",65,63.0624,1.93939409655829,137.302601860719,174.523334,14132.534707173,81.8262800137403,12.0103334818325,2010,209.594255812269,74653372010478,NA,NA,NA,NA,75594597010478,2005,"2005-10-17",0,0,0,NA,192.282549863054,0,11.5531903341264,0,127.049362723616,"2010-08-10",0,0,0,NA,0,0,"221","221Hb",21,197,15,2,37.791361,-83.717613,805,40,0,2015,6.2,"2016-11-04",0,0,0,100,5,38,2,1,1,84.8141,1290,45,120,0,NA,23,0,1.92237208570275,0,1.91696231193789,231.439612985434,149.781188140388,180.54138,18965.180877,20150.089586475,87.1669352121862,12.3333963962352,800,"Maple / beech / birch group","Hard maple / basswood",6.23682409308693,0,0,0,0,0,0,0.323062914402634,137.302601860719,12.0103334818325,"Oak / hickory group","Yellow-poplar / white oak / northern red oak",60,71.61,1.95065758337097,174.523334,14287.103518589,83.9824186029138,NA,NA,NA,NA,NA,NA,NA,NA,NA,14287.103518589,21197,"Powell","KY",6
386054297489998,"MBB",5,-1.53436881911851,0.618866036559815,-2.41918817147685,-1.12575815506684,1.66060838154527,2.26917546738599,4.68836363886284,3.39493362245283,0.60856708584072,225797901010854,"Oak / hickory group","Yellow-poplar / white oak / northern red oak",65,63.0624,1.93939409655829,137.302601860719,174.523334,14132.534707173,81.8262800137403,12.0103334818325,2010,209.594255812269,74653372010478,NA,NA,NA,NA,75594597010478,2005,"2005-10-17",0,0,0,NA,192.282549863054,0,11.5531903341264,0,127.049362723616,"2010-08-10",0,0,0,NA,0,0,"221","221Hb",21,197,15,2,37.791361,-83.717613,805,40,0,2015,6.2,"2016-11-04",0,0,0,100,5,38,2,1,1,84.8141,1290,45,120,0,NA,23,0,1.92237208570275,0,1.91696231193789,231.439612985434,149.781188140388,180.54138,18965.180877,20150.089586475,87.1669352121862,12.3333963962352,800,"Maple / beech / birch group","Hard maple / basswood",6.23682409308693,0,0,0,0,0,0,0.323062914402634,137.302601860719,12.0103334818325,"Oak / hickory group","Yellow-poplar / white oak / northern red oak",60,71.61,1.95065758337097,174.523334,14287.103518589,83.9824186029138,NA,NA,NA,NA,NA,NA,NA,NA,NA,14287.103518589,21197,"Powell","KY",6
386054297489998,"MBB",10,1.24863273089361,-0.426705952677719,1.96867760570893,1.0768621646125,-1.1144730973044,-1.56458849315164,-3.53326609886057,-2.64145065776413,-0.45011539584724,225797901010854,"Oak / hickory group","Yellow-poplar / white oak / northern red oak",65,63.0624,1.93939409655829,137.302601860719,174.523334,14132.534707173,81.8262800137403,12.0103334818325,2010,209.594255812269,74653372010478,NA,NA,NA,NA,75594597010478,2005,"2005-10-17",0,0,0,NA,192.282549863054,0,11.5531903341264,0,127.049362723616,"2010-08-10",0,0,0,NA,0,0,"221","221Hb",21,197,15,2,37.791361,-83.717613,805,40,0,2015,6.2,"2016-11-04",0,0,0,100,5,38,2,1,1,84.8141,1290,45,120,0,NA,23,0,1.92237208570275,0,1.91696231193789,231.439612985434,149.781188140388,180.54138,18965.180877,20150.089586475,87.1669352121862,12.3333963962352,800,"Maple / beech / birch group","Hard maple / basswood",6.23682409308693,0,0,0,0,0,0,0.323062914402634,137.302601860719,12.0103334818325,"Oak / hickory group","Yellow-poplar / white oak / northern red oak",60,71.61,1.95065758337097,174.523334,14287.103518589,83.9824186029138,NA,NA,NA,NA,NA,NA,NA,NA,NA,14287.103518589,21197,"Powell","KY",6
386054297489998,"MBB",15,0.665951927703377,0.372225547264331,1.04998420601232,1.82793559979478,1.0643107226949,1.36482700663588,0.314842800623557,-0.463108593158895,0.300516283940977,225797901010854,"Oak / hickory group","Yellow-poplar / white oak / northern red oak",65,63.0624,1.93939409655829,137.302601860719,174.523334,14132.534707173,81.8262800137403,12.0103334818325,2010,209.594255812269,74653372010478,NA,NA,NA,NA,75594597010478,2005,"2005-10-17",0,0,0,NA,192.282549863054,0,11.5531903341264,0,127.049362723616,"2010-08-10",0,0,0,NA,0,0,"221","221Hb",21,197,15,2,37.791361,-83.717613,805,40,0,2015,6.2,"2016-11-04",0,0,0,100,5,38,2,1,1,84.8141,1290,45,120,0,NA,23,0,1.92237208570275,0,1.91696231193789,231.439612985434,149.781188140388,180.54138,18965.180877,20150.089586475,87.1669352121862,12.3333963962352,800,"Maple / beech / birch group","Hard maple / basswood",6.23682409308693,0,0,0,0,0,0,0.323062914402634,137.302601860719,12.0103334818325,"Oak / hickory group","Yellow-poplar / white oak / northern red oak",60,71.61,1.95065758337097,174.523334,14287.103518589,83.9824186029138,NA,NA,NA,NA,NA,NA,NA,NA,NA,14287.103518589,21197,"Powell","KY",6
386054297489998,"MBB",20,-0.155413189267161,0.755801764774576,-0.24503479507789,1.33459089330097,1.51279801699398,2.77127313750678,3.01630793258467,1.4366822442058,1.25847512051279,225797901010854,"Oak / hickory group","Yellow-poplar / white oak / northern red oak",65,63.0624,1.93939409655829,137.302601860719,174.523334,14132.534707173,81.8262800137403,12.0103334818325,2010,209.594255812269,74653372010478,NA,NA,NA,NA,75594597010478,2005,"2005-10-17",0,0,0,NA,192.282549863054,0,11.5531903341264,0,127.049362723616,"2010-08-10",0,0,0,NA,0,0,"221","221Hb",21,197,15,2,37.791361,-83.717613,805,40,0,2015,6.2,"2016-11-04",0,0,0,100,5,38,2,1,1,84.8141,1290,45,120,0,NA,23,0,1.92237208570275,0,1.91696231193789,231.439612985434,149.781188140388,180.54138,18965.180877,20150.089586475,87.1669352121862,12.3333963962352,800,"Maple / beech / birch group","Hard maple / basswood",6.23682409308693,0,0,0,0,0,0,0.323062914402634,137.302601860719,12.0103334818325,"Oak / hickory group","Yellow-poplar / white oak / northern red oak",60,71.61,1.95065758337097,174.523334,14287.103518589,83.9824186029138,NA,NA,NA,NA,NA,NA,NA,NA,NA,14287.103518589,21197,"Powell","KY",6
386054386489998,"MBB",0,0,0,0,0,0,0,0,0,0,225797573010854,"Maple / beech / birch group","Sugar maple / beech / yellow birch",65,53.8089,2.7537279083415,93.8166464245969,168.505288,7009.32172871752,76.0292608866518,10.1035877644669,2010,143.316582493114,74806297010478,NA,NA,NA,NA,75592487010478,NA,NA,NA,NA,NA,NA,NA,0,NA,NA,NA,"2011-03-02",0,0,0,NA,0,0,"M221","M221Ca",21,193,24,1,37.095217,-83.064565,801,40,0,2015,6.1,"2017-03-21",0,0,0,70,5,38,2,1,1,46.0183,1100,75,10,0,NA,23,0,2.75692317486366,0,2.75692317486366,157.71184067448,99.6101454168209,162.487242,13469.908549,8170.84591458527,76.3048343685293,10.6019215588845,800,"Maple / beech / birch group","Sugar maple / beech / yellow birch",6.05338809034908,0,0,0,0,0,NA,NA,NA,NA,NA,NA,NA,NA,NA,NA,NA,NA,NA,NA,NA,NA,NA,NA,NA,NA,NA,7009.32172871752,21193,"Perry","KY",3
386054386489998,"MBB",5,-1.07433137108603,-0.552650960062959,-1.69386246174564,-2.84890296827723,-1.87405797636768,-2.02638685356418,-0.332524391818544,0.822516114713041,-0.152328877196505,225797573010854,"Maple / beech / birch group","Sugar maple / beech / yellow birch",65,53.8089,2.7537279083415,93.8166464245969,168.505288,7009.32172871752,76.0292608866518,10.1035877644669,2010,143.316582493114,74806297010478,NA,NA,NA,NA,75592487010478,NA,NA,NA,NA,NA,NA,NA,0,NA,NA,NA,"2011-03-02",0,0,0,NA,0,0,"M221","M221Ca",21,193,24,1,37.095217,-83.064565,801,40,0,2015,6.1,"2017-03-21",0,0,0,70,5,38,2,1,1,46.0183,1100,75,10,0,NA,23,0,2.75692317486366,0,2.75692317486366,157.71184067448,99.6101454168209,162.487242,13469.908549,8170.84591458527,76.3048343685293,10.6019215588845,800,"Maple / beech / birch group","Sugar maple / beech / yellow birch",6.05338809034908,0,0,0,0,0,NA,NA,NA,NA,NA,NA,NA,NA,NA,NA,NA,NA,NA,NA,NA,NA,NA,NA,NA,NA,NA,7009.32172871752,21193,"Perry","KY",3
386054386489998,"MBB",10,0.462116899732121,-2.47665438878132,0.728604311910978,-4.44760336064198,-7.55415681348932,-9.08106609219817,-9.80967040410915,-4.63346273155619,-1.52690927870885,225797573010854,"Maple / beech / birch group","Sugar maple / beech / yellow birch",65,53.8089,2.7537279083415,93.8166464245969,168.505288,7009.32172871752,76.0292608866518,10.1035877644669,2010,143.316582493114,74806297010478,NA,NA,NA,NA,75592487010478,NA,NA,NA,NA,NA,NA,NA,0,NA,NA,NA,"2011-03-02",0,0,0,NA,0,0,"M221","M221Ca",21,193,24,1,37.095217,-83.064565,801,40,0,2015,6.1,"2017-03-21",0,0,0,70,5,38,2,1,1,46.0183,1100,75,10,0,NA,23,0,2.75692317486366,0,2.75692317486366,157.71184067448,99.6101454168209,162.487242,13469.908549,8170.84591458527,76.3048343685293,10.6019215588845,800,"Maple / beech / birch group","Sugar maple / beech / yellow birch",6.05338809034908,0,0,0,0,0,NA,NA,NA,NA,NA,NA,NA,NA,NA,NA,NA,NA,NA,NA,NA,NA,NA,NA,NA,NA,NA,7009.32172871752,21193,"Perry","KY",3
386054386489998,"MBB",15,0.680141542945812,-1.0573488800819,1.0723564993779,-1.13750265999328,-1.91739829590448,-3.87694589363364,-4.94930239301154,-2.73944323364036,-1.95954759772916,225797573010854,"Maple / beech / birch group","Sugar maple / beech / yellow birch",65,53.8089,2.7537279083415,93.8166464245969,168.505288,7009.32172871752,76.0292608866518,10.1035877644669,2010,143.316582493114,74806297010478,NA,NA,NA,NA,75592487010478,NA,NA,NA,NA,NA,NA,NA,0,NA,NA,NA,"2011-03-02",0,0,0,NA,0,0,"M221","M221Ca",21,193,24,1,37.095217,-83.064565,801,40,0,2015,6.1,"2017-03-21",0,0,0,70,5,38,2,1,1,46.0183,1100,75,10,0,NA,23,0,2.75692317486366,0,2.75692317486366,157.71184067448,99.6101454168209,162.487242,13469.908549,8170.84591458527,76.3048343685293,10.6019215588845,800,"Maple / beech / birch group","Sugar maple / beech / yellow birch",6.05338809034908,0,0,0,0,0,NA,NA,NA,NA,NA,NA,NA,NA,NA,NA,NA,NA,NA,NA,NA,NA,NA,NA,NA,NA,NA,7009.32172871752,21193,"Perry","KY",3
386054386489998,"MBB",20,0.540143261871772,0.0991056004158935,0.851625876217827,1.05875658108704,0.439392307474079,0.363387201524943,-0.488238674692885,-0.695369379562102,-0.0760051059491367,225797573010854,"Maple / beech / birch group","Sugar maple / beech / yellow birch",65,53.8089,2.7537279083415,93.8166464245969,168.505288,7009.32172871752,76.0292608866518,10.1035877644669,2010,143.316582493114,74806297010478,NA,NA,NA,NA,75592487010478,NA,NA,NA,NA,NA,NA,NA,0,NA,NA,NA,"2011-03-02",0,0,0,NA,0,0,"M221","M221Ca",21,193,24,1,37.095217,-83.064565,801,40,0,2015,6.1,"2017-03-21",0,0,0,70,5,38,2,1,1,46.0183,1100,75,10,0,NA,23,0,2.75692317486366,0,2.75692317486366,157.71184067448,99.6101454168209,162.487242,13469.908549,8170.84591458527,76.3048343685293,10.6019215588845,800,"Maple / beech / birch group","Sugar maple / beech / yellow birch",6.05338809034908,0,0,0,0,0,NA,NA,NA,NA,NA,NA,NA,NA,NA,NA,NA,NA,NA,NA,NA,NA,NA,NA,NA,NA,NA,7009.32172871752,21193,"Perry","KY",3
387484846489998,"MBB",0,0,0,0,0,0,0,0,0,0,196883407010854,"Maple / beech / birch group","Sugar maple / beech / yellow birch",84,43.543,1.49005833107993,75.7745019184601,114.342874,7168.8190851038,77.9588210161666,11.0229903288297,2010,137.865630527145,20645472010478,11.3523565835469,0,84.6004514319677,182.802718005363,76863647010478,2005,"2005-06-29",0,0,0,NA,109.35815797252,0.195021190213327,11.70376414826,0,94.4150123227413,"2010-11-17",0,0,0,NA,0,0,"223","223Eb",47,185,19,4,36.036552,-85.424058,805,40,0,2015,6.4,"2017-04-20",0,0,0,90,5,31,2,1,1,39.2342,1580,48,125,0,NA,22,0,1.57469118141322,0,1.6649590014533,138.859144432883,82.8050025376094,120.36092,10721.817712,6681.57908799063,73.3033390460743,11.2312468141342,800,"Maple / beech / birch group","Hard maple / basswood",6.42299794661191,0,0,0,0,0,0,0.20825648530449,75.7745019184601,11.0229903288297,"Maple / beech / birch group","Sugar maple / beech / yellow birch",79,32.9221,1.30005684723111,126.378966,5536.79041402773,74.6337692449739,"Maple / beech / birch group","Sugar maple / beech / yellow birch",74,45.294,1.29687743544448,120.36092,7497.60163816145,85.4396716826735,2000,7497.60163816145,47185,"White","TN",10
387484846489998,"MBB",5,-0.152132238940963,0.698449766751051,-0.239861830063585,1.21989818244611,2.12688412336268,2.56098247808719,2.80084430815077,1.34108429564108,0.434098354724504,196883407010854,"Maple / beech / birch group","Sugar maple / beech / yellow birch",84,43.543,1.49005833107993,75.7745019184601,114.342874,7168.8190851038,77.9588210161666,11.0229903288297,2010,137.865630527145,20645472010478,11.3523565835469,0,84.6004514319677,182.802718005363,76863647010478,2005,"2005-06-29",0,0,0,NA,109.35815797252,0.195021190213327,11.70376414826,0,94.4150123227413,"2010-11-17",0,0,0,NA,0,0,"223","223Eb",47,185,19,4,36.036552,-85.424058,805,40,0,2015,6.4,"2017-04-20",0,0,0,90,5,31,2,1,1,39.2342,1580,48,125,0,NA,22,0,1.57469118141322,0,1.6649590014533,138.859144432883,82.8050025376094,120.36092,10721.817712,6681.57908799063,73.3033390460743,11.2312468141342,800,"Maple / beech / birch group","Hard maple / basswood",6.42299794661191,0,0,0,0,0,0,0.20825648530449,75.7745019184601,11.0229903288297,"Maple / beech / birch group","Sugar maple / beech / yellow birch",79,32.9221,1.30005684723111,126.378966,5536.79041402773,74.6337692449739,"Maple / beech / birch group","Sugar maple / beech / yellow birch",74,45.294,1.29687743544448,120.36092,7497.60163816145,85.4396716826735,2000,7497.60163816145,47185,"White","TN",10
387484846489998,"MBB",10,0.772405053439006,0.372276505131485,1.21782530092217,1.99588319664697,1.27019644435522,1.36501385214878,0.147188551226613,-0.630869344498191,0.0948174077935635,196883407010854,"Maple / beech / birch group","Sugar maple / beech / yellow birch",84,43.543,1.49005833107993,75.7745019184601,114.342874,7168.8190851038,77.9588210161666,11.0229903288297,2010,137.865630527145,20645472010478,11.3523565835469,0,84.6004514319677,182.802718005363,76863647010478,2005,"2005-06-29",0,0,0,NA,109.35815797252,0.195021190213327,11.70376414826,0,94.4150123227413,"2010-11-17",0,0,0,NA,0,0,"223","223Eb",47,185,19,4,36.036552,-85.424058,805,40,0,2015,6.4,"2017-04-20",0,0,0,90,5,31,2,1,1,39.2342,1580,48,125,0,NA,22,0,1.57469118141322,0,1.6649590014533,138.859144432883,82.8050025376094,120.36092,10721.817712,6681.57908799063,73.3033390460743,11.2312468141342,800,"Maple / beech / birch group","Hard maple / basswood",6.42299794661191,0,0,0,0,0,0,0.20825648530449,75.7745019184601,11.0229903288297,"Maple / beech / birch group","Sugar maple / beech / yellow birch",79,32.9221,1.30005684723111,126.378966,5536.79041402773,74.6337692449739,"Maple / beech / birch group","Sugar maple / beech / yellow birch",74,45.294,1.29687743544448,120.36092,7497.60163816145,85.4396716826735,2000,7497.60163816145,47185,"White","TN",10
387484846489998,"MBB",15,1.16785495146061,1.00803699962889,1.84131797346956,3.94811530269395,2.60897495835245,3.69613566530594,1.85481769183638,-0.251979637388009,1.08716070695349,196883407010854,"Maple / beech / birch group","Sugar maple / beech / yellow birch",84,43.543,1.49005833107993,75.7745019184601,114.342874,7168.8190851038,77.9588210161666,11.0229903288297,2010,137.865630527145,20645472010478,11.3523565835469,0,84.6004514319677,182.802718005363,76863647010478,2005,"2005-06-29",0,0,0,NA,109.35815797252,0.195021190213327,11.70376414826,0,94.4150123227413,"2010-11-17",0,0,0,NA,0,0,"223","223Eb",47,185,19,4,36.036552,-85.424058,805,40,0,2015,6.4,"2017-04-20",0,0,0,90,5,31,2,1,1,39.2342,1580,48,125,0,NA,22,0,1.57469118141322,0,1.6649590014533,138.859144432883,82.8050025376094,120.36092,10721.817712,6681.57908799063,73.3033390460743,11.2312468141342,800,"Maple / beech / birch group","Hard maple / basswood",6.42299794661191,0,0,0,0,0,0,0.20825648530449,75.7745019184601,11.0229903288297,"Maple / beech / birch group","Sugar maple / beech / yellow birch",79,32.9221,1.30005684723111,126.378966,5536.79041402773,74.6337692449739,"Maple / beech / birch group","Sugar maple / beech / yellow birch",74,45.294,1.29687743544448,120.36092,7497.60163816145,85.4396716826735,2000,7497.60163816145,47185,"White","TN",10
387484846489998,"MBB",20,1.50127547728228,1.10013794806498,2.36701100251507,4.66629931397088,2.9448367666872,4.03383914290494,1.66682814038987,-0.632460171065946,1.08900237621774,196883407010854,"Maple / beech / birch group","Sugar maple / beech / yellow birch",84,43.543,1.49005833107993,75.7745019184601,114.342874,7168.8190851038,77.9588210161666,11.0229903288297,2010,137.865630527145,20645472010478,11.3523565835469,0,84.6004514319677,182.802718005363,76863647010478,2005,"2005-06-29",0,0,0,NA,109.35815797252,0.195021190213327,11.70376414826,0,94.4150123227413,"2010-11-17",0,0,0,NA,0,0,"223","223Eb",47,185,19,4,36.036552,-85.424058,805,40,0,2015,6.4,"2017-04-20",0,0,0,90,5,31,2,1,1,39.2342,1580,48,125,0,NA,22,0,1.57469118141322,0,1.6649590014533,138.859144432883,82.8050025376094,120.36092,10721.817712,6681.57908799063,73.3033390460743,11.2312468141342,800,"Maple / beech / birch group","Hard maple / basswood",6.42299794661191,0,0,0,0,0,0,0.20825648530449,75.7745019184601,11.0229903288297,"Maple / beech / birch group","Sugar maple / beech / yellow birch",79,32.9221,1.30005684723111,126.378966,5536.79041402773,74.6337692449739,"Maple / beech / birch group","Sugar maple / beech / yellow birch",74,45.294,1.29687743544448,120.36092,7497.60163816145,85.4396716826735,2000,7497.60163816145,47185,"White","TN",10
387484893489998,"MBB",0,0,0,0,0,0,0,0,0,0,NA,NA,NA,NA,NA,NA,NA,NA,NA,NA,NA,NA,NA,NA,NA,NA,NA,NA,NA,NA,NA,NA,NA,NA,NA,NA,NA,NA,NA,NA,NA,NA,NA,NA,NA,NA,NA,NA,NA,NA,NA,NA,NA,NA,NA,NA,NA,NA,NA,NA,NA,NA,NA,NA,NA,NA,NA,NA,NA,NA,NA,NA,NA,NA,NA,NA,NA,NA,NA,NA,NA,NA,NA,NA,NA,NA,NA,NA,NA,NA,NA,NA,NA,NA,NA,NA,NA,NA,NA,NA,NA,NA,NA,NA,NA,NA,NA,NA,NA,NA,NA,NA,NA,NA,NA,NA,NA,NA,NA,NA,NA,NA,NA
387484893489998,"MBB",5,0.292298478710182,0.259921848443271,0.460857268099721,1.00409393134616,0.847327049798904,0.953046777625328,0.492189509525606,-0.0510471537208304,0.105719727826423,NA,NA,NA,NA,NA,NA,NA,NA,NA,NA,NA,NA,NA,NA,NA,NA,NA,NA,NA,NA,NA,NA,NA,NA,NA,NA,NA,NA,NA,NA,NA,NA,NA,NA,NA,NA,NA,NA,NA,NA,NA,NA,NA,NA,NA,NA,NA,NA,NA,NA,NA,NA,NA,NA,NA,NA,NA,NA,NA,NA,NA,NA,NA,NA,NA,NA,NA,NA,NA,NA,NA,NA,NA,NA,NA,NA,NA,NA,NA,NA,NA,NA,NA,NA,NA,NA,NA,NA,NA,NA,NA,NA,NA,NA,NA,NA,NA,NA,NA,NA,NA,NA,NA,NA,NA,NA,NA,NA,NA,NA,NA,NA,NA
387484893489998,"MBB",10,0.617793963927448,0.542067945428611,0.974055149792276,2.10697715573807,1.76841630614851,1.98758246657157,1.0135273167793,-0.119394689166499,0.21916616042306,NA,NA,NA,NA,NA,NA,NA,NA,NA,NA,NA,NA,NA,NA,NA,NA,NA,NA,NA,NA,NA,NA,NA,NA,NA,NA,NA,NA,NA,NA,NA,NA,NA,NA,NA,NA,NA,NA,NA,NA,NA,NA,NA,NA,NA,NA,NA,NA,NA,NA,NA,NA,NA,NA,NA,NA,NA,NA,NA,NA,NA,NA,NA,NA,NA,NA,NA,NA,NA,NA,NA,NA,NA,NA,NA,NA,NA,NA,NA,NA,NA,NA,NA,NA,NA,NA,NA,NA,NA,NA,NA,NA,NA,NA,NA,NA,NA,NA,NA,NA,NA,NA,NA,NA,NA,NA,NA,NA,NA,NA,NA,NA,NA
387484893489998,"MBB",15,0.0318142762967106,0.895779224530856,0.0501605089611471,1.92233908823064,1.88585871807707,3.2845238232798,3.23436331431866,1.36218473504917,1.39866510520273,NA,NA,NA,NA,NA,NA,NA,NA,NA,NA,NA,NA,NA,NA,NA,NA,NA,NA,NA,NA,NA,NA,NA,NA,NA,NA,NA,NA,NA,NA,NA,NA,NA,NA,NA,NA,NA,NA,NA,NA,NA,NA,NA,NA,NA,NA,NA,NA,NA,NA,NA,NA,NA,NA,NA,NA,NA,NA,NA,NA,NA,NA,NA,NA,NA,NA,NA,NA,NA,NA,NA,NA,NA,NA,NA,NA,NA,NA,NA,NA,NA,NA,NA,NA,NA,NA,NA,NA,NA,NA,NA,NA,NA,NA,NA,NA,NA,NA,NA,NA,NA,NA,NA,NA,NA,NA,NA,NA,NA,NA,NA,NA,NA
387484893489998,"MBB",20,0.460768643270746,0.802704269238974,0.72647856089021,2.40413048359967,1.87578243931588,2.94324898720957,2.21677042631936,0.539118503609906,1.06746654789369,NA,NA,NA,NA,NA,NA,NA,NA,NA,NA,NA,NA,NA,NA,NA,NA,NA,NA,NA,NA,NA,NA,NA,NA,NA,NA,NA,NA,NA,NA,NA,NA,NA,NA,NA,NA,NA,NA,NA,NA,NA,NA,NA,NA,NA,NA,NA,NA,NA,NA,NA,NA,NA,NA,NA,NA,NA,NA,NA,NA,NA,NA,NA,NA,NA,NA,NA,NA,NA,NA,NA,NA,NA,NA,NA,NA,NA,NA,NA,NA,NA,NA,NA,NA,NA,NA,NA,NA,NA,NA,NA,NA,NA,NA,NA,NA,NA,NA,NA,NA,NA,NA,NA,NA,NA,NA,NA,NA,NA,NA,NA,NA,NA
387485116489998,"MBB",0,0,0,0,0,0,0,0,0,0,196883669010854,"Oak / hickory group","Mixed upland hardwoods",77,55.7857,2.23905712302398,134.684186510663,186.559426,5511.89943274311,62.2566896747823,11.5051461136647,2010,164.011453907634,20663126010478,10.2948593057409,10,111.316987913945,99.7158003885497,76841079010478,2005,"2005-04-27",0,0,0,NA,136.00304693903,0,10.6782111586345,0,116.019059289219,"2010-03-22",0,0,0,NA,0,0,"223","223Ec",47,117,19,3,35.300355,-86.737461,801,40,0,2015,6.9,"2017-02-01",0,0,0,83,5,31,2,1,1,55.7114,910,45,149,0,NA,22,0,2.17266339694503,0,2.17552765915425,222.664290961186,168.423352794783,210.63161,18009.784728,7458.42832920733,66.4856829203488,12.1082621142991,800,"Maple / beech / birch group","Sugar maple / beech / yellow birch",6.86652977412731,0,0,0,0,0,0,0.603116000634412,134.684186510663,11.5051461136647,"Oak / hickory group","Mixed upland hardwoods",73,52.3574,2.30320073359242,186.559426,4635.83958586858,62.3349161090199,"Oak / hickory group","Mixed upland hardwoods",68,44.8546,2.44451437093066,192.577472,3060.08501298954,59.2314229505737,2000,3060.08501298954,47117,"Marshall","TN",7
387485116489998,"MBB",5,-2.84185026471507,1.50927738185968,-4.48065058403409,-1.32626085594735,4.19387829377342,5.53401706681884,10.0146676508529,6.86027792276619,1.34013877304543,196883669010854,"Oak / hickory group","Mixed upland hardwoods",77,55.7857,2.23905712302398,134.684186510663,186.559426,5511.89943274311,62.2566896747823,11.5051461136647,2010,164.011453907634,20663126010478,10.2948593057409,10,111.316987913945,99.7158003885497,76841079010478,2005,"2005-04-27",0,0,0,NA,136.00304693903,0,10.6782111586345,0,116.019059289219,"2010-03-22",0,0,0,NA,0,0,"223","223Ec",47,117,19,3,35.300355,-86.737461,801,40,0,2015,6.9,"2017-02-01",0,0,0,83,5,31,2,1,1,55.7114,910,45,149,0,NA,22,0,2.17266339694503,0,2.17552765915425,222.664290961186,168.423352794783,210.63161,18009.784728,7458.42832920733,66.4856829203488,12.1082621142991,800,"Maple / beech / birch group","Sugar maple / beech / yellow birch",6.86652977412731,0,0,0,0,0,0,0.603116000634412,134.684186510663,11.5051461136647,"Oak / hickory group","Mixed upland hardwoods",73,52.3574,2.30320073359242,186.559426,4635.83958586858,62.3349161090199,"Oak / hickory group","Mixed upland hardwoods",68,44.8546,2.44451437093066,192.577472,3060.08501298954,59.2314229505737,2000,3060.08501298954,47117,"Marshall","TN",7
387485116489998,"MBB",10,0.236118611481365,0.400835361609931,0.372280344102285,1.21002624986704,1.27235189159561,1.46972965923641,1.09744931513413,0.259703409369373,0.197377767640808,196883669010854,"Oak / hickory group","Mixed upland hardwoods",77,55.7857,2.23905712302398,134.684186510663,186.559426,5511.89943274311,62.2566896747823,11.5051461136647,2010,164.011453907634,20663126010478,10.2948593057409,10,111.316987913945,99.7158003885497,76841079010478,2005,"2005-04-27",0,0,0,NA,136.00304693903,0,10.6782111586345,0,116.019059289219,"2010-03-22",0,0,0,NA,0,0,"223","223Ec",47,117,19,3,35.300355,-86.737461,801,40,0,2015,6.9,"2017-02-01",0,0,0,83,5,31,2,1,1,55.7114,910,45,149,0,NA,22,0,2.17266339694503,0,2.17552765915425,222.664290961186,168.423352794783,210.63161,18009.784728,7458.42832920733,66.4856829203488,12.1082621142991,800,"Maple / beech / birch group","Sugar maple / beech / yellow birch",6.86652977412731,0,0,0,0,0,0,0.603116000634412,134.684186510663,11.5051461136647,"Oak / hickory group","Mixed upland hardwoods",73,52.3574,2.30320073359242,186.559426,4635.83958586858,62.3349161090199,"Oak / hickory group","Mixed upland hardwoods",68,44.8546,2.44451437093066,192.577472,3060.08501298954,59.2314229505737,2000,3060.08501298954,47117,"Marshall","TN",7
387485116489998,"MBB",15,0.690740213735995,0.643148152381906,1.08906707032375,2.43324670880194,1.64119793038466,2.35820989206699,1.26914282174324,-0.0750368167349476,0.717011961682327,196883669010854,"Oak / hickory group","Mixed upland hardwoods",77,55.7857,2.23905712302398,134.684186510663,186.559426,5511.89943274311,62.2566896747823,11.5051461136647,2010,164.011453907634,20663126010478,10.2948593057409,10,111.316987913945,99.7158003885497,76841079010478,2005,"2005-04-27",0,0,0,NA,136.00304693903,0,10.6782111586345,0,116.019059289219,"2010-03-22",0,0,0,NA,0,0,"223","223Ec",47,117,19,3,35.300355,-86.737461,801,40,0,2015,6.9,"2017-02-01",0,0,0,83,5,31,2,1,1,55.7114,910,45,149,0,NA,22,0,2.17266339694503,0,2.17552765915425,222.664290961186,168.423352794783,210.63161,18009.784728,7458.42832920733,66.4856829203488,12.1082621142991,800,"Maple / beech / birch group","Sugar maple / beech / yellow birch",6.86652977412731,0,0,0,0,0,0,0.603116000634412,134.684186510663,11.5051461136647,"Oak / hickory group","Mixed upland hardwoods",73,52.3574,2.30320073359242,186.559426,4635.83958586858,62.3349161090199,"Oak / hickory group","Mixed upland hardwoods",68,44.8546,2.44451437093066,192.577472,3060.08501298954,59.2314229505737,2000,3060.08501298954,47117,"Marshall","TN",7
387485116489998,"MBB",20,1.11960550793123,0.379660767266742,1.76524468417157,2.55873568775906,1.27492137199792,1.39208947997805,-0.373155204193514,-1.166646207781,0.117168107980135,196883669010854,"Oak / hickory group","Mixed upland hardwoods",77,55.7857,2.23905712302398,134.684186510663,186.559426,5511.89943274311,62.2566896747823,11.5051461136647,2010,164.011453907634,20663126010478,10.2948593057409,10,111.316987913945,99.7158003885497,76841079010478,2005,"2005-04-27",0,0,0,NA,136.00304693903,0,10.6782111586345,0,116.019059289219,"2010-03-22",0,0,0,NA,0,0,"223","223Ec",47,117,19,3,35.300355,-86.737461,801,40,0,2015,6.9,"2017-02-01",0,0,0,83,5,31,2,1,1,55.7114,910,45,149,0,NA,22,0,2.17266339694503,0,2.17552765915425,222.664290961186,168.423352794783,210.63161,18009.784728,7458.42832920733,66.4856829203488,12.1082621142991,800,"Maple / beech / birch group","Sugar maple / beech / yellow birch",6.86652977412731,0,0,0,0,0,0,0.603116000634412,134.684186510663,11.5051461136647,"Oak / hickory group","Mixed upland hardwoods",73,52.3574,2.30320073359242,186.559426,4635.83958586858,62.3349161090199,"Oak / hickory group","Mixed upland hardwoods",68,44.8546,2.44451437093066,192.577472,3060.08501298954,59.2314229505737,2000,3060.08501298954,47117,"Marshall","TN",7
387485117489998,"MBB",0,0,0,0,0,0,0,0,0,0,196883673010854,"Maple / beech / birch group","Sugar maple / beech / yellow birch",56,46.9557,1.57198943388408,95.9773596520198,126.378966,10007.4441216368,69.1345076109018,11.8002017739004,2010,147.001453540441,20662541010478,10.8499057390124,0,85.0051519061274,136.599803731304,76836459010478,2005,"2006-01-10",0,0,0,NA,132.518977523746,0,11.092892056027,0,96.9329549541068,"2009-12-21",0,0,0,12,0,10,"223","223Ec",47,103,35,3,35.083474,-86.664463,805,40,0,2015,7.7,"2017-08-30",0,0,0,63,5,33,2,1,1,40.5251,900,58,126,0,NA,22,0,1.56694138533439,0,1.54041802715547,169.61426353839,108.63418809916,138.415058,13908.041569,12553.6767844409,77.6803799002508,11.9959328252465,800,"Maple / beech / birch group","Hard maple / basswood",7.69062286105407,0,0,1,0,1,0,0.195731051346096,95.9773596520198,11.8002017739004,"Oak / hickory group","White oak / red oak / hickory",52,47.0055,1.58245920285191,144.433104,8483.890242249,66.5123081255857,"Maple / beech / birch group","Hard maple / basswood",47,50.8479,1.62698862741392,132.397012,9023.20992198445,68.2804178869061,2000,9023.20992198445,47103,"Lincoln","TN",7
387485117489998,"MBB",5,-0.933628318609568,0.053584057395463,-1.47202064900775,-1.36002996905123,0.015658365800495,0.196474877116698,1.66849552612445,1.55650484616793,0.180816511316203,196883673010854,"Maple / beech / birch group","Sugar maple / beech / yellow birch",56,46.9557,1.57198943388408,95.9773596520198,126.378966,10007.4441216368,69.1345076109018,11.8002017739004,2010,147.001453540441,20662541010478,10.8499057390124,0,85.0051519061274,136.599803731304,76836459010478,2005,"2006-01-10",0,0,0,NA,132.518977523746,0,11.092892056027,0,96.9329549541068,"2009-12-21",0,0,0,12,0,10,"223","223Ec",47,103,35,3,35.083474,-86.664463,805,40,0,2015,7.7,"2017-08-30",0,0,0,63,5,33,2,1,1,40.5251,900,58,126,0,NA,22,0,1.56694138533439,0,1.54041802715547,169.61426353839,108.63418809916,138.415058,13908.041569,12553.6767844409,77.6803799002508,11.9959328252465,800,"Maple / beech / birch group","Hard maple / basswood",7.69062286105407,0,0,1,0,1,0,0.195731051346096,95.9773596520198,11.8002017739004,"Oak / hickory group","White oak / red oak / hickory",52,47.0055,1.58245920285191,144.433104,8483.890242249,66.5123081255857,"Maple / beech / birch group","Hard maple / basswood",47,50.8479,1.62698862741392,132.397012,9023.20992198445,68.2804178869061,2000,9023.20992198445,47103,"Lincoln","TN",7
387485117489998,"MBB",10,-0.0733903126284574,-0.556218270310877,-0.115712059577534,-1.27820824452727,-1.72489472257806,-2.03946699113988,-1.92375493156235,-0.761258746612616,-0.314572268561828,196883673010854,"Maple / beech / birch group","Sugar maple / beech / yellow birch",56,46.9557,1.57198943388408,95.9773596520198,126.378966,10007.4441216368,69.1345076109018,11.8002017739004,2010,147.001453540441,20662541010478,10.8499057390124,0,85.0051519061274,136.599803731304,76836459010478,2005,"2006-01-10",0,0,0,NA,132.518977523746,0,11.092892056027,0,96.9329549541068,"2009-12-21",0,0,0,12,0,10,"223","223Ec",47,103,35,3,35.083474,-86.664463,805,40,0,2015,7.7,"2017-08-30",0,0,0,63,5,33,2,1,1,40.5251,900,58,126,0,NA,22,0,1.56694138533439,0,1.54041802715547,169.61426353839,108.63418809916,138.415058,13908.041569,12553.6767844409,77.6803799002508,11.9959328252465,800,"Maple / beech / birch group","Hard maple / basswood",7.69062286105407,0,0,1,0,1,0,0.195731051346096,95.9773596520198,11.8002017739004,"Oak / hickory group","White oak / red oak / hickory",52,47.0055,1.58245920285191,144.433104,8483.890242249,66.5123081255857,"Maple / beech / birch group","Hard maple / basswood",47,50.8479,1.62698862741392,132.397012,9023.20992198445,68.2804178869061,2000,9023.20992198445,47103,"Lincoln","TN",7
387485117489998,"MBB",15,0.147295220281157,0.251140213878563,0.232235463976624,0.75711851098282,0.588219991727093,0.920847450888063,0.688611986911439,0.163728939905243,0.33262745916097,196883673010854,"Maple / beech / birch group","Sugar maple / beech / yellow birch",56,46.9557,1.57198943388408,95.9773596520198,126.378966,10007.4441216368,69.1345076109018,11.8002017739004,2010,147.001453540441,20662541010478,10.8499057390124,0,85.0051519061274,136.599803731304,76836459010478,2005,"2006-01-10",0,0,0,NA,132.518977523746,0,11.092892056027,0,96.9329549541068,"2009-12-21",0,0,0,12,0,10,"223","223Ec",47,103,35,3,35.083474,-86.664463,805,40,0,2015,7.7,"2017-08-30",0,0,0,63,5,33,2,1,1,40.5251,900,58,126,0,NA,22,0,1.56694138533439,0,1.54041802715547,169.61426353839,108.63418809916,138.415058,13908.041569,12553.6767844409,77.6803799002508,11.9959328252465,800,"Maple / beech / birch group","Hard maple / basswood",7.69062286105407,0,0,1,0,1,0,0.195731051346096,95.9773596520198,11.8002017739004,"Oak / hickory group","White oak / red oak / hickory",52,47.0055,1.58245920285191,144.433104,8483.890242249,66.5123081255857,"Maple / beech / birch group","Hard maple / basswood",47,50.8479,1.62698862741392,132.397012,9023.20992198445,68.2804178869061,2000,9023.20992198445,47103,"Lincoln","TN",7
387485117489998,"MBB",20,0.624852784904587,0.61821089488077,0.985184557532899,2.27724532783371,1.56074746780978,2.26677328122949,1.28158872369659,-0.0104720466042192,0.706025813419707,196883673010854,"Maple / beech / birch group","Sugar maple / beech / yellow birch",56,46.9557,1.57198943388408,95.9773596520198,126.378966,10007.4441216368,69.1345076109018,11.8002017739004,2010,147.001453540441,20662541010478,10.8499057390124,0,85.0051519061274,136.599803731304,76836459010478,2005,"2006-01-10",0,0,0,NA,132.518977523746,0,11.092892056027,0,96.9329549541068,"2009-12-21",0,0,0,12,0,10,"223","223Ec",47,103,35,3,35.083474,-86.664463,805,40,0,2015,7.7,"2017-08-30",0,0,0,63,5,33,2,1,1,40.5251,900,58,126,0,NA,22,0,1.56694138533439,0,1.54041802715547,169.61426353839,108.63418809916,138.415058,13908.041569,12553.6767844409,77.6803799002508,11.9959328252465,800,"Maple / beech / birch group","Hard maple / basswood",7.69062286105407,0,0,1,0,1,0,0.195731051346096,95.9773596520198,11.8002017739004,"Oak / hickory group","White oak / red oak / hickory",52,47.0055,1.58245920285191,144.433104,8483.890242249,66.5123081255857,"Maple / beech / birch group","Hard maple / basswood",47,50.8479,1.62698862741392,132.397012,9023.20992198445,68.2804178869061,2000,9023.20992198445,47103,"Lincoln","TN",7
387485143489998,"MBB",0,0,0,0,0,0,0,0,0,0,196883305010854,"Maple / beech / birch group","Hard maple / basswood",34,46.9698,2.14780520300119,103.35945078286,150.45115,7344.73335803969,63.6133498222218,11.2232793781497,2010,126.680528955663,20663923010478,10.7234478286292,0,113.229809792537,138.690608684812,76847808010478,2005,"2005-11-15",0,0,0,NA,120.518128296959,0.240358823414239,11.2262691645461,0,128.234012586041,"2011-01-13",0,0,0,12,0,10,"223","223Eb",47,137,6,4,36.551569,-85.144374,805,40,0,2015,6.4,"2017-06-02",0,0,0,65,4,31,2,1,1,55.3223,1190,30,353,0,NA,22,0,1.89750123214993,0,1.89750123214993,173.295421090918,122.165714422706,156.469196,14596.627161,11396.6464721169,83.1457351665575,11.9647237905693,800,"Maple / beech / birch group","Hard maple / basswood",6.38466803559206,0,0,1,0,1,0.240358823414239,0.50282133591686,113.229809792537,10.7234478286292,"Maple / beech / birch group","Hard maple / basswood",69,40.9455,2.06916324545862,186.559426,6236.64930029103,67.7201123921504,"Oak / hickory group","Mixed upland hardwoods",46,41.4491,2.12748317135281,180.54138,8502.80728379276,70.5085582201527,2000,8502.80728379276,47137,"Pickett","TN",10
387485143489998,"MBB",5,-1.16417709074498,1.59002362083863,-1.83551921307458,1.48763015447815,4.71100441766378,5.83008660974163,7.66560582281622,4.34245645526349,1.11908219207786,196883305010854,"Maple / beech / birch group","Hard maple / basswood",34,46.9698,2.14780520300119,103.35945078286,150.45115,7344.73335803969,63.6133498222218,11.2232793781497,2010,126.680528955663,20663923010478,10.7234478286292,0,113.229809792537,138.690608684812,76847808010478,2005,"2005-11-15",0,0,0,NA,120.518128296959,0.240358823414239,11.2262691645461,0,128.234012586041,"2011-01-13",0,0,0,12,0,10,"223","223Eb",47,137,6,4,36.551569,-85.144374,805,40,0,2015,6.4,"2017-06-02",0,0,0,65,4,31,2,1,1,55.3223,1190,30,353,0,NA,22,0,1.89750123214993,0,1.89750123214993,173.295421090918,122.165714422706,156.469196,14596.627161,11396.6464721169,83.1457351665575,11.9647237905693,800,"Maple / beech / birch group","Hard maple / basswood",6.38466803559206,0,0,1,0,1,0.240358823414239,0.50282133591686,113.229809792537,10.7234478286292,"Maple / beech / birch group","Hard maple / basswood",69,40.9455,2.06916324545862,186.559426,6236.64930029103,67.7201123921504,"Oak / hickory group","Mixed upland hardwoods",46,41.4491,2.12748317135281,180.54138,8502.80728379276,70.5085582201527,2000,8502.80728379276,47137,"Pickett","TN",10
387485143489998,"MBB",10,1.92714932000041,1.70270773008729,3.03847209453398,6.59713125041642,5.55268369986892,6.24326167698673,3.20478958245275,-0.353869573429686,0.690577977117812,196883305010854,"Maple / beech / birch group","Hard maple / basswood",34,46.9698,2.14780520300119,103.35945078286,150.45115,7344.73335803969,63.6133498222218,11.2232793781497,2010,126.680528955663,20663923010478,10.7234478286292,0,113.229809792537,138.690608684812,76847808010478,2005,"2005-11-15",0,0,0,NA,120.518128296959,0.240358823414239,11.2262691645461,0,128.234012586041,"2011-01-13",0,0,0,12,0,10,"223","223Eb",47,137,6,4,36.551569,-85.144374,805,40,0,2015,6.4,"2017-06-02",0,0,0,65,4,31,2,1,1,55.3223,1190,30,353,0,NA,22,0,1.89750123214993,0,1.89750123214993,173.295421090918,122.165714422706,156.469196,14596.627161,11396.6464721169,83.1457351665575,11.9647237905693,800,"Maple / beech / birch group","Hard maple / basswood",6.38466803559206,0,0,1,0,1,0.240358823414239,0.50282133591686,113.229809792537,10.7234478286292,"Maple / beech / birch group","Hard maple / basswood",69,40.9455,2.06916324545862,186.559426,6236.64930029103,67.7201123921504,"Oak / hickory group","Mixed upland hardwoods",46,41.4491,2.12748317135281,180.54138,8502.80728379276,70.5085582201527,2000,8502.80728379276,47137,"Pickett","TN",10
387485143489998,"MBB",15,1.3097371399405,0.907714131265641,2.06501889063952,3.96214142498471,2.4603095045196,3.32828514797402,1.26326625733449,-0.633856277010696,0.867975643454411,196883305010854,"Maple / beech / birch group","Hard maple / basswood",34,46.9698,2.14780520300119,103.35945078286,150.45115,7344.73335803969,63.6133498222218,11.2232793781497,2010,126.680528955663,20663923010478,10.7234478286292,0,113.229809792537,138.690608684812,76847808010478,2005,"2005-11-15",0,0,0,NA,120.518128296959,0.240358823414239,11.2262691645461,0,128.234012586041,"2011-01-13",0,0,0,12,0,10,"223","223Eb",47,137,6,4,36.551569,-85.144374,805,40,0,2015,6.4,"2017-06-02",0,0,0,65,4,31,2,1,1,55.3223,1190,30,353,0,NA,22,0,1.89750123214993,0,1.89750123214993,173.295421090918,122.165714422706,156.469196,14596.627161,11396.6464721169,83.1457351665575,11.9647237905693,800,"Maple / beech / birch group","Hard maple / basswood",6.38466803559206,0,0,1,0,1,0.240358823414239,0.50282133591686,113.229809792537,10.7234478286292,"Maple / beech / birch group","Hard maple / basswood",69,40.9455,2.06916324545862,186.559426,6236.64930029103,67.7201123921504,"Oak / hickory group","Mixed upland hardwoods",46,41.4491,2.12748317135281,180.54138,8502.80728379276,70.5085582201527,2000,8502.80728379276,47137,"Pickett","TN",10
387485143489998,"MBB",20,0.430410563664434,-0.130168021665583,0.678613988710924,0.406562823429856,-0.086974622905361,-0.477282746107136,-1.15589673481806,-0.883845569536992,-0.390308123201775,196883305010854,"Maple / beech / birch group","Hard maple / basswood",34,46.9698,2.14780520300119,103.35945078286,150.45115,7344.73335803969,63.6133498222218,11.2232793781497,2010,126.680528955663,20663923010478,10.7234478286292,0,113.229809792537,138.690608684812,76847808010478,2005,"2005-11-15",0,0,0,NA,120.518128296959,0.240358823414239,11.2262691645461,0,128.234012586041,"2011-01-13",0,0,0,12,0,10,"223","223Eb",47,137,6,4,36.551569,-85.144374,805,40,0,2015,6.4,"2017-06-02",0,0,0,65,4,31,2,1,1,55.3223,1190,30,353,0,NA,22,0,1.89750123214993,0,1.89750123214993,173.295421090918,122.165714422706,156.469196,14596.627161,11396.6464721169,83.1457351665575,11.9647237905693,800,"Maple / beech / birch group","Hard maple / basswood",6.38466803559206,0,0,1,0,1,0.240358823414239,0.50282133591686,113.229809792537,10.7234478286292,"Maple / beech / birch group","Hard maple / basswood",69,40.9455,2.06916324545862,186.559426,6236.64930029103,67.7201123921504,"Oak / hickory group","Mixed upland hardwoods",46,41.4491,2.12748317135281,180.54138,8502.80728379276,70.5085582201527,2000,8502.80728379276,47137,"Pickett","TN",10
433033799489998,"MBB",0,0,0,0,0,0,0,0,0,0,252280990010854,"Maple / beech / birch group","Hard maple / basswood",51,22.0121,1.927624110505,60.6780123185324,138.415058,2006.57567159038,67.5511950284842,8.965333234186,2011,63.1431427719084,43885090010478,NA,NA,NA,NA,100206202010478,2007,"2007-06-11",46,0,0,12,58.3404939398481,0.371162778399626,9.93107342409866,10,100.351695852554,"2011-06-13",0,0,0,NA,0,0,"M221","M221Aa",51,21,42,5,37.11835,-80.977291,805,40,0,2016,5.7,"2017-02-28",10,0,0,57,4,36,2,1,1,28.0131,2440,15,346,0,NA,23,0,1.92088071396172,0,1.91690254864193,78.3355268208463,65.6441926017846,138.415058,6425.754367,3090.61615512973,68.8119029201445,9.32500169017353,800,"Maple / beech / birch group","Hard maple / basswood",5.7138945927447,0,0,0,1,1,0.371162778399626,NA,NA,NA,"Maple / beech / birch group","Hard maple / basswood",46,15.1413,1.99189121745653,186.559426,1382.63513371042,64.9190894268376,NA,NA,NA,NA,NA,NA,NA,NA,NA,1382.63513371042,51021,"Bland","VA",11
433033799489998,"MBB",5,0.722679313347285,-0.366332667902115,1.13942438404422,0.373789108128798,-1.01267592700295,-1.34321978230776,-2.48264416635198,-1.71700889043655,-0.330543855304807,252280990010854,"Maple / beech / birch group","Hard maple / basswood",51,22.0121,1.927624110505,60.6780123185324,138.415058,2006.57567159038,67.5511950284842,8.965333234186,2011,63.1431427719084,43885090010478,NA,NA,NA,NA,100206202010478,2007,"2007-06-11",46,0,0,12,58.3404939398481,0.371162778399626,9.93107342409866,10,100.351695852554,"2011-06-13",0,0,0,NA,0,0,"M221","M221Aa",51,21,42,5,37.11835,-80.977291,805,40,0,2016,5.7,"2017-02-28",10,0,0,57,4,36,2,1,1,28.0131,2440,15,346,0,NA,23,0,1.92088071396172,0,1.91690254864193,78.3355268208463,65.6441926017846,138.415058,6425.754367,3090.61615512973,68.8119029201445,9.32500169017353,800,"Maple / beech / birch group","Hard maple / basswood",5.7138945927447,0,0,0,1,1,0.371162778399626,NA,NA,NA,"Maple / beech / birch group","Hard maple / basswood",46,15.1413,1.99189121745653,186.559426,1382.63513371042,64.9190894268376,NA,NA,NA,NA,NA,NA,NA,NA,NA,1382.63513371042,51021,"Bland","VA",11
433033799489998,"MBB",10,0.703747222036582,-1.7866898206662,1.10957478674434,-2.62460693844801,-5.39040509212603,-6.55119600910938,-7.66077079585373,-3.92658907066138,-1.16079091698335,252280990010854,"Maple / beech / birch group","Hard maple / basswood",51,22.0121,1.927624110505,60.6780123185324,138.415058,2006.57567159038,67.5511950284842,8.965333234186,2011,63.1431427719084,43885090010478,NA,NA,NA,NA,100206202010478,2007,"2007-06-11",46,0,0,12,58.3404939398481,0.371162778399626,9.93107342409866,10,100.351695852554,"2011-06-13",0,0,0,NA,0,0,"M221","M221Aa",51,21,42,5,37.11835,-80.977291,805,40,0,2016,5.7,"2017-02-28",10,0,0,57,4,36,2,1,1,28.0131,2440,15,346,0,NA,23,0,1.92088071396172,0,1.91690254864193,78.3355268208463,65.6441926017846,138.415058,6425.754367,3090.61615512973,68.8119029201445,9.32500169017353,800,"Maple / beech / birch group","Hard maple / basswood",5.7138945927447,0,0,0,1,1,0.371162778399626,NA,NA,NA,"Maple / beech / birch group","Hard maple / basswood",46,15.1413,1.99189121745653,186.559426,1382.63513371042,64.9190894268376,NA,NA,NA,NA,NA,NA,NA,NA,NA,1382.63513371042,51021,"Bland","VA",11
433033799489998,"MBB",15,-0.167676158836844,-0.330249866658612,-0.264369410432758,-0.954591631749256,-0.762322969616342,-1.21091617774824,-0.946546767315485,-0.256324545998987,-0.448593208131901,252280990010854,"Maple / beech / birch group","Hard maple / basswood",51,22.0121,1.927624110505,60.6780123185324,138.415058,2006.57567159038,67.5511950284842,8.965333234186,2011,63.1431427719084,43885090010478,NA,NA,NA,NA,100206202010478,2007,"2007-06-11",46,0,0,12,58.3404939398481,0.371162778399626,9.93107342409866,10,100.351695852554,"2011-06-13",0,0,0,NA,0,0,"M221","M221Aa",51,21,42,5,37.11835,-80.977291,805,40,0,2016,5.7,"2017-02-28",10,0,0,57,4,36,2,1,1,28.0131,2440,15,346,0,NA,23,0,1.92088071396172,0,1.91690254864193,78.3355268208463,65.6441926017846,138.415058,6425.754367,3090.61615512973,68.8119029201445,9.32500169017353,800,"Maple / beech / birch group","Hard maple / basswood",5.7138945927447,0,0,0,1,1,0.371162778399626,NA,NA,NA,"Maple / beech / birch group","Hard maple / basswood",46,15.1413,1.99189121745653,186.559426,1382.63513371042,64.9190894268376,NA,NA,NA,NA,NA,NA,NA,NA,NA,1382.63513371042,51021,"Bland","VA",11
433033799489998,"MBB",20,0.0595079218076386,0.233170274041279,0.0938241567167101,0.581150029462983,0.512914279123557,0.854957671484689,0.761133514767979,0.273807642021706,0.342043392361131,252280990010854,"Maple / beech / birch group","Hard maple / basswood",51,22.0121,1.927624110505,60.6780123185324,138.415058,2006.57567159038,67.5511950284842,8.965333234186,2011,63.1431427719084,43885090010478,NA,NA,NA,NA,100206202010478,2007,"2007-06-11",46,0,0,12,58.3404939398481,0.371162778399626,9.93107342409866,10,100.351695852554,"2011-06-13",0,0,0,NA,0,0,"M221","M221Aa",51,21,42,5,37.11835,-80.977291,805,40,0,2016,5.7,"2017-02-28",10,0,0,57,4,36,2,1,1,28.0131,2440,15,346,0,NA,23,0,1.92088071396172,0,1.91690254864193,78.3355268208463,65.6441926017846,138.415058,6425.754367,3090.61615512973,68.8119029201445,9.32500169017353,800,"Maple / beech / birch group","Hard maple / basswood",5.7138945927447,0,0,0,1,1,0.371162778399626,NA,NA,NA,"Maple / beech / birch group","Hard maple / basswood",46,15.1413,1.99189121745653,186.559426,1382.63513371042,64.9190894268376,NA,NA,NA,NA,NA,NA,NA,NA,NA,1382.63513371042,51021,"Bland","VA",11
433034010489998,"MBB",0,0,0,0,0,0,0,0,0,0,252280924010854,"Maple / beech / birch group","Sugar maple / beech / yellow birch",82,25.5016,1.98907936507937,113.793042569226,222.667702,4353.04499049602,62.2685783799865,9.6799179134335,2011,111.08232235909,43798227010478,NA,NA,NA,NA,100190012010478,2007,"2007-05-30",0,0,0,NA,153.164765562216,0,9.78491054424998,0,122.560059422445,"2011-05-10",0,0,0,NA,0,0,"M221","M221Aa",51,167,25,5,36.915318,-82.250246,801,40,0,2016,6.2,"2017-07-05",52,0,0,88,6,41,2,1,1,46.3452,1680,85,72,0,NA,23,0,1.81803966943266,0,1.68964049243221,111.681910693131,118.695947785643,198.595518,8960.539811,4711.8568769462,62.847604463994,10.4682878979875,800,"Maple / beech / birch group","Sugar maple / beech / yellow birch",6.15468856947296,0,0,0,0,0,0,0.788369984553993,113.793042569226,9.6799179134335,"Maple / beech / birch group","Sugar maple / beech / yellow birch",78,48.266,2.10196228966653,234.703794,4836.20247158176,60.6656558804004,NA,NA,NA,NA,NA,NA,NA,NA,NA,4836.20247158176,51167,"Russell","VA",11
433034010489998,"MBB",5,0.74735309747887,0.735784753219834,1.17832671702502,2.71611685125447,2.38579353551371,2.69787742847273,1.51955071144771,-0.0182394227817468,0.312083892959017,252280924010854,"Maple / beech / birch group","Sugar maple / beech / yellow birch",82,25.5016,1.98907936507937,113.793042569226,222.667702,4353.04499049602,62.2685783799865,9.6799179134335,2011,111.08232235909,43798227010478,NA,NA,NA,NA,100190012010478,2007,"2007-05-30",0,0,0,NA,153.164765562216,0,9.78491054424998,0,122.560059422445,"2011-05-10",0,0,0,NA,0,0,"M221","M221Aa",51,167,25,5,36.915318,-82.250246,801,40,0,2016,6.2,"2017-07-05",52,0,0,88,6,41,2,1,1,46.3452,1680,85,72,0,NA,23,0,1.81803966943266,0,1.68964049243221,111.681910693131,118.695947785643,198.595518,8960.539811,4711.8568769462,62.847604463994,10.4682878979875,800,"Maple / beech / birch group","Sugar maple / beech / yellow birch",6.15468856947296,0,0,0,0,0,0,0.788369984553993,113.793042569226,9.6799179134335,"Maple / beech / birch group","Sugar maple / beech / yellow birch",78,48.266,2.10196228966653,234.703794,4836.20247158176,60.6656558804004,NA,NA,NA,NA,NA,NA,NA,NA,NA,4836.20247158176,51167,"Russell","VA",11
433034010489998,"MBB",10,-0.118491105044065,0.88346352886142,-0.186820975619475,1.65961779970089,2.70210909208612,3.23936627249187,3.42618724811135,1.57974847279098,0.53725718040575,252280924010854,"Maple / beech / birch group","Sugar maple / beech / yellow birch",82,25.5016,1.98907936507937,113.793042569226,222.667702,4353.04499049602,62.2685783799865,9.6799179134335,2011,111.08232235909,43798227010478,NA,NA,NA,NA,100190012010478,2007,"2007-05-30",0,0,0,NA,153.164765562216,0,9.78491054424998,0,122.560059422445,"2011-05-10",0,0,0,NA,0,0,"M221","M221Aa",51,167,25,5,36.915318,-82.250246,801,40,0,2016,6.2,"2017-07-05",52,0,0,88,6,41,2,1,1,46.3452,1680,85,72,0,NA,23,0,1.81803966943266,0,1.68964049243221,111.681910693131,118.695947785643,198.595518,8960.539811,4711.8568769462,62.847604463994,10.4682878979875,800,"Maple / beech / birch group","Sugar maple / beech / yellow birch",6.15468856947296,0,0,0,0,0,0,0.788369984553993,113.793042569226,9.6799179134335,"Maple / beech / birch group","Sugar maple / beech / yellow birch",78,48.266,2.10196228966653,234.703794,4836.20247158176,60.6656558804004,NA,NA,NA,NA,NA,NA,NA,NA,NA,4836.20247158176,51167,"Russell","VA",11
433034010489998,"MBB",15,0.182899283437839,0.9048597553203,0.28837120355366,2.17952809217309,1.9698035804977,3.3178191028411,3.02944789928744,1.13829101066801,1.3480155223434,252280924010854,"Maple / beech / birch group","Sugar maple / beech / yellow birch",82,25.5016,1.98907936507937,113.793042569226,222.667702,4353.04499049602,62.2685783799865,9.6799179134335,2011,111.08232235909,43798227010478,NA,NA,NA,NA,100190012010478,2007,"2007-05-30",0,0,0,NA,153.164765562216,0,9.78491054424998,0,122.560059422445,"2011-05-10",0,0,0,NA,0,0,"M221","M221Aa",51,167,25,5,36.915318,-82.250246,801,40,0,2016,6.2,"2017-07-05",52,0,0,88,6,41,2,1,1,46.3452,1680,85,72,0,NA,23,0,1.81803966943266,0,1.68964049243221,111.681910693131,118.695947785643,198.595518,8960.539811,4711.8568769462,62.847604463994,10.4682878979875,800,"Maple / beech / birch group","Sugar maple / beech / yellow birch",6.15468856947296,0,0,0,0,0,0,0.788369984553993,113.793042569226,9.6799179134335,"Maple / beech / birch group","Sugar maple / beech / yellow birch",78,48.266,2.10196228966653,234.703794,4836.20247158176,60.6656558804004,NA,NA,NA,NA,NA,NA,NA,NA,NA,4836.20247158176,51167,"Russell","VA",11
433034010489998,"MBB",20,0.508946881979183,0.898651871553534,0.802439583920511,2.6806219954674,2.09702957079793,3.29505686236296,2.49261727844245,0.61443486689556,1.19802729156502,252280924010854,"Maple / beech / birch group","Sugar maple / beech / yellow birch",82,25.5016,1.98907936507937,113.793042569226,222.667702,4353.04499049602,62.2685783799865,9.6799179134335,2011,111.08232235909,43798227010478,NA,NA,NA,NA,100190012010478,2007,"2007-05-30",0,0,0,NA,153.164765562216,0,9.78491054424998,0,122.560059422445,"2011-05-10",0,0,0,NA,0,0,"M221","M221Aa",51,167,25,5,36.915318,-82.250246,801,40,0,2016,6.2,"2017-07-05",52,0,0,88,6,41,2,1,1,46.3452,1680,85,72,0,NA,23,0,1.81803966943266,0,1.68964049243221,111.681910693131,118.695947785643,198.595518,8960.539811,4711.8568769462,62.847604463994,10.4682878979875,800,"Maple / beech / birch group","Sugar maple / beech / yellow birch",6.15468856947296,0,0,0,0,0,0,0.788369984553993,113.793042569226,9.6799179134335,"Maple / beech / birch group","Sugar maple / beech / yellow birch",78,48.266,2.10196228966653,234.703794,4836.20247158176,60.6656558804004,NA,NA,NA,NA,NA,NA,NA,NA,NA,4836.20247158176,51167,"Russell","VA",11
433034221489998,"MBB",0,0,0,0,0,0,0,0,0,0,252280944010854,"Oak / hickory group","White oak / red oak / hickory",50,40.0878,2.01988765884848,101.386823167532,216.649656,3755.70315675997,58.1483200089355,9.26305385208716,2011,120.102456735961,NA,NA,NA,NA,NA,100226005010478,NA,NA,NA,NA,NA,NA,NA,0,NA,NA,NA,"2011-09-09",0,0,0,NA,0,0,"M221","M221Aa",51,185,93,5,37.193325,-81.571163,801,40,0,2016,5.8,"2017-06-21",0,0,0,56,4,42,2,1,1,53.8624,2270,48,115,0,NA,23,0,1.88300826071677,0,1.88169729704987,149.430536525238,102.040527670659,198.595518,10939.092624,4657.81356609458,64.9916903773728,9.70608431486523,800,"Maple / beech / birch group","Sugar maple / beech / yellow birch",5.782340862423,0,0,0,0,0,NA,NA,NA,NA,NA,NA,NA,NA,NA,NA,NA,NA,NA,NA,NA,NA,NA,NA,NA,NA,NA,3755.70315675997,51185,"Tazewell","VA",11
433034221489998,"MBB",5,0.34789037802966,0.906934233653791,0.548507162693431,2.44399971102986,2.84901990013842,3.32542552339723,2.7769183607038,0.881425812367379,0.476405623258812,252280944010854,"Oak / hickory group","White oak / red oak / hickory",50,40.0878,2.01988765884848,101.386823167532,216.649656,3755.70315675997,58.1483200089355,9.26305385208716,2011,120.102456735961,NA,NA,NA,NA,NA,100226005010478,NA,NA,NA,NA,NA,NA,NA,0,NA,NA,NA,"2011-09-09",0,0,0,NA,0,0,"M221","M221Aa",51,185,93,5,37.193325,-81.571163,801,40,0,2016,5.8,"2017-06-21",0,0,0,56,4,42,2,1,1,53.8624,2270,48,115,0,NA,23,0,1.88300826071677,0,1.88169729704987,149.430536525238,102.040527670659,198.595518,10939.092624,4657.81356609458,64.9916903773728,9.70608431486523,800,"Maple / beech / birch group","Sugar maple / beech / yellow birch",5.782340862423,0,0,0,0,0,NA,NA,NA,NA,NA,NA,NA,NA,NA,NA,NA,NA,NA,NA,NA,NA,NA,NA,NA,NA,NA,3755.70315675997,51185,"Tazewell","VA",11
433034221489998,"MBB",10,1.02459880391765,0.728527258512139,1.61545078084349,3.13807275113386,2.40779976484421,2.67126661454451,1.05581583370102,-0.466806136589353,0.263466849700298,252280944010854,"Oak / hickory group","White oak / red oak / hickory",50,40.0878,2.01988765884848,101.386823167532,216.649656,3755.70315675997,58.1483200089355,9.26305385208716,2011,120.102456735961,NA,NA,NA,NA,NA,100226005010478,NA,NA,NA,NA,NA,NA,NA,0,NA,NA,NA,"2011-09-09",0,0,0,NA,0,0,"M221","M221Aa",51,185,93,5,37.193325,-81.571163,801,40,0,2016,5.8,"2017-06-21",0,0,0,56,4,42,2,1,1,53.8624,2270,48,115,0,NA,23,0,1.88300826071677,0,1.88169729704987,149.430536525238,102.040527670659,198.595518,10939.092624,4657.81356609458,64.9916903773728,9.70608431486523,800,"Maple / beech / birch group","Sugar maple / beech / yellow birch",5.782340862423,0,0,0,0,0,NA,NA,NA,NA,NA,NA,NA,NA,NA,NA,NA,NA,NA,NA,NA,NA,NA,NA,NA,NA,NA,3755.70315675997,51185,"Tazewell","VA",11
433034221489998,"MBB",15,1.33915918721686,1.13690713133954,2.11140765184526,4.48754355634489,2.95197435500289,4.16865948157831,2.05725182973305,-0.318884074766585,1.21668512657542,252280944010854,"Oak / hickory group","White oak / red oak / hickory",50,40.0878,2.01988765884848,101.386823167532,216.649656,3755.70315675997,58.1483200089355,9.26305385208716,2011,120.102456735961,NA,NA,NA,NA,NA,100226005010478,NA,NA,NA,NA,NA,NA,NA,0,NA,NA,NA,"2011-09-09",0,0,0,NA,0,0,"M221","M221Aa",51,185,93,5,37.193325,-81.571163,801,40,0,2016,5.8,"2017-06-21",0,0,0,56,4,42,2,1,1,53.8624,2270,48,115,0,NA,23,0,1.88300826071677,0,1.88169729704987,149.430536525238,102.040527670659,198.595518,10939.092624,4657.81356609458,64.9916903773728,9.70608431486523,800,"Maple / beech / birch group","Sugar maple / beech / yellow birch",5.782340862423,0,0,0,0,0,NA,NA,NA,NA,NA,NA,NA,NA,NA,NA,NA,NA,NA,NA,NA,NA,NA,NA,NA,NA,NA,3755.70315675997,51185,"Tazewell","VA",11
433034221489998,"MBB",20,1.00742336395456,1.03948341090168,1.58837083716835,3.76089116595286,2.60571237528497,3.81143917330615,2.2230683361378,0.0505480073532949,1.20572679802119,252280944010854,"Oak / hickory group","White oak / red oak / hickory",50,40.0878,2.01988765884848,101.386823167532,216.649656,3755.70315675997,58.1483200089355,9.26305385208716,2011,120.102456735961,NA,NA,NA,NA,NA,100226005010478,NA,NA,NA,NA,NA,NA,NA,0,NA,NA,NA,"2011-09-09",0,0,0,NA,0,0,"M221","M221Aa",51,185,93,5,37.193325,-81.571163,801,40,0,2016,5.8,"2017-06-21",0,0,0,56,4,42,2,1,1,53.8624,2270,48,115,0,NA,23,0,1.88300826071677,0,1.88169729704987,149.430536525238,102.040527670659,198.595518,10939.092624,4657.81356609458,64.9916903773728,9.70608431486523,800,"Maple / beech / birch group","Sugar maple / beech / yellow birch",5.782340862423,0,0,0,0,0,NA,NA,NA,NA,NA,NA,NA,NA,NA,NA,NA,NA,NA,NA,NA,NA,NA,NA,NA,NA,NA,3755.70315675997,51185,"Tazewell","VA",11
433077240489998,"MBB",0,0,0,0,0,0,0,0,0,0,257414882010854,"Maple / beech / birch group","Sugar maple / beech / yellow birch",55,35.715,1.66333924839205,62.9344521422965,84.252644,5489.98320168652,54.1607164968746,11.7029376653898,2011,76.1475455146402,74705156010478,NA,NA,NA,NA,95315874010478,NA,NA,NA,NA,NA,NA,NA,0,NA,NA,NA,"2012-01-10",51,0,0,15,0,10,"223","223Bd",21,179,33,5,37.58038,-85.513265,801,40,0,2016,5.8,"2017-10-12",0,0,0,60,4,32,2,1,1,35.359,560,0,0,10,12,22,0.316137605727386,1.67045913111096,1.49612755285938,1.58700993310359,73.1947806184708,72.231022684084,126.378966,5138.33567,3242.58962402784,56.2721988697271,10.2368635914755,800,"Maple / beech / birch group","Sugar maple / beech / yellow birch",5.75496235455168,1,1,1,0,2,0.316137605727386,-1.46607407391435,62.9344521422965,11.7029376653898,NA,NA,NA,NA,NA,NA,NA,NA,NA,NA,NA,NA,NA,NA,NA,NA,NA,5489.98320168652,21179,"Nelson","KY",14
433077240489998,"MBB",5,2.06972510647845,1.75353696971332,3.2632665845477,6.92815885124855,5.73204988375359,6.42963555561552,3.16636897106783,-0.498523295633022,0.697585671861931,257414882010854,"Maple / beech / birch group","Sugar maple / beech / yellow birch",55,35.715,1.66333924839205,62.9344521422965,84.252644,5489.98320168652,54.1607164968746,11.7029376653898,2011,76.1475455146402,74705156010478,NA,NA,NA,NA,95315874010478,NA,NA,NA,NA,NA,NA,NA,0,NA,NA,NA,"2012-01-10",51,0,0,15,0,10,"223","223Bd",21,179,33,5,37.58038,-85.513265,801,40,0,2016,5.8,"2017-10-12",0,0,0,60,4,32,2,1,1,35.359,560,0,0,10,12,22,0.316137605727386,1.67045913111096,1.49612755285938,1.58700993310359,73.1947806184708,72.231022684084,126.378966,5138.33567,3242.58962402784,56.2721988697271,10.2368635914755,800,"Maple / beech / birch group","Sugar maple / beech / yellow birch",5.75496235455168,1,1,1,0,2,0.316137605727386,-1.46607407391435,62.9344521422965,11.7029376653898,NA,NA,NA,NA,NA,NA,NA,NA,NA,NA,NA,NA,NA,NA,NA,NA,NA,5489.98320168652,21179,"Nelson","KY",14
433077240489998,"MBB",10,1.70084169019424,1.51272923122717,2.68166039820626,5.84326449147104,4.93134070261076,5.54667384783295,2.86501344962669,-0.296590643638087,0.615333145222193,257414882010854,"Maple / beech / birch group","Sugar maple / beech / yellow birch",55,35.715,1.66333924839205,62.9344521422965,84.252644,5489.98320168652,54.1607164968746,11.7029376653898,2011,76.1475455146402,74705156010478,NA,NA,NA,NA,95315874010478,NA,NA,NA,NA,NA,NA,NA,0,NA,NA,NA,"2012-01-10",51,0,0,15,0,10,"223","223Bd",21,179,33,5,37.58038,-85.513265,801,40,0,2016,5.8,"2017-10-12",0,0,0,60,4,32,2,1,1,35.359,560,0,0,10,12,22,0.316137605727386,1.67045913111096,1.49612755285938,1.58700993310359,73.1947806184708,72.231022684084,126.378966,5138.33567,3242.58962402784,56.2721988697271,10.2368635914755,800,"Maple / beech / birch group","Sugar maple / beech / yellow birch",5.75496235455168,1,1,1,0,2,0.316137605727386,-1.46607407391435,62.9344521422965,11.7029376653898,NA,NA,NA,NA,NA,NA,NA,NA,NA,NA,NA,NA,NA,NA,NA,NA,NA,5489.98320168652,21179,"Nelson","KY",14
433077240489998,"MBB",15,0.93019373149682,1.27600800655461,1.46660544999332,4.13346218369245,3.06684003824276,4.67869602403356,3.21209057404024,0.545233840341109,1.6118559857908,257414882010854,"Maple / beech / birch group","Sugar maple / beech / yellow birch",55,35.715,1.66333924839205,62.9344521422965,84.252644,5489.98320168652,54.1607164968746,11.7029376653898,2011,76.1475455146402,74705156010478,NA,NA,NA,NA,95315874010478,NA,NA,NA,NA,NA,NA,NA,0,NA,NA,NA,"2012-01-10",51,0,0,15,0,10,"223","223Bd",21,179,33,5,37.58038,-85.513265,801,40,0,2016,5.8,"2017-10-12",0,0,0,60,4,32,2,1,1,35.359,560,0,0,10,12,22,0.316137605727386,1.67045913111096,1.49612755285938,1.58700993310359,73.1947806184708,72.231022684084,126.378966,5138.33567,3242.58962402784,56.2721988697271,10.2368635914755,800,"Maple / beech / birch group","Sugar maple / beech / yellow birch",5.75496235455168,1,1,1,0,2,0.316137605727386,-1.46607407391435,62.9344521422965,11.7029376653898,NA,NA,NA,NA,NA,NA,NA,NA,NA,NA,NA,NA,NA,NA,NA,NA,NA,5489.98320168652,21179,"Nelson","KY",14
433077240489998,"MBB",20,0.784952736096379,1.04487782888603,1.23760881391196,3.42140347628376,2.52132433889324,3.83121870591544,2.59360989200348,0.409815229631682,1.3098943670222,257414882010854,"Maple / beech / birch group","Sugar maple / beech / yellow birch",55,35.715,1.66333924839205,62.9344521422965,84.252644,5489.98320168652,54.1607164968746,11.7029376653898,2011,76.1475455146402,74705156010478,NA,NA,NA,NA,95315874010478,NA,NA,NA,NA,NA,NA,NA,0,NA,NA,NA,"2012-01-10",51,0,0,15,0,10,"223","223Bd",21,179,33,5,37.58038,-85.513265,801,40,0,2016,5.8,"2017-10-12",0,0,0,60,4,32,2,1,1,35.359,560,0,0,10,12,22,0.316137605727386,1.67045913111096,1.49612755285938,1.58700993310359,73.1947806184708,72.231022684084,126.378966,5138.33567,3242.58962402784,56.2721988697271,10.2368635914755,800,"Maple / beech / birch group","Sugar maple / beech / yellow birch",5.75496235455168,1,1,1,0,2,0.316137605727386,-1.46607407391435,62.9344521422965,11.7029376653898,NA,NA,NA,NA,NA,NA,NA,NA,NA,NA,NA,NA,NA,NA,NA,NA,NA,5489.98320168652,21179,"Nelson","KY",14
433077253489998,"MBB",0,0,0,0,0,0,0,0,0,0,257414668010854,"Maple / beech / birch group","Sugar maple / beech / yellow birch",42,23.5159,1.80336654241498,88.5699985378009,120.36092,2604.61446125174,53.7034533339745,11.6156362288081,2011,45.9905832527461,74654578010478,NA,NA,NA,NA,95320772010478,2006,"2007-04-04",0,0,0,NA,104.662515848067,0,11.6933504370837,0,80.7832036505585,"2011-06-29",0,0,0,12,0.665682384423733,10,"221","221Hc",21,203,5,3,37.370353,-84.18528,801,40,0,2016,6.6,"2018-02-08",0,0,0,65,6,33,2,1,1,33.2152,1390,43,134,0,NA,23,0,1.75128578580857,0,1.78337525508993,65.7179139473496,53.7572206478729,108.324828,4778.564732,3227.32631875206,54.9041205586511,9.53886785735079,800,"Maple / beech / birch group","Sugar maple / beech / yellow birch",6.61464750171116,0,0,1,0,1,0.665682384423733,-0.0777142082755233,80.7832036505585,11.6933504370837,"Maple / beech / birch group","Sugar maple / beech / yellow birch",44,46.676,1.74619979956217,108.324828,6246.78622335239,50.8838086619285,NA,NA,NA,NA,NA,NA,NA,NA,NA,6246.78622335239,21203,"Rockcastle","KY",9
433077253489998,"MBB",5,1.03197003459495,0.32902457706482,1.62707275454471,2.31473412061018,1.17851090289484,1.20642344923767,-0.420649305307035,-1.10831067137251,0.0279125463428354,257414668010854,"Maple / beech / birch group","Sugar maple / beech / yellow birch",42,23.5159,1.80336654241498,88.5699985378009,120.36092,2604.61446125174,53.7034533339745,11.6156362288081,2011,45.9905832527461,74654578010478,NA,NA,NA,NA,95320772010478,2006,"2007-04-04",0,0,0,NA,104.662515848067,0,11.6933504370837,0,80.7832036505585,"2011-06-29",0,0,0,12,0.665682384423733,10,"221","221Hc",21,203,5,3,37.370353,-84.18528,801,40,0,2016,6.6,"2018-02-08",0,0,0,65,6,33,2,1,1,33.2152,1390,43,134,0,NA,23,0,1.75128578580857,0,1.78337525508993,65.7179139473496,53.7572206478729,108.324828,4778.564732,3227.32631875206,54.9041205586511,9.53886785735079,800,"Maple / beech / birch group","Sugar maple / beech / yellow birch",6.61464750171116,0,0,1,0,1,0.665682384423733,-0.0777142082755233,80.7832036505585,11.6933504370837,"Maple / beech / birch group","Sugar maple / beech / yellow birch",44,46.676,1.74619979956217,108.324828,6246.78622335239,50.8838086619285,NA,NA,NA,NA,NA,NA,NA,NA,NA,6246.78622335239,21203,"Rockcastle","KY",9
433077253489998,"MBB",10,1.23378296818971,-0.0685141068577849,1.94526447984578,1.80206999651301,-0.0136181742116233,-0.251218391811878,-2.19648287165766,-2.05328838832489,-0.237600217600255,257414668010854,"Maple / beech / birch group","Sugar maple / beech / yellow birch",42,23.5159,1.80336654241498,88.5699985378009,120.36092,2604.61446125174,53.7034533339745,11.6156362288081,2011,45.9905832527461,74654578010478,NA,NA,NA,NA,95320772010478,2006,"2007-04-04",0,0,0,NA,104.662515848067,0,11.6933504370837,0,80.7832036505585,"2011-06-29",0,0,0,12,0.665682384423733,10,"221","221Hc",21,203,5,3,37.370353,-84.18528,801,40,0,2016,6.6,"2018-02-08",0,0,0,65,6,33,2,1,1,33.2152,1390,43,134,0,NA,23,0,1.75128578580857,0,1.78337525508993,65.7179139473496,53.7572206478729,108.324828,4778.564732,3227.32631875206,54.9041205586511,9.53886785735079,800,"Maple / beech / birch group","Sugar maple / beech / yellow birch",6.61464750171116,0,0,1,0,1,0.665682384423733,-0.0777142082755233,80.7832036505585,11.6933504370837,"Maple / beech / birch group","Sugar maple / beech / yellow birch",44,46.676,1.74619979956217,108.324828,6246.78622335239,50.8838086619285,NA,NA,NA,NA,NA,NA,NA,NA,NA,6246.78622335239,21203,"Rockcastle","KY",9
433077253489998,"MBB",15,1.43553582730401,1.02303727837587,2.263361487716,4.40150939952156,2.75542831754629,3.75113668737819,1.48777519966219,-0.650372712143376,0.995708369831894,257414668010854,"Maple / beech / birch group","Sugar maple / beech / yellow birch",42,23.5159,1.80336654241498,88.5699985378009,120.36092,2604.61446125174,53.7034533339745,11.6156362288081,2011,45.9905832527461,74654578010478,NA,NA,NA,NA,95320772010478,2006,"2007-04-04",0,0,0,NA,104.662515848067,0,11.6933504370837,0,80.7832036505585,"2011-06-29",0,0,0,12,0.665682384423733,10,"221","221Hc",21,203,5,3,37.370353,-84.18528,801,40,0,2016,6.6,"2018-02-08",0,0,0,65,6,33,2,1,1,33.2152,1390,43,134,0,NA,23,0,1.75128578580857,0,1.78337525508993,65.7179139473496,53.7572206478729,108.324828,4778.564732,3227.32631875206,54.9041205586511,9.53886785735079,800,"Maple / beech / birch group","Sugar maple / beech / yellow birch",6.61464750171116,0,0,1,0,1,0.665682384423733,-0.0777142082755233,80.7832036505585,11.6933504370837,"Maple / beech / birch group","Sugar maple / beech / yellow birch",44,46.676,1.74619979956217,108.324828,6246.78622335239,50.8838086619285,NA,NA,NA,NA,NA,NA,NA,NA,NA,6246.78622335239,21203,"Rockcastle","KY",9
433077253489998,"MBB",20,1.09851768903923,1.23885896439135,1.73199622305185,4.32121145862978,3.06157784186479,4.54248286943496,2.8104866463831,0.221271410805177,1.48090502757016,257414668010854,"Maple / beech / birch group","Sugar maple / beech / yellow birch",42,23.5159,1.80336654241498,88.5699985378009,120.36092,2604.61446125174,53.7034533339745,11.6156362288081,2011,45.9905832527461,74654578010478,NA,NA,NA,NA,95320772010478,2006,"2007-04-04",0,0,0,NA,104.662515848067,0,11.6933504370837,0,80.7832036505585,"2011-06-29",0,0,0,12,0.665682384423733,10,"221","221Hc",21,203,5,3,37.370353,-84.18528,801,40,0,2016,6.6,"2018-02-08",0,0,0,65,6,33,2,1,1,33.2152,1390,43,134,0,NA,23,0,1.75128578580857,0,1.78337525508993,65.7179139473496,53.7572206478729,108.324828,4778.564732,3227.32631875206,54.9041205586511,9.53886785735079,800,"Maple / beech / birch group","Sugar maple / beech / yellow birch",6.61464750171116,0,0,1,0,1,0.665682384423733,-0.0777142082755233,80.7832036505585,11.6933504370837,"Maple / beech / birch group","Sugar maple / beech / yellow birch",44,46.676,1.74619979956217,108.324828,6246.78622335239,50.8838086619285,NA,NA,NA,NA,NA,NA,NA,NA,NA,6246.78622335239,21203,"Rockcastle","KY",9
433077287489998,"MBB",0,0,0,0,0,0,0,0,0,0,257414243010854,"Oak / hickory group","Elm / ash / black locust",64,44.0705,2.32057855450333,116.649249808592,150.45115,7198.69628229345,55.0064116249905,11.9230029774382,2011,107.989675810384,74674172010478,NA,NA,NA,NA,95298597010478,2006,"2006-11-20",0,0,0,NA,87.4385933614046,0,12.0634261302501,0,114.636578837345,"2011-05-31",0,0,0,NA,0,0,"223","223Da",21,225,15,6,37.591088,-87.804356,801,40,0,2016,6.8,"2018-02-27",0,0,0,71,5,41,2,1,1,24.2719,560,2,0,0,NA,22,0,2.34247516730963,0,2.33165066892127,75.0789079286204,122.239404044323,150.45115,6148.542565,3650.19003808576,53.5394365654694,12.2053514492619,800,"Maple / beech / birch group","Sugar maple / beech / yellow birch",6.7460643394935,0,0,0,0,0,0,0.282348471823724,116.649249808592,11.9230029774382,"Oak / hickory group","Elm / ash / black locust",56,42.1902,2.31855758676966,144.433104,6540.14998794026,54.0118078744902,NA,NA,NA,NA,NA,NA,NA,NA,NA,6540.14998794026,21225,"Union","KY",10
433077287489998,"MBB",5,0.0335961151843009,0.0335961151843009,0.052969874940581,0.12318575567577,0.108851413197135,0.12318575567577,0.0702158807351888,-2.77555756156289e-17,0.014334342478635,257414243010854,"Oak / hickory group","Elm / ash / black locust",64,44.0705,2.32057855450333,116.649249808592,150.45115,7198.69628229345,55.0064116249905,11.9230029774382,2011,107.989675810384,74674172010478,NA,NA,NA,NA,95298597010478,2006,"2006-11-20",0,0,0,NA,87.4385933614046,0,12.0634261302501,0,114.636578837345,"2011-05-31",0,0,0,NA,0,0,"223","223Da",21,225,15,6,37.591088,-87.804356,801,40,0,2016,6.8,"2018-02-27",0,0,0,71,5,41,2,1,1,24.2719,560,2,0,0,NA,22,0,2.34247516730963,0,2.33165066892127,75.0789079286204,122.239404044323,150.45115,6148.542565,3650.19003808576,53.5394365654694,12.2053514492619,800,"Maple / beech / birch group","Sugar maple / beech / yellow birch",6.7460643394935,0,0,0,0,0,0,0.282348471823724,116.649249808592,11.9230029774382,"Oak / hickory group","Elm / ash / black locust",56,42.1902,2.31855758676966,144.433104,6540.14998794026,54.0118078744902,NA,NA,NA,NA,NA,NA,NA,NA,NA,6540.14998794026,21225,"Union","KY",10
433077287489998,"MBB",10,-0.665405262548845,0.295556472974182,-1.04912229728535,-0.431409268769305,0.803849094752664,1.083707067572,2.13282936485734,1.5151163363413,0.279857972819335,257414243010854,"Oak / hickory group","Elm / ash / black locust",64,44.0705,2.32057855450333,116.649249808592,150.45115,7198.69628229345,55.0064116249905,11.9230029774382,2011,107.989675810384,74674172010478,NA,NA,NA,NA,95298597010478,2006,"2006-11-20",0,0,0,NA,87.4385933614046,0,12.0634261302501,0,114.636578837345,"2011-05-31",0,0,0,NA,0,0,"223","223Da",21,225,15,6,37.591088,-87.804356,801,40,0,2016,6.8,"2018-02-27",0,0,0,71,5,41,2,1,1,24.2719,560,2,0,0,NA,22,0,2.34247516730963,0,2.33165066892127,75.0789079286204,122.239404044323,150.45115,6148.542565,3650.19003808576,53.5394365654694,12.2053514492619,800,"Maple / beech / birch group","Sugar maple / beech / yellow birch",6.7460643394935,0,0,0,0,0,0,0.282348471823724,116.649249808592,11.9230029774382,"Oak / hickory group","Elm / ash / black locust",56,42.1902,2.31855758676966,144.433104,6540.14998794026,54.0118078744902,NA,NA,NA,NA,NA,NA,NA,NA,NA,6540.14998794026,21225,"Union","KY",10
433077287489998,"MBB",15,0.0294303605836227,0.755662744532172,0.0464018685201784,1.62573700459242,1.5919901911232,2.77076339661796,2.72436152809779,1.14502639202555,1.17877320549477,257414243010854,"Oak / hickory group","Elm / ash / black locust",64,44.0705,2.32057855450333,116.649249808592,150.45115,7198.69628229345,55.0064116249905,11.9230029774382,2011,107.989675810384,74674172010478,NA,NA,NA,NA,95298597010478,2006,"2006-11-20",0,0,0,NA,87.4385933614046,0,12.0634261302501,0,114.636578837345,"2011-05-31",0,0,0,NA,0,0,"223","223Da",21,225,15,6,37.591088,-87.804356,801,40,0,2016,6.8,"2018-02-27",0,0,0,71,5,41,2,1,1,24.2719,560,2,0,0,NA,22,0,2.34247516730963,0,2.33165066892127,75.0789079286204,122.239404044323,150.45115,6148.542565,3650.19003808576,53.5394365654694,12.2053514492619,800,"Maple / beech / birch group","Sugar maple / beech / yellow birch",6.7460643394935,0,0,0,0,0,0,0.282348471823724,116.649249808592,11.9230029774382,"Oak / hickory group","Elm / ash / black locust",56,42.1902,2.31855758676966,144.433104,6540.14998794026,54.0118078744902,NA,NA,NA,NA,NA,NA,NA,NA,NA,6540.14998794026,21225,"Union","KY",10
433077287489998,"MBB",20,0.338760466787885,0.889108648305067,0.534112335968899,2.39234941092649,2.00390407567638,3.26006504378525,2.72595270781635,0.867715632858756,1.25616096810886,257414243010854,"Oak / hickory group","Elm / ash / black locust",64,44.0705,2.32057855450333,116.649249808592,150.45115,7198.69628229345,55.0064116249905,11.9230029774382,2011,107.989675810384,74674172010478,NA,NA,NA,NA,95298597010478,2006,"2006-11-20",0,0,0,NA,87.4385933614046,0,12.0634261302501,0,114.636578837345,"2011-05-31",0,0,0,NA,0,0,"223","223Da",21,225,15,6,37.591088,-87.804356,801,40,0,2016,6.8,"2018-02-27",0,0,0,71,5,41,2,1,1,24.2719,560,2,0,0,NA,22,0,2.34247516730963,0,2.33165066892127,75.0789079286204,122.239404044323,150.45115,6148.542565,3650.19003808576,53.5394365654694,12.2053514492619,800,"Maple / beech / birch group","Sugar maple / beech / yellow birch",6.7460643394935,0,0,0,0,0,0,0.282348471823724,116.649249808592,11.9230029774382,"Oak / hickory group","Elm / ash / black locust",56,42.1902,2.31855758676966,144.433104,6540.14998794026,54.0118078744902,NA,NA,NA,NA,NA,NA,NA,NA,NA,6540.14998794026,21225,"Union","KY",10
433077373489998,"MBB",0,0,0,0,0,0,0,0,0,0,225798315010854,"Maple / beech / birch group","Sugar maple / beech / yellow birch",52,69.2815,1.16898203076127,93.554080170494,138.415058,9066.23439522363,70.4900091707406,11.1322289654467,2010,178.582397458121,74659051010478,NA,NA,NA,NA,75573368010478,2005,"2006-02-21",0,0,0,12,163.648414480058,0.0847851125325066,11.0944050764338,10,100.99937415884,"2010-09-16",0,0,0,NA,0,0,"221","221Hc",21,231,38,5,36.740766,-84.760646,801,40,0,2016,7.2,"2017-11-12",0,0,0,59,6,31,2,1,1,74.6601,1120,32,18,0,NA,22,0,1.17855191830903,0,1.1859581201185,196.373017296602,102.8841820995,138.415058,15440.922237,10735.9468727606,70.4434803873034,11.6741446013793,800,"Maple / beech / birch group","Sugar maple / beech / yellow birch",7.15674195756331,0,0,0,1,1,0.0847851125325066,NA,NA,NA,"Maple / beech / birch group","Sugar maple / beech / yellow birch",48,70.4789,1.14917508168008,150.45115,8718.50483075315,65.8512643025795,NA,NA,NA,NA,NA,NA,NA,NA,NA,8718.50483075315,21231,"Wayne","KY",14
433077373489998,"MBB",5,0.108647370022919,1.24943113209432,0.171300686736136,2.78261175281327,3.86563146605418,4.58124748434585,4.40994679760972,1.79863573153258,0.71561601829167,225798315010854,"Maple / beech / birch group","Sugar maple / beech / yellow birch",52,69.2815,1.16898203076127,93.554080170494,138.415058,9066.23439522363,70.4900091707406,11.1322289654467,2010,178.582397458121,74659051010478,NA,NA,NA,NA,75573368010478,2005,"2006-02-21",0,0,0,12,163.648414480058,0.0847851125325066,11.0944050764338,10,100.99937415884,"2010-09-16",0,0,0,NA,0,0,"221","221Hc",21,231,38,5,36.740766,-84.760646,801,40,0,2016,7.2,"2017-11-12",0,0,0,59,6,31,2,1,1,74.6601,1120,32,18,0,NA,22,0,1.17855191830903,0,1.1859581201185,196.373017296602,102.8841820995,138.415058,15440.922237,10735.9468727606,70.4434803873034,11.6741446013793,800,"Maple / beech / birch group","Sugar maple / beech / yellow birch",7.15674195756331,0,0,0,1,1,0.0847851125325066,NA,NA,NA,"Maple / beech / birch group","Sugar maple / beech / yellow birch",48,70.4789,1.14917508168008,150.45115,8718.50483075315,65.8512643025795,NA,NA,NA,NA,NA,NA,NA,NA,NA,8718.50483075315,21231,"Wayne","KY",14
433077373489998,"MBB",10,0.94983909235918,0.767362603778957,1.49757963561964,3.10136747751766,2.51545107441666,2.81366288052284,1.3160832449032,-0.287704596994817,0.298211806106186,225798315010854,"Maple / beech / birch group","Sugar maple / beech / yellow birch",52,69.2815,1.16898203076127,93.554080170494,138.415058,9066.23439522363,70.4900091707406,11.1322289654467,2010,178.582397458121,74659051010478,NA,NA,NA,NA,75573368010478,2005,"2006-02-21",0,0,0,12,163.648414480058,0.0847851125325066,11.0944050764338,10,100.99937415884,"2010-09-16",0,0,0,NA,0,0,"221","221Hc",21,231,38,5,36.740766,-84.760646,801,40,0,2016,7.2,"2017-11-12",0,0,0,59,6,31,2,1,1,74.6601,1120,32,18,0,NA,22,0,1.17855191830903,0,1.1859581201185,196.373017296602,102.8841820995,138.415058,15440.922237,10735.9468727606,70.4434803873034,11.6741446013793,800,"Maple / beech / birch group","Sugar maple / beech / yellow birch",7.15674195756331,0,0,0,1,1,0.0847851125325066,NA,NA,NA,"Maple / beech / birch group","Sugar maple / beech / yellow birch",48,70.4789,1.14917508168008,150.45115,8718.50483075315,65.8512643025795,NA,NA,NA,NA,NA,NA,NA,NA,NA,8718.50483075315,21231,"Wayne","KY",14
433077373489998,"MBB",15,0.221536342616558,0.392630020292759,0.349288966858773,1.16988570927064,0.915857369736987,1.43964340774012,1.09035444088134,0.269757698469477,0.52378603800313,225798315010854,"Maple / beech / birch group","Sugar maple / beech / yellow birch",52,69.2815,1.16898203076127,93.554080170494,138.415058,9066.23439522363,70.4900091707406,11.1322289654467,2010,178.582397458121,74659051010478,NA,NA,NA,NA,75573368010478,2005,"2006-02-21",0,0,0,12,163.648414480058,0.0847851125325066,11.0944050764338,10,100.99937415884,"2010-09-16",0,0,0,NA,0,0,"221","221Hc",21,231,38,5,36.740766,-84.760646,801,40,0,2016,7.2,"2017-11-12",0,0,0,59,6,31,2,1,1,74.6601,1120,32,18,0,NA,22,0,1.17855191830903,0,1.1859581201185,196.373017296602,102.8841820995,138.415058,15440.922237,10735.9468727606,70.4434803873034,11.6741446013793,800,"Maple / beech / birch group","Sugar maple / beech / yellow birch",7.15674195756331,0,0,0,1,1,0.0847851125325066,NA,NA,NA,"Maple / beech / birch group","Sugar maple / beech / yellow birch",48,70.4789,1.14917508168008,150.45115,8718.50483075315,65.8512643025795,NA,NA,NA,NA,NA,NA,NA,NA,NA,8718.50483075315,21231,"Wayne","KY",14
433077373489998,"MBB",20,-0.140980865797512,0.00384524258781482,-0.222279831740744,-0.214243274732211,-0.0525852152843972,0.0140992228219877,0.236379054562732,0.228342497554199,0.0666844381063848,225798315010854,"Maple / beech / birch group","Sugar maple / beech / yellow birch",52,69.2815,1.16898203076127,93.554080170494,138.415058,9066.23439522363,70.4900091707406,11.1322289654467,2010,178.582397458121,74659051010478,NA,NA,NA,NA,75573368010478,2005,"2006-02-21",0,0,0,12,163.648414480058,0.0847851125325066,11.0944050764338,10,100.99937415884,"2010-09-16",0,0,0,NA,0,0,"221","221Hc",21,231,38,5,36.740766,-84.760646,801,40,0,2016,7.2,"2017-11-12",0,0,0,59,6,31,2,1,1,74.6601,1120,32,18,0,NA,22,0,1.17855191830903,0,1.1859581201185,196.373017296602,102.8841820995,138.415058,15440.922237,10735.9468727606,70.4434803873034,11.6741446013793,800,"Maple / beech / birch group","Sugar maple / beech / yellow birch",7.15674195756331,0,0,0,1,1,0.0847851125325066,NA,NA,NA,"Maple / beech / birch group","Sugar maple / beech / yellow birch",48,70.4789,1.14917508168008,150.45115,8718.50483075315,65.8512643025795,NA,NA,NA,NA,NA,NA,NA,NA,NA,8718.50483075315,21231,"Wayne","KY",14
433077376489998,"MBB",0,0,0,0,0,0,0,0,0,0,225798323010854,"Maple / beech / birch group","Hard maple / basswood",60,65.1214,1.6217549171506,120.490457958706,258.775978,6732.09210473381,73.835684204218,9.23967682914163,2010,179.065569790497,74710873010478,NA,NA,NA,NA,75573505010478,2005,"2005-11-21",0,0,0,NA,151.723085756511,0,9.00918099619617,0,119.881943367406,"2010-09-14",46,0,0,NA,0,0,"221","221Hc",21,231,20,5,36.727499,-84.856933,801,40,0,2016,7.3,"2017-12-18",46,0,0,67,5,31,2,1,1,78.0148,1450,19,306,0,NA,22,0,1.59249429940796,0,1.53361398174528,195.832138417455,132.039887397921,252.757932,16507.303666,11090.7460826071,77.3996646959441,9.78684272256331,800,"Maple / beech / birch group","Sugar maple / beech / yellow birch",7.26078028747433,0,0,0,0,0,0,0.547165893421681,120.490457958706,9.23967682914163,"Maple / beech / birch group","Hard maple / basswood",55,81.0324,1.56519207884524,270.81207,5375.50075716368,67.4894659783816,NA,NA,NA,NA,NA,NA,NA,NA,NA,5375.50075716368,21231,"Wayne","KY",14
433077376489998,"MBB",5,-1.45812445379599,0.689257019427539,-2.29897622215167,-0.858429051548116,1.88961170722946,2.52727573790098,4.82625196005265,3.38570478944909,0.637664030671514,225798323010854,"Maple / beech / birch group","Hard maple / basswood",60,65.1214,1.6217549171506,120.490457958706,258.775978,6732.09210473381,73.835684204218,9.23967682914163,2010,179.065569790497,74710873010478,NA,NA,NA,NA,75573505010478,2005,"2005-11-21",0,0,0,NA,151.723085756511,0,9.00918099619617,0,119.881943367406,"2010-09-14",46,0,0,NA,0,0,"221","221Hc",21,231,20,5,36.727499,-84.856933,801,40,0,2016,7.3,"2017-12-18",46,0,0,67,5,31,2,1,1,78.0148,1450,19,306,0,NA,22,0,1.59249429940796,0,1.53361398174528,195.832138417455,132.039887397921,252.757932,16507.303666,11090.7460826071,77.3996646959441,9.78684272256331,800,"Maple / beech / birch group","Sugar maple / beech / yellow birch",7.26078028747433,0,0,0,0,0,0,0.547165893421681,120.490457958706,9.23967682914163,"Maple / beech / birch group","Hard maple / basswood",55,81.0324,1.56519207884524,270.81207,5375.50075716368,67.4894659783816,NA,NA,NA,NA,NA,NA,NA,NA,NA,5375.50075716368,21231,"Wayne","KY",14
433077376489998,"MBB",10,0.601687935603554,0.921353882543568,0.948661311801604,2.87429092631766,2.93404002793076,3.37829756932641,2.42963625752481,0.504006643008754,0.444257541395658,225798323010854,"Maple / beech / birch group","Hard maple / basswood",60,65.1214,1.6217549171506,120.490457958706,258.775978,6732.09210473381,73.835684204218,9.23967682914163,2010,179.065569790497,74710873010478,NA,NA,NA,NA,75573505010478,2005,"2005-11-21",0,0,0,NA,151.723085756511,0,9.00918099619617,0,119.881943367406,"2010-09-14",46,0,0,NA,0,0,"221","221Hc",21,231,20,5,36.727499,-84.856933,801,40,0,2016,7.3,"2017-12-18",46,0,0,67,5,31,2,1,1,78.0148,1450,19,306,0,NA,22,0,1.59249429940796,0,1.53361398174528,195.832138417455,132.039887397921,252.757932,16507.303666,11090.7460826071,77.3996646959441,9.78684272256331,800,"Maple / beech / birch group","Sugar maple / beech / yellow birch",7.26078028747433,0,0,0,0,0,0,0.547165893421681,120.490457958706,9.23967682914163,"Maple / beech / birch group","Hard maple / basswood",55,81.0324,1.56519207884524,270.81207,5375.50075716368,67.4894659783816,NA,NA,NA,NA,NA,NA,NA,NA,NA,5375.50075716368,21231,"Wayne","KY",14
433077376489998,"MBB",15,1.1648265704044,0.976300824966425,1.83654322600427,3.8770119501841,2.54134414945372,3.57976969154356,1.74322646553929,-0.297242258640543,1.03842554208984,225798323010854,"Maple / beech / birch group","Hard maple / basswood",60,65.1214,1.6217549171506,120.490457958706,258.775978,6732.09210473381,73.835684204218,9.23967682914163,2010,179.065569790497,74710873010478,NA,NA,NA,NA,75573505010478,2005,"2005-11-21",0,0,0,NA,151.723085756511,0,9.00918099619617,0,119.881943367406,"2010-09-14",46,0,0,NA,0,0,"221","221Hc",21,231,20,5,36.727499,-84.856933,801,40,0,2016,7.3,"2017-12-18",46,0,0,67,5,31,2,1,1,78.0148,1450,19,306,0,NA,22,0,1.59249429940796,0,1.53361398174528,195.832138417455,132.039887397921,252.757932,16507.303666,11090.7460826071,77.3996646959441,9.78684272256331,800,"Maple / beech / birch group","Sugar maple / beech / yellow birch",7.26078028747433,0,0,0,0,0,0,0.547165893421681,120.490457958706,9.23967682914163,"Maple / beech / birch group","Hard maple / basswood",55,81.0324,1.56519207884524,270.81207,5375.50075716368,67.4894659783816,NA,NA,NA,NA,NA,NA,NA,NA,NA,5375.50075716368,21231,"Wayne","KY",14
433077376489998,"MBB",20,0.663483109881875,0.8626756173488,1.04609170324709,2.84908374350608,2.0882897775082,3.16314393027894,2.11705222703185,0.314060186772852,1.07485415277074,225798323010854,"Maple / beech / birch group","Hard maple / basswood",60,65.1214,1.6217549171506,120.490457958706,258.775978,6732.09210473381,73.835684204218,9.23967682914163,2010,179.065569790497,74710873010478,NA,NA,NA,NA,75573505010478,2005,"2005-11-21",0,0,0,NA,151.723085756511,0,9.00918099619617,0,119.881943367406,"2010-09-14",46,0,0,NA,0,0,"221","221Hc",21,231,20,5,36.727499,-84.856933,801,40,0,2016,7.3,"2017-12-18",46,0,0,67,5,31,2,1,1,78.0148,1450,19,306,0,NA,22,0,1.59249429940796,0,1.53361398174528,195.832138417455,132.039887397921,252.757932,16507.303666,11090.7460826071,77.3996646959441,9.78684272256331,800,"Maple / beech / birch group","Sugar maple / beech / yellow birch",7.26078028747433,0,0,0,0,0,0,0.547165893421681,120.490457958706,9.23967682914163,"Maple / beech / birch group","Hard maple / basswood",55,81.0324,1.56519207884524,270.81207,5375.50075716368,67.4894659783816,NA,NA,NA,NA,NA,NA,NA,NA,NA,5375.50075716368,21231,"Wayne","KY",14
433077383489998,"MBB",0,0,0,0,0,0,0,0,0,0,257414785010854,"Maple / beech / birch group","Sugar maple / beech / yellow birch",71,83.8342,2.348843140736,134.740312853795,162.487242,16346.3982540809,80.7338365498606,12.3305252058398,2011,237.549197064672,74589097010478,NA,NA,NA,NA,95288886010478,2006,"2006-11-02",0,0,0,NA,224.064718506956,0,12.0191497500566,0,132.762725770369,"2011-05-20",0,0,0,NA,0,0,"223","223Ea",21,57,14,5,36.888734,-85.322656,801,40,0,2016,6.1,"2017-06-26",0,0,0,77,5,31,2,1,1,78.7856,560,52,105,0,NA,23,0,2.36903729227272,0,2.37479161172707,258.871899947218,146.358393672714,156.469196,21746.774569,15885.9080140663,82.3146269043691,13.0959444691271,800,"Maple / beech / birch group","Sugar maple / beech / yellow birch",6.10266940451745,0,0,0,0,0,0,0.765419263287287,134.740312853795,12.3305252058398,"Maple / beech / birch group","Sugar maple / beech / yellow birch",71,87.6187,2.35698926429146,168.505288,15070.095908946,78.1321135290213,NA,NA,NA,NA,NA,NA,NA,NA,NA,15070.095908946,21057,"Cumberland","KY",14
433077383489998,"MBB",5,-3.89045399151818,-0.499353538304565,-6.13394912662699,-7.17759802168353,-2.16048153662097,-1.83096297378341,4.30298615284358,5.34663504790013,0.329518562837563,257414785010854,"Maple / beech / birch group","Sugar maple / beech / yellow birch",71,83.8342,2.348843140736,134.740312853795,162.487242,16346.3982540809,80.7338365498606,12.3305252058398,2011,237.549197064672,74589097010478,NA,NA,NA,NA,95288886010478,2006,"2006-11-02",0,0,0,NA,224.064718506956,0,12.0191497500566,0,132.762725770369,"2011-05-20",0,0,0,NA,0,0,"223","223Ea",21,57,14,5,36.888734,-85.322656,801,40,0,2016,6.1,"2017-06-26",0,0,0,77,5,31,2,1,1,78.7856,560,52,105,0,NA,23,0,2.36903729227272,0,2.37479161172707,258.871899947218,146.358393672714,156.469196,21746.774569,15885.9080140663,82.3146269043691,13.0959444691271,800,"Maple / beech / birch group","Sugar maple / beech / yellow birch",6.10266940451745,0,0,0,0,0,0,0.765419263287287,134.740312853795,12.3305252058398,"Maple / beech / birch group","Sugar maple / beech / yellow birch",71,87.6187,2.35698926429146,168.505288,15070.095908946,78.1321135290213,NA,NA,NA,NA,NA,NA,NA,NA,NA,15070.095908946,21057,"Cumberland","KY",14
433077383489998,"MBB",10,0.996660728545967,-2.4611828795371,1.57140174867414,-3.5724704695584,-7.42097755240691,-9.02433722496936,-10.5957389736435,-5.45186675541097,-1.60335967256245,257414785010854,"Maple / beech / birch group","Sugar maple / beech / yellow birch",71,83.8342,2.348843140736,134.740312853795,162.487242,16346.3982540809,80.7338365498606,12.3305252058398,2011,237.549197064672,74589097010478,NA,NA,NA,NA,95288886010478,2006,"2006-11-02",0,0,0,NA,224.064718506956,0,12.0191497500566,0,132.762725770369,"2011-05-20",0,0,0,NA,0,0,"223","223Ea",21,57,14,5,36.888734,-85.322656,801,40,0,2016,6.1,"2017-06-26",0,0,0,77,5,31,2,1,1,78.7856,560,52,105,0,NA,23,0,2.36903729227272,0,2.37479161172707,258.871899947218,146.358393672714,156.469196,21746.774569,15885.9080140663,82.3146269043691,13.0959444691271,800,"Maple / beech / birch group","Sugar maple / beech / yellow birch",6.10266940451745,0,0,0,0,0,0,0.765419263287287,134.740312853795,12.3305252058398,"Maple / beech / birch group","Sugar maple / beech / yellow birch",71,87.6187,2.35698926429146,168.505288,15070.095908946,78.1321135290213,NA,NA,NA,NA,NA,NA,NA,NA,NA,15070.095908946,21057,"Cumberland","KY",14
433077383489998,"MBB",15,1.29584178824024,-1.32944671723222,2.04311055279211,-0.735433086223232,-2.22133167007204,-4.87463796318482,-6.91774851597693,-4.13920487696159,-2.65330629311278,257414785010854,"Maple / beech / birch group","Sugar maple / beech / yellow birch",71,83.8342,2.348843140736,134.740312853795,162.487242,16346.3982540809,80.7338365498606,12.3305252058398,2011,237.549197064672,74589097010478,NA,NA,NA,NA,95288886010478,2006,"2006-11-02",0,0,0,NA,224.064718506956,0,12.0191497500566,0,132.762725770369,"2011-05-20",0,0,0,NA,0,0,"223","223Ea",21,57,14,5,36.888734,-85.322656,801,40,0,2016,6.1,"2017-06-26",0,0,0,77,5,31,2,1,1,78.7856,560,52,105,0,NA,23,0,2.36903729227272,0,2.37479161172707,258.871899947218,146.358393672714,156.469196,21746.774569,15885.9080140663,82.3146269043691,13.0959444691271,800,"Maple / beech / birch group","Sugar maple / beech / yellow birch",6.10266940451745,0,0,0,0,0,0,0.765419263287287,134.740312853795,12.3305252058398,"Maple / beech / birch group","Sugar maple / beech / yellow birch",71,87.6187,2.35698926429146,168.505288,15070.095908946,78.1321135290213,NA,NA,NA,NA,NA,NA,NA,NA,NA,15070.095908946,21057,"Cumberland","KY",14
433077383489998,"MBB",20,0.957787730176282,0.0661470533677218,1.51011198791127,1.64835932944981,0.55009606551434,0.242539195681646,-1.26757279222963,-1.40582013376816,-0.307556869832693,257414785010854,"Maple / beech / birch group","Sugar maple / beech / yellow birch",71,83.8342,2.348843140736,134.740312853795,162.487242,16346.3982540809,80.7338365498606,12.3305252058398,2011,237.549197064672,74589097010478,NA,NA,NA,NA,95288886010478,2006,"2006-11-02",0,0,0,NA,224.064718506956,0,12.0191497500566,0,132.762725770369,"2011-05-20",0,0,0,NA,0,0,"223","223Ea",21,57,14,5,36.888734,-85.322656,801,40,0,2016,6.1,"2017-06-26",0,0,0,77,5,31,2,1,1,78.7856,560,52,105,0,NA,23,0,2.36903729227272,0,2.37479161172707,258.871899947218,146.358393672714,156.469196,21746.774569,15885.9080140663,82.3146269043691,13.0959444691271,800,"Maple / beech / birch group","Sugar maple / beech / yellow birch",6.10266940451745,0,0,0,0,0,0,0.765419263287287,134.740312853795,12.3305252058398,"Maple / beech / birch group","Sugar maple / beech / yellow birch",71,87.6187,2.35698926429146,168.505288,15070.095908946,78.1321135290213,NA,NA,NA,NA,NA,NA,NA,NA,NA,15070.095908946,21057,"Cumberland","KY",14
433077406489998,"MBB",0,0,0,0,0,0,0,0,0,0,257414693010854,"Elm / ash / cottonwood group","Sugarberry / hackberry / elm / green ash",58,61.644,2.24055719407502,139.864877738674,282.848162,4240.10778760852,54.4502373253787,9.52182263975646,2011,151.329478361966,74741098010478,NA,NA,NA,NA,95291170010478,2006,"2007-01-17",0,0,0,NA,141.124321367788,0,9.28229721925918,0,135.744678994045,"2011-09-27",0,0,0,NA,0,0,"223","223Fa",21,69,17,4,38.352658,-83.858922,801,40,0,2016,6,"2017-10-03",12,60,0,65,5,41,2,1,1,64.7845,620,32,332,0,NA,22,0,2.19678159680998,0,2.17805943031298,173.136475806932,145.636454634654,276.830116,13998.798721,4369.92864863925,57.6203522462858,9.82134155805611,800,"Maple / beech / birch group","Sugar maple / beech / yellow birch",6.01779603011636,0,0,0,0,0,0,0.299518918299647,139.864877738674,9.52182263975646,"Elm / ash / cottonwood group","Sugarberry / hackberry / elm / green ash",55,60.3551,2.23993292994095,288.866208,4070.14588573663,53.128165906613,NA,NA,NA,NA,NA,NA,NA,NA,NA,4070.14588573663,21069,"Fleming","KY",3
433077406489998,"MBB",5,-0.759959807943115,0.941076220931046,-1.19820329719031,0.768646004555576,2.77692119119672,3.4506128100805,4.64881610727081,2.68196680552493,0.673691618883779,257414693010854,"Elm / ash / cottonwood group","Sugarberry / hackberry / elm / green ash",58,61.644,2.24055719407502,139.864877738674,282.848162,4240.10778760852,54.4502373253787,9.52182263975646,2011,151.329478361966,74741098010478,NA,NA,NA,NA,95291170010478,2006,"2007-01-17",0,0,0,NA,141.124321367788,0,9.28229721925918,0,135.744678994045,"2011-09-27",0,0,0,NA,0,0,"223","223Fa",21,69,17,4,38.352658,-83.858922,801,40,0,2016,6,"2017-10-03",12,60,0,65,5,41,2,1,1,64.7845,620,32,332,0,NA,22,0,2.19678159680998,0,2.17805943031298,173.136475806932,145.636454634654,276.830116,13998.798721,4369.92864863925,57.6203522462858,9.82134155805611,800,"Maple / beech / birch group","Sugar maple / beech / yellow birch",6.01779603011636,0,0,0,0,0,0,0.299518918299647,139.864877738674,9.52182263975646,"Elm / ash / cottonwood group","Sugarberry / hackberry / elm / green ash",55,60.3551,2.23993292994095,288.866208,4070.14588573663,53.128165906613,NA,NA,NA,NA,NA,NA,NA,NA,NA,4070.14588573663,21069,"Fleming","KY",3
433077406489998,"MBB",10,1.35707853417598,0.774485522998812,2.13966048888414,3.75833523195165,2.6025479763045,2.83978025099564,0.700119762111509,-0.918554980956009,0.237232274691145,257414693010854,"Elm / ash / cottonwood group","Sugarberry / hackberry / elm / green ash",58,61.644,2.24055719407502,139.864877738674,282.848162,4240.10778760852,54.4502373253787,9.52182263975646,2011,151.329478361966,74741098010478,NA,NA,NA,NA,95291170010478,2006,"2007-01-17",0,0,0,NA,141.124321367788,0,9.28229721925918,0,135.744678994045,"2011-09-27",0,0,0,NA,0,0,"223","223Fa",21,69,17,4,38.352658,-83.858922,801,40,0,2016,6,"2017-10-03",12,60,0,65,5,41,2,1,1,64.7845,620,32,332,0,NA,22,0,2.19678159680998,0,2.17805943031298,173.136475806932,145.636454634654,276.830116,13998.798721,4369.92864863925,57.6203522462858,9.82134155805611,800,"Maple / beech / birch group","Sugar maple / beech / yellow birch",6.01779603011636,0,0,0,0,0,0,0.299518918299647,139.864877738674,9.52182263975646,"Elm / ash / cottonwood group","Sugarberry / hackberry / elm / green ash",55,60.3551,2.23993292994095,288.866208,4070.14588573663,53.128165906613,NA,NA,NA,NA,NA,NA,NA,NA,NA,4070.14588573663,21069,"Fleming","KY",3
433077406489998,"MBB",15,1.16850929286754,0.925992216418504,1.84234965175448,3.77767338406916,2.43778272824771,3.39530479353452,1.55295514178003,-0.382368590534643,0.9575220652868,257414693010854,"Elm / ash / cottonwood group","Sugarberry / hackberry / elm / green ash",58,61.644,2.24055719407502,139.864877738674,282.848162,4240.10778760852,54.4502373253787,9.52182263975646,2011,151.329478361966,74741098010478,NA,NA,NA,NA,95291170010478,2006,"2007-01-17",0,0,0,NA,141.124321367788,0,9.28229721925918,0,135.744678994045,"2011-09-27",0,0,0,NA,0,0,"223","223Fa",21,69,17,4,38.352658,-83.858922,801,40,0,2016,6,"2017-10-03",12,60,0,65,5,41,2,1,1,64.7845,620,32,332,0,NA,22,0,2.19678159680998,0,2.17805943031298,173.136475806932,145.636454634654,276.830116,13998.798721,4369.92864863925,57.6203522462858,9.82134155805611,800,"Maple / beech / birch group","Sugar maple / beech / yellow birch",6.01779603011636,0,0,0,0,0,0,0.299518918299647,139.864877738674,9.52182263975646,"Elm / ash / cottonwood group","Sugarberry / hackberry / elm / green ash",55,60.3551,2.23993292994095,288.866208,4070.14588573663,53.128165906613,NA,NA,NA,NA,NA,NA,NA,NA,NA,4070.14588573663,21069,"Fleming","KY",3
433077406489998,"MBB",20,0.29473095985222,0.505772404282084,0.464692480033666,1.52175680498322,1.18379863768601,1.85449881570097,1.38980633566731,0.332742010717752,0.670700178014964,257414693010854,"Elm / ash / cottonwood group","Sugarberry / hackberry / elm / green ash",58,61.644,2.24055719407502,139.864877738674,282.848162,4240.10778760852,54.4502373253787,9.52182263975646,2011,151.329478361966,74741098010478,NA,NA,NA,NA,95291170010478,2006,"2007-01-17",0,0,0,NA,141.124321367788,0,9.28229721925918,0,135.744678994045,"2011-09-27",0,0,0,NA,0,0,"223","223Fa",21,69,17,4,38.352658,-83.858922,801,40,0,2016,6,"2017-10-03",12,60,0,65,5,41,2,1,1,64.7845,620,32,332,0,NA,22,0,2.19678159680998,0,2.17805943031298,173.136475806932,145.636454634654,276.830116,13998.798721,4369.92864863925,57.6203522462858,9.82134155805611,800,"Maple / beech / birch group","Sugar maple / beech / yellow birch",6.01779603011636,0,0,0,0,0,0,0.299518918299647,139.864877738674,9.52182263975646,"Elm / ash / cottonwood group","Sugarberry / hackberry / elm / green ash",55,60.3551,2.23993292994095,288.866208,4070.14588573663,53.128165906613,NA,NA,NA,NA,NA,NA,NA,NA,NA,4070.14588573663,21069,"Fleming","KY",3
433077581489998,"MBB",0,0,0,0,0,0,0,0,0,0,225798049010854,"Maple / beech / birch group","Sugar maple / beech / yellow birch",55,43.6508,1.86712272727273,87.7704410341044,162.487242,4109.65141490214,59.7310148340377,9.95192145973534,2010,94.340966432692,74611747010478,NA,NA,NA,NA,75586387010478,2005,"2005-09-09",0,0,0,NA,86.4889810088826,0,9.4113209998896,0,78.4938396543995,"2010-10-18",0,0,0,NA,0,0,"223","223Fa",21,161,24,4,38.571381,-83.857327,801,40,0,2016,6.9,"2017-08-23",12,0,0,62,5,31,2,1,1,37.7303,670,22,13,0,NA,22,0,1.82707449463888,0,1.76898464163823,112.623410233247,89.6563911950807,150.45115,8870.436396,4571.2411759932,68.4481179407514,10.4528641051149,800,"Maple / beech / birch group","Sugar maple / beech / yellow birch",6.84736481861739,0,0,0,0,0,0,0.500942645379585,87.7704410341044,9.95192145973534,"Maple / beech / birch group","Sugar maple / beech / yellow birch",50,37.1711,1.90371672288497,162.487242,3093.01765638603,56.6766645310504,NA,NA,NA,NA,NA,NA,NA,NA,NA,3093.01765638603,21161,"Mason","KY",3
433077581489998,"MBB",5,0.0917672456264043,0.771277253750323,0.144686357270964,1.75665581760914,2.39021670085122,2.82801659708452,2.68333023981355,1.07136077947538,0.437799896233298,225798049010854,"Maple / beech / birch group","Sugar maple / beech / yellow birch",55,43.6508,1.86712272727273,87.7704410341044,162.487242,4109.65141490214,59.7310148340377,9.95192145973534,2010,94.340966432692,74611747010478,NA,NA,NA,NA,75586387010478,2005,"2005-09-09",0,0,0,NA,86.4889810088826,0,9.4113209998896,0,78.4938396543995,"2010-10-18",0,0,0,NA,0,0,"223","223Fa",21,161,24,4,38.571381,-83.857327,801,40,0,2016,6.9,"2017-08-23",12,0,0,62,5,31,2,1,1,37.7303,670,22,13,0,NA,22,0,1.82707449463888,0,1.76898464163823,112.623410233247,89.6563911950807,150.45115,8870.436396,4571.2411759932,68.4481179407514,10.4528641051149,800,"Maple / beech / birch group","Sugar maple / beech / yellow birch",6.84736481861739,0,0,0,0,0,0,0.500942645379585,87.7704410341044,9.95192145973534,"Maple / beech / birch group","Sugar maple / beech / yellow birch",50,37.1711,1.90371672288497,162.487242,3093.01765638603,56.6766645310504,NA,NA,NA,NA,NA,NA,NA,NA,NA,3093.01765638603,21161,"Mason","KY",3
433077581489998,"MBB",10,1.54557293922794,0.896242555044658,2.43685333418271,4.31000027422605,3.00771873981402,3.28622270183041,0.849369367647702,-1.02377757239563,0.278503962016397,225798049010854,"Maple / beech / birch group","Sugar maple / beech / yellow birch",55,43.6508,1.86712272727273,87.7704410341044,162.487242,4109.65141490214,59.7310148340377,9.95192145973534,2010,94.340966432692,74611747010478,NA,NA,NA,NA,75586387010478,2005,"2005-09-09",0,0,0,NA,86.4889810088826,0,9.4113209998896,0,78.4938396543995,"2010-10-18",0,0,0,NA,0,0,"223","223Fa",21,161,24,4,38.571381,-83.857327,801,40,0,2016,6.9,"2017-08-23",12,0,0,62,5,31,2,1,1,37.7303,670,22,13,0,NA,22,0,1.82707449463888,0,1.76898464163823,112.623410233247,89.6563911950807,150.45115,8870.436396,4571.2411759932,68.4481179407514,10.4528641051149,800,"Maple / beech / birch group","Sugar maple / beech / yellow birch",6.84736481861739,0,0,0,0,0,0,0.500942645379585,87.7704410341044,9.95192145973534,"Maple / beech / birch group","Sugar maple / beech / yellow birch",50,37.1711,1.90371672288497,162.487242,3093.01765638603,56.6766645310504,NA,NA,NA,NA,NA,NA,NA,NA,NA,3093.01765638603,21161,"Mason","KY",3
433077581489998,"MBB",15,1.20569640202832,1.1944569912343,1.90098132719799,4.39739643887768,3.01486456455187,4.37967563452577,2.47869430732778,-0.0177208043519057,1.3648110699739,225798049010854,"Maple / beech / birch group","Sugar maple / beech / yellow birch",55,43.6508,1.86712272727273,87.7704410341044,162.487242,4109.65141490214,59.7310148340377,9.95192145973534,2010,94.340966432692,74611747010478,NA,NA,NA,NA,75586387010478,2005,"2005-09-09",0,0,0,NA,86.4889810088826,0,9.4113209998896,0,78.4938396543995,"2010-10-18",0,0,0,NA,0,0,"223","223Fa",21,161,24,4,38.571381,-83.857327,801,40,0,2016,6.9,"2017-08-23",12,0,0,62,5,31,2,1,1,37.7303,670,22,13,0,NA,22,0,1.82707449463888,0,1.76898464163823,112.623410233247,89.6563911950807,150.45115,8870.436396,4571.2411759932,68.4481179407514,10.4528641051149,800,"Maple / beech / birch group","Sugar maple / beech / yellow birch",6.84736481861739,0,0,0,0,0,0,0.500942645379585,87.7704410341044,9.95192145973534,"Maple / beech / birch group","Sugar maple / beech / yellow birch",50,37.1711,1.90371672288497,162.487242,3093.01765638603,56.6766645310504,NA,NA,NA,NA,NA,NA,NA,NA,NA,3093.01765638603,21161,"Mason","KY",3
433077581489998,"MBB",20,1.04814605365562,1.20699269143903,1.65257694459703,4.17519166970461,2.9733175281795,4.42563986860979,2.77306292401276,0.250448198905178,1.45232234043029,225798049010854,"Maple / beech / birch group","Sugar maple / beech / yellow birch",55,43.6508,1.86712272727273,87.7704410341044,162.487242,4109.65141490214,59.7310148340377,9.95192145973534,2010,94.340966432692,74611747010478,NA,NA,NA,NA,75586387010478,2005,"2005-09-09",0,0,0,NA,86.4889810088826,0,9.4113209998896,0,78.4938396543995,"2010-10-18",0,0,0,NA,0,0,"223","223Fa",21,161,24,4,38.571381,-83.857327,801,40,0,2016,6.9,"2017-08-23",12,0,0,62,5,31,2,1,1,37.7303,670,22,13,0,NA,22,0,1.82707449463888,0,1.76898464163823,112.623410233247,89.6563911950807,150.45115,8870.436396,4571.2411759932,68.4481179407514,10.4528641051149,800,"Maple / beech / birch group","Sugar maple / beech / yellow birch",6.84736481861739,0,0,0,0,0,0,0.500942645379585,87.7704410341044,9.95192145973534,"Maple / beech / birch group","Sugar maple / beech / yellow birch",50,37.1711,1.90371672288497,162.487242,3093.01765638603,56.6766645310504,NA,NA,NA,NA,NA,NA,NA,NA,NA,3093.01765638603,21161,"Mason","KY",3
433077630489998,"MBB",0,0,0,0,0,0,0,0,0,0,257414652010854,"Maple / beech / birch group","Sugar maple / beech / yellow birch",60,23.0497,1.56194988248473,147.487468608712,198.595518,1190.13365759531,64.8675444180193,11.6690438703642,2011,113.862095457942,74678352010478,NA,NA,NA,NA,95279961010478,2006,"2006-09-06",46,0,0,NA,151.786023792413,0,10.9269290186117,0,141.081276730755,"2011-06-13",0,0,0,NA,0.245042633353163,0,"223","223Fa",21,11,24,4,38.143538,-83.849192,801,40,0,2016,6,"2017-05-30",12,0,0,66,6,31,2,1,1,29.9274,940,15,274,0,NA,22,0,1.53124552384893,0,1.53124552384893,125.612609302078,105.119717322129,144.433104,10526.802003,2100.12342234117,65.8085707769073,11.551839680328,800,"Maple / beech / birch group","Sugar maple / beech / yellow birch",5.96303901437372,0,0,0,0,0,0,-0.117204190036245,147.487468608712,11.6690438703642,"Maple / beech / birch group","Sugar maple / beech / yellow birch",55,40.5446,1.50116234750554,216.649656,4518.81468541603,60.9309195220458,NA,NA,NA,NA,NA,NA,NA,NA,NA,4518.81468541603,21011,"Bath","KY",3
433077630489998,"MBB",5,-0.986581309846373,0.33416573055625,-1.55550986519112,-0.857103488328553,0.87137744053783,1.22527434537292,2.78078421056403,2.08237783370147,0.353896904835087,257414652010854,"Maple / beech / birch group","Sugar maple / beech / yellow birch",60,23.0497,1.56194988248473,147.487468608712,198.595518,1190.13365759531,64.8675444180193,11.6690438703642,2011,113.862095457942,74678352010478,NA,NA,NA,NA,95279961010478,2006,"2006-09-06",46,0,0,NA,151.786023792413,0,10.9269290186117,0,141.081276730755,"2011-06-13",0,0,0,NA,0.245042633353163,0,"223","223Fa",21,11,24,4,38.143538,-83.849192,801,40,0,2016,6,"2017-05-30",12,0,0,66,6,31,2,1,1,29.9274,940,15,274,0,NA,22,0,1.53124552384893,0,1.53124552384893,125.612609302078,105.119717322129,144.433104,10526.802003,2100.12342234117,65.8085707769073,11.551839680328,800,"Maple / beech / birch group","Sugar maple / beech / yellow birch",5.96303901437372,0,0,0,0,0,0,-0.117204190036245,147.487468608712,11.6690438703642,"Maple / beech / birch group","Sugar maple / beech / yellow birch",55,40.5446,1.50116234750554,216.649656,4518.81468541603,60.9309195220458,NA,NA,NA,NA,NA,NA,NA,NA,NA,4518.81468541603,21011,"Bath","KY",3
433077630489998,"MBB",10,0.637221802179524,0.259559563097483,1.00468637476972,1.54716586164346,0.901398942688971,0.951718398024103,-0.052967976745613,-0.595447463619352,0.0503194553351327,257414652010854,"Maple / beech / birch group","Sugar maple / beech / yellow birch",60,23.0497,1.56194988248473,147.487468608712,198.595518,1190.13365759531,64.8675444180193,11.6690438703642,2011,113.862095457942,74678352010478,NA,NA,NA,NA,95279961010478,2006,"2006-09-06",46,0,0,NA,151.786023792413,0,10.9269290186117,0,141.081276730755,"2011-06-13",0,0,0,NA,0.245042633353163,0,"223","223Fa",21,11,24,4,38.143538,-83.849192,801,40,0,2016,6,"2017-05-30",12,0,0,66,6,31,2,1,1,29.9274,940,15,274,0,NA,22,0,1.53124552384893,0,1.53124552384893,125.612609302078,105.119717322129,144.433104,10526.802003,2100.12342234117,65.8085707769073,11.551839680328,800,"Maple / beech / birch group","Sugar maple / beech / yellow birch",5.96303901437372,0,0,0,0,0,0,-0.117204190036245,147.487468608712,11.6690438703642,"Maple / beech / birch group","Sugar maple / beech / yellow birch",55,40.5446,1.50116234750554,216.649656,4518.81468541603,60.9309195220458,NA,NA,NA,NA,NA,NA,NA,NA,NA,4518.81468541603,21011,"Bath","KY",3
433077630489998,"MBB",15,-0.624200838140294,0.629341436224759,-0.984156654801197,0.33116694690855,1.04691724130942,2.30758526615745,3.29174192095865,1.9764183192489,1.26066802484803,257414652010854,"Maple / beech / birch group","Sugar maple / beech / yellow birch",60,23.0497,1.56194988248473,147.487468608712,198.595518,1190.13365759531,64.8675444180193,11.6690438703642,2011,113.862095457942,74678352010478,NA,NA,NA,NA,95279961010478,2006,"2006-09-06",46,0,0,NA,151.786023792413,0,10.9269290186117,0,141.081276730755,"2011-06-13",0,0,0,NA,0.245042633353163,0,"223","223Fa",21,11,24,4,38.143538,-83.849192,801,40,0,2016,6,"2017-05-30",12,0,0,66,6,31,2,1,1,29.9274,940,15,274,0,NA,22,0,1.53124552384893,0,1.53124552384893,125.612609302078,105.119717322129,144.433104,10526.802003,2100.12342234117,65.8085707769073,11.551839680328,800,"Maple / beech / birch group","Sugar maple / beech / yellow birch",5.96303901437372,0,0,0,0,0,0,-0.117204190036245,147.487468608712,11.6690438703642,"Maple / beech / birch group","Sugar maple / beech / yellow birch",55,40.5446,1.50116234750554,216.649656,4518.81468541603,60.9309195220458,NA,NA,NA,NA,NA,NA,NA,NA,NA,4518.81468541603,21011,"Bath","KY",3
433077630489998,"MBB",20,0.727533666618704,0.96301370169656,1.14707808103549,3.1597767175813,2.32553811319185,3.53105023955406,2.38397215851856,0.371273521972753,1.2055121263622,257414652010854,"Maple / beech / birch group","Sugar maple / beech / yellow birch",60,23.0497,1.56194988248473,147.487468608712,198.595518,1190.13365759531,64.8675444180193,11.6690438703642,2011,113.862095457942,74678352010478,NA,NA,NA,NA,95279961010478,2006,"2006-09-06",46,0,0,NA,151.786023792413,0,10.9269290186117,0,141.081276730755,"2011-06-13",0,0,0,NA,0.245042633353163,0,"223","223Fa",21,11,24,4,38.143538,-83.849192,801,40,0,2016,6,"2017-05-30",12,0,0,66,6,31,2,1,1,29.9274,940,15,274,0,NA,22,0,1.53124552384893,0,1.53124552384893,125.612609302078,105.119717322129,144.433104,10526.802003,2100.12342234117,65.8085707769073,11.551839680328,800,"Maple / beech / birch group","Sugar maple / beech / yellow birch",5.96303901437372,0,0,0,0,0,0,-0.117204190036245,147.487468608712,11.6690438703642,"Maple / beech / birch group","Sugar maple / beech / yellow birch",55,40.5446,1.50116234750554,216.649656,4518.81468541603,60.9309195220458,NA,NA,NA,NA,NA,NA,NA,NA,NA,4518.81468541603,21011,"Bath","KY",3
433077683489998,"MBB",0,0,0,0,0,0,0,0,0,0,257414921010854,"Maple / beech / birch group","Sugar maple / beech / yellow birch",65,62.8739,1.28486999998696,122.662659034139,132.397012,13145.6280497612,76.6254991136687,13.0334541573877,2011,222.734858061011,74758931010478,NA,NA,NA,NA,95315449010478,2006,"2007-02-19",0,0,0,NA,197.161140864229,0,12.6032468211482,0,119.912195794578,"2012-01-03",0,0,0,NA,0,0,"223","223Bd",21,179,28,5,37.847172,-85.539907,801,40,0,2016,5.6,"2017-08-22",12,0,0,71,4,41,2,1,1,66.2033,660,21,2,0,NA,22,0,1.42664704539735,0,1.41067499538495,254.459541833669,139.991257195746,132.397012,20868.258153,17848.112686661,82.5078448736011,13.9236724518158,800,"Maple / beech / birch group","Sugar maple / beech / yellow birch",5.63449691991786,0,0,0,0,0,0,0.89021829442809,122.662659034139,13.0334541573877,"Maple / beech / birch group","Sugar maple / beech / yellow birch",60,59.1992,1.2820529590839,138.415058,10105.4158884533,72.1765570257511,NA,NA,NA,NA,NA,NA,NA,NA,NA,10105.4158884533,21179,"Nelson","KY",14
433077683489998,"MBB",5,-3.08593143997304,1.38190680326772,-4.86548523702416,-1.97730001819463,3.76252392366888,5.06699161198162,9.93247684900578,7.04429163017625,1.30446768831275,257414921010854,"Maple / beech / birch group","Sugar maple / beech / yellow birch",65,62.8739,1.28486999998696,122.662659034139,132.397012,13145.6280497612,76.6254991136687,13.0334541573877,2011,222.734858061011,74758931010478,NA,NA,NA,NA,95315449010478,2006,"2007-02-19",0,0,0,NA,197.161140864229,0,12.6032468211482,0,119.912195794578,"2012-01-03",0,0,0,NA,0,0,"223","223Bd",21,179,28,5,37.847172,-85.539907,801,40,0,2016,5.6,"2017-08-22",12,0,0,71,4,41,2,1,1,66.2033,660,21,2,0,NA,22,0,1.42664704539735,0,1.41067499538495,254.459541833669,139.991257195746,132.397012,20868.258153,17848.112686661,82.5078448736011,13.9236724518158,800,"Maple / beech / birch group","Sugar maple / beech / yellow birch",5.63449691991786,0,0,0,0,0,0,0.89021829442809,122.662659034139,13.0334541573877,"Maple / beech / birch group","Sugar maple / beech / yellow birch",60,59.1992,1.2820529590839,138.415058,10105.4158884533,72.1765570257511,NA,NA,NA,NA,NA,NA,NA,NA,NA,10105.4158884533,21179,"Nelson","KY",14
433077683489998,"MBB",10,1.69799353257949,0.815741929308405,2.67716980303367,4.38207043528824,2.78416410748261,2.99105374079748,0.313883937763815,-1.39101669449075,0.206889633314878,257414921010854,"Maple / beech / birch group","Sugar maple / beech / yellow birch",65,62.8739,1.28486999998696,122.662659034139,132.397012,13145.6280497612,76.6254991136687,13.0334541573877,2011,222.734858061011,74758931010478,NA,NA,NA,NA,95315449010478,2006,"2007-02-19",0,0,0,NA,197.161140864229,0,12.6032468211482,0,119.912195794578,"2012-01-03",0,0,0,NA,0,0,"223","223Bd",21,179,28,5,37.847172,-85.539907,801,40,0,2016,5.6,"2017-08-22",12,0,0,71,4,41,2,1,1,66.2033,660,21,2,0,NA,22,0,1.42664704539735,0,1.41067499538495,254.459541833669,139.991257195746,132.397012,20868.258153,17848.112686661,82.5078448736011,13.9236724518158,800,"Maple / beech / birch group","Sugar maple / beech / yellow birch",5.63449691991786,0,0,0,0,0,0,0.89021829442809,122.662659034139,13.0334541573877,"Maple / beech / birch group","Sugar maple / beech / yellow birch",60,59.1992,1.2820529590839,138.415058,10105.4158884533,72.1765570257511,NA,NA,NA,NA,NA,NA,NA,NA,NA,10105.4158884533,21179,"Nelson","KY",14
433077683489998,"MBB",15,1.31578191960023,0.606571218259347,2.07454949323637,3.34228333939841,1.83352007159014,2.22409446695094,0.14954497371457,-1.11818887244747,0.390574395360803,257414921010854,"Maple / beech / birch group","Sugar maple / beech / yellow birch",65,62.8739,1.28486999998696,122.662659034139,132.397012,13145.6280497612,76.6254991136687,13.0334541573877,2011,222.734858061011,74758931010478,NA,NA,NA,NA,95315449010478,2006,"2007-02-19",0,0,0,NA,197.161140864229,0,12.6032468211482,0,119.912195794578,"2012-01-03",0,0,0,NA,0,0,"223","223Bd",21,179,28,5,37.847172,-85.539907,801,40,0,2016,5.6,"2017-08-22",12,0,0,71,4,41,2,1,1,66.2033,660,21,2,0,NA,22,0,1.42664704539735,0,1.41067499538495,254.459541833669,139.991257195746,132.397012,20868.258153,17848.112686661,82.5078448736011,13.9236724518158,800,"Maple / beech / birch group","Sugar maple / beech / yellow birch",5.63449691991786,0,0,0,0,0,0,0.89021829442809,122.662659034139,13.0334541573877,"Maple / beech / birch group","Sugar maple / beech / yellow birch",60,59.1992,1.2820529590839,138.415058,10105.4158884533,72.1765570257511,NA,NA,NA,NA,NA,NA,NA,NA,NA,10105.4158884533,21179,"Nelson","KY",14
433077683489998,"MBB",20,0.164463358381759,0.251492560709943,0.259303895048574,0.784923346932355,0.596338695987937,0.92213938926979,0.662835494221216,0.137216042337436,0.325800693281853,257414921010854,"Maple / beech / birch group","Sugar maple / beech / yellow birch",65,62.8739,1.28486999998696,122.662659034139,132.397012,13145.6280497612,76.6254991136687,13.0334541573877,2011,222.734858061011,74758931010478,NA,NA,NA,NA,95315449010478,2006,"2007-02-19",0,0,0,NA,197.161140864229,0,12.6032468211482,0,119.912195794578,"2012-01-03",0,0,0,NA,0,0,"223","223Bd",21,179,28,5,37.847172,-85.539907,801,40,0,2016,5.6,"2017-08-22",12,0,0,71,4,41,2,1,1,66.2033,660,21,2,0,NA,22,0,1.42664704539735,0,1.41067499538495,254.459541833669,139.991257195746,132.397012,20868.258153,17848.112686661,82.5078448736011,13.9236724518158,800,"Maple / beech / birch group","Sugar maple / beech / yellow birch",5.63449691991786,0,0,0,0,0,0,0.89021829442809,122.662659034139,13.0334541573877,"Maple / beech / birch group","Sugar maple / beech / yellow birch",60,59.1992,1.2820529590839,138.415058,10105.4158884533,72.1765570257511,NA,NA,NA,NA,NA,NA,NA,NA,NA,10105.4158884533,21179,"Nelson","KY",14
433077715489998,"MBB",0,0,0,0,0,0,0,0,0,0,225797731010854,"Maple / beech / birch group","Hard maple / basswood",72,65.4101,2.1958663263539,96.1736016362009,120.36092,11752.1537411837,88.7970039408158,12.1039640201052,2010,154.485612745884,29170948010478,NA,NA,NA,NA,29114174010478,2005,"2005-06-27",0,0,0,NA,125.219208424754,0,11.8221691838058,0,87.1602721926908,"2010-06-24",0,0,0,NA,0,0,"221","221Ha",21,131,35,1,37.146915,-83.397869,805,40,0,2016,7.1,"2017-08-03",0,0,0,75,5,38,2,1,1,49.3157,1320,72,68,0,NA,23,0,2.25583319926831,0,2.23880525671748,168.259940335474,108.444471212648,114.342874,14221.582517,12028.48126609,90.9732865878338,13.1868658740031,800,"Maple / beech / birch group","Hard maple / basswood",7.11019849418207,0,0,0,0,0,0,1.08290185389794,96.1736016362009,12.1039640201052,"Maple / beech / birch group","Hard maple / basswood",69,55.146,2.26771065493646,114.342874,9888.54727186768,85.6637709313448,NA,NA,NA,NA,NA,NA,NA,NA,NA,9888.54727186768,21131,"Leslie","KY",3
433077715489998,"MBB",5,-1.36193044096804,0.900639812354569,-2.14731032859294,-0.264973120771894,2.55606175149719,3.30234597863342,5.44965630722637,3.56731909940531,0.746284227136234,225797731010854,"Maple / beech / birch group","Hard maple / basswood",72,65.4101,2.1958663263539,96.1736016362009,120.36092,11752.1537411837,88.7970039408158,12.1039640201052,2010,154.485612745884,29170948010478,NA,NA,NA,NA,29114174010478,2005,"2005-06-27",0,0,0,NA,125.219208424754,0,11.8221691838058,0,87.1602721926908,"2010-06-24",0,0,0,NA,0,0,"221","221Ha",21,131,35,1,37.146915,-83.397869,805,40,0,2016,7.1,"2017-08-03",0,0,0,75,5,38,2,1,1,49.3157,1320,72,68,0,NA,23,0,2.25583319926831,0,2.23880525671748,168.259940335474,108.444471212648,114.342874,14221.582517,12028.48126609,90.9732865878338,13.1868658740031,800,"Maple / beech / birch group","Hard maple / basswood",7.11019849418207,0,0,0,0,0,0,1.08290185389794,96.1736016362009,12.1039640201052,"Maple / beech / birch group","Hard maple / basswood",69,55.146,2.26771065493646,114.342874,9888.54727186768,85.6637709313448,NA,NA,NA,NA,NA,NA,NA,NA,NA,9888.54727186768,21131,"Leslie","KY",3
433077715489998,"MBB",10,-0.285604990092908,0.552477538934457,-0.450303867713152,0.704374188659864,1.65593402150326,2.02575097609301,2.47605484380616,1.32137678743314,0.369816954589747,225797731010854,"Maple / beech / birch group","Hard maple / basswood",72,65.4101,2.1958663263539,96.1736016362009,120.36092,11752.1537411837,88.7970039408158,12.1039640201052,2010,154.485612745884,29170948010478,NA,NA,NA,NA,29114174010478,2005,"2005-06-27",0,0,0,NA,125.219208424754,0,11.8221691838058,0,87.1602721926908,"2010-06-24",0,0,0,NA,0,0,"221","221Ha",21,131,35,1,37.146915,-83.397869,805,40,0,2016,7.1,"2017-08-03",0,0,0,75,5,38,2,1,1,49.3157,1320,72,68,0,NA,23,0,2.25583319926831,0,2.23880525671748,168.259940335474,108.444471212648,114.342874,14221.582517,12028.48126609,90.9732865878338,13.1868658740031,800,"Maple / beech / birch group","Hard maple / basswood",7.11019849418207,0,0,0,0,0,0,1.08290185389794,96.1736016362009,12.1039640201052,"Maple / beech / birch group","Hard maple / basswood",69,55.146,2.26771065493646,114.342874,9888.54727186768,85.6637709313448,NA,NA,NA,NA,NA,NA,NA,NA,NA,9888.54727186768,21131,"Leslie","KY",3
433077715489998,"MBB",15,0.621909352922511,0.692509282012951,0.980543746441158,2.42788814584823,1.71476542116375,2.53920070071415,1.55865695427299,0.111312554865927,0.824435279550406,225797731010854,"Maple / beech / birch group","Hard maple / basswood",72,65.4101,2.1958663263539,96.1736016362009,120.36092,11752.1537411837,88.7970039408158,12.1039640201052,2010,154.485612745884,29170948010478,NA,NA,NA,NA,29114174010478,2005,"2005-06-27",0,0,0,NA,125.219208424754,0,11.8221691838058,0,87.1602721926908,"2010-06-24",0,0,0,NA,0,0,"221","221Ha",21,131,35,1,37.146915,-83.397869,805,40,0,2016,7.1,"2017-08-03",0,0,0,75,5,38,2,1,1,49.3157,1320,72,68,0,NA,23,0,2.25583319926831,0,2.23880525671748,168.259940335474,108.444471212648,114.342874,14221.582517,12028.48126609,90.9732865878338,13.1868658740031,800,"Maple / beech / birch group","Hard maple / basswood",7.11019849418207,0,0,0,0,0,0,1.08290185389794,96.1736016362009,12.1039640201052,"Maple / beech / birch group","Hard maple / basswood",69,55.146,2.26771065493646,114.342874,9888.54727186768,85.6637709313448,NA,NA,NA,NA,NA,NA,NA,NA,NA,9888.54727186768,21131,"Leslie","KY",3
433077715489998,"MBB",20,0.870226368525797,0.862523933341025,1.37205690770901,3.17473192839175,2.17687235914884,3.16258775558376,1.79053084787475,-0.0121441728079916,0.985715396434923,225797731010854,"Maple / beech / birch group","Hard maple / basswood",72,65.4101,2.1958663263539,96.1736016362009,120.36092,11752.1537411837,88.7970039408158,12.1039640201052,2010,154.485612745884,29170948010478,NA,NA,NA,NA,29114174010478,2005,"2005-06-27",0,0,0,NA,125.219208424754,0,11.8221691838058,0,87.1602721926908,"2010-06-24",0,0,0,NA,0,0,"221","221Ha",21,131,35,1,37.146915,-83.397869,805,40,0,2016,7.1,"2017-08-03",0,0,0,75,5,38,2,1,1,49.3157,1320,72,68,0,NA,23,0,2.25583319926831,0,2.23880525671748,168.259940335474,108.444471212648,114.342874,14221.582517,12028.48126609,90.9732865878338,13.1868658740031,800,"Maple / beech / birch group","Hard maple / basswood",7.11019849418207,0,0,0,0,0,0,1.08290185389794,96.1736016362009,12.1039640201052,"Maple / beech / birch group","Hard maple / basswood",69,55.146,2.26771065493646,114.342874,9888.54727186768,85.6637709313448,NA,NA,NA,NA,NA,NA,NA,NA,NA,9888.54727186768,21131,"Leslie","KY",3
473337993489998,"MBB",0,0,0,0,0,0,0,0,0,0,196883405010854,"Maple / beech / birch group","Sugar maple / beech / yellow birch",84,50.1845,1.32237990416434,83.132767252529,108.324828,9344.29135008119,70.1003155065525,11.8621810342318,2010,135.43439538371,20664088010478,NA,NA,NA,NA,76849606010478,2005,"2005-07-27",0,0,0,NA,124.855190247608,0,11.5265167433746,0,74.1337089984889,"2010-11-02",0,0,0,NA,0,0,"221","221Hc",47,141,15,4,36.125952,-85.352156,801,40,0,2016,7.4,"2018-03-19",0,0,0,91,3,31,2,1,1,43.4358,1730,24,84,0,NA,22,0,1.34025872749892,0,1.34653540162138,177.150607928997,95.6703255793937,114.342874,15143.136739,12242.6942754451,84.0929439455387,12.3858697078991,800,"Maple / beech / birch group","Sugar maple / beech / yellow birch",7.37577002053388,0,0,0,0,0,0,0.523688673667293,83.132767252529,11.8621810342318,"Maple / beech / birch group","Sugar maple / beech / yellow birch",79,17.0918,1.31996815552683,102.306782,2126.86601194689,59.9818934831896,NA,NA,NA,NA,NA,NA,NA,NA,NA,2126.86601194689,47141,"Putnam","TN",10
473337993489998,"MBB",5,-0.730403276731948,1.75758966121594,-1.15160249964737,2.52175989229394,5.29651163226798,6.44449542445844,7.59609792410581,3.9227355321645,1.14798379219046,196883405010854,"Maple / beech / birch group","Sugar maple / beech / yellow birch",84,50.1845,1.32237990416434,83.132767252529,108.324828,9344.29135008119,70.1003155065525,11.8621810342318,2010,135.43439538371,20664088010478,NA,NA,NA,NA,76849606010478,2005,"2005-07-27",0,0,0,NA,124.855190247608,0,11.5265167433746,0,74.1337089984889,"2010-11-02",0,0,0,NA,0,0,"221","221Hc",47,141,15,4,36.125952,-85.352156,801,40,0,2016,7.4,"2018-03-19",0,0,0,91,3,31,2,1,1,43.4358,1730,24,84,0,NA,22,0,1.34025872749892,0,1.34653540162138,177.150607928997,95.6703255793937,114.342874,15143.136739,12242.6942754451,84.0929439455387,12.3858697078991,800,"Maple / beech / birch group","Sugar maple / beech / yellow birch",7.37577002053388,0,0,0,0,0,0,0.523688673667293,83.132767252529,11.8621810342318,"Maple / beech / birch group","Sugar maple / beech / yellow birch",79,17.0918,1.31996815552683,102.306782,2126.86601194689,59.9818934831896,NA,NA,NA,NA,NA,NA,NA,NA,NA,2126.86601194689,47141,"Putnam","TN",10
473337993489998,"MBB",10,1.79935443497434,1.6938997189865,2.83698215914288,6.37723257182468,5.50510784407433,6.21096563628385,3.37398347714097,-0.166266935540826,0.705857792209521,196883405010854,"Maple / beech / birch group","Sugar maple / beech / yellow birch",84,50.1845,1.32237990416434,83.132767252529,108.324828,9344.29135008119,70.1003155065525,11.8621810342318,2010,135.43439538371,20664088010478,NA,NA,NA,NA,76849606010478,2005,"2005-07-27",0,0,0,NA,124.855190247608,0,11.5265167433746,0,74.1337089984889,"2010-11-02",0,0,0,NA,0,0,"221","221Hc",47,141,15,4,36.125952,-85.352156,801,40,0,2016,7.4,"2018-03-19",0,0,0,91,3,31,2,1,1,43.4358,1730,24,84,0,NA,22,0,1.34025872749892,0,1.34653540162138,177.150607928997,95.6703255793937,114.342874,15143.136739,12242.6942754451,84.0929439455387,12.3858697078991,800,"Maple / beech / birch group","Sugar maple / beech / yellow birch",7.37577002053388,0,0,0,0,0,0,0.523688673667293,83.132767252529,11.8621810342318,"Maple / beech / birch group","Sugar maple / beech / yellow birch",79,17.0918,1.31996815552683,102.306782,2126.86601194689,59.9818934831896,NA,NA,NA,NA,NA,NA,NA,NA,NA,2126.86601194689,47141,"Putnam","TN",10
473337993489998,"MBB",15,1.26869313017392,1.10736636261465,2.00030616857421,4.31470186643883,2.8599337438394,4.06034332958704,2.06003716101283,-0.254358536851784,1.20040958574764,196883405010854,"Maple / beech / birch group","Sugar maple / beech / yellow birch",84,50.1845,1.32237990416434,83.132767252529,108.324828,9344.29135008119,70.1003155065525,11.8621810342318,2010,135.43439538371,20664088010478,NA,NA,NA,NA,76849606010478,2005,"2005-07-27",0,0,0,NA,124.855190247608,0,11.5265167433746,0,74.1337089984889,"2010-11-02",0,0,0,NA,0,0,"221","221Hc",47,141,15,4,36.125952,-85.352156,801,40,0,2016,7.4,"2018-03-19",0,0,0,91,3,31,2,1,1,43.4358,1730,24,84,0,NA,22,0,1.34025872749892,0,1.34653540162138,177.150607928997,95.6703255793937,114.342874,15143.136739,12242.6942754451,84.0929439455387,12.3858697078991,800,"Maple / beech / birch group","Sugar maple / beech / yellow birch",7.37577002053388,0,0,0,0,0,0,0.523688673667293,83.132767252529,11.8621810342318,"Maple / beech / birch group","Sugar maple / beech / yellow birch",79,17.0918,1.31996815552683,102.306782,2126.86601194689,59.9818934831896,NA,NA,NA,NA,NA,NA,NA,NA,NA,2126.86601194689,47141,"Putnam","TN",10
473337993489998,"MBB",20,0.621919831662667,0.523975955984102,0.980560267921472,2.07567001592825,1.36253527562172,1.92124517194171,0.940684904020235,-0.154424843986538,0.558709896319987,196883405010854,"Maple / beech / birch group","Sugar maple / beech / yellow birch",84,50.1845,1.32237990416434,83.132767252529,108.324828,9344.29135008119,70.1003155065525,11.8621810342318,2010,135.43439538371,20664088010478,NA,NA,NA,NA,76849606010478,2005,"2005-07-27",0,0,0,NA,124.855190247608,0,11.5265167433746,0,74.1337089984889,"2010-11-02",0,0,0,NA,0,0,"221","221Hc",47,141,15,4,36.125952,-85.352156,801,40,0,2016,7.4,"2018-03-19",0,0,0,91,3,31,2,1,1,43.4358,1730,24,84,0,NA,22,0,1.34025872749892,0,1.34653540162138,177.150607928997,95.6703255793937,114.342874,15143.136739,12242.6942754451,84.0929439455387,12.3858697078991,800,"Maple / beech / birch group","Sugar maple / beech / yellow birch",7.37577002053388,0,0,0,0,0,0,0.523688673667293,83.132767252529,11.8621810342318,"Maple / beech / birch group","Sugar maple / beech / yellow birch",79,17.0918,1.31996815552683,102.306782,2126.86601194689,59.9818934831896,NA,NA,NA,NA,NA,NA,NA,NA,NA,2126.86601194689,47141,"Putnam","TN",10
473338299489998,"MBB",0,0,0,0,0,0,0,0,0,0,196883325010854,"Oak / hickory group","Cherry / white ash / yellow-poplar",59,67.2646,1.77051501160626,154.408493318574,174.523334,22112.418567828,88.3546030874745,12.736534471544,2010,246.301905698232,20663750010478,11.5801842242111,0,132.04526371079,182.533203517757,76845916010478,2005,"2006-01-26",0,0,0,NA,207.73397733883,0,11.9992133075465,0,141.774276238559,"2011-02-08",0,0,0,NA,0,0,"221","221Hc",47,133,17,4,36.198722,-85.311788,801,40,0,2016,7.3,"2018-06-04",0,0,0,64,3,39,2,1,1,34.8971,1280,43,77,10,12,22,0.508179646115518,1.7858906023677,2.00229341369782,1.57230379789417,137.32348742062,172.246262444139,174.523334,11510.964643,9632.2548391451,90.230708811058,13.4521154598386,800,"Maple / beech / birch group","Sugar maple / beech / yellow birch",7.31827515400411,1,1,0,0,1,0.508179646115518,0.715580988294601,154.408493318574,12.736534471544,"Oak / hickory group","Cherry / white ash / yellow-poplar",54,63.9614,1.89810469594903,180.54138,16965.2689312345,82.3960537061223,"Oak / hickory group","Yellow-poplar / white oak / northern red oak",53,48.483,1.90787020695895,180.54138,14238.7212813029,81.9424322993996,2000,14238.7212813029,47133,"Overton","TN",10
473338299489998,"MBB",5,-0.99659433819167,1.98584733245015,-1.57129707321553,2.57912385160529,5.95695468983581,7.2814402189839,8.85273729219943,4.70231636737861,1.32448552914809,196883325010854,"Oak / hickory group","Cherry / white ash / yellow-poplar",59,67.2646,1.77051501160626,154.408493318574,174.523334,22112.418567828,88.3546030874745,12.736534471544,2010,246.301905698232,20663750010478,11.5801842242111,0,132.04526371079,182.533203517757,76845916010478,2005,"2006-01-26",0,0,0,NA,207.73397733883,0,11.9992133075465,0,141.774276238559,"2011-02-08",0,0,0,NA,0,0,"221","221Hc",47,133,17,4,36.198722,-85.311788,801,40,0,2016,7.3,"2018-06-04",0,0,0,64,3,39,2,1,1,34.8971,1280,43,77,10,12,22,0.508179646115518,1.7858906023677,2.00229341369782,1.57230379789417,137.32348742062,172.246262444139,174.523334,11510.964643,9632.2548391451,90.230708811058,13.4521154598386,800,"Maple / beech / birch group","Sugar maple / beech / yellow birch",7.31827515400411,1,1,0,0,1,0.508179646115518,0.715580988294601,154.408493318574,12.736534471544,"Oak / hickory group","Cherry / white ash / yellow-poplar",54,63.9614,1.89810469594903,180.54138,16965.2689312345,82.3960537061223,"Oak / hickory group","Yellow-poplar / white oak / northern red oak",53,48.483,1.90787020695895,180.54138,14238.7212813029,81.9424322993996,2000,14238.7212813029,47133,"Overton","TN",10
473338299489998,"MBB",10,0.719024935657038,0.149355345705979,1.1336626485526,1.44581532107809,0.575058454479541,0.547636267588589,-0.586026380964007,-0.898179053489503,-0.0274221868909518,196883325010854,"Oak / hickory group","Cherry / white ash / yellow-poplar",59,67.2646,1.77051501160626,154.408493318574,174.523334,22112.418567828,88.3546030874745,12.736534471544,2010,246.301905698232,20663750010478,11.5801842242111,0,132.04526371079,182.533203517757,76845916010478,2005,"2006-01-26",0,0,0,NA,207.73397733883,0,11.9992133075465,0,141.774276238559,"2011-02-08",0,0,0,NA,0,0,"221","221Hc",47,133,17,4,36.198722,-85.311788,801,40,0,2016,7.3,"2018-06-04",0,0,0,64,3,39,2,1,1,34.8971,1280,43,77,10,12,22,0.508179646115518,1.7858906023677,2.00229341369782,1.57230379789417,137.32348742062,172.246262444139,174.523334,11510.964643,9632.2548391451,90.230708811058,13.4521154598386,800,"Maple / beech / birch group","Sugar maple / beech / yellow birch",7.31827515400411,1,1,0,0,1,0.508179646115518,0.715580988294601,154.408493318574,12.736534471544,"Oak / hickory group","Cherry / white ash / yellow-poplar",54,63.9614,1.89810469594903,180.54138,16965.2689312345,82.3960537061223,"Oak / hickory group","Yellow-poplar / white oak / northern red oak",53,48.483,1.90787020695895,180.54138,14238.7212813029,81.9424322993996,2000,14238.7212813029,47133,"Overton","TN",10
473338299489998,"MBB",15,-0.650916934450162,-0.900378274778348,-1.02627903331642,-2.90806962760317,-2.16168487610032,-3.30138700752061,-2.27510797420419,-0.39331737991744,-1.13970213142029,196883325010854,"Oak / hickory group","Cherry / white ash / yellow-poplar",59,67.2646,1.77051501160626,154.408493318574,174.523334,22112.418567828,88.3546030874745,12.736534471544,2010,246.301905698232,20663750010478,11.5801842242111,0,132.04526371079,182.533203517757,76845916010478,2005,"2006-01-26",0,0,0,NA,207.73397733883,0,11.9992133075465,0,141.774276238559,"2011-02-08",0,0,0,NA,0,0,"221","221Hc",47,133,17,4,36.198722,-85.311788,801,40,0,2016,7.3,"2018-06-04",0,0,0,64,3,39,2,1,1,34.8971,1280,43,77,10,12,22,0.508179646115518,1.7858906023677,2.00229341369782,1.57230379789417,137.32348742062,172.246262444139,174.523334,11510.964643,9632.2548391451,90.230708811058,13.4521154598386,800,"Maple / beech / birch group","Sugar maple / beech / yellow birch",7.31827515400411,1,1,0,0,1,0.508179646115518,0.715580988294601,154.408493318574,12.736534471544,"Oak / hickory group","Cherry / white ash / yellow-poplar",54,63.9614,1.89810469594903,180.54138,16965.2689312345,82.3960537061223,"Oak / hickory group","Yellow-poplar / white oak / northern red oak",53,48.483,1.90787020695895,180.54138,14238.7212813029,81.9424322993996,2000,14238.7212813029,47133,"Overton","TN",10
473338299489998,"MBB",20,-0.246391063945762,-0.54171932959556,-0.388476577487819,-1.52066997634254,-1.2381415563514,-1.98630420851705,-1.59782763102923,-0.465634232174514,-0.748162652165655,196883325010854,"Oak / hickory group","Cherry / white ash / yellow-poplar",59,67.2646,1.77051501160626,154.408493318574,174.523334,22112.418567828,88.3546030874745,12.736534471544,2010,246.301905698232,20663750010478,11.5801842242111,0,132.04526371079,182.533203517757,76845916010478,2005,"2006-01-26",0,0,0,NA,207.73397733883,0,11.9992133075465,0,141.774276238559,"2011-02-08",0,0,0,NA,0,0,"221","221Hc",47,133,17,4,36.198722,-85.311788,801,40,0,2016,7.3,"2018-06-04",0,0,0,64,3,39,2,1,1,34.8971,1280,43,77,10,12,22,0.508179646115518,1.7858906023677,2.00229341369782,1.57230379789417,137.32348742062,172.246262444139,174.523334,11510.964643,9632.2548391451,90.230708811058,13.4521154598386,800,"Maple / beech / birch group","Sugar maple / beech / yellow birch",7.31827515400411,1,1,0,0,1,0.508179646115518,0.715580988294601,154.408493318574,12.736534471544,"Oak / hickory group","Cherry / white ash / yellow-poplar",54,63.9614,1.89810469594903,180.54138,16965.2689312345,82.3960537061223,"Oak / hickory group","Yellow-poplar / white oak / northern red oak",53,48.483,1.90787020695895,180.54138,14238.7212813029,81.9424322993996,2000,14238.7212813029,47133,"Overton","TN",10
480976106489998,"MBB",0,0,0,0,0,0,0,0,0,0,259204403010854,"Maple / beech / birch group","Sugar maple / beech / yellow birch",88,42.6855,1.85911323258085,146.958853641439,144.433104,10794.6454370774,82.7157775776613,13.6586236495483,2012,175.352227283724,30863300010478,12.4770538354931,0,148.181072049097,168.877864610933,142937038010478,2008,"2007-10-16",46,80,0,NA,171.07693152688,0,13.3792866602993,0,152.760088878736,"2012-03-21",46,80,0,NA,0.094235935629738,0,"M221","M221Aa",51,5,28,4,37.665259,-80.005604,801,40,0,2017,6.4,"2018-08-01",46,12,0,94,5,31,2,1,1,66.456,2390,42,290,0,NA,23,0,1.57793435830949,0,1.42914653518317,204.143871332344,140.648677197144,126.378966,17423.254747,15798.8224712005,86.9861031378205,14.2847571107907,800,"Maple / beech / birch group","Sugar maple / beech / yellow birch",6.362765229295,0,0,0,0,0,0,0.626133461242413,146.958853641439,13.6586236495483,"Oak / hickory group","Elm / ash / black locust",83,54.3782,1.97916913163419,156.469196,9884.73959398302,78.6816218882719,"Oak / hickory group","Elm / ash / black locust",79,51.8117,2.05497285907857,174.523334,7954.22726355826,76.9158564258674,2003,7954.22726355826,51005,"Alleghany","VA",8
480976106489998,"MBB",5,-2.28862271053487,0.263596568185336,-3.60839514027664,-3.05747831276928,0.445697796325258,0.9665207500129,4.57491589028954,4.02399906278218,0.520822953687643,259204403010854,"Maple / beech / birch group","Sugar maple / beech / yellow birch",88,42.6855,1.85911323258085,146.958853641439,144.433104,10794.6454370774,82.7157775776613,13.6586236495483,2012,175.352227283724,30863300010478,12.4770538354931,0,148.181072049097,168.877864610933,142937038010478,2008,"2007-10-16",46,80,0,NA,171.07693152688,0,13.3792866602993,0,152.760088878736,"2012-03-21",46,80,0,NA,0.094235935629738,0,"M221","M221Aa",51,5,28,4,37.665259,-80.005604,801,40,0,2017,6.4,"2018-08-01",46,12,0,94,5,31,2,1,1,66.456,2390,42,290,0,NA,23,0,1.57793435830949,0,1.42914653518317,204.143871332344,140.648677197144,126.378966,17423.254747,15798.8224712005,86.9861031378205,14.2847571107907,800,"Maple / beech / birch group","Sugar maple / beech / yellow birch",6.362765229295,0,0,0,0,0,0,0.626133461242413,146.958853641439,13.6586236495483,"Oak / hickory group","Elm / ash / black locust",83,54.3782,1.97916913163419,156.469196,9884.73959398302,78.6816218882719,"Oak / hickory group","Elm / ash / black locust",79,51.8117,2.05497285907857,174.523334,7954.22726355826,76.9158564258674,2003,7954.22726355826,51005,"Alleghany","VA",8
480976106489998,"MBB",10,0.0392493238649422,-0.141873969469071,0.0618831006270589,-0.2346334955633,-0.430691934146349,-0.520204554719929,-0.582087655346987,-0.285571059156628,-0.0895126205735793,259204403010854,"Maple / beech / birch group","Sugar maple / beech / yellow birch",88,42.6855,1.85911323258085,146.958853641439,144.433104,10794.6454370774,82.7157775776613,13.6586236495483,2012,175.352227283724,30863300010478,12.4770538354931,0,148.181072049097,168.877864610933,142937038010478,2008,"2007-10-16",46,80,0,NA,171.07693152688,0,13.3792866602993,0,152.760088878736,"2012-03-21",46,80,0,NA,0.094235935629738,0,"M221","M221Aa",51,5,28,4,37.665259,-80.005604,801,40,0,2017,6.4,"2018-08-01",46,12,0,94,5,31,2,1,1,66.456,2390,42,290,0,NA,23,0,1.57793435830949,0,1.42914653518317,204.143871332344,140.648677197144,126.378966,17423.254747,15798.8224712005,86.9861031378205,14.2847571107907,800,"Maple / beech / birch group","Sugar maple / beech / yellow birch",6.362765229295,0,0,0,0,0,0,0.626133461242413,146.958853641439,13.6586236495483,"Oak / hickory group","Elm / ash / black locust",83,54.3782,1.97916913163419,156.469196,9884.73959398302,78.6816218882719,"Oak / hickory group","Elm / ash / black locust",79,51.8117,2.05497285907857,174.523334,7954.22726355826,76.9158564258674,2003,7954.22726355826,51005,"Alleghany","VA",8
480976106489998,"MBB",15,0.479545216289155,0.395929477303488,0.756082957682568,1.58357556524686,1.03369705056863,1.45174141677946,0.69565845909689,-0.131834148467401,0.41804436621083,259204403010854,"Maple / beech / birch group","Sugar maple / beech / yellow birch",88,42.6855,1.85911323258085,146.958853641439,144.433104,10794.6454370774,82.7157775776613,13.6586236495483,2012,175.352227283724,30863300010478,12.4770538354931,0,148.181072049097,168.877864610933,142937038010478,2008,"2007-10-16",46,80,0,NA,171.07693152688,0,13.3792866602993,0,152.760088878736,"2012-03-21",46,80,0,NA,0.094235935629738,0,"M221","M221Aa",51,5,28,4,37.665259,-80.005604,801,40,0,2017,6.4,"2018-08-01",46,12,0,94,5,31,2,1,1,66.456,2390,42,290,0,NA,23,0,1.57793435830949,0,1.42914653518317,204.143871332344,140.648677197144,126.378966,17423.254747,15798.8224712005,86.9861031378205,14.2847571107907,800,"Maple / beech / birch group","Sugar maple / beech / yellow birch",6.362765229295,0,0,0,0,0,0,0.626133461242413,146.958853641439,13.6586236495483,"Oak / hickory group","Elm / ash / black locust",83,54.3782,1.97916913163419,156.469196,9884.73959398302,78.6816218882719,"Oak / hickory group","Elm / ash / black locust",79,51.8117,2.05497285907857,174.523334,7954.22726355826,76.9158564258674,2003,7954.22726355826,51005,"Alleghany","VA",8
480976106489998,"MBB",20,-1.69488365569833,0.622517353750003,-2.6722665638177,-1.3712052944802,0.572261297387224,2.28256363041668,4.95483019423438,3.65376892489687,1.71030233302945,259204403010854,"Maple / beech / birch group","Sugar maple / beech / yellow birch",88,42.6855,1.85911323258085,146.958853641439,144.433104,10794.6454370774,82.7157775776613,13.6586236495483,2012,175.352227283724,30863300010478,12.4770538354931,0,148.181072049097,168.877864610933,142937038010478,2008,"2007-10-16",46,80,0,NA,171.07693152688,0,13.3792866602993,0,152.760088878736,"2012-03-21",46,80,0,NA,0.094235935629738,0,"M221","M221Aa",51,5,28,4,37.665259,-80.005604,801,40,0,2017,6.4,"2018-08-01",46,12,0,94,5,31,2,1,1,66.456,2390,42,290,0,NA,23,0,1.57793435830949,0,1.42914653518317,204.143871332344,140.648677197144,126.378966,17423.254747,15798.8224712005,86.9861031378205,14.2847571107907,800,"Maple / beech / birch group","Sugar maple / beech / yellow birch",6.362765229295,0,0,0,0,0,0,0.626133461242413,146.958853641439,13.6586236495483,"Oak / hickory group","Elm / ash / black locust",83,54.3782,1.97916913163419,156.469196,9884.73959398302,78.6816218882719,"Oak / hickory group","Elm / ash / black locust",79,51.8117,2.05497285907857,174.523334,7954.22726355826,76.9158564258674,2003,7954.22726355826,51005,"Alleghany","VA",8
480976113489998,"MBB",0,0,0,0,0,0,0,0,0,0,259204249010854,"Oak / hickory group","White oak / red oak / hickory",43,28.545,2.05499159329633,82.1469753213887,192.577472,1953.40099346231,56.6785466719105,8.84373012365258,2012,97.6873234500562,30896039010478,8.1593956577678,0,69.9256643212537,107.247706742823,142955656010478,2008,"2008-06-18",0,0,0,NA,121.338810852222,0,8.59574276895255,0,77.6045948801724,"2012-03-29",0,0,0,NA,0,0,"M221","M221Cb",51,51,25,5,37.021285,-82.443281,801,40,0,2017,5.6,"2017-10-29",0,0,0,49,5,7,2,1,1,50.4315,2500,64,112,0,NA,23,0,2.06481300021304,0,2.03294678432875,95.174799698086,89.6215895800968,204.613564,7422.134728,4109.67072079371,59.9015936246201,8.96151723629825,800,"Maple / beech / birch group","Sugar maple / beech / yellow birch",5.58521560574949,0,0,0,0,0,0,0.117787112645674,82.1469753213887,8.84373012365258,"Oak / hickory group","Cherry / white ash / yellow-poplar",39,29.0994,2.05071721912296,192.577472,1736.67731549651,55.1017482877296,"Oak / hickory group","Cherry / white ash / yellow-poplar",35,30.6268,1.98485811379873,192.577472,1308.24506209074,50.5565438697589,2003,1308.24506209074,51051,"Dickenson","VA",11
480976113489998,"MBB",5,0.404128373185873,0.341185176755554,0.637175735056392,1.3502527544755,1.11551088411685,1.25101231477036,0.613836579713972,-0.0992404397051359,0.135501430653519,259204249010854,"Oak / hickory group","White oak / red oak / hickory",43,28.545,2.05499159329633,82.1469753213887,192.577472,1953.40099346231,56.6785466719105,8.84373012365258,2012,97.6873234500562,30896039010478,8.1593956577678,0,69.9256643212537,107.247706742823,142955656010478,2008,"2008-06-18",0,0,0,NA,121.338810852222,0,8.59574276895255,0,77.6045948801724,"2012-03-29",0,0,0,NA,0,0,"M221","M221Cb",51,51,25,5,37.021285,-82.443281,801,40,0,2017,5.6,"2017-10-29",0,0,0,49,5,7,2,1,1,50.4315,2500,64,112,0,NA,23,0,2.06481300021304,0,2.03294678432875,95.174799698086,89.6215895800968,204.613564,7422.134728,4109.67072079371,59.9015936246201,8.96151723629825,800,"Maple / beech / birch group","Sugar maple / beech / yellow birch",5.58521560574949,0,0,0,0,0,0,0.117787112645674,82.1469753213887,8.84373012365258,"Oak / hickory group","Cherry / white ash / yellow-poplar",39,29.0994,2.05071721912296,192.577472,1736.67731549651,55.1017482877296,"Oak / hickory group","Cherry / white ash / yellow-poplar",35,30.6268,1.98485811379873,192.577472,1308.24506209074,50.5565438697589,2003,1308.24506209074,51051,"Dickenson","VA",11
480976113489998,"MBB",10,0.741065035098551,0.588854588876541,1.16841253867205,2.39911862942402,1.93224253935552,2.15913349254732,0.990720953875269,-0.239985136876702,0.226890953191803,259204249010854,"Oak / hickory group","White oak / red oak / hickory",43,28.545,2.05499159329633,82.1469753213887,192.577472,1953.40099346231,56.6785466719105,8.84373012365258,2012,97.6873234500562,30896039010478,8.1593956577678,0,69.9256643212537,107.247706742823,142955656010478,2008,"2008-06-18",0,0,0,NA,121.338810852222,0,8.59574276895255,0,77.6045948801724,"2012-03-29",0,0,0,NA,0,0,"M221","M221Cb",51,51,25,5,37.021285,-82.443281,801,40,0,2017,5.6,"2017-10-29",0,0,0,49,5,7,2,1,1,50.4315,2500,64,112,0,NA,23,0,2.06481300021304,0,2.03294678432875,95.174799698086,89.6215895800968,204.613564,7422.134728,4109.67072079371,59.9015936246201,8.96151723629825,800,"Maple / beech / birch group","Sugar maple / beech / yellow birch",5.58521560574949,0,0,0,0,0,0,0.117787112645674,82.1469753213887,8.84373012365258,"Oak / hickory group","Cherry / white ash / yellow-poplar",39,29.0994,2.05071721912296,192.577472,1736.67731549651,55.1017482877296,"Oak / hickory group","Cherry / white ash / yellow-poplar",35,30.6268,1.98485811379873,192.577472,1308.24506209074,50.5565438697589,2003,1308.24506209074,51051,"Dickenson","VA",11
480976113489998,"MBB",15,1.10223566673302,1.03919396113211,1.73785823454906,3.90977361331517,2.64587671546131,3.8103778574844,2.07251962293533,-0.0993957558307725,1.16450114202309,259204249010854,"Oak / hickory group","White oak / red oak / hickory",43,28.545,2.05499159329633,82.1469753213887,192.577472,1953.40099346231,56.6785466719105,8.84373012365258,2012,97.6873234500562,30896039010478,8.1593956577678,0,69.9256643212537,107.247706742823,142955656010478,2008,"2008-06-18",0,0,0,NA,121.338810852222,0,8.59574276895255,0,77.6045948801724,"2012-03-29",0,0,0,NA,0,0,"M221","M221Cb",51,51,25,5,37.021285,-82.443281,801,40,0,2017,5.6,"2017-10-29",0,0,0,49,5,7,2,1,1,50.4315,2500,64,112,0,NA,23,0,2.06481300021304,0,2.03294678432875,95.174799698086,89.6215895800968,204.613564,7422.134728,4109.67072079371,59.9015936246201,8.96151723629825,800,"Maple / beech / birch group","Sugar maple / beech / yellow birch",5.58521560574949,0,0,0,0,0,0,0.117787112645674,82.1469753213887,8.84373012365258,"Oak / hickory group","Cherry / white ash / yellow-poplar",39,29.0994,2.05071721912296,192.577472,1736.67731549651,55.1017482877296,"Oak / hickory group","Cherry / white ash / yellow-poplar",35,30.6268,1.98485811379873,192.577472,1308.24506209074,50.5565438697589,2003,1308.24506209074,51051,"Dickenson","VA",11
480976113489998,"MBB",20,0.756181569590822,0.750389848948714,1.19224627472153,2.76056105902434,1.89347285922687,2.75142944614529,1.55918317142376,-0.00913161287905728,0.857956586918418,259204249010854,"Oak / hickory group","White oak / red oak / hickory",43,28.545,2.05499159329633,82.1469753213887,192.577472,1953.40099346231,56.6785466719105,8.84373012365258,2012,97.6873234500562,30896039010478,8.1593956577678,0,69.9256643212537,107.247706742823,142955656010478,2008,"2008-06-18",0,0,0,NA,121.338810852222,0,8.59574276895255,0,77.6045948801724,"2012-03-29",0,0,0,NA,0,0,"M221","M221Cb",51,51,25,5,37.021285,-82.443281,801,40,0,2017,5.6,"2017-10-29",0,0,0,49,5,7,2,1,1,50.4315,2500,64,112,0,NA,23,0,2.06481300021304,0,2.03294678432875,95.174799698086,89.6215895800968,204.613564,7422.134728,4109.67072079371,59.9015936246201,8.96151723629825,800,"Maple / beech / birch group","Sugar maple / beech / yellow birch",5.58521560574949,0,0,0,0,0,0,0.117787112645674,82.1469753213887,8.84373012365258,"Oak / hickory group","Cherry / white ash / yellow-poplar",39,29.0994,2.05071721912296,192.577472,1736.67731549651,55.1017482877296,"Oak / hickory group","Cherry / white ash / yellow-poplar",35,30.6268,1.98485811379873,192.577472,1308.24506209074,50.5565438697589,2003,1308.24506209074,51051,"Dickenson","VA",11
480976345489998,"MBB",0,0,0,0,0,0,0,0,0,0,259204274010854,"Maple / beech / birch group","Sugar maple / beech / yellow birch",54,50.2403,1.71185358348818,112.768132874493,90.27069,15035.7906816539,90.5597779473267,15.1342968122077,2012,152.694553286132,30841112010478,NA,NA,NA,NA,142982848010478,2008,"2008-04-02",0,0,0,NA,161.868670582479,0,15.1881297635451,0,106.000342928107,"2012-05-15",0,0,0,NA,0,0,"M221","M221Cb",51,167,62,5,36.952321,-82.246018,801,40,0,2017,5.6,"2017-12-13",0,0,0,61,4,31,2,1,1,51.5279,2120,31,166,0,NA,22,0,1.67702404555931,0,1.67702404555931,170.973422678908,109.86452677424,84.252644,14783.252966,16997.1715920761,90.5950633955139,15.4624891731109,800,"Maple / beech / birch group","Sugar maple / beech / yellow birch",5.57973990417522,0,0,0,0,0,0,0.328192360903195,112.768132874493,15.1342968122077,"Maple / beech / birch group","Sugar maple / beech / yellow birch",50,42.8425,1.72917930181218,84.252644,12651.2327042789,80.576100599337,NA,NA,NA,NA,NA,NA,NA,NA,NA,12651.2327042789,51167,"Russell","VA",11
480976345489998,"MBB",5,-1.81878130786256,0.696502564126071,-2.86761186206331,-1.41192150303982,1.85422288825029,2.55384273512893,5.42145459719224,3.96576423816875,0.699619846878639,259204274010854,"Maple / beech / birch group","Sugar maple / beech / yellow birch",54,50.2403,1.71185358348818,112.768132874493,90.27069,15035.7906816539,90.5597779473267,15.1342968122077,2012,152.694553286132,30841112010478,NA,NA,NA,NA,142982848010478,2008,"2008-04-02",0,0,0,NA,161.868670582479,0,15.1881297635451,0,106.000342928107,"2012-05-15",0,0,0,NA,0,0,"M221","M221Cb",51,167,62,5,36.952321,-82.246018,801,40,0,2017,5.6,"2017-12-13",0,0,0,61,4,31,2,1,1,51.5279,2120,31,166,0,NA,22,0,1.67702404555931,0,1.67702404555931,170.973422678908,109.86452677424,84.252644,14783.252966,16997.1715920761,90.5950633955139,15.4624891731109,800,"Maple / beech / birch group","Sugar maple / beech / yellow birch",5.57973990417522,0,0,0,0,0,0,0.328192360903195,112.768132874493,15.1342968122077,"Maple / beech / birch group","Sugar maple / beech / yellow birch",50,42.8425,1.72917930181218,84.252644,12651.2327042789,80.576100599337,NA,NA,NA,NA,NA,NA,NA,NA,NA,12651.2327042789,51167,"Russell","VA",11
480976345489998,"MBB",10,0.383050335998215,0.532306864320702,0.603942696423852,1.71646404285412,1.70079319586748,1.95179183584257,1.34784913941872,0.235327792988455,0.250998639975098,259204274010854,"Maple / beech / birch group","Sugar maple / beech / yellow birch",54,50.2403,1.71185358348818,112.768132874493,90.27069,15035.7906816539,90.5597779473267,15.1342968122077,2012,152.694553286132,30841112010478,NA,NA,NA,NA,142982848010478,2008,"2008-04-02",0,0,0,NA,161.868670582479,0,15.1881297635451,0,106.000342928107,"2012-05-15",0,0,0,NA,0,0,"M221","M221Cb",51,167,62,5,36.952321,-82.246018,801,40,0,2017,5.6,"2017-12-13",0,0,0,61,4,31,2,1,1,51.5279,2120,31,166,0,NA,22,0,1.67702404555931,0,1.67702404555931,170.973422678908,109.86452677424,84.252644,14783.252966,16997.1715920761,90.5950633955139,15.4624891731109,800,"Maple / beech / birch group","Sugar maple / beech / yellow birch",5.57973990417522,0,0,0,0,0,0,0.328192360903195,112.768132874493,15.1342968122077,"Maple / beech / birch group","Sugar maple / beech / yellow birch",50,42.8425,1.72917930181218,84.252644,12651.2327042789,80.576100599337,NA,NA,NA,NA,NA,NA,NA,NA,NA,12651.2327042789,51167,"Russell","VA",11
480976345489998,"MBB",15,0.515125535868919,0.531293049334823,0.812181261553329,1.92258373466311,1.33190645353342,1.94807451422769,1.13589325267436,0.0254907795645756,0.61616806069427,259204274010854,"Maple / beech / birch group","Sugar maple / beech / yellow birch",54,50.2403,1.71185358348818,112.768132874493,90.27069,15035.7906816539,90.5597779473267,15.1342968122077,2012,152.694553286132,30841112010478,NA,NA,NA,NA,142982848010478,2008,"2008-04-02",0,0,0,NA,161.868670582479,0,15.1881297635451,0,106.000342928107,"2012-05-15",0,0,0,NA,0,0,"M221","M221Cb",51,167,62,5,36.952321,-82.246018,801,40,0,2017,5.6,"2017-12-13",0,0,0,61,4,31,2,1,1,51.5279,2120,31,166,0,NA,22,0,1.67702404555931,0,1.67702404555931,170.973422678908,109.86452677424,84.252644,14783.252966,16997.1715920761,90.5950633955139,15.4624891731109,800,"Maple / beech / birch group","Sugar maple / beech / yellow birch",5.57973990417522,0,0,0,0,0,0,0.328192360903195,112.768132874493,15.1342968122077,"Maple / beech / birch group","Sugar maple / beech / yellow birch",50,42.8425,1.72917930181218,84.252644,12651.2327042789,80.576100599337,NA,NA,NA,NA,NA,NA,NA,NA,NA,12651.2327042789,51167,"Russell","VA",11
480976345489998,"MBB",20,0.599430768754533,0.622879466063968,0.945102512069647,2.24692059614334,1.55957331463814,2.28389137556788,1.33878886349823,0.0369707794245415,0.72431806092974,259204274010854,"Maple / beech / birch group","Sugar maple / beech / yellow birch",54,50.2403,1.71185358348818,112.768132874493,90.27069,15035.7906816539,90.5597779473267,15.1342968122077,2012,152.694553286132,30841112010478,NA,NA,NA,NA,142982848010478,2008,"2008-04-02",0,0,0,NA,161.868670582479,0,15.1881297635451,0,106.000342928107,"2012-05-15",0,0,0,NA,0,0,"M221","M221Cb",51,167,62,5,36.952321,-82.246018,801,40,0,2017,5.6,"2017-12-13",0,0,0,61,4,31,2,1,1,51.5279,2120,31,166,0,NA,22,0,1.67702404555931,0,1.67702404555931,170.973422678908,109.86452677424,84.252644,14783.252966,16997.1715920761,90.5950633955139,15.4624891731109,800,"Maple / beech / birch group","Sugar maple / beech / yellow birch",5.57973990417522,0,0,0,0,0,0,0.328192360903195,112.768132874493,15.1342968122077,"Maple / beech / birch group","Sugar maple / beech / yellow birch",50,42.8425,1.72917930181218,84.252644,12651.2327042789,80.576100599337,NA,NA,NA,NA,NA,NA,NA,NA,NA,12651.2327042789,51167,"Russell","VA",11
480976356489998,"MBB",0,0,0,0,0,0,0,0,0,0,259204285010854,"Maple / beech / birch group","Hard maple / basswood",45,23.4763,1.72791402610571,102.407653035101,144.433104,5968.24714477563,54.6632996055917,11.4018485343386,2012,97.5727290613209,30878805010478,11.9330742421878,0,107.498686532761,140.316617142788,142945054010478,2008,"2008-04-08",0,0,0,NA,132.945399726173,0,11.4471115848656,0,94.6204806899952,"2012-03-22",0,0,0,NA,0,0,"M221","M221Cb",51,27,54,5,37.198004,-82.159041,805,40,0,2017,5.5,"2017-09-19",52,0,0,51,5,33,2,1,1,45.0267,2080,55,88,0,NA,23,0,1.79437161813883,0,2.32663593961306,64.9276798480681,114.712710447224,174.523334,5437.335139,3656.85172614156,67.5195383875891,10.977955183002,800,"Maple / beech / birch group","Hard maple / basswood",5.49486652977413,0,0,0,0,0,0,-0.423893351336655,102.407653035101,11.4018485343386,"Maple / beech / birch group","Sugar maple / beech / yellow birch",41,42.571,1.66637973266149,132.397012,6982.37560879608,70.1365903404848,"Maple / beech / birch group","Sugar maple / beech / yellow birch",8,41.8316,1.67807534473034,138.415058,8759.72307775611,77.0549312341695,2003,8759.72307775611,51027,"Buchanan","VA",11
480976356489998,"MBB",5,-0.127838580964573,-0.419268742809543,-0.201558829320811,-1.07783050179275,-1.31180190080772,-1.53731872363499,-1.33575989431418,-0.459488221842235,-0.225516822827267,259204285010854,"Maple / beech / birch group","Hard maple / basswood",45,23.4763,1.72791402610571,102.407653035101,144.433104,5968.24714477563,54.6632996055917,11.4018485343386,2012,97.5727290613209,30878805010478,11.9330742421878,0,107.498686532761,140.316617142788,142945054010478,2008,"2008-04-08",0,0,0,NA,132.945399726173,0,11.4471115848656,0,94.6204806899952,"2012-03-22",0,0,0,NA,0,0,"M221","M221Cb",51,27,54,5,37.198004,-82.159041,805,40,0,2017,5.5,"2017-09-19",52,0,0,51,5,33,2,1,1,45.0267,2080,55,88,0,NA,23,0,1.79437161813883,0,2.32663593961306,64.9276798480681,114.712710447224,174.523334,5437.335139,3656.85172614156,67.5195383875891,10.977955183002,800,"Maple / beech / birch group","Hard maple / basswood",5.49486652977413,0,0,0,0,0,0,-0.423893351336655,102.407653035101,11.4018485343386,"Maple / beech / birch group","Sugar maple / beech / yellow birch",41,42.571,1.66637973266149,132.397012,6982.37560879608,70.1365903404848,"Maple / beech / birch group","Sugar maple / beech / yellow birch",8,41.8316,1.67807534473034,138.415058,8759.72307775611,77.0549312341695,2003,8759.72307775611,51027,"Buchanan","VA",11
480976356489998,"MBB",10,0.348010005429993,-0.35681663227629,0.548695775227956,-0.19705098622949,-1.04331362654217,-1.30832765167973,-1.85702342690769,-1.11127666545024,-0.265014025137556,259204285010854,"Maple / beech / birch group","Hard maple / basswood",45,23.4763,1.72791402610571,102.407653035101,144.433104,5968.24714477563,54.6632996055917,11.4018485343386,2012,97.5727290613209,30878805010478,11.9330742421878,0,107.498686532761,140.316617142788,142945054010478,2008,"2008-04-08",0,0,0,NA,132.945399726173,0,11.4471115848656,0,94.6204806899952,"2012-03-22",0,0,0,NA,0,0,"M221","M221Cb",51,27,54,5,37.198004,-82.159041,805,40,0,2017,5.5,"2017-09-19",52,0,0,51,5,33,2,1,1,45.0267,2080,55,88,0,NA,23,0,1.79437161813883,0,2.32663593961306,64.9276798480681,114.712710447224,174.523334,5437.335139,3656.85172614156,67.5195383875891,10.977955183002,800,"Maple / beech / birch group","Hard maple / basswood",5.49486652977413,0,0,0,0,0,0,-0.423893351336655,102.407653035101,11.4018485343386,"Maple / beech / birch group","Sugar maple / beech / yellow birch",41,42.571,1.66637973266149,132.397012,6982.37560879608,70.1365903404848,"Maple / beech / birch group","Sugar maple / beech / yellow birch",8,41.8316,1.67807534473034,138.415058,8759.72307775611,77.0549312341695,2003,8759.72307775611,51027,"Buchanan","VA",11
480976356489998,"MBB",15,0.784009496458752,0.510977882347758,1.23612163941663,2.30406541352345,1.40506785758408,1.87358556860844,0.637463929191812,-0.430479844915002,0.468517711024368,259204285010854,"Maple / beech / birch group","Hard maple / basswood",45,23.4763,1.72791402610571,102.407653035101,144.433104,5968.24714477563,54.6632996055917,11.4018485343386,2012,97.5727290613209,30878805010478,11.9330742421878,0,107.498686532761,140.316617142788,142945054010478,2008,"2008-04-08",0,0,0,NA,132.945399726173,0,11.4471115848656,0,94.6204806899952,"2012-03-22",0,0,0,NA,0,0,"M221","M221Cb",51,27,54,5,37.198004,-82.159041,805,40,0,2017,5.5,"2017-09-19",52,0,0,51,5,33,2,1,1,45.0267,2080,55,88,0,NA,23,0,1.79437161813883,0,2.32663593961306,64.9276798480681,114.712710447224,174.523334,5437.335139,3656.85172614156,67.5195383875891,10.977955183002,800,"Maple / beech / birch group","Hard maple / basswood",5.49486652977413,0,0,0,0,0,0,-0.423893351336655,102.407653035101,11.4018485343386,"Maple / beech / birch group","Sugar maple / beech / yellow birch",41,42.571,1.66637973266149,132.397012,6982.37560879608,70.1365903404848,"Maple / beech / birch group","Sugar maple / beech / yellow birch",8,41.8316,1.67807534473034,138.415058,8759.72307775611,77.0549312341695,2003,8759.72307775611,51027,"Buchanan","VA",11
480976356489998,"MBB",20,1.00304176602316,1.07913973802001,1.58146251776319,3.83686457022501,2.68671001185178,3.95684570607337,2.37538318831018,0.119981135848362,1.27013569422159,259204285010854,"Maple / beech / birch group","Hard maple / basswood",45,23.4763,1.72791402610571,102.407653035101,144.433104,5968.24714477563,54.6632996055917,11.4018485343386,2012,97.5727290613209,30878805010478,11.9330742421878,0,107.498686532761,140.316617142788,142945054010478,2008,"2008-04-08",0,0,0,NA,132.945399726173,0,11.4471115848656,0,94.6204806899952,"2012-03-22",0,0,0,NA,0,0,"M221","M221Cb",51,27,54,5,37.198004,-82.159041,805,40,0,2017,5.5,"2017-09-19",52,0,0,51,5,33,2,1,1,45.0267,2080,55,88,0,NA,23,0,1.79437161813883,0,2.32663593961306,64.9276798480681,114.712710447224,174.523334,5437.335139,3656.85172614156,67.5195383875891,10.977955183002,800,"Maple / beech / birch group","Hard maple / basswood",5.49486652977413,0,0,0,0,0,0,-0.423893351336655,102.407653035101,11.4018485343386,"Maple / beech / birch group","Sugar maple / beech / yellow birch",41,42.571,1.66637973266149,132.397012,6982.37560879608,70.1365903404848,"Maple / beech / birch group","Sugar maple / beech / yellow birch",8,41.8316,1.67807534473034,138.415058,8759.72307775611,77.0549312341695,2003,8759.72307775611,51027,"Buchanan","VA",11
480976579489998,"MBB",0,0,0,0,0,0,0,0,0,0,259204309010854,"Maple / beech / birch group","Sugar maple / beech / yellow birch",77,44.1022,1.59673338638265,68.5732623377105,138.415058,5610.33683383281,71.6266053981555,9.53077395461214,2012,123.975877434524,30879863010478,8.89645862127173,0,64.944887906545,99.2023805343661,142945597010478,2008,"2008-05-28",0,0,0,NA,106.253472096491,0,9.34443545181,0,65.918089156267,"2012-03-14",0,0,0,NA,0,0,"M221","M221Cb",51,27,33,5,37.243326,-81.768169,801,40,0,2017,6.3,"2018-07-16",0,0,0,83,5,26,2,1,1,37.4272,2720,35,316,10,12,23,0.390170496590565,1.59823094349054,1,1.92863672611985,94.6214043359803,81.3273764462792,144.433104,6501.601291,2619.57127346278,69.1247563058718,10.1607892163946,800,"Maple / beech / birch group","Sugar maple / beech / yellow birch",6.33812457221081,1,1,0,0,1,0.390170496590565,0.630015261782427,68.5732623377105,9.53077395461214,"Maple / beech / birch group","Sugar maple / beech / yellow birch",73,33.7019,1.70851474392687,138.415058,4779.02971662969,67.7233770489279,"Maple / beech / birch group","Sugar maple / beech / yellow birch",69,36.0496,1.77677923994293,150.45115,3750.91543406616,64.1295204087883,2003,3750.91543406616,51027,"Buchanan","VA",11
480976579489998,"MBB",5,2.12016465684628,1.99337577333855,3.3427929422943,7.50894830857187,6.47882372697813,7.30904450224135,3.96625155994705,-0.199903806330521,0.830220775263212,259204309010854,"Maple / beech / birch group","Sugar maple / beech / yellow birch",77,44.1022,1.59673338638265,68.5732623377105,138.415058,5610.33683383281,71.6266053981555,9.53077395461214,2012,123.975877434524,30879863010478,8.89645862127173,0,64.944887906545,99.2023805343661,142945597010478,2008,"2008-05-28",0,0,0,NA,106.253472096491,0,9.34443545181,0,65.918089156267,"2012-03-14",0,0,0,NA,0,0,"M221","M221Cb",51,27,33,5,37.243326,-81.768169,801,40,0,2017,6.3,"2018-07-16",0,0,0,83,5,26,2,1,1,37.4272,2720,35,316,10,12,23,0.390170496590565,1.59823094349054,1,1.92863672611985,94.6214043359803,81.3273764462792,144.433104,6501.601291,2619.57127346278,69.1247563058718,10.1607892163946,800,"Maple / beech / birch group","Sugar maple / beech / yellow birch",6.33812457221081,1,1,0,0,1,0.390170496590565,0.630015261782427,68.5732623377105,9.53077395461214,"Maple / beech / birch group","Sugar maple / beech / yellow birch",73,33.7019,1.70851474392687,138.415058,4779.02971662969,67.7233770489279,"Maple / beech / birch group","Sugar maple / beech / yellow birch",69,36.0496,1.77677923994293,150.45115,3750.91543406616,64.1295204087883,2003,3750.91543406616,51027,"Buchanan","VA",11
480976579489998,"MBB",10,1.71820519410253,1.48349940065934,2.70903685603499,5.80955060341301,4.84409098508716,5.43949780241757,2.73046094638258,-0.370052800995436,0.595406817330407,259204309010854,"Maple / beech / birch group","Sugar maple / beech / yellow birch",77,44.1022,1.59673338638265,68.5732623377105,138.415058,5610.33683383281,71.6266053981555,9.53077395461214,2012,123.975877434524,30879863010478,8.89645862127173,0,64.944887906545,99.2023805343661,142945597010478,2008,"2008-05-28",0,0,0,NA,106.253472096491,0,9.34443545181,0,65.918089156267,"2012-03-14",0,0,0,NA,0,0,"M221","M221Cb",51,27,33,5,37.243326,-81.768169,801,40,0,2017,6.3,"2018-07-16",0,0,0,83,5,26,2,1,1,37.4272,2720,35,316,10,12,23,0.390170496590565,1.59823094349054,1,1.92863672611985,94.6214043359803,81.3273764462792,144.433104,6501.601291,2619.57127346278,69.1247563058718,10.1607892163946,800,"Maple / beech / birch group","Sugar maple / beech / yellow birch",6.33812457221081,1,1,0,0,1,0.390170496590565,0.630015261782427,68.5732623377105,9.53077395461214,"Maple / beech / birch group","Sugar maple / beech / yellow birch",73,33.7019,1.70851474392687,138.415058,4779.02971662969,67.7233770489279,"Maple / beech / birch group","Sugar maple / beech / yellow birch",69,36.0496,1.77677923994293,150.45115,3750.91543406616,64.1295204087883,2003,3750.91543406616,51027,"Buchanan","VA",11
480976579489998,"MBB",15,0.676648580976962,0.54743197470187,1.06684926267368,2.21098208980058,1.435091716947,2.00725057390686,0.940401311233179,-0.203731515893729,0.572158856959854,259204309010854,"Maple / beech / birch group","Sugar maple / beech / yellow birch",77,44.1022,1.59673338638265,68.5732623377105,138.415058,5610.33683383281,71.6266053981555,9.53077395461214,2012,123.975877434524,30879863010478,8.89645862127173,0,64.944887906545,99.2023805343661,142945597010478,2008,"2008-05-28",0,0,0,NA,106.253472096491,0,9.34443545181,0,65.918089156267,"2012-03-14",0,0,0,NA,0,0,"M221","M221Cb",51,27,33,5,37.243326,-81.768169,801,40,0,2017,6.3,"2018-07-16",0,0,0,83,5,26,2,1,1,37.4272,2720,35,316,10,12,23,0.390170496590565,1.59823094349054,1,1.92863672611985,94.6214043359803,81.3273764462792,144.433104,6501.601291,2619.57127346278,69.1247563058718,10.1607892163946,800,"Maple / beech / birch group","Sugar maple / beech / yellow birch",6.33812457221081,1,1,0,0,1,0.390170496590565,0.630015261782427,68.5732623377105,9.53077395461214,"Maple / beech / birch group","Sugar maple / beech / yellow birch",73,33.7019,1.70851474392687,138.415058,4779.02971662969,67.7233770489279,"Maple / beech / birch group","Sugar maple / beech / yellow birch",69,36.0496,1.77677923994293,150.45115,3750.91543406616,64.1295204087883,2003,3750.91543406616,51027,"Buchanan","VA",11
480976579489998,"MBB",20,0.476140793858528,0.444239957802769,0.750715318316946,1.67917683012473,1.13320205316695,1.62887984527682,0.878164526959874,-0.0502969848479133,0.495677792109865,259204309010854,"Maple / beech / birch group","Sugar maple / beech / yellow birch",77,44.1022,1.59673338638265,68.5732623377105,138.415058,5610.33683383281,71.6266053981555,9.53077395461214,2012,123.975877434524,30879863010478,8.89645862127173,0,64.944887906545,99.2023805343661,142945597010478,2008,"2008-05-28",0,0,0,NA,106.253472096491,0,9.34443545181,0,65.918089156267,"2012-03-14",0,0,0,NA,0,0,"M221","M221Cb",51,27,33,5,37.243326,-81.768169,801,40,0,2017,6.3,"2018-07-16",0,0,0,83,5,26,2,1,1,37.4272,2720,35,316,10,12,23,0.390170496590565,1.59823094349054,1,1.92863672611985,94.6214043359803,81.3273764462792,144.433104,6501.601291,2619.57127346278,69.1247563058718,10.1607892163946,800,"Maple / beech / birch group","Sugar maple / beech / yellow birch",6.33812457221081,1,1,0,0,1,0.390170496590565,0.630015261782427,68.5732623377105,9.53077395461214,"Maple / beech / birch group","Sugar maple / beech / yellow birch",73,33.7019,1.70851474392687,138.415058,4779.02971662969,67.7233770489279,"Maple / beech / birch group","Sugar maple / beech / yellow birch",69,36.0496,1.77677923994293,150.45115,3750.91543406616,64.1295204087883,2003,3750.91543406616,51027,"Buchanan","VA",11
480976770489998,"MBB",0,0,0,0,0,0,0,0,0,0,259204231010854,"Maple / beech / birch group","Hard maple / basswood",59,41.648,1.51845259880576,91.3654810125889,144.433104,7049.14253127688,57.0418837014894,10.7696138897053,2012,111.152360210591,30813357010478,NA,NA,NA,NA,142967888010478,2008,"2008-04-23",0,0,0,12,90.9312006044284,0.298182808574121,13.2045686033282,10,143.073459945638,"2012-03-06",0,0,0,NA,0,0,"M221","M221Ce",51,105,56,5,36.801649,-82.959708,801,40,0,2017,6.2,"2018-05-14",0,0,0,64,5,31,2,1,1,65.733,2410,74,311,0,NA,12,0,1.41680473548239,0,1.41680473548239,165.299035681047,110.465505337246,186.559426,13395.215802,10121.9283956456,62.5882873827678,10.419507139604,800,"Maple / beech / birch group","Sugar maple / beech / yellow birch",6.18754277891855,0,0,0,1,1,0.298182808574121,NA,NA,NA,"Maple / beech / birch group","Hard maple / basswood",54,35.803,1.32819666431866,150.45115,4949.79071872164,68.3700434928022,NA,NA,NA,NA,NA,NA,NA,NA,NA,4949.79071872164,51105,"Lee","VA",11
480976770489998,"MBB",5,0.655007448485672,2.22638679593414,1.03272841044574,5.6858768139481,6.96207252323486,8.16341825175851,7.13068984131277,2.47754143781042,1.20134572852365,259204231010854,"Maple / beech / birch group","Hard maple / basswood",59,41.648,1.51845259880576,91.3654810125889,144.433104,7049.14253127688,57.0418837014894,10.7696138897053,2012,111.152360210591,30813357010478,NA,NA,NA,NA,142967888010478,2008,"2008-04-23",0,0,0,12,90.9312006044284,0.298182808574121,13.2045686033282,10,143.073459945638,"2012-03-06",0,0,0,NA,0,0,"M221","M221Ce",51,105,56,5,36.801649,-82.959708,801,40,0,2017,6.2,"2018-05-14",0,0,0,64,5,31,2,1,1,65.733,2410,74,311,0,NA,12,0,1.41680473548239,0,1.41680473548239,165.299035681047,110.465505337246,186.559426,13395.215802,10121.9283956456,62.5882873827678,10.419507139604,800,"Maple / beech / birch group","Sugar maple / beech / yellow birch",6.18754277891855,0,0,0,1,1,0.298182808574121,NA,NA,NA,"Maple / beech / birch group","Hard maple / basswood",54,35.803,1.32819666431866,150.45115,4949.79071872164,68.3700434928022,NA,NA,NA,NA,NA,NA,NA,NA,NA,4949.79071872164,51105,"Lee","VA",11
480976770489998,"MBB",10,2.24089798495221,2.17747932325745,3.53314915627464,8.08408094188272,7.0651799932253,7.98409085194399,4.45094169566935,-0.0999900899387285,0.918910858718686,259204231010854,"Maple / beech / birch group","Hard maple / basswood",59,41.648,1.51845259880576,91.3654810125889,144.433104,7049.14253127688,57.0418837014894,10.7696138897053,2012,111.152360210591,30813357010478,NA,NA,NA,NA,142967888010478,2008,"2008-04-23",0,0,0,12,90.9312006044284,0.298182808574121,13.2045686033282,10,143.073459945638,"2012-03-06",0,0,0,NA,0,0,"M221","M221Ce",51,105,56,5,36.801649,-82.959708,801,40,0,2017,6.2,"2018-05-14",0,0,0,64,5,31,2,1,1,65.733,2410,74,311,0,NA,12,0,1.41680473548239,0,1.41680473548239,165.299035681047,110.465505337246,186.559426,13395.215802,10121.9283956456,62.5882873827678,10.419507139604,800,"Maple / beech / birch group","Sugar maple / beech / yellow birch",6.18754277891855,0,0,0,1,1,0.298182808574121,NA,NA,NA,"Maple / beech / birch group","Hard maple / basswood",54,35.803,1.32819666431866,150.45115,4949.79071872164,68.3700434928022,NA,NA,NA,NA,NA,NA,NA,NA,NA,4949.79071872164,51105,"Lee","VA",11
480976770489998,"MBB",15,1.20715559972649,1.10311146722389,1.90328199556877,4.20878496206669,2.82457987438031,4.04474204648758,2.14146005091881,-0.164042915579107,1.22016217210727,259204231010854,"Maple / beech / birch group","Hard maple / basswood",59,41.648,1.51845259880576,91.3654810125889,144.433104,7049.14253127688,57.0418837014894,10.7696138897053,2012,111.152360210591,30813357010478,NA,NA,NA,NA,142967888010478,2008,"2008-04-23",0,0,0,12,90.9312006044284,0.298182808574121,13.2045686033282,10,143.073459945638,"2012-03-06",0,0,0,NA,0,0,"M221","M221Ce",51,105,56,5,36.801649,-82.959708,801,40,0,2017,6.2,"2018-05-14",0,0,0,64,5,31,2,1,1,65.733,2410,74,311,0,NA,12,0,1.41680473548239,0,1.41680473548239,165.299035681047,110.465505337246,186.559426,13395.215802,10121.9283956456,62.5882873827678,10.419507139604,800,"Maple / beech / birch group","Sugar maple / beech / yellow birch",6.18754277891855,0,0,0,1,1,0.298182808574121,NA,NA,NA,"Maple / beech / birch group","Hard maple / basswood",54,35.803,1.32819666431866,150.45115,4949.79071872164,68.3700434928022,NA,NA,NA,NA,NA,NA,NA,NA,NA,4949.79071872164,51105,"Lee","VA",11
480976770489998,"MBB",20,0.335702350352952,0.526467614004133,0.529290705723154,1.62960801899179,1.24466932392041,1.93038125134849,1.40109054562533,0.300773232356696,0.68571192742808,259204231010854,"Maple / beech / birch group","Hard maple / basswood",59,41.648,1.51845259880576,91.3654810125889,144.433104,7049.14253127688,57.0418837014894,10.7696138897053,2012,111.152360210591,30813357010478,NA,NA,NA,NA,142967888010478,2008,"2008-04-23",0,0,0,12,90.9312006044284,0.298182808574121,13.2045686033282,10,143.073459945638,"2012-03-06",0,0,0,NA,0,0,"M221","M221Ce",51,105,56,5,36.801649,-82.959708,801,40,0,2017,6.2,"2018-05-14",0,0,0,64,5,31,2,1,1,65.733,2410,74,311,0,NA,12,0,1.41680473548239,0,1.41680473548239,165.299035681047,110.465505337246,186.559426,13395.215802,10121.9283956456,62.5882873827678,10.419507139604,800,"Maple / beech / birch group","Sugar maple / beech / yellow birch",6.18754277891855,0,0,0,1,1,0.298182808574121,NA,NA,NA,"Maple / beech / birch group","Hard maple / basswood",54,35.803,1.32819666431866,150.45115,4949.79071872164,68.3700434928022,NA,NA,NA,NA,NA,NA,NA,NA,NA,4949.79071872164,51105,"Lee","VA",11
480976796489998,"MBB",0,0,0,0,0,0,0,0,0,0,259204324010854,"Maple / beech / birch group","Sugar maple / beech / yellow birch",61,28.7652,2.11132839179542,94.2075746101145,90.27069,4585.72416938852,87.2116736696142,13.8328594296335,2012,142.030407816071,30852256010478,11.7620623664012,0,81.7353821384233,115.16571308559,142931554010478,2008,"2008-04-16",0,0,0,NA,127.465227907208,0,12.3266711736065,0,89.7707313874394,"2012-07-26",0,0,0,NA,0,0,"M221","M221Aa",51,185,58,5,37.068493,-81.385801,801,40,0,2017,5.7,"2018-04-17",0,0,0,66,4,31,2,1,1,31.9771,3230,41,343,0,NA,23,0,2.09821407719537,0,1.99027613824843,167.420668601331,102.079704514613,96.288736,14387.333987,5829.98964523796,96.3717870394783,13.9419779801863,800,"Maple / beech / birch group","Sugar maple / beech / yellow birch",5.72484599589322,0,0,0,0,0,0,0.109118550552827,94.2075746101145,13.8328594296335,"Maple / beech / birch group","Sugar maple / beech / yellow birch",57,37.8425,2.16346133560166,108.324828,7179.75960386559,80.0243737319211,"Maple / beech / birch group","Sugar maple / beech / yellow birch",52,24.1965,2.19734623439237,108.324828,3469.38276877739,80.5413234922076,2003,3469.38276877739,51185,"Tazewell","VA",11
480976796489998,"MBB",5,-0.519184358194776,1.05499192732358,-0.818580671420431,1.38635245668586,3.16630563884548,3.86830373351981,4.68688440494024,2.48195127683395,0.701998094674334,259204324010854,"Maple / beech / birch group","Sugar maple / beech / yellow birch",61,28.7652,2.11132839179542,94.2075746101145,90.27069,4585.72416938852,87.2116736696142,13.8328594296335,2012,142.030407816071,30852256010478,11.7620623664012,0,81.7353821384233,115.16571308559,142931554010478,2008,"2008-04-16",0,0,0,NA,127.465227907208,0,12.3266711736065,0,89.7707313874394,"2012-07-26",0,0,0,NA,0,0,"M221","M221Aa",51,185,58,5,37.068493,-81.385801,801,40,0,2017,5.7,"2018-04-17",0,0,0,66,4,31,2,1,1,31.9771,3230,41,343,0,NA,23,0,2.09821407719537,0,1.99027613824843,167.420668601331,102.079704514613,96.288736,14387.333987,5829.98964523796,96.3717870394783,13.9419779801863,800,"Maple / beech / birch group","Sugar maple / beech / yellow birch",5.72484599589322,0,0,0,0,0,0,0.109118550552827,94.2075746101145,13.8328594296335,"Maple / beech / birch group","Sugar maple / beech / yellow birch",57,37.8425,2.16346133560166,108.324828,7179.75960386559,80.0243737319211,"Maple / beech / birch group","Sugar maple / beech / yellow birch",52,24.1965,2.19734623439237,108.324828,3469.38276877739,80.5413234922076,2003,3469.38276877739,51185,"Tazewell","VA",11
480976796489998,"MBB",10,1.28334779951549,1.33834691102815,2.02341169723608,4.82055674128492,4.32744413388918,4.90727200710321,2.88386030986713,0.0867152658182979,0.579827873214036,259204324010854,"Maple / beech / birch group","Sugar maple / beech / yellow birch",61,28.7652,2.11132839179542,94.2075746101145,90.27069,4585.72416938852,87.2116736696142,13.8328594296335,2012,142.030407816071,30852256010478,11.7620623664012,0,81.7353821384233,115.16571308559,142931554010478,2008,"2008-04-16",0,0,0,NA,127.465227907208,0,12.3266711736065,0,89.7707313874394,"2012-07-26",0,0,0,NA,0,0,"M221","M221Aa",51,185,58,5,37.068493,-81.385801,801,40,0,2017,5.7,"2018-04-17",0,0,0,66,4,31,2,1,1,31.9771,3230,41,343,0,NA,23,0,2.09821407719537,0,1.99027613824843,167.420668601331,102.079704514613,96.288736,14387.333987,5829.98964523796,96.3717870394783,13.9419779801863,800,"Maple / beech / birch group","Sugar maple / beech / yellow birch",5.72484599589322,0,0,0,0,0,0,0.109118550552827,94.2075746101145,13.8328594296335,"Maple / beech / birch group","Sugar maple / beech / yellow birch",57,37.8425,2.16346133560166,108.324828,7179.75960386559,80.0243737319211,"Maple / beech / birch group","Sugar maple / beech / yellow birch",52,24.1965,2.19734623439237,108.324828,3469.38276877739,80.5413234922076,2003,3469.38276877739,51185,"Tazewell","VA",11
480976796489998,"MBB",15,0.270828281153804,0.275530788200142,0.427005923285831,1.00286527062413,0.692315508234432,1.01027955673385,0.583273633448022,0.00741428610972572,0.317964048499421,259204324010854,"Maple / beech / birch group","Sugar maple / beech / yellow birch",61,28.7652,2.11132839179542,94.2075746101145,90.27069,4585.72416938852,87.2116736696142,13.8328594296335,2012,142.030407816071,30852256010478,11.7620623664012,0,81.7353821384233,115.16571308559,142931554010478,2008,"2008-04-16",0,0,0,NA,127.465227907208,0,12.3266711736065,0,89.7707313874394,"2012-07-26",0,0,0,NA,0,0,"M221","M221Aa",51,185,58,5,37.068493,-81.385801,801,40,0,2017,5.7,"2018-04-17",0,0,0,66,4,31,2,1,1,31.9771,3230,41,343,0,NA,23,0,2.09821407719537,0,1.99027613824843,167.420668601331,102.079704514613,96.288736,14387.333987,5829.98964523796,96.3717870394783,13.9419779801863,800,"Maple / beech / birch group","Sugar maple / beech / yellow birch",5.72484599589322,0,0,0,0,0,0,0.109118550552827,94.2075746101145,13.8328594296335,"Maple / beech / birch group","Sugar maple / beech / yellow birch",57,37.8425,2.16346133560166,108.324828,7179.75960386559,80.0243737319211,"Maple / beech / birch group","Sugar maple / beech / yellow birch",52,24.1965,2.19734623439237,108.324828,3469.38276877739,80.5413234922076,2003,3469.38276877739,51185,"Tazewell","VA",11
480976796489998,"MBB",20,0.784833365778557,0.373040656848897,1.23742060671086,2.01707557952505,1.11713332009898,1.36781574177929,0.130395135068432,-0.649259837745764,0.250682421680315,259204324010854,"Maple / beech / birch group","Sugar maple / beech / yellow birch",61,28.7652,2.11132839179542,94.2075746101145,90.27069,4585.72416938852,87.2116736696142,13.8328594296335,2012,142.030407816071,30852256010478,11.7620623664012,0,81.7353821384233,115.16571308559,142931554010478,2008,"2008-04-16",0,0,0,NA,127.465227907208,0,12.3266711736065,0,89.7707313874394,"2012-07-26",0,0,0,NA,0,0,"M221","M221Aa",51,185,58,5,37.068493,-81.385801,801,40,0,2017,5.7,"2018-04-17",0,0,0,66,4,31,2,1,1,31.9771,3230,41,343,0,NA,23,0,2.09821407719537,0,1.99027613824843,167.420668601331,102.079704514613,96.288736,14387.333987,5829.98964523796,96.3717870394783,13.9419779801863,800,"Maple / beech / birch group","Sugar maple / beech / yellow birch",5.72484599589322,0,0,0,0,0,0,0.109118550552827,94.2075746101145,13.8328594296335,"Maple / beech / birch group","Sugar maple / beech / yellow birch",57,37.8425,2.16346133560166,108.324828,7179.75960386559,80.0243737319211,"Maple / beech / birch group","Sugar maple / beech / yellow birch",52,24.1965,2.19734623439237,108.324828,3469.38276877739,80.5413234922076,2003,3469.38276877739,51185,"Tazewell","VA",11
480976801489998,"MBB",0,0,0,0,0,0,0,0,0,0,259204329010854,"Maple / beech / birch group","Sugar maple / beech / yellow birch",64,54.6757,1.61825370468192,159.107092081507,186.559426,14019.8751107294,70.2567934824046,12.5048533803686,2012,181.157714724165,30852044010478,11.4078509150497,0,136.687338979274,136.940884740731,142931442010478,2008,"2008-04-17",0,0,0,NA,161.384538479817,0,11.7104447451424,0,139.533699491774,"2013-01-08",0,0,0,NA,0,0,"M221","M221Aa",51,185,16,5,36.966595,-81.639236,801,40,0,2017,5.3,"2018-04-18",0,0,0,70,5,31,2,1,1,68.8104,2180,20,10,0,NA,23,0,1.61678331346108,0,1.5767797743831,221.49084594508,159.965555987553,180.54138,18506.717592,17808.6447883372,79.0529461869807,12.7458057153455,800,"Maple / beech / birch group","Sugar maple / beech / yellow birch",5.27310061601643,0,0,0,0,0,0,0.240952334976868,159.107092081507,12.5048533803686,"Maple / beech / birch group","Sugar maple / beech / yellow birch",60,52.9993,1.62514250210113,186.559426,10436.9773223959,67.8982023665943,"Maple / beech / birch group","Sugar maple / beech / yellow birch",56,47.1401,1.61884279328856,192.577472,7045.993408166,64.1350441549732,2003,7045.993408166,51185,"Tazewell","VA",11
480976801489998,"MBB",5,-4.36276145963214,0.652899987102613,-6.87862056802,-5.51405959497554,1.31289012673491,2.39396661937625,9.27258718739625,7.90802621435179,1.08107649264134,259204329010854,"Maple / beech / birch group","Sugar maple / beech / yellow birch",64,54.6757,1.61825370468192,159.107092081507,186.559426,14019.8751107294,70.2567934824046,12.5048533803686,2012,181.157714724165,30852044010478,11.4078509150497,0,136.687338979274,136.940884740731,142931442010478,2008,"2008-04-17",0,0,0,NA,161.384538479817,0,11.7104447451424,0,139.533699491774,"2013-01-08",0,0,0,NA,0,0,"M221","M221Aa",51,185,16,5,36.966595,-81.639236,801,40,0,2017,5.3,"2018-04-18",0,0,0,70,5,31,2,1,1,68.8104,2180,20,10,0,NA,23,0,1.61678331346108,0,1.5767797743831,221.49084594508,159.965555987553,180.54138,18506.717592,17808.6447883372,79.0529461869807,12.7458057153455,800,"Maple / beech / birch group","Sugar maple / beech / yellow birch",5.27310061601643,0,0,0,0,0,0,0.240952334976868,159.107092081507,12.5048533803686,"Maple / beech / birch group","Sugar maple / beech / yellow birch",60,52.9993,1.62514250210113,186.559426,10436.9773223959,67.8982023665943,"Maple / beech / birch group","Sugar maple / beech / yellow birch",56,47.1401,1.61884279328856,192.577472,7045.993408166,64.1350441549732,2003,7045.993408166,51185,"Tazewell","VA",11
480976801489998,"MBB",10,-0.435309435376762,0.432055317505362,-0.686337876444028,0.216657737142179,1.26108086825623,1.58420283085299,2.27054070729702,1.36754509371081,0.323121962596761,259204329010854,"Maple / beech / birch group","Sugar maple / beech / yellow birch",64,54.6757,1.61825370468192,159.107092081507,186.559426,14019.8751107294,70.2567934824046,12.5048533803686,2012,181.157714724165,30852044010478,11.4078509150497,0,136.687338979274,136.940884740731,142931442010478,2008,"2008-04-17",0,0,0,NA,161.384538479817,0,11.7104447451424,0,139.533699491774,"2013-01-08",0,0,0,NA,0,0,"M221","M221Aa",51,185,16,5,36.966595,-81.639236,801,40,0,2017,5.3,"2018-04-18",0,0,0,70,5,31,2,1,1,68.8104,2180,20,10,0,NA,23,0,1.61678331346108,0,1.5767797743831,221.49084594508,159.965555987553,180.54138,18506.717592,17808.6447883372,79.0529461869807,12.7458057153455,800,"Maple / beech / birch group","Sugar maple / beech / yellow birch",5.27310061601643,0,0,0,0,0,0,0.240952334976868,159.107092081507,12.5048533803686,"Maple / beech / birch group","Sugar maple / beech / yellow birch",60,52.9993,1.62514250210113,186.559426,10436.9773223959,67.8982023665943,"Maple / beech / birch group","Sugar maple / beech / yellow birch",56,47.1401,1.61884279328856,192.577472,7045.993408166,64.1350441549732,2003,7045.993408166,51185,"Tazewell","VA",11
480976801489998,"MBB",15,0.851198450037552,0.607072945612558,1.34205622289254,2.61083867922279,1.63479778984639,2.22593413391271,0.883877911020171,-0.384904545310074,0.591136344066318,259204329010854,"Maple / beech / birch group","Sugar maple / beech / yellow birch",64,54.6757,1.61825370468192,159.107092081507,186.559426,14019.8751107294,70.2567934824046,12.5048533803686,2012,181.157714724165,30852044010478,11.4078509150497,0,136.687338979274,136.940884740731,142931442010478,2008,"2008-04-17",0,0,0,NA,161.384538479817,0,11.7104447451424,0,139.533699491774,"2013-01-08",0,0,0,NA,0,0,"M221","M221Aa",51,185,16,5,36.966595,-81.639236,801,40,0,2017,5.3,"2018-04-18",0,0,0,70,5,31,2,1,1,68.8104,2180,20,10,0,NA,23,0,1.61678331346108,0,1.5767797743831,221.49084594508,159.965555987553,180.54138,18506.717592,17808.6447883372,79.0529461869807,12.7458057153455,800,"Maple / beech / birch group","Sugar maple / beech / yellow birch",5.27310061601643,0,0,0,0,0,0,0.240952334976868,159.107092081507,12.5048533803686,"Maple / beech / birch group","Sugar maple / beech / yellow birch",60,52.9993,1.62514250210113,186.559426,10436.9773223959,67.8982023665943,"Maple / beech / birch group","Sugar maple / beech / yellow birch",56,47.1401,1.61884279328856,192.577472,7045.993408166,64.1350441549732,2003,7045.993408166,51185,"Tazewell","VA",11
480976801489998,"MBB",20,0.306734655118986,0.996808489838708,0.483618306237601,2.5669480500005,2.21522564546406,3.65496446274193,3.17134615650433,1.08801641274143,1.43973881727787,259204329010854,"Maple / beech / birch group","Sugar maple / beech / yellow birch",64,54.6757,1.61825370468192,159.107092081507,186.559426,14019.8751107294,70.2567934824046,12.5048533803686,2012,181.157714724165,30852044010478,11.4078509150497,0,136.687338979274,136.940884740731,142931442010478,2008,"2008-04-17",0,0,0,NA,161.384538479817,0,11.7104447451424,0,139.533699491774,"2013-01-08",0,0,0,NA,0,0,"M221","M221Aa",51,185,16,5,36.966595,-81.639236,801,40,0,2017,5.3,"2018-04-18",0,0,0,70,5,31,2,1,1,68.8104,2180,20,10,0,NA,23,0,1.61678331346108,0,1.5767797743831,221.49084594508,159.965555987553,180.54138,18506.717592,17808.6447883372,79.0529461869807,12.7458057153455,800,"Maple / beech / birch group","Sugar maple / beech / yellow birch",5.27310061601643,0,0,0,0,0,0,0.240952334976868,159.107092081507,12.5048533803686,"Maple / beech / birch group","Sugar maple / beech / yellow birch",60,52.9993,1.62514250210113,186.559426,10436.9773223959,67.8982023665943,"Maple / beech / birch group","Sugar maple / beech / yellow birch",56,47.1401,1.61884279328856,192.577472,7045.993408166,64.1350441549732,2003,7045.993408166,51185,"Tazewell","VA",11
495155022126144,"MBB",0,0,0,0,0,0,0,0,0,0,257414504010854,"Maple / beech / birch group","Sugar maple / beech / yellow birch",50,46.5955,1.34968536944473,86.8786558043461,120.36092,6293.6225570182,66.7638127773644,11.5041948870836,2011,121.086989852035,74683395010478,NA,NA,NA,NA,95285617010478,2006,"2006-10-19",50,0,0,12,109.181332301426,0.447318394638355,12.9311890404556,10,131.72214665095,"2011-07-21",0,0,0,NA,0,0,"221","221Hb",21,43,24,2,38.292581,-83.300773,801,40,0,2017,7.4,"2018-12-06",0,0,0,55,4,31,2,1,1,46.7756,1000,42,35,0,NA,22,0,1.35753652213063,0,1.35753652213063,119.482925060306,97.1908046260413,144.433104,9396.861734,7257.87191517087,68.6819861739021,11.1076362621997,800,"Maple / beech / birch group","Sugar maple / beech / yellow birch",7.37850787132101,0,0,0,1,1,0.447318394638355,NA,NA,NA,"Maple / beech / birch group","Sugar maple / beech / yellow birch",45,32.265,1.36911818209885,144.433104,4091.74098784062,79.528466317115,NA,NA,NA,NA,NA,NA,NA,NA,NA,4091.74098784062,21043,"Carter","KY",6
495155022126144,"MBB",5,1.33007147020018,1.09910530505562,2.09707935134895,4.39420943891519,3.59805577480333,4.03005278520393,1.93297343385498,-0.364156653711261,0.431997010400599,257414504010854,"Maple / beech / birch group","Sugar maple / beech / yellow birch",50,46.5955,1.34968536944473,86.8786558043461,120.36092,6293.6225570182,66.7638127773644,11.5041948870836,2011,121.086989852035,74683395010478,NA,NA,NA,NA,95285617010478,2006,"2006-10-19",50,0,0,12,109.181332301426,0.447318394638355,12.9311890404556,10,131.72214665095,"2011-07-21",0,0,0,NA,0,0,"221","221Hb",21,43,24,2,38.292581,-83.300773,801,40,0,2017,7.4,"2018-12-06",0,0,0,55,4,31,2,1,1,46.7756,1000,42,35,0,NA,22,0,1.35753652213063,0,1.35753652213063,119.482925060306,97.1908046260413,144.433104,9396.861734,7257.87191517087,68.6819861739021,11.1076362621997,800,"Maple / beech / birch group","Sugar maple / beech / yellow birch",7.37850787132101,0,0,0,1,1,0.447318394638355,NA,NA,NA,"Maple / beech / birch group","Sugar maple / beech / yellow birch",45,32.265,1.36911818209885,144.433104,4091.74098784062,79.528466317115,NA,NA,NA,NA,NA,NA,NA,NA,NA,4091.74098784062,21043,"Carter","KY",6
495155022126144,"MBB",10,1.72484027177166,1.3556119382093,2.71949816182665,5.55272711268409,4.4512592131681,4.97057710676742,2.25107894494077,-0.582150005916662,0.519317893599322,257414504010854,"Maple / beech / birch group","Sugar maple / beech / yellow birch",50,46.5955,1.34968536944473,86.8786558043461,120.36092,6293.6225570182,66.7638127773644,11.5041948870836,2011,121.086989852035,74683395010478,NA,NA,NA,NA,95285617010478,2006,"2006-10-19",50,0,0,12,109.181332301426,0.447318394638355,12.9311890404556,10,131.72214665095,"2011-07-21",0,0,0,NA,0,0,"221","221Hb",21,43,24,2,38.292581,-83.300773,801,40,0,2017,7.4,"2018-12-06",0,0,0,55,4,31,2,1,1,46.7756,1000,42,35,0,NA,22,0,1.35753652213063,0,1.35753652213063,119.482925060306,97.1908046260413,144.433104,9396.861734,7257.87191517087,68.6819861739021,11.1076362621997,800,"Maple / beech / birch group","Sugar maple / beech / yellow birch",7.37850787132101,0,0,0,1,1,0.447318394638355,NA,NA,NA,"Maple / beech / birch group","Sugar maple / beech / yellow birch",45,32.265,1.36911818209885,144.433104,4091.74098784062,79.528466317115,NA,NA,NA,NA,NA,NA,NA,NA,NA,4091.74098784062,21043,"Carter","KY",6
495155022126144,"MBB",15,1.52287790358263,1.44885648630094,2.40107082798195,5.42918088435093,3.6829475549095,5.31247378310346,2.9114029551215,-0.116707101247468,1.62952622819395,257414504010854,"Maple / beech / birch group","Sugar maple / beech / yellow birch",50,46.5955,1.34968536944473,86.8786558043461,120.36092,6293.6225570182,66.7638127773644,11.5041948870836,2011,121.086989852035,74683395010478,NA,NA,NA,NA,95285617010478,2006,"2006-10-19",50,0,0,12,109.181332301426,0.447318394638355,12.9311890404556,10,131.72214665095,"2011-07-21",0,0,0,NA,0,0,"221","221Hb",21,43,24,2,38.292581,-83.300773,801,40,0,2017,7.4,"2018-12-06",0,0,0,55,4,31,2,1,1,46.7756,1000,42,35,0,NA,22,0,1.35753652213063,0,1.35753652213063,119.482925060306,97.1908046260413,144.433104,9396.861734,7257.87191517087,68.6819861739021,11.1076362621997,800,"Maple / beech / birch group","Sugar maple / beech / yellow birch",7.37850787132101,0,0,0,1,1,0.447318394638355,NA,NA,NA,"Maple / beech / birch group","Sugar maple / beech / yellow birch",45,32.265,1.36911818209885,144.433104,4091.74098784062,79.528466317115,NA,NA,NA,NA,NA,NA,NA,NA,NA,4091.74098784062,21043,"Carter","KY",6
495155022126144,"MBB",20,1.19569742381484,1.34348886479169,1.88521627154806,4.69310799896269,3.32204161965501,4.92612583756952,3.04090956602146,0.233017838606831,1.60408421791451,257414504010854,"Maple / beech / birch group","Sugar maple / beech / yellow birch",50,46.5955,1.34968536944473,86.8786558043461,120.36092,6293.6225570182,66.7638127773644,11.5041948870836,2011,121.086989852035,74683395010478,NA,NA,NA,NA,95285617010478,2006,"2006-10-19",50,0,0,12,109.181332301426,0.447318394638355,12.9311890404556,10,131.72214665095,"2011-07-21",0,0,0,NA,0,0,"221","221Hb",21,43,24,2,38.292581,-83.300773,801,40,0,2017,7.4,"2018-12-06",0,0,0,55,4,31,2,1,1,46.7756,1000,42,35,0,NA,22,0,1.35753652213063,0,1.35753652213063,119.482925060306,97.1908046260413,144.433104,9396.861734,7257.87191517087,68.6819861739021,11.1076362621997,800,"Maple / beech / birch group","Sugar maple / beech / yellow birch",7.37850787132101,0,0,0,1,1,0.447318394638355,NA,NA,NA,"Maple / beech / birch group","Sugar maple / beech / yellow birch",45,32.265,1.36911818209885,144.433104,4091.74098784062,79.528466317115,NA,NA,NA,NA,NA,NA,NA,NA,NA,4091.74098784062,21043,"Carter","KY",6
495155023126144,"MBB",0,0,0,0,0,0,0,0,0,0,NA,NA,NA,NA,NA,NA,NA,NA,NA,NA,NA,NA,NA,NA,NA,NA,NA,NA,NA,NA,NA,NA,NA,NA,NA,NA,NA,NA,NA,NA,NA,NA,NA,NA,NA,NA,NA,NA,NA,NA,NA,NA,NA,NA,NA,NA,NA,NA,NA,NA,NA,NA,NA,NA,NA,NA,NA,NA,NA,NA,NA,NA,NA,NA,NA,NA,NA,NA,NA,NA,NA,NA,NA,NA,NA,NA,NA,NA,NA,NA,NA,NA,NA,NA,NA,NA,NA,NA,NA,NA,NA,NA,NA,NA,NA,NA,NA,NA,NA,NA,NA,NA,NA,NA,NA,NA,NA,NA,NA,NA,NA,NA,NA
495155023126144,"MBB",5,-1.57006026658905,0.739129977143537,-2.47546168698873,-0.930680034758736,2.02531068694785,2.7101432495263,5.18560493651503,3.64082328428504,0.684832562578456,NA,NA,NA,NA,NA,NA,NA,NA,NA,NA,NA,NA,NA,NA,NA,NA,NA,NA,NA,NA,NA,NA,NA,NA,NA,NA,NA,NA,NA,NA,NA,NA,NA,NA,NA,NA,NA,NA,NA,NA,NA,NA,NA,NA,NA,NA,NA,NA,NA,NA,NA,NA,NA,NA,NA,NA,NA,NA,NA,NA,NA,NA,NA,NA,NA,NA,NA,NA,NA,NA,NA,NA,NA,NA,NA,NA,NA,NA,NA,NA,NA,NA,NA,NA,NA,NA,NA,NA,NA,NA,NA,NA,NA,NA,NA,NA,NA,NA,NA,NA,NA,NA,NA,NA,NA,NA,NA,NA,NA,NA,NA,NA,NA
495155023126144,"MBB",10,1.19642497685713,0.26012394959378,1.88636338017808,2.43002243482908,0.992609761045985,0.953787815177195,-0.932575565000887,-1.47623461965189,-0.0388219458687904,NA,NA,NA,NA,NA,NA,NA,NA,NA,NA,NA,NA,NA,NA,NA,NA,NA,NA,NA,NA,NA,NA,NA,NA,NA,NA,NA,NA,NA,NA,NA,NA,NA,NA,NA,NA,NA,NA,NA,NA,NA,NA,NA,NA,NA,NA,NA,NA,NA,NA,NA,NA,NA,NA,NA,NA,NA,NA,NA,NA,NA,NA,NA,NA,NA,NA,NA,NA,NA,NA,NA,NA,NA,NA,NA,NA,NA,NA,NA,NA,NA,NA,NA,NA,NA,NA,NA,NA,NA,NA,NA,NA,NA,NA,NA,NA,NA,NA,NA,NA,NA,NA,NA,NA,NA,NA,NA,NA,NA,NA,NA,NA,NA
495155023126144,"MBB",15,1.27231036009811,0.660206557956565,2.00600933442136,3.38584104055058,1.92692516097141,2.42075737917407,0.41474804475271,-0.965083661376511,0.493832218202661,NA,NA,NA,NA,NA,NA,NA,NA,NA,NA,NA,NA,NA,NA,NA,NA,NA,NA,NA,NA,NA,NA,NA,NA,NA,NA,NA,NA,NA,NA,NA,NA,NA,NA,NA,NA,NA,NA,NA,NA,NA,NA,NA,NA,NA,NA,NA,NA,NA,NA,NA,NA,NA,NA,NA,NA,NA,NA,NA,NA,NA,NA,NA,NA,NA,NA,NA,NA,NA,NA,NA,NA,NA,NA,NA,NA,NA,NA,NA,NA,NA,NA,NA,NA,NA,NA,NA,NA,NA,NA,NA,NA,NA,NA,NA,NA,NA,NA,NA,NA,NA,NA,NA,NA,NA,NA,NA,NA,NA,NA,NA,NA,NA
495155023126144,"MBB",20,0.593115486308106,0.688510408809545,0.935145416745781,2.37413217115773,1.69402641352443,2.524538165635,1.58939274888922,0.150405994477268,0.830511752110563,NA,NA,NA,NA,NA,NA,NA,NA,NA,NA,NA,NA,NA,NA,NA,NA,NA,NA,NA,NA,NA,NA,NA,NA,NA,NA,NA,NA,NA,NA,NA,NA,NA,NA,NA,NA,NA,NA,NA,NA,NA,NA,NA,NA,NA,NA,NA,NA,NA,NA,NA,NA,NA,NA,NA,NA,NA,NA,NA,NA,NA,NA,NA,NA,NA,NA,NA,NA,NA,NA,NA,NA,NA,NA,NA,NA,NA,NA,NA,NA,NA,NA,NA,NA,NA,NA,NA,NA,NA,NA,NA,NA,NA,NA,NA,NA,NA,NA,NA,NA,NA,NA,NA,NA,NA,NA,NA,NA,NA,NA,NA,NA,NA
495155059126144,"MBB",0,0,0,0,0,0,0,0,0,0,257414763010854,"Oak / hickory group","Mixed upland hardwoods",53,52.5445,2.54066035643307,134.913789205464,234.703794,8661.46998534321,47.6892581675208,10.2662195623591,2011,127.622802860253,74742345010478,NA,NA,NA,NA,95292378010478,2006,"2007-03-22",0,0,0,NA,135.127934227609,0,9.91425741041658,0,129.047920053023,"2012-02-01",51,0,0,NA,0,0,"223","223Fa",21,79,4,4,37.722591,-84.552116,805,40,0,2017,7.7,"2019-10-10",60,12,0,60,5,9,2,1,1,38.623,880,4,0,0,NA,22,0,2.42361157909208,0,2.35144944798403,138.18076605707,141.604137927297,216.649656,10225.105648,3788.54716035692,51.0196678000653,10.9471584339397,800,"Maple / beech / birch group","Hard maple / basswood",7.68788501026694,0,0,0,0,0,0,0.680938871580661,134.913789205464,10.2662195623591,"Oak / hickory group","Mixed upland hardwoods",48,43.1013,2.742736420863,240.72184,7649.65714506264,45.9489764443108,NA,NA,NA,NA,NA,NA,NA,NA,NA,7649.65714506264,21079,"Garrard","KY",3
495155059126144,"MBB",5,-0.587588594083844,-0.249032134931085,-0.926431350005528,-1.44690851201149,-0.861033150641156,-0.913117828080644,0.0133135219248841,0.533790683930851,-0.052084677439488,257414763010854,"Oak / hickory group","Mixed upland hardwoods",53,52.5445,2.54066035643307,134.913789205464,234.703794,8661.46998534321,47.6892581675208,10.2662195623591,2011,127.622802860253,74742345010478,NA,NA,NA,NA,95292378010478,2006,"2007-03-22",0,0,0,NA,135.127934227609,0,9.91425741041658,0,129.047920053023,"2012-02-01",51,0,0,NA,0,0,"223","223Fa",21,79,4,4,37.722591,-84.552116,805,40,0,2017,7.7,"2019-10-10",60,12,0,60,5,9,2,1,1,38.623,880,4,0,0,NA,22,0,2.42361157909208,0,2.35144944798403,138.18076605707,141.604137927297,216.649656,10225.105648,3788.54716035692,51.0196678000653,10.9471584339397,800,"Maple / beech / birch group","Hard maple / basswood",7.68788501026694,0,0,0,0,0,0,0.680938871580661,134.913789205464,10.2662195623591,"Oak / hickory group","Mixed upland hardwoods",48,43.1013,2.742736420863,240.72184,7649.65714506264,45.9489764443108,NA,NA,NA,NA,NA,NA,NA,NA,NA,7649.65714506264,21079,"Garrard","KY",3
495155059126144,"MBB",10,0.201380361630534,-0.399952510072934,0.317509703504142,-0.518391042548291,-1.19963287316375,-1.46649253693409,-1.78400224043823,-0.948101494385801,-0.26685966377034,257414763010854,"Oak / hickory group","Mixed upland hardwoods",53,52.5445,2.54066035643307,134.913789205464,234.703794,8661.46998534321,47.6892581675208,10.2662195623591,2011,127.622802860253,74742345010478,NA,NA,NA,NA,95292378010478,2006,"2007-03-22",0,0,0,NA,135.127934227609,0,9.91425741041658,0,129.047920053023,"2012-02-01",51,0,0,NA,0,0,"223","223Fa",21,79,4,4,37.722591,-84.552116,805,40,0,2017,7.7,"2019-10-10",60,12,0,60,5,9,2,1,1,38.623,880,4,0,0,NA,22,0,2.42361157909208,0,2.35144944798403,138.18076605707,141.604137927297,216.649656,10225.105648,3788.54716035692,51.0196678000653,10.9471584339397,800,"Maple / beech / birch group","Hard maple / basswood",7.68788501026694,0,0,0,0,0,0,0.680938871580661,134.913789205464,10.2662195623591,"Oak / hickory group","Mixed upland hardwoods",48,43.1013,2.742736420863,240.72184,7649.65714506264,45.9489764443108,NA,NA,NA,NA,NA,NA,NA,NA,NA,7649.65714506264,21079,"Garrard","KY",3
495155059126144,"MBB",15,0.649883804788833,0.536653131319984,1.02465013221706,2.14625517667583,1.40105508051797,1.96772814817328,0.943078015956216,-0.178527028502551,0.56667306765531,257414763010854,"Oak / hickory group","Mixed upland hardwoods",53,52.5445,2.54066035643307,134.913789205464,234.703794,8661.46998534321,47.6892581675208,10.2662195623591,2011,127.622802860253,74742345010478,NA,NA,NA,NA,95292378010478,2006,"2007-03-22",0,0,0,NA,135.127934227609,0,9.91425741041658,0,129.047920053023,"2012-02-01",51,0,0,NA,0,0,"223","223Fa",21,79,4,4,37.722591,-84.552116,805,40,0,2017,7.7,"2019-10-10",60,12,0,60,5,9,2,1,1,38.623,880,4,0,0,NA,22,0,2.42361157909208,0,2.35144944798403,138.18076605707,141.604137927297,216.649656,10225.105648,3788.54716035692,51.0196678000653,10.9471584339397,800,"Maple / beech / birch group","Hard maple / basswood",7.68788501026694,0,0,0,0,0,0,0.680938871580661,134.913789205464,10.2662195623591,"Oak / hickory group","Mixed upland hardwoods",48,43.1013,2.742736420863,240.72184,7649.65714506264,45.9489764443108,NA,NA,NA,NA,NA,NA,NA,NA,NA,7649.65714506264,21079,"Garrard","KY",3
495155059126144,"MBB",20,0.834251055181508,0.713741301287062,1.31533583033618,2.80705515002614,1.85044727341801,2.61705143805256,1.30171560771638,-0.190003711973576,0.766604164634553,257414763010854,"Oak / hickory group","Mixed upland hardwoods",53,52.5445,2.54066035643307,134.913789205464,234.703794,8661.46998534321,47.6892581675208,10.2662195623591,2011,127.622802860253,74742345010478,NA,NA,NA,NA,95292378010478,2006,"2007-03-22",0,0,0,NA,135.127934227609,0,9.91425741041658,0,129.047920053023,"2012-02-01",51,0,0,NA,0,0,"223","223Fa",21,79,4,4,37.722591,-84.552116,805,40,0,2017,7.7,"2019-10-10",60,12,0,60,5,9,2,1,1,38.623,880,4,0,0,NA,22,0,2.42361157909208,0,2.35144944798403,138.18076605707,141.604137927297,216.649656,10225.105648,3788.54716035692,51.0196678000653,10.9471584339397,800,"Maple / beech / birch group","Hard maple / basswood",7.68788501026694,0,0,0,0,0,0,0.680938871580661,134.913789205464,10.2662195623591,"Oak / hickory group","Mixed upland hardwoods",48,43.1013,2.742736420863,240.72184,7649.65714506264,45.9489764443108,NA,NA,NA,NA,NA,NA,NA,NA,NA,7649.65714506264,21079,"Garrard","KY",3
495155063126144,"MBB",0,0,0,0,0,0,0,0,0,0,257414888010854,"Oak / hickory group","White oak / red oak / hickory",40,46.9872,1.93352709019491,76.0272345746669,144.433104,6804.44297952053,71.7650856909686,9.82411997755185,2011,108.628114457113,74756869010478,NA,NA,NA,NA,95313411010478,2006,"2007-01-31",0,0,0,NA,85.6109218252584,0,9.69419929648653,0,61.6913849316222,"2011-07-05",0,0,0,NA,0,0,"223","223Ea",21,169,3,5,37.042988,-85.569977,801,40,0,2017,7.7,"2019-03-21",0,0,0,48,4,33,2,1,1,39.6105,890,44,340,10,12,22,0.333421116253367,2.00155122295581,1.73545002092214,2.04776606588382,81.737734832671,92.0061287558926,162.487242,6768.183408,4829.08344813825,75.8823051051956,10.189225609364,800,"Maple / beech / birch group","Sugar maple / beech / yellow birch",7.709787816564,1,1,0,0,1,0.333421116253367,0.365105631812121,76.0272345746669,9.82411997755185,"Oak / hickory group","White oak / red oak / hickory",32,40.7116,1.98566634037198,120.36092,4508.84227767817,64.0064947491081,NA,NA,NA,NA,NA,NA,NA,NA,NA,4508.84227767817,21169,"Metcalfe","KY",14
495155063126144,"MBB",5,-0.553672280375626,0.692828212076599,-0.87295662872557,0.575054334514521,2.04532332833582,2.54037011094753,3.4133267396731,1.96531577643301,0.495046782611705,257414888010854,"Oak / hickory group","White oak / red oak / hickory",40,46.9872,1.93352709019491,76.0272345746669,144.433104,6804.44297952053,71.7650856909686,9.82411997755185,2011,108.628114457113,74756869010478,NA,NA,NA,NA,95313411010478,2006,"2007-01-31",0,0,0,NA,85.6109218252584,0,9.69419929648653,0,61.6913849316222,"2011-07-05",0,0,0,NA,0,0,"223","223Ea",21,169,3,5,37.042988,-85.569977,801,40,0,2017,7.7,"2019-03-21",0,0,0,48,4,33,2,1,1,39.6105,890,44,340,10,12,22,0.333421116253367,2.00155122295581,1.73545002092214,2.04776606588382,81.737734832671,92.0061287558926,162.487242,6768.183408,4829.08344813825,75.8823051051956,10.189225609364,800,"Maple / beech / birch group","Sugar maple / beech / yellow birch",7.709787816564,1,1,0,0,1,0.333421116253367,0.365105631812121,76.0272345746669,9.82411997755185,"Oak / hickory group","White oak / red oak / hickory",32,40.7116,1.98566634037198,120.36092,4508.84227767817,64.0064947491081,NA,NA,NA,NA,NA,NA,NA,NA,NA,4508.84227767817,21169,"Metcalfe","KY",14
495155063126144,"MBB",10,0.235729697715226,0.541852001733533,0.371667156731006,1.50413784035409,1.70662091697372,1.98679067302295,1.61512351629195,0.482652832668863,0.280169756049236,257414888010854,"Oak / hickory group","White oak / red oak / hickory",40,46.9872,1.93352709019491,76.0272345746669,144.433104,6804.44297952053,71.7650856909686,9.82411997755185,2011,108.628114457113,74756869010478,NA,NA,NA,NA,95313411010478,2006,"2007-01-31",0,0,0,NA,85.6109218252584,0,9.69419929648653,0,61.6913849316222,"2011-07-05",0,0,0,NA,0,0,"223","223Ea",21,169,3,5,37.042988,-85.569977,801,40,0,2017,7.7,"2019-03-21",0,0,0,48,4,33,2,1,1,39.6105,890,44,340,10,12,22,0.333421116253367,2.00155122295581,1.73545002092214,2.04776606588382,81.737734832671,92.0061287558926,162.487242,6768.183408,4829.08344813825,75.8823051051956,10.189225609364,800,"Maple / beech / birch group","Sugar maple / beech / yellow birch",7.709787816564,1,1,0,0,1,0.333421116253367,0.365105631812121,76.0272345746669,9.82411997755185,"Oak / hickory group","White oak / red oak / hickory",32,40.7116,1.98566634037198,120.36092,4508.84227767817,64.0064947491081,NA,NA,NA,NA,NA,NA,NA,NA,NA,4508.84227767817,21169,"Metcalfe","KY",14
495155063126144,"MBB",15,0.867831810137418,0.745470100468768,1.36828148731666,2.92631399729639,1.93120018833881,2.73339036838548,1.36510888106882,-0.192923628910906,0.802190180046667,257414888010854,"Oak / hickory group","White oak / red oak / hickory",40,46.9872,1.93352709019491,76.0272345746669,144.433104,6804.44297952053,71.7650856909686,9.82411997755185,2011,108.628114457113,74756869010478,NA,NA,NA,NA,95313411010478,2006,"2007-01-31",0,0,0,NA,85.6109218252584,0,9.69419929648653,0,61.6913849316222,"2011-07-05",0,0,0,NA,0,0,"223","223Ea",21,169,3,5,37.042988,-85.569977,801,40,0,2017,7.7,"2019-03-21",0,0,0,48,4,33,2,1,1,39.6105,890,44,340,10,12,22,0.333421116253367,2.00155122295581,1.73545002092214,2.04776606588382,81.737734832671,92.0061287558926,162.487242,6768.183408,4829.08344813825,75.8823051051956,10.189225609364,800,"Maple / beech / birch group","Sugar maple / beech / yellow birch",7.709787816564,1,1,0,0,1,0.333421116253367,0.365105631812121,76.0272345746669,9.82411997755185,"Oak / hickory group","White oak / red oak / hickory",32,40.7116,1.98566634037198,120.36092,4508.84227767817,64.0064947491081,NA,NA,NA,NA,NA,NA,NA,NA,NA,4508.84227767817,21169,"Metcalfe","KY",14
495155063126144,"MBB",20,0.700787942599752,0.78041402528429,1.10490898949894,2.73597430234311,1.93240412816206,2.86151809270906,1.75660910321012,0.125543790365955,0.929113964547004,257414888010854,"Oak / hickory group","White oak / red oak / hickory",40,46.9872,1.93352709019491,76.0272345746669,144.433104,6804.44297952053,71.7650856909686,9.82411997755185,2011,108.628114457113,74756869010478,NA,NA,NA,NA,95313411010478,2006,"2007-01-31",0,0,0,NA,85.6109218252584,0,9.69419929648653,0,61.6913849316222,"2011-07-05",0,0,0,NA,0,0,"223","223Ea",21,169,3,5,37.042988,-85.569977,801,40,0,2017,7.7,"2019-03-21",0,0,0,48,4,33,2,1,1,39.6105,890,44,340,10,12,22,0.333421116253367,2.00155122295581,1.73545002092214,2.04776606588382,81.737734832671,92.0061287558926,162.487242,6768.183408,4829.08344813825,75.8823051051956,10.189225609364,800,"Maple / beech / birch group","Sugar maple / beech / yellow birch",7.709787816564,1,1,0,0,1,0.333421116253367,0.365105631812121,76.0272345746669,9.82411997755185,"Oak / hickory group","White oak / red oak / hickory",32,40.7116,1.98566634037198,120.36092,4508.84227767817,64.0064947491081,NA,NA,NA,NA,NA,NA,NA,NA,NA,4508.84227767817,21169,"Metcalfe","KY",14
495155073126144,"MBB",0,0,0,0,0,0,0,0,0,0,257414903010854,"Maple / beech / birch group","Sugar maple / beech / yellow birch",37,33.2492,2.15607378868675,78.8588249968696,168.505288,4995.07418588784,71.3016420530673,9.26319522164387,2011,105.839451872916,74613138010478,NA,NA,NA,NA,95313822010478,2006,"2006-10-05",0,0,0,NA,88.0514032648038,0,8.65467859244129,0,63.9213403423612,"2011-06-24",0,0,0,NA,0,0,"223","223Ea",21,171,29,6,36.721576,-85.86245,801,40,0,2017,7.2,"2018-09-13",60,0,0,44,4,43,2,1,1,32.8219,790,10,208,0,NA,22,0,2.22134767847338,0,2.14190788178222,138.449189846589,99.9006107303751,168.505288,11210.999176,9771.06009521165,82.024142434056,10.4260484227863,800,"Maple / beech / birch group","Sugar maple / beech / yellow birch",7.22245037645448,0,0,0,0,0,0,1.16285320114248,78.8588249968696,9.26319522164387,"Maple / beech / birch group","Sugar maple / beech / yellow birch",32,31.3313,2.08922253772805,156.469196,2350.53934146958,64.390132907632,NA,NA,NA,NA,NA,NA,NA,NA,NA,2350.53934146958,21171,"Monroe","KY",10
495155073126144,"MBB",5,-0.527528934998308,1.94799630024613,-0.831737287513998,3.23957498000042,5.91542397515837,7.14265310090249,7.97439038841649,3.90307812090207,1.22722912574413,257414903010854,"Maple / beech / birch group","Sugar maple / beech / yellow birch",37,33.2492,2.15607378868675,78.8588249968696,168.505288,4995.07418588784,71.3016420530673,9.26319522164387,2011,105.839451872916,74613138010478,NA,NA,NA,NA,95313822010478,2006,"2006-10-05",0,0,0,NA,88.0514032648038,0,8.65467859244129,0,63.9213403423612,"2011-06-24",0,0,0,NA,0,0,"223","223Ea",21,171,29,6,36.721576,-85.86245,801,40,0,2017,7.2,"2018-09-13",60,0,0,44,4,43,2,1,1,32.8219,790,10,208,0,NA,22,0,2.22134767847338,0,2.14190788178222,138.449189846589,99.9006107303751,168.505288,11210.999176,9771.06009521165,82.024142434056,10.4260484227863,800,"Maple / beech / birch group","Sugar maple / beech / yellow birch",7.22245037645448,0,0,0,0,0,0,1.16285320114248,78.8588249968696,9.26319522164387,"Maple / beech / birch group","Sugar maple / beech / yellow birch",32,31.3313,2.08922253772805,156.469196,2350.53934146958,64.390132907632,NA,NA,NA,NA,NA,NA,NA,NA,NA,2350.53934146958,21171,"Monroe","KY",10
495155073126144,"MBB",10,1.92346354785168,2.02506659203863,3.03266086044615,7.26505003780688,6.54495927113525,7.42524417080831,4.39258331036216,0.160194133001424,0.880284899673061,257414903010854,"Maple / beech / birch group","Sugar maple / beech / yellow birch",37,33.2492,2.15607378868675,78.8588249968696,168.505288,4995.07418588784,71.3016420530673,9.26319522164387,2011,105.839451872916,74613138010478,NA,NA,NA,NA,95313822010478,2006,"2006-10-05",0,0,0,NA,88.0514032648038,0,8.65467859244129,0,63.9213403423612,"2011-06-24",0,0,0,NA,0,0,"223","223Ea",21,171,29,6,36.721576,-85.86245,801,40,0,2017,7.2,"2018-09-13",60,0,0,44,4,43,2,1,1,32.8219,790,10,208,0,NA,22,0,2.22134767847338,0,2.14190788178222,138.449189846589,99.9006107303751,168.505288,11210.999176,9771.06009521165,82.024142434056,10.4260484227863,800,"Maple / beech / birch group","Sugar maple / beech / yellow birch",7.22245037645448,0,0,0,0,0,0,1.16285320114248,78.8588249968696,9.26319522164387,"Maple / beech / birch group","Sugar maple / beech / yellow birch",32,31.3313,2.08922253772805,156.469196,2350.53934146958,64.390132907632,NA,NA,NA,NA,NA,NA,NA,NA,NA,2350.53934146958,21171,"Monroe","KY",10
495155073126144,"MBB",15,1.61605296858931,1.40046917967938,2.54797684714248,5.47495743267239,3.62188336202331,5.13505365882439,2.58707681168191,-0.339903773847997,1.51317029680108,257414903010854,"Maple / beech / birch group","Sugar maple / beech / yellow birch",37,33.2492,2.15607378868675,78.8588249968696,168.505288,4995.07418588784,71.3016420530673,9.26319522164387,2011,105.839451872916,74613138010478,NA,NA,NA,NA,95313822010478,2006,"2006-10-05",0,0,0,NA,88.0514032648038,0,8.65467859244129,0,63.9213403423612,"2011-06-24",0,0,0,NA,0,0,"223","223Ea",21,171,29,6,36.721576,-85.86245,801,40,0,2017,7.2,"2018-09-13",60,0,0,44,4,43,2,1,1,32.8219,790,10,208,0,NA,22,0,2.22134767847338,0,2.14190788178222,138.449189846589,99.9006107303751,168.505288,11210.999176,9771.06009521165,82.024142434056,10.4260484227863,800,"Maple / beech / birch group","Sugar maple / beech / yellow birch",7.22245037645448,0,0,0,0,0,0,1.16285320114248,78.8588249968696,9.26319522164387,"Maple / beech / birch group","Sugar maple / beech / yellow birch",32,31.3313,2.08922253772805,156.469196,2350.53934146958,64.390132907632,NA,NA,NA,NA,NA,NA,NA,NA,NA,2350.53934146958,21171,"Monroe","KY",10
495155073126144,"MBB",20,1.00872430359507,0.47774540432025,1.59042198533489,2.58890988036422,1.4322393455752,1.75173314917425,0.161311163839354,-0.837176731189968,0.319493803599047,257414903010854,"Maple / beech / birch group","Sugar maple / beech / yellow birch",37,33.2492,2.15607378868675,78.8588249968696,168.505288,4995.07418588784,71.3016420530673,9.26319522164387,2011,105.839451872916,74613138010478,NA,NA,NA,NA,95313822010478,2006,"2006-10-05",0,0,0,NA,88.0514032648038,0,8.65467859244129,0,63.9213403423612,"2011-06-24",0,0,0,NA,0,0,"223","223Ea",21,171,29,6,36.721576,-85.86245,801,40,0,2017,7.2,"2018-09-13",60,0,0,44,4,43,2,1,1,32.8219,790,10,208,0,NA,22,0,2.22134767847338,0,2.14190788178222,138.449189846589,99.9006107303751,168.505288,11210.999176,9771.06009521165,82.024142434056,10.4260484227863,800,"Maple / beech / birch group","Sugar maple / beech / yellow birch",7.22245037645448,0,0,0,0,0,0,1.16285320114248,78.8588249968696,9.26319522164387,"Maple / beech / birch group","Sugar maple / beech / yellow birch",32,31.3313,2.08922253772805,156.469196,2350.53934146958,64.390132907632,NA,NA,NA,NA,NA,NA,NA,NA,NA,2350.53934146958,21171,"Monroe","KY",10
495155081126144,"MBB",0,0,0,0,0,0,0,0,0,0,NA,NA,NA,NA,NA,NA,NA,NA,NA,NA,NA,NA,NA,NA,NA,NA,NA,NA,NA,NA,NA,NA,NA,NA,NA,NA,NA,NA,NA,NA,NA,NA,NA,NA,NA,NA,NA,NA,NA,NA,NA,NA,NA,NA,NA,NA,NA,NA,NA,NA,NA,NA,NA,NA,NA,NA,NA,NA,NA,NA,NA,NA,NA,NA,NA,NA,NA,NA,NA,NA,NA,NA,NA,NA,NA,NA,NA,NA,NA,NA,NA,NA,NA,NA,NA,NA,NA,NA,NA,NA,NA,NA,NA,NA,NA,NA,NA,NA,NA,NA,NA,NA,NA,NA,NA,NA,NA,NA,NA,NA,NA,NA,NA
495155081126144,"MBB",5,0.887369073560669,0.439017057597051,1.39908523931399,2.31663088969183,1.49415158916862,1.60972921118919,0.210643971875197,-0.706901678502639,0.115577622020563,NA,NA,NA,NA,NA,NA,NA,NA,NA,NA,NA,NA,NA,NA,NA,NA,NA,NA,NA,NA,NA,NA,NA,NA,NA,NA,NA,NA,NA,NA,NA,NA,NA,NA,NA,NA,NA,NA,NA,NA,NA,NA,NA,NA,NA,NA,NA,NA,NA,NA,NA,NA,NA,NA,NA,NA,NA,NA,NA,NA,NA,NA,NA,NA,NA,NA,NA,NA,NA,NA,NA,NA,NA,NA,NA,NA,NA,NA,NA,NA,NA,NA,NA,NA,NA,NA,NA,NA,NA,NA,NA,NA,NA,NA,NA,NA,NA,NA,NA,NA,NA,NA,NA,NA,NA,NA,NA,NA,NA,NA,NA,NA,NA
495155081126144,"MBB",10,1.85668852961307,0.124169614530089,2.92737891502328,3.18689340939117,0.679512577490765,0.455288586610325,-2.47209032841296,-2.73160482278084,-0.22422399088044,NA,NA,NA,NA,NA,NA,NA,NA,NA,NA,NA,NA,NA,NA,NA,NA,NA,NA,NA,NA,NA,NA,NA,NA,NA,NA,NA,NA,NA,NA,NA,NA,NA,NA,NA,NA,NA,NA,NA,NA,NA,NA,NA,NA,NA,NA,NA,NA,NA,NA,NA,NA,NA,NA,NA,NA,NA,NA,NA,NA,NA,NA,NA,NA,NA,NA,NA,NA,NA,NA,NA,NA,NA,NA,NA,NA,NA,NA,NA,NA,NA,NA,NA,NA,NA,NA,NA,NA,NA,NA,NA,NA,NA,NA,NA,NA,NA,NA,NA,NA,NA,NA,NA,NA,NA,NA,NA,NA,NA,NA,NA,NA,NA
495155081126144,"MBB",15,1.28808229581714,0.623838711143731,2.03087641973836,3.33469932602876,1.85769829349177,2.28740860752701,0.256532187788652,-1.04729071850175,0.429710314035245,NA,NA,NA,NA,NA,NA,NA,NA,NA,NA,NA,NA,NA,NA,NA,NA,NA,NA,NA,NA,NA,NA,NA,NA,NA,NA,NA,NA,NA,NA,NA,NA,NA,NA,NA,NA,NA,NA,NA,NA,NA,NA,NA,NA,NA,NA,NA,NA,NA,NA,NA,NA,NA,NA,NA,NA,NA,NA,NA,NA,NA,NA,NA,NA,NA,NA,NA,NA,NA,NA,NA,NA,NA,NA,NA,NA,NA,NA,NA,NA,NA,NA,NA,NA,NA,NA,NA,NA,NA,NA,NA,NA,NA,NA,NA,NA,NA,NA,NA,NA,NA,NA,NA,NA,NA,NA,NA,NA,NA,NA,NA,NA,NA
495155081126144,"MBB",20,0.577658468477725,0.99308183892559,0.910774851966546,2.98631589532103,2.32393418479991,3.6413000760605,2.73052522409395,0.654984180739468,1.31736589126059,NA,NA,NA,NA,NA,NA,NA,NA,NA,NA,NA,NA,NA,NA,NA,NA,NA,NA,NA,NA,NA,NA,NA,NA,NA,NA,NA,NA,NA,NA,NA,NA,NA,NA,NA,NA,NA,NA,NA,NA,NA,NA,NA,NA,NA,NA,NA,NA,NA,NA,NA,NA,NA,NA,NA,NA,NA,NA,NA,NA,NA,NA,NA,NA,NA,NA,NA,NA,NA,NA,NA,NA,NA,NA,NA,NA,NA,NA,NA,NA,NA,NA,NA,NA,NA,NA,NA,NA,NA,NA,NA,NA,NA,NA,NA,NA,NA,NA,NA,NA,NA,NA,NA,NA,NA,NA,NA,NA,NA,NA,NA,NA,NA
495155127126144,"MBB",0,0,0,0,0,0,0,0,0,0,257414770010854,"Oak / hickory group","White oak / red oak / hickory",76,52.6709,1.85405357466431,91.2944171848028,150.45115,6315.06817085955,60.8172030284131,10.5479190364735,2011,110.818127025284,74719565010478,NA,NA,NA,NA,95286009010478,2006,"2007-02-09",0,0,0,NA,109.545971879536,0,10.4992640434721,0,79.5996270813614,"2011-08-10",51,0,0,NA,0,0,"223","223Bd",21,45,29,5,37.522463,-84.971662,801,40,0,2017,7.6,"2019-03-13",0,0,0,83,5,36,2,1,1,49.5223,1300,62,11,0,NA,23,0,1.73543001321614,0,1.70251470316745,151.325391090001,103.216660114346,144.433104,12573.849358,7657.94290513831,75.3039442051884,11.4467964950898,800,"Maple / beech / birch group","Sugar maple / beech / yellow birch",7.58932238193018,0,0,0,0,0,0,0.898877458616298,91.2944171848028,10.5479190364735,"Maple / beech / birch group","Sugar maple / beech / yellow birch",71,44.6835,1.89112763179298,132.397012,5566.64677072408,65.8055781347689,NA,NA,NA,NA,NA,NA,NA,NA,NA,5566.64677072408,21045,"Casey","KY",14
495155127126144,"MBB",5,-1.97491699291363,0.794608535460635,-3.11378579216049,-1.45305395304776,2.13140757035258,2.91356463002233,6.02735042218282,4.36661858307009,0.782157059669754,257414770010854,"Oak / hickory group","White oak / red oak / hickory",76,52.6709,1.85405357466431,91.2944171848028,150.45115,6315.06817085955,60.8172030284131,10.5479190364735,2011,110.818127025284,74719565010478,NA,NA,NA,NA,95286009010478,2006,"2007-02-09",0,0,0,NA,109.545971879536,0,10.4992640434721,0,79.5996270813614,"2011-08-10",51,0,0,NA,0,0,"223","223Bd",21,45,29,5,37.522463,-84.971662,801,40,0,2017,7.6,"2019-03-13",0,0,0,83,5,36,2,1,1,49.5223,1300,62,11,0,NA,23,0,1.73543001321614,0,1.70251470316745,151.325391090001,103.216660114346,144.433104,12573.849358,7657.94290513831,75.3039442051884,11.4467964950898,800,"Maple / beech / birch group","Sugar maple / beech / yellow birch",7.58932238193018,0,0,0,0,0,0,0.898877458616298,91.2944171848028,10.5479190364735,"Maple / beech / birch group","Sugar maple / beech / yellow birch",71,44.6835,1.89112763179298,132.397012,5566.64677072408,65.8055781347689,NA,NA,NA,NA,NA,NA,NA,NA,NA,5566.64677072408,21045,"Casey","KY",14
495155127126144,"MBB",10,0.969287390682329,0.717810533548953,1.52824311930914,3.02846713442645,2.36594242583995,2.63197195634616,1.10372883703702,-0.396495178080289,0.266029530506213,257414770010854,"Oak / hickory group","White oak / red oak / hickory",76,52.6709,1.85405357466431,91.2944171848028,150.45115,6315.06817085955,60.8172030284131,10.5479190364735,2011,110.818127025284,74719565010478,NA,NA,NA,NA,95286009010478,2006,"2007-02-09",0,0,0,NA,109.545971879536,0,10.4992640434721,0,79.5996270813614,"2011-08-10",51,0,0,NA,0,0,"223","223Bd",21,45,29,5,37.522463,-84.971662,801,40,0,2017,7.6,"2019-03-13",0,0,0,83,5,36,2,1,1,49.5223,1300,62,11,0,NA,23,0,1.73543001321614,0,1.70251470316745,151.325391090001,103.216660114346,144.433104,12573.849358,7657.94290513831,75.3039442051884,11.4467964950898,800,"Maple / beech / birch group","Sugar maple / beech / yellow birch",7.58932238193018,0,0,0,0,0,0,0.898877458616298,91.2944171848028,10.5479190364735,"Maple / beech / birch group","Sugar maple / beech / yellow birch",71,44.6835,1.89112763179298,132.397012,5566.64677072408,65.8055781347689,NA,NA,NA,NA,NA,NA,NA,NA,NA,5566.64677072408,21045,"Casey","KY",14
495155127126144,"MBB",15,1.29469685164363,0.962174984084831,2.04130536942479,4.05225108616208,2.56766536294406,3.52797494164438,1.48666957221959,-0.524276144517702,0.960309578700323,257414770010854,"Oak / hickory group","White oak / red oak / hickory",76,52.6709,1.85405357466431,91.2944171848028,150.45115,6315.06817085955,60.8172030284131,10.5479190364735,2011,110.818127025284,74719565010478,NA,NA,NA,NA,95286009010478,2006,"2007-02-09",0,0,0,NA,109.545971879536,0,10.4992640434721,0,79.5996270813614,"2011-08-10",51,0,0,NA,0,0,"223","223Bd",21,45,29,5,37.522463,-84.971662,801,40,0,2017,7.6,"2019-03-13",0,0,0,83,5,36,2,1,1,49.5223,1300,62,11,0,NA,23,0,1.73543001321614,0,1.70251470316745,151.325391090001,103.216660114346,144.433104,12573.849358,7657.94290513831,75.3039442051884,11.4467964950898,800,"Maple / beech / birch group","Sugar maple / beech / yellow birch",7.58932238193018,0,0,0,0,0,0,0.898877458616298,91.2944171848028,10.5479190364735,"Maple / beech / birch group","Sugar maple / beech / yellow birch",71,44.6835,1.89112763179298,132.397012,5566.64677072408,65.8055781347689,NA,NA,NA,NA,NA,NA,NA,NA,NA,5566.64677072408,21045,"Casey","KY",14
495155127126144,"MBB",20,1.08872744125734,1.0561987592901,1.71656026571574,3.92401567263205,2.67560820665697,3.87272878406371,2.15616851834797,-0.0512868885683462,1.19712057740674,257414770010854,"Oak / hickory group","White oak / red oak / hickory",76,52.6709,1.85405357466431,91.2944171848028,150.45115,6315.06817085955,60.8172030284131,10.5479190364735,2011,110.818127025284,74719565010478,NA,NA,NA,NA,95286009010478,2006,"2007-02-09",0,0,0,NA,109.545971879536,0,10.4992640434721,0,79.5996270813614,"2011-08-10",51,0,0,NA,0,0,"223","223Bd",21,45,29,5,37.522463,-84.971662,801,40,0,2017,7.6,"2019-03-13",0,0,0,83,5,36,2,1,1,49.5223,1300,62,11,0,NA,23,0,1.73543001321614,0,1.70251470316745,151.325391090001,103.216660114346,144.433104,12573.849358,7657.94290513831,75.3039442051884,11.4467964950898,800,"Maple / beech / birch group","Sugar maple / beech / yellow birch",7.58932238193018,0,0,0,0,0,0,0.898877458616298,91.2944171848028,10.5479190364735,"Maple / beech / birch group","Sugar maple / beech / yellow birch",71,44.6835,1.89112763179298,132.397012,5566.64677072408,65.8055781347689,NA,NA,NA,NA,NA,NA,NA,NA,NA,5566.64677072408,21045,"Casey","KY",14
495155221126144,"MBB",0,0,0,0,0,0,0,0,0,0,257414395010854,"Maple / beech / birch group","Sugar maple / beech / yellow birch",56,55.7316,1.64465131813761,104.213162002073,186.559426,6891.08853702519,65.49183952765,10.1203404252318,2011,152.518268103531,74680788010478,NA,NA,NA,NA,95282941010478,2006,"2006-08-23",0,0,0,NA,134.904655366087,0,9.78140104747847,0,97.3496651527998,"2011-09-14",0,0,0,NA,0,0,"223","223Dj",21,27,41,5,37.949501,-86.46327,801,40,0,2017,7.6,"2019-04-09",0,0,0,50,6,41,2,1,1,59.1783,610,18,300,0,NA,22,0,1.53290305264176,0,1.49198955466159,168.374832828783,120.048339922459,192.577472,13252.34621,9265.76405237789,68.4351930094964,10.6909862734923,800,"Maple / beech / birch group","Sugar maple / beech / yellow birch",7.56741957563313,0,0,0,0,0,0,0.57064584826048,104.213162002073,10.1203404252318,"Maple / beech / birch group","Sugar maple / beech / yellow birch",51,58.0401,0,186.559426,5644.49680354859,63.7238668864435,NA,NA,NA,NA,NA,NA,NA,NA,NA,5644.49680354859,21027,"Breckinridge","KY",14
495155221126144,"MBB",5,-0.895961684193851,0.577678842972992,-1.41263292207897,-0.205284140265419,1.6358969668858,2.11815575756764,3.53078867964661,2.32343989783306,0.482258790681838,257414395010854,"Maple / beech / birch group","Sugar maple / beech / yellow birch",56,55.7316,1.64465131813761,104.213162002073,186.559426,6891.08853702519,65.49183952765,10.1203404252318,2011,152.518268103531,74680788010478,NA,NA,NA,NA,95282941010478,2006,"2006-08-23",0,0,0,NA,134.904655366087,0,9.78140104747847,0,97.3496651527998,"2011-09-14",0,0,0,NA,0,0,"223","223Dj",21,27,41,5,37.949501,-86.46327,801,40,0,2017,7.6,"2019-04-09",0,0,0,50,6,41,2,1,1,59.1783,610,18,300,0,NA,22,0,1.53290305264176,0,1.49198955466159,168.374832828783,120.048339922459,192.577472,13252.34621,9265.76405237789,68.4351930094964,10.6909862734923,800,"Maple / beech / birch group","Sugar maple / beech / yellow birch",7.56741957563313,0,0,0,0,0,0,0.57064584826048,104.213162002073,10.1203404252318,"Maple / beech / birch group","Sugar maple / beech / yellow birch",51,58.0401,0,186.559426,5644.49680354859,63.7238668864435,NA,NA,NA,NA,NA,NA,NA,NA,NA,5644.49680354859,21027,"Breckinridge","KY",14
495155221126144,"MBB",10,1.15311561549301,0.205292722191813,1.81807895376065,2.24714074314153,0.816800082829664,0.752739981369979,-1.06533897239067,-1.49440076177156,-0.064060101459685,257414395010854,"Maple / beech / birch group","Sugar maple / beech / yellow birch",56,55.7316,1.64465131813761,104.213162002073,186.559426,6891.08853702519,65.49183952765,10.1203404252318,2011,152.518268103531,74680788010478,NA,NA,NA,NA,95282941010478,2006,"2006-08-23",0,0,0,NA,134.904655366087,0,9.78140104747847,0,97.3496651527998,"2011-09-14",0,0,0,NA,0,0,"223","223Dj",21,27,41,5,37.949501,-86.46327,801,40,0,2017,7.6,"2019-04-09",0,0,0,50,6,41,2,1,1,59.1783,610,18,300,0,NA,22,0,1.53290305264176,0,1.49198955466159,168.374832828783,120.048339922459,192.577472,13252.34621,9265.76405237789,68.4351930094964,10.6909862734923,800,"Maple / beech / birch group","Sugar maple / beech / yellow birch",7.56741957563313,0,0,0,0,0,0,0.57064584826048,104.213162002073,10.1203404252318,"Maple / beech / birch group","Sugar maple / beech / yellow birch",51,58.0401,0,186.559426,5644.49680354859,63.7238668864435,NA,NA,NA,NA,NA,NA,NA,NA,NA,5644.49680354859,21027,"Breckinridge","KY",14
495155221126144,"MBB",15,1.22999417722892,0.89139833494841,1.93929081943094,3.80231333947311,2.39192001625061,3.2684605614775,1.32916974204656,-0.533852777995611,0.876540545226888,257414395010854,"Maple / beech / birch group","Sugar maple / beech / yellow birch",56,55.7316,1.64465131813761,104.213162002073,186.559426,6891.08853702519,65.49183952765,10.1203404252318,2011,152.518268103531,74680788010478,NA,NA,NA,NA,95282941010478,2006,"2006-08-23",0,0,0,NA,134.904655366087,0,9.78140104747847,0,97.3496651527998,"2011-09-14",0,0,0,NA,0,0,"223","223Dj",21,27,41,5,37.949501,-86.46327,801,40,0,2017,7.6,"2019-04-09",0,0,0,50,6,41,2,1,1,59.1783,610,18,300,0,NA,22,0,1.53290305264176,0,1.49198955466159,168.374832828783,120.048339922459,192.577472,13252.34621,9265.76405237789,68.4351930094964,10.6909862734923,800,"Maple / beech / birch group","Sugar maple / beech / yellow birch",7.56741957563313,0,0,0,0,0,0,0.57064584826048,104.213162002073,10.1203404252318,"Maple / beech / birch group","Sugar maple / beech / yellow birch",51,58.0401,0,186.559426,5644.49680354859,63.7238668864435,NA,NA,NA,NA,NA,NA,NA,NA,NA,5644.49680354859,21027,"Breckinridge","KY",14
495155221126144,"MBB",20,0.978297525502684,1.12222209491588,1.54244909854257,3.88789327691675,2.76611211434034,4.11481434802488,2.57236524948232,0.226921071108133,1.34870223368454,257414395010854,"Maple / beech / birch group","Sugar maple / beech / yellow birch",56,55.7316,1.64465131813761,104.213162002073,186.559426,6891.08853702519,65.49183952765,10.1203404252318,2011,152.518268103531,74680788010478,NA,NA,NA,NA,95282941010478,2006,"2006-08-23",0,0,0,NA,134.904655366087,0,9.78140104747847,0,97.3496651527998,"2011-09-14",0,0,0,NA,0,0,"223","223Dj",21,27,41,5,37.949501,-86.46327,801,40,0,2017,7.6,"2019-04-09",0,0,0,50,6,41,2,1,1,59.1783,610,18,300,0,NA,22,0,1.53290305264176,0,1.49198955466159,168.374832828783,120.048339922459,192.577472,13252.34621,9265.76405237789,68.4351930094964,10.6909862734923,800,"Maple / beech / birch group","Sugar maple / beech / yellow birch",7.56741957563313,0,0,0,0,0,0,0.57064584826048,104.213162002073,10.1203404252318,"Maple / beech / birch group","Sugar maple / beech / yellow birch",51,58.0401,0,186.559426,5644.49680354859,63.7238668864435,NA,NA,NA,NA,NA,NA,NA,NA,NA,5644.49680354859,21027,"Breckinridge","KY",14
495155227126144,"MBB",0,0,0,0,0,0,0,0,0,0,NA,NA,NA,NA,NA,NA,NA,NA,NA,NA,NA,NA,NA,NA,NA,NA,NA,NA,NA,NA,NA,NA,NA,NA,NA,NA,NA,NA,NA,NA,NA,NA,NA,NA,NA,NA,NA,NA,NA,NA,NA,NA,NA,NA,NA,NA,NA,NA,NA,NA,NA,NA,NA,NA,NA,NA,NA,NA,NA,NA,NA,NA,NA,NA,NA,NA,NA,NA,NA,NA,NA,NA,NA,NA,NA,NA,NA,NA,NA,NA,NA,NA,NA,NA,NA,NA,NA,NA,NA,NA,NA,NA,NA,NA,NA,NA,NA,NA,NA,NA,NA,NA,NA,NA,NA,NA,NA,NA,NA,NA,NA,NA,NA
495155227126144,"MBB",5,0.28719840394327,1.49215051516915,0.452816150217223,3.57141072692075,4.64177533135192,5.47121855562023,5.01840240540301,1.89980782869948,0.829443224268314,NA,NA,NA,NA,NA,NA,NA,NA,NA,NA,NA,NA,NA,NA,NA,NA,NA,NA,NA,NA,NA,NA,NA,NA,NA,NA,NA,NA,NA,NA,NA,NA,NA,NA,NA,NA,NA,NA,NA,NA,NA,NA,NA,NA,NA,NA,NA,NA,NA,NA,NA,NA,NA,NA,NA,NA,NA,NA,NA,NA,NA,NA,NA,NA,NA,NA,NA,NA,NA,NA,NA,NA,NA,NA,NA,NA,NA,NA,NA,NA,NA,NA,NA,NA,NA,NA,NA,NA,NA,NA,NA,NA,NA,NA,NA,NA,NA,NA,NA,NA,NA,NA,NA,NA,NA,NA,NA,NA,NA,NA,NA,NA,NA
495155227126144,"MBB",10,0.625714073125353,0.273136936408987,0.986542521960973,1.55739871905576,0.941376015839737,1.00150210016629,0.0149595782053132,-0.55589661888947,0.0601260843265493,NA,NA,NA,NA,NA,NA,NA,NA,NA,NA,NA,NA,NA,NA,NA,NA,NA,NA,NA,NA,NA,NA,NA,NA,NA,NA,NA,NA,NA,NA,NA,NA,NA,NA,NA,NA,NA,NA,NA,NA,NA,NA,NA,NA,NA,NA,NA,NA,NA,NA,NA,NA,NA,NA,NA,NA,NA,NA,NA,NA,NA,NA,NA,NA,NA,NA,NA,NA,NA,NA,NA,NA,NA,NA,NA,NA,NA,NA,NA,NA,NA,NA,NA,NA,NA,NA,NA,NA,NA,NA,NA,NA,NA,NA,NA,NA,NA,NA,NA,NA,NA,NA,NA,NA,NA,NA,NA,NA,NA,NA,NA,NA,NA
495155227126144,"MBB",15,-0.480300824561121,-0.544452713049898,-0.757274300058034,-1.89518047033232,-1.34443552483557,-1.99632661451629,-1.23905231445826,-0.101146144183972,-0.651891089680724,NA,NA,NA,NA,NA,NA,NA,NA,NA,NA,NA,NA,NA,NA,NA,NA,NA,NA,NA,NA,NA,NA,NA,NA,NA,NA,NA,NA,NA,NA,NA,NA,NA,NA,NA,NA,NA,NA,NA,NA,NA,NA,NA,NA,NA,NA,NA,NA,NA,NA,NA,NA,NA,NA,NA,NA,NA,NA,NA,NA,NA,NA,NA,NA,NA,NA,NA,NA,NA,NA,NA,NA,NA,NA,NA,NA,NA,NA,NA,NA,NA,NA,NA,NA,NA,NA,NA,NA,NA,NA,NA,NA,NA,NA,NA,NA,NA,NA,NA,NA,NA,NA,NA,NA,NA,NA,NA,NA,NA,NA,NA,NA,NA
495155227126144,"MBB",20,-0.444601421247476,-0.406467806473725,-0.700988240833521,-1.55050595636361,-1.0406963266665,-1.49038195707033,-0.789393716236804,0.0601239992932814,-0.449685630403825,NA,NA,NA,NA,NA,NA,NA,NA,NA,NA,NA,NA,NA,NA,NA,NA,NA,NA,NA,NA,NA,NA,NA,NA,NA,NA,NA,NA,NA,NA,NA,NA,NA,NA,NA,NA,NA,NA,NA,NA,NA,NA,NA,NA,NA,NA,NA,NA,NA,NA,NA,NA,NA,NA,NA,NA,NA,NA,NA,NA,NA,NA,NA,NA,NA,NA,NA,NA,NA,NA,NA,NA,NA,NA,NA,NA,NA,NA,NA,NA,NA,NA,NA,NA,NA,NA,NA,NA,NA,NA,NA,NA,NA,NA,NA,NA,NA,NA,NA,NA,NA,NA,NA,NA,NA,NA,NA,NA,NA,NA,NA,NA,NA
495155248126144,"MBB",0,0,0,0,0,0,0,0,0,0,257414542010854,"Oak / hickory group","White oak / red oak / hickory",68,67.7045,1.80362643036455,138.586772591571,240.72184,10533.3670111175,62.0528292707458,10.2741422999684,2011,187.905259541328,74644933010478,NA,NA,NA,NA,95307202010478,2006,"2007-01-31",0,0,0,NA,180.656124293067,0,10.5947628571856,0,147.371365852245,"2011-11-07",0,0,0,NA,0,0,"221","221En",21,135,47,2,38.595665,-83.176519,801,40,0,2017,7,"2018-10-22",10,0,0,28,6,41,2,1,1,48.6987,640,35,325,10,12,22,0.321159783985927,1.81342286926413,1.94970250605087,1.78101740858641,75.3360363845826,163.732693775946,258.775978,5925.782887,1468.43280871414,50.4164425592047,10.7708048542949,800,"Maple / beech / birch group","Sugar maple / beech / yellow birch",6.95687885010267,1,1,0,0,1,0.321159783985927,0.496662554326488,138.586772591571,10.2741422999684,"Oak / hickory group","White oak / red oak / hickory",65,73.9836,1.75475811633671,240.72184,9623.02950561963,61.3029422674884,NA,NA,NA,NA,NA,NA,NA,NA,NA,9623.02950561963,21135,"Lewis","KY",6
495155248126144,"MBB",5,0.183103585268586,1.95775133605528,0.288693319440137,4.38039361179568,6.05917068869324,7.17842156553603,6.8897282460959,2.79802795374036,1.11925087684279,257414542010854,"Oak / hickory group","White oak / red oak / hickory",68,67.7045,1.80362643036455,138.586772591571,240.72184,10533.3670111175,62.0528292707458,10.2741422999684,2011,187.905259541328,74644933010478,NA,NA,NA,NA,95307202010478,2006,"2007-01-31",0,0,0,NA,180.656124293067,0,10.5947628571856,0,147.371365852245,"2011-11-07",0,0,0,NA,0,0,"221","221En",21,135,47,2,38.595665,-83.176519,801,40,0,2017,7,"2018-10-22",10,0,0,28,6,41,2,1,1,48.6987,640,35,325,10,12,22,0.321159783985927,1.81342286926413,1.94970250605087,1.78101740858641,75.3360363845826,163.732693775946,258.775978,5925.782887,1468.43280871414,50.4164425592047,10.7708048542949,800,"Maple / beech / birch group","Sugar maple / beech / yellow birch",6.95687885010267,1,1,0,0,1,0.321159783985927,0.496662554326488,138.586772591571,10.2741422999684,"Oak / hickory group","White oak / red oak / hickory",65,73.9836,1.75475811633671,240.72184,9623.02950561963,61.3029422674884,NA,NA,NA,NA,NA,NA,NA,NA,NA,9623.02950561963,21135,"Lewis","KY",6
495155248126144,"MBB",10,1.11691951807435,1.33347325389576,1.76100977349723,4.54796887413936,4.28580474489082,4.8894019309511,3.12839215745387,0.341433056811747,0.603597186060281,257414542010854,"Oak / hickory group","White oak / red oak / hickory",68,67.7045,1.80362643036455,138.586772591571,240.72184,10533.3670111175,62.0528292707458,10.2741422999684,2011,187.905259541328,74644933010478,NA,NA,NA,NA,95307202010478,2006,"2007-01-31",0,0,0,NA,180.656124293067,0,10.5947628571856,0,147.371365852245,"2011-11-07",0,0,0,NA,0,0,"221","221En",21,135,47,2,38.595665,-83.176519,801,40,0,2017,7,"2018-10-22",10,0,0,28,6,41,2,1,1,48.6987,640,35,325,10,12,22,0.321159783985927,1.81342286926413,1.94970250605087,1.78101740858641,75.3360363845826,163.732693775946,258.775978,5925.782887,1468.43280871414,50.4164425592047,10.7708048542949,800,"Maple / beech / birch group","Sugar maple / beech / yellow birch",6.95687885010267,1,1,0,0,1,0.321159783985927,0.496662554326488,138.586772591571,10.2741422999684,"Oak / hickory group","White oak / red oak / hickory",65,73.9836,1.75475811633671,240.72184,9623.02950561963,61.3029422674884,NA,NA,NA,NA,NA,NA,NA,NA,NA,9623.02950561963,21135,"Lewis","KY",6
495155248126144,"MBB",15,0.423357864481405,0.712276435638424,0.667494232999014,2.15615198348332,1.67070163221131,2.61168026400755,1.94418603100854,0.455528280524233,0.940978631796244,257414542010854,"Oak / hickory group","White oak / red oak / hickory",68,67.7045,1.80362643036455,138.586772591571,240.72184,10533.3670111175,62.0528292707458,10.2741422999684,2011,187.905259541328,74644933010478,NA,NA,NA,NA,95307202010478,2006,"2007-01-31",0,0,0,NA,180.656124293067,0,10.5947628571856,0,147.371365852245,"2011-11-07",0,0,0,NA,0,0,"221","221En",21,135,47,2,38.595665,-83.176519,801,40,0,2017,7,"2018-10-22",10,0,0,28,6,41,2,1,1,48.6987,640,35,325,10,12,22,0.321159783985927,1.81342286926413,1.94970250605087,1.78101740858641,75.3360363845826,163.732693775946,258.775978,5925.782887,1468.43280871414,50.4164425592047,10.7708048542949,800,"Maple / beech / birch group","Sugar maple / beech / yellow birch",6.95687885010267,1,1,0,0,1,0.321159783985927,0.496662554326488,138.586772591571,10.2741422999684,"Oak / hickory group","White oak / red oak / hickory",65,73.9836,1.75475811633671,240.72184,9623.02950561963,61.3029422674884,NA,NA,NA,NA,NA,NA,NA,NA,NA,9623.02950561963,21135,"Lewis","KY",6
495155248126144,"MBB",20,0.363705329488867,0.564349380982891,0.573442069494114,1.75293227574836,1.33588349793446,2.06928106360393,1.49583899410982,0.316348787855577,0.733397565669478,257414542010854,"Oak / hickory group","White oak / red oak / hickory",68,67.7045,1.80362643036455,138.586772591571,240.72184,10533.3670111175,62.0528292707458,10.2741422999684,2011,187.905259541328,74644933010478,NA,NA,NA,NA,95307202010478,2006,"2007-01-31",0,0,0,NA,180.656124293067,0,10.5947628571856,0,147.371365852245,"2011-11-07",0,0,0,NA,0,0,"221","221En",21,135,47,2,38.595665,-83.176519,801,40,0,2017,7,"2018-10-22",10,0,0,28,6,41,2,1,1,48.6987,640,35,325,10,12,22,0.321159783985927,1.81342286926413,1.94970250605087,1.78101740858641,75.3360363845826,163.732693775946,258.775978,5925.782887,1468.43280871414,50.4164425592047,10.7708048542949,800,"Maple / beech / birch group","Sugar maple / beech / yellow birch",6.95687885010267,1,1,0,0,1,0.321159783985927,0.496662554326488,138.586772591571,10.2741422999684,"Oak / hickory group","White oak / red oak / hickory",65,73.9836,1.75475811633671,240.72184,9623.02950561963,61.3029422674884,NA,NA,NA,NA,NA,NA,NA,NA,NA,9623.02950561963,21135,"Lewis","KY",6
495155281126144,"MBB",0,0,0,0,0,0,0,0,0,0,257414808010854,"Oak / hickory group","White oak / red oak / hickory",48,23.3048,2.22895215652745,75.3586418205198,126.378966,5061.33576100992,74.1362009824404,10.4561442406344,2011,97.1033253546954,74591760010478,NA,NA,NA,NA,95292047010478,2006,"2007-04-10",0,0,0,NA,84.327198881813,0,10.3243707594675,0,66.4739401700498,"2011-08-16",0,0,0,NA,0,0,"223","223Fa",21,73,2,4,38.242799,-84.73679,805,40,0,2017,7.7,"2019-04-22",12,0,0,52,4,40,2,1,1,46.1157,810,7,146,10,12,22,0,2.16550752519011,0,2.17076337565685,95.9080246442779,76.2078563677975,108.324828,8013.678346,6997.10173726785,77.0418434722398,11.3573837949885,800,"Maple / beech / birch group","Hard maple / basswood",7.68240930869268,1,1,0,0,1,0,0.901239554354047,75.3586418205198,10.4561442406344,"Oak / hickory group","White oak / red oak / hickory",48,25.9052,2.23704456715108,114.342874,4714.43497776237,70.0428098587867,NA,NA,NA,NA,NA,NA,NA,NA,NA,4714.43497776237,21073,"Franklin","KY",3
495155281126144,"MBB",5,0.541367221971918,1.30643168088896,0.853555653309058,3.58399786636698,4.11042833265349,4.79024949659284,3.93669384328378,1.20625163022586,0.679821163939348,257414808010854,"Oak / hickory group","White oak / red oak / hickory",48,23.3048,2.22895215652745,75.3586418205198,126.378966,5061.33576100992,74.1362009824404,10.4561442406344,2011,97.1033253546954,74591760010478,NA,NA,NA,NA,95292047010478,2006,"2007-04-10",0,0,0,NA,84.327198881813,0,10.3243707594675,0,66.4739401700498,"2011-08-16",0,0,0,NA,0,0,"223","223Fa",21,73,2,4,38.242799,-84.73679,805,40,0,2017,7.7,"2019-04-22",12,0,0,52,4,40,2,1,1,46.1157,810,7,146,10,12,22,0,2.16550752519011,0,2.17076337565685,95.9080246442779,76.2078563677975,108.324828,8013.678346,6997.10173726785,77.0418434722398,11.3573837949885,800,"Maple / beech / birch group","Hard maple / basswood",7.68240930869268,1,1,0,0,1,0,0.901239554354047,75.3586418205198,10.4561442406344,"Oak / hickory group","White oak / red oak / hickory",48,25.9052,2.23704456715108,114.342874,4714.43497776237,70.0428098587867,NA,NA,NA,NA,NA,NA,NA,NA,NA,4714.43497776237,21073,"Franklin","KY",3
495155281126144,"MBB",10,1.70076164135458,1.27800330120742,2.68153418786905,5.35256108739256,4.20837203033559,4.68601210442722,2.00447791655817,-0.666548982965345,0.477640074091623,257414808010854,"Oak / hickory group","White oak / red oak / hickory",48,23.3048,2.22895215652745,75.3586418205198,126.378966,5061.33576100992,74.1362009824404,10.4561442406344,2011,97.1033253546954,74591760010478,NA,NA,NA,NA,95292047010478,2006,"2007-04-10",0,0,0,NA,84.327198881813,0,10.3243707594675,0,66.4739401700498,"2011-08-16",0,0,0,NA,0,0,"223","223Fa",21,73,2,4,38.242799,-84.73679,805,40,0,2017,7.7,"2019-04-22",12,0,0,52,4,40,2,1,1,46.1157,810,7,146,10,12,22,0,2.16550752519011,0,2.17076337565685,95.9080246442779,76.2078563677975,108.324828,8013.678346,6997.10173726785,77.0418434722398,11.3573837949885,800,"Maple / beech / birch group","Hard maple / basswood",7.68240930869268,1,1,0,0,1,0,0.901239554354047,75.3586418205198,10.4561442406344,"Oak / hickory group","White oak / red oak / hickory",48,25.9052,2.23704456715108,114.342874,4714.43497776237,70.0428098587867,NA,NA,NA,NA,NA,NA,NA,NA,NA,4714.43497776237,21073,"Franklin","KY",3
495155281126144,"MBB",15,1.06355462258004,1.02818324431443,1.6768711216012,3.82577410221836,2.60623146832658,3.77000522915291,2.09313410755171,-0.0557688730654498,1.16377376082633,257414808010854,"Oak / hickory group","White oak / red oak / hickory",48,23.3048,2.22895215652745,75.3586418205198,126.378966,5061.33576100992,74.1362009824404,10.4561442406344,2011,97.1033253546954,74591760010478,NA,NA,NA,NA,95292047010478,2006,"2007-04-10",0,0,0,NA,84.327198881813,0,10.3243707594675,0,66.4739401700498,"2011-08-16",0,0,0,NA,0,0,"223","223Fa",21,73,2,4,38.242799,-84.73679,805,40,0,2017,7.7,"2019-04-22",12,0,0,52,4,40,2,1,1,46.1157,810,7,146,10,12,22,0,2.16550752519011,0,2.17076337565685,95.9080246442779,76.2078563677975,108.324828,8013.678346,6997.10173726785,77.0418434722398,11.3573837949885,800,"Maple / beech / birch group","Hard maple / basswood",7.68240930869268,1,1,0,0,1,0,0.901239554354047,75.3586418205198,10.4561442406344,"Oak / hickory group","White oak / red oak / hickory",48,25.9052,2.23704456715108,114.342874,4714.43497776237,70.0428098587867,NA,NA,NA,NA,NA,NA,NA,NA,NA,4714.43497776237,21073,"Franklin","KY",3
495155281126144,"MBB",20,-0.0702368115277324,0.479377526839259,-0.110740039508725,0.891158991585328,0.971697202137127,1.75771759841062,1.86845763791934,0.86655860682529,0.78602039627349,257414808010854,"Oak / hickory group","White oak / red oak / hickory",48,23.3048,2.22895215652745,75.3586418205198,126.378966,5061.33576100992,74.1362009824404,10.4561442406344,2011,97.1033253546954,74591760010478,NA,NA,NA,NA,95292047010478,2006,"2007-04-10",0,0,0,NA,84.327198881813,0,10.3243707594675,0,66.4739401700498,"2011-08-16",0,0,0,NA,0,0,"223","223Fa",21,73,2,4,38.242799,-84.73679,805,40,0,2017,7.7,"2019-04-22",12,0,0,52,4,40,2,1,1,46.1157,810,7,146,10,12,22,0,2.16550752519011,0,2.17076337565685,95.9080246442779,76.2078563677975,108.324828,8013.678346,6997.10173726785,77.0418434722398,11.3573837949885,800,"Maple / beech / birch group","Hard maple / basswood",7.68240930869268,1,1,0,0,1,0,0.901239554354047,75.3586418205198,10.4561442406344,"Oak / hickory group","White oak / red oak / hickory",48,25.9052,2.23704456715108,114.342874,4714.43497776237,70.0428098587867,NA,NA,NA,NA,NA,NA,NA,NA,NA,4714.43497776237,21073,"Franklin","KY",3
495155299126144,"MBB",0,0,0,0,0,0,0,0,0,0,NA,NA,NA,NA,NA,NA,NA,NA,NA,NA,NA,NA,NA,NA,NA,NA,NA,NA,NA,NA,NA,NA,NA,NA,NA,NA,NA,NA,NA,NA,NA,NA,NA,NA,NA,NA,NA,NA,NA,NA,NA,NA,NA,NA,NA,NA,NA,NA,NA,NA,NA,NA,NA,NA,NA,NA,NA,NA,NA,NA,NA,NA,NA,NA,NA,NA,NA,NA,NA,NA,NA,NA,NA,NA,NA,NA,NA,NA,NA,NA,NA,NA,NA,NA,NA,NA,NA,NA,NA,NA,NA,NA,NA,NA,NA,NA,NA,NA,NA,NA,NA,NA,NA,NA,NA,NA,NA,NA,NA,NA,NA,NA,NA
495155299126144,"MBB",5,-0.562898794014528,1.40190858261618,-0.887503765229572,2.04248517243824,4.2278146274155,5.14033146959264,6.02783523482222,3.09784629715441,0.912516842177148,NA,NA,NA,NA,NA,NA,NA,NA,NA,NA,NA,NA,NA,NA,NA,NA,NA,NA,NA,NA,NA,NA,NA,NA,NA,NA,NA,NA,NA,NA,NA,NA,NA,NA,NA,NA,NA,NA,NA,NA,NA,NA,NA,NA,NA,NA,NA,NA,NA,NA,NA,NA,NA,NA,NA,NA,NA,NA,NA,NA,NA,NA,NA,NA,NA,NA,NA,NA,NA,NA,NA,NA,NA,NA,NA,NA,NA,NA,NA,NA,NA,NA,NA,NA,NA,NA,NA,NA,NA,NA,NA,NA,NA,NA,NA,NA,NA,NA,NA,NA,NA,NA,NA,NA,NA,NA,NA,NA,NA,NA,NA,NA,NA
495155299126144,"MBB",10,1.08489662519645,0.885694536093247,1.7105203457264,3.56162192616129,2.90152263119863,3.24754663234191,1.5370262866155,-0.314075293819383,0.346024001143273,NA,NA,NA,NA,NA,NA,NA,NA,NA,NA,NA,NA,NA,NA,NA,NA,NA,NA,NA,NA,NA,NA,NA,NA,NA,NA,NA,NA,NA,NA,NA,NA,NA,NA,NA,NA,NA,NA,NA,NA,NA,NA,NA,NA,NA,NA,NA,NA,NA,NA,NA,NA,NA,NA,NA,NA,NA,NA,NA,NA,NA,NA,NA,NA,NA,NA,NA,NA,NA,NA,NA,NA,NA,NA,NA,NA,NA,NA,NA,NA,NA,NA,NA,NA,NA,NA,NA,NA,NA,NA,NA,NA,NA,NA,NA,NA,NA,NA,NA,NA,NA,NA,NA,NA,NA,NA,NA,NA,NA,NA,NA,NA,NA
495155299126144,"MBB",15,0.69969570390595,0.463151728690616,1.10318689315838,2.07117400612177,1.26885626564295,1.69822300519893,0.595036112040545,-0.372951000922843,0.42936673955598,NA,NA,NA,NA,NA,NA,NA,NA,NA,NA,NA,NA,NA,NA,NA,NA,NA,NA,NA,NA,NA,NA,NA,NA,NA,NA,NA,NA,NA,NA,NA,NA,NA,NA,NA,NA,NA,NA,NA,NA,NA,NA,NA,NA,NA,NA,NA,NA,NA,NA,NA,NA,NA,NA,NA,NA,NA,NA,NA,NA,NA,NA,NA,NA,NA,NA,NA,NA,NA,NA,NA,NA,NA,NA,NA,NA,NA,NA,NA,NA,NA,NA,NA,NA,NA,NA,NA,NA,NA,NA,NA,NA,NA,NA,NA,NA,NA,NA,NA,NA,NA,NA,NA,NA,NA,NA,NA,NA,NA,NA,NA,NA,NA
495155299126144,"MBB",20,-0.0162469080290819,0.0578019672374822,-0.0256159583258525,0.0951901532004853,0.113819941073833,0.211940546537435,0.237556504863287,0.116750393336949,0.0981206054636021,NA,NA,NA,NA,NA,NA,NA,NA,NA,NA,NA,NA,NA,NA,NA,NA,NA,NA,NA,NA,NA,NA,NA,NA,NA,NA,NA,NA,NA,NA,NA,NA,NA,NA,NA,NA,NA,NA,NA,NA,NA,NA,NA,NA,NA,NA,NA,NA,NA,NA,NA,NA,NA,NA,NA,NA,NA,NA,NA,NA,NA,NA,NA,NA,NA,NA,NA,NA,NA,NA,NA,NA,NA,NA,NA,NA,NA,NA,NA,NA,NA,NA,NA,NA,NA,NA,NA,NA,NA,NA,NA,NA,NA,NA,NA,NA,NA,NA,NA,NA,NA,NA,NA,NA,NA,NA,NA,NA,NA,NA,NA,NA,NA
495155336126144,"MBB",0,0,0,0,0,0,0,0,0,0,257414397010854,"Maple / beech / birch group","Sugar maple / beech / yellow birch",53,70.5713,2.44357339152017,90.2048801394107,126.378966,6465.84930235782,60.2441363812363,11.4398426562606,2011,127.089818799224,74792072010478,NA,NA,NA,NA,95302251010478,2006,"2007-01-18",0,0,0,NA,116.417583094061,0,10.875435623459,0,89.28773302349,"2011-08-02",0,0,0,NA,0,0,"221","221Ha",21,119,23,1,37.490052,-83.059386,801,40,0,2017,7.7,"2019-04-10",0,0,0,61,5,33,2,1,1,17.8681,1360,38,302,0,NA,23,0,2.43670565692873,0,2.43670565692873,151.757893231328,101.425553626535,150.45115,12580.772607,2012.09874534297,69.3011378661128,11.1177875496881,800,"Maple / beech / birch group","Sugar maple / beech / yellow birch",7.68788501026694,0,0,0,0,0,0,-0.322055106572504,90.2048801394107,11.4398426562606,"Maple / beech / birch group","Sugar maple / beech / yellow birch",48,34.399,2.46072257555185,138.415058,3710.53198031408,61.00932603929,NA,NA,NA,NA,NA,NA,NA,NA,NA,3710.53198031408,21119,"Knott","KY",3
495155336126144,"MBB",5,-0.498438033993257,-0.0706539912142801,-0.785870633596035,-0.933537475233881,-0.297364378378904,-0.259064634452361,0.526805999143675,0.67447284078152,0.0382997439265434,257414397010854,"Maple / beech / birch group","Sugar maple / beech / yellow birch",53,70.5713,2.44357339152017,90.2048801394107,126.378966,6465.84930235782,60.2441363812363,11.4398426562606,2011,127.089818799224,74792072010478,NA,NA,NA,NA,95302251010478,2006,"2007-01-18",0,0,0,NA,116.417583094061,0,10.875435623459,0,89.28773302349,"2011-08-02",0,0,0,NA,0,0,"221","221Ha",21,119,23,1,37.490052,-83.059386,801,40,0,2017,7.7,"2019-04-10",0,0,0,61,5,33,2,1,1,17.8681,1360,38,302,0,NA,23,0,2.43670565692873,0,2.43670565692873,151.757893231328,101.425553626535,150.45115,12580.772607,2012.09874534297,69.3011378661128,11.1177875496881,800,"Maple / beech / birch group","Sugar maple / beech / yellow birch",7.68788501026694,0,0,0,0,0,0,-0.322055106572504,90.2048801394107,11.4398426562606,"Maple / beech / birch group","Sugar maple / beech / yellow birch",48,34.399,2.46072257555185,138.415058,3710.53198031408,61.00932603929,NA,NA,NA,NA,NA,NA,NA,NA,NA,3710.53198031408,21119,"Knott","KY",3
495155336126144,"MBB",10,1.07435083123976,-1.1005747776761,1.69389314392135,-0.606308141421699,-3.21787418224402,-4.03544085147903,-5.72933399540037,-3.42913271005733,-0.817566669235005,257414397010854,"Maple / beech / birch group","Sugar maple / beech / yellow birch",53,70.5713,2.44357339152017,90.2048801394107,126.378966,6465.84930235782,60.2441363812363,11.4398426562606,2011,127.089818799224,74792072010478,NA,NA,NA,NA,95302251010478,2006,"2007-01-18",0,0,0,NA,116.417583094061,0,10.875435623459,0,89.28773302349,"2011-08-02",0,0,0,NA,0,0,"221","221Ha",21,119,23,1,37.490052,-83.059386,801,40,0,2017,7.7,"2019-04-10",0,0,0,61,5,33,2,1,1,17.8681,1360,38,302,0,NA,23,0,2.43670565692873,0,2.43670565692873,151.757893231328,101.425553626535,150.45115,12580.772607,2012.09874534297,69.3011378661128,11.1177875496881,800,"Maple / beech / birch group","Sugar maple / beech / yellow birch",7.68788501026694,0,0,0,0,0,0,-0.322055106572504,90.2048801394107,11.4398426562606,"Maple / beech / birch group","Sugar maple / beech / yellow birch",48,34.399,2.46072257555185,138.415058,3710.53198031408,61.00932603929,NA,NA,NA,NA,NA,NA,NA,NA,NA,3710.53198031408,21119,"Knott","KY",3
495155336126144,"MBB",15,1.10233650101854,0.170552520699975,1.73801721660589,2.09447198486884,0.830459463700919,0.625359242566576,-1.11265797403932,-1.46911274230226,-0.205100221134343,257414397010854,"Maple / beech / birch group","Sugar maple / beech / yellow birch",53,70.5713,2.44357339152017,90.2048801394107,126.378966,6465.84930235782,60.2441363812363,11.4398426562606,2011,127.089818799224,74792072010478,NA,NA,NA,NA,95302251010478,2006,"2007-01-18",0,0,0,NA,116.417583094061,0,10.875435623459,0,89.28773302349,"2011-08-02",0,0,0,NA,0,0,"221","221Ha",21,119,23,1,37.490052,-83.059386,801,40,0,2017,7.7,"2019-04-10",0,0,0,61,5,33,2,1,1,17.8681,1360,38,302,0,NA,23,0,2.43670565692873,0,2.43670565692873,151.757893231328,101.425553626535,150.45115,12580.772607,2012.09874534297,69.3011378661128,11.1177875496881,800,"Maple / beech / birch group","Sugar maple / beech / yellow birch",7.68788501026694,0,0,0,0,0,0,-0.322055106572504,90.2048801394107,11.4398426562606,"Maple / beech / birch group","Sugar maple / beech / yellow birch",48,34.399,2.46072257555185,138.415058,3710.53198031408,61.00932603929,NA,NA,NA,NA,NA,NA,NA,NA,NA,3710.53198031408,21119,"Knott","KY",3
495155336126144,"MBB",20,0.345263514816276,0.524875980927948,0.544365475026995,1.64135627516641,1.24545411151041,1.92454526340247,1.38017978837548,0.283188988236069,0.679091151892065,257414397010854,"Maple / beech / birch group","Sugar maple / beech / yellow birch",53,70.5713,2.44357339152017,90.2048801394107,126.378966,6465.84930235782,60.2441363812363,11.4398426562606,2011,127.089818799224,74792072010478,NA,NA,NA,NA,95302251010478,2006,"2007-01-18",0,0,0,NA,116.417583094061,0,10.875435623459,0,89.28773302349,"2011-08-02",0,0,0,NA,0,0,"221","221Ha",21,119,23,1,37.490052,-83.059386,801,40,0,2017,7.7,"2019-04-10",0,0,0,61,5,33,2,1,1,17.8681,1360,38,302,0,NA,23,0,2.43670565692873,0,2.43670565692873,151.757893231328,101.425553626535,150.45115,12580.772607,2012.09874534297,69.3011378661128,11.1177875496881,800,"Maple / beech / birch group","Sugar maple / beech / yellow birch",7.68788501026694,0,0,0,0,0,0,-0.322055106572504,90.2048801394107,11.4398426562606,"Maple / beech / birch group","Sugar maple / beech / yellow birch",48,34.399,2.46072257555185,138.415058,3710.53198031408,61.00932603929,NA,NA,NA,NA,NA,NA,NA,NA,NA,3710.53198031408,21119,"Knott","KY",3
495155347126144,"MBB",0,0,0,0,0,0,0,0,0,0,257414469010854,"Maple / beech / birch group","Sugar maple / beech / yellow birch",67,37.6443,2.61986387825788,87.7369621627627,132.397012,4969.99347968502,61.4933564889483,11.0228687900944,2011,122.175968864955,74652462010478,NA,NA,NA,NA,95318280010478,2006,"2006-12-21",0,0,0,NA,114.014731727794,0,10.5493088241205,0,87.6657375051044,"2011-05-04",0,0,0,NA,0,0,"M221","M221Ca",21,195,9,1,37.590181,-82.50316,801,40,0,2017,7.9,"2019-04-09",0,0,0,75,4,33,2,1,1,16.4973,1070,73,347,0,NA,23,0,2.61695850214845,0,2.65602304703202,78.4405802064543,92.6501407975418,126.378966,6591.945234,2123.2827770878,74.6175012857435,11.5938606495811,800,"Maple / beech / birch group","Sugar maple / beech / yellow birch",7.9315537303217,0,0,0,0,0,0,0.570991859486725,87.7369621627627,11.0228687900944,"Maple / beech / birch group","Sugar maple / beech / yellow birch",62,43.1734,2.65664422046831,144.433104,4546.22071644888,59.7304868523252,NA,NA,NA,NA,NA,NA,NA,NA,NA,4546.22071644888,21195,"Pike","KY",3
495155347126144,"MBB",5,0.28781764703751,-0.621022380566947,0.453792490162474,-0.844144285222445,-1.8666981086202,-2.27708206207881,-2.73087455224128,-1.43293777685636,-0.41038395345861,257414469010854,"Maple / beech / birch group","Sugar maple / beech / yellow birch",67,37.6443,2.61986387825788,87.7369621627627,132.397012,4969.99347968502,61.4933564889483,11.0228687900944,2011,122.175968864955,74652462010478,NA,NA,NA,NA,95318280010478,2006,"2006-12-21",0,0,0,NA,114.014731727794,0,10.5493088241205,0,87.6657375051044,"2011-05-04",0,0,0,NA,0,0,"M221","M221Ca",21,195,9,1,37.590181,-82.50316,801,40,0,2017,7.9,"2019-04-09",0,0,0,75,4,33,2,1,1,16.4973,1070,73,347,0,NA,23,0,2.61695850214845,0,2.65602304703202,78.4405802064543,92.6501407975418,126.378966,6591.945234,2123.2827770878,74.6175012857435,11.5938606495811,800,"Maple / beech / birch group","Sugar maple / beech / yellow birch",7.9315537303217,0,0,0,0,0,0,0.570991859486725,87.7369621627627,11.0228687900944,"Maple / beech / birch group","Sugar maple / beech / yellow birch",62,43.1734,2.65664422046831,144.433104,4546.22071644888,59.7304868523252,NA,NA,NA,NA,NA,NA,NA,NA,NA,4546.22071644888,21195,"Pike","KY",3
495155347126144,"MBB",10,0.541919592283138,-1.71924708349907,0.854426557166414,-2.73879984734665,-5.20857388241184,-6.30390597282994,-7.15833252999635,-3.56510612548329,-1.09533209041809,257414469010854,"Maple / beech / birch group","Sugar maple / beech / yellow birch",67,37.6443,2.61986387825788,87.7369621627627,132.397012,4969.99347968502,61.4933564889483,11.0228687900944,2011,122.175968864955,74652462010478,NA,NA,NA,NA,95318280010478,2006,"2006-12-21",0,0,0,NA,114.014731727794,0,10.5493088241205,0,87.6657375051044,"2011-05-04",0,0,0,NA,0,0,"M221","M221Ca",21,195,9,1,37.590181,-82.50316,801,40,0,2017,7.9,"2019-04-09",0,0,0,75,4,33,2,1,1,16.4973,1070,73,347,0,NA,23,0,2.61695850214845,0,2.65602304703202,78.4405802064543,92.6501407975418,126.378966,6591.945234,2123.2827770878,74.6175012857435,11.5938606495811,800,"Maple / beech / birch group","Sugar maple / beech / yellow birch",7.9315537303217,0,0,0,0,0,0,0.570991859486725,87.7369621627627,11.0228687900944,"Maple / beech / birch group","Sugar maple / beech / yellow birch",62,43.1734,2.65664422046831,144.433104,4546.22071644888,59.7304868523252,NA,NA,NA,NA,NA,NA,NA,NA,NA,4546.22071644888,21195,"Pike","KY",3
495155347126144,"MBB",15,0.923212136005283,-0.4619173846668,1.45559780110166,0.49019046714805,-0.568426115471341,-1.6936970771116,-3.14929487821326,-2.18388754425965,-1.12527096164026,257414469010854,"Maple / beech / birch group","Sugar maple / beech / yellow birch",67,37.6443,2.61986387825788,87.7369621627627,132.397012,4969.99347968502,61.4933564889483,11.0228687900944,2011,122.175968864955,74652462010478,NA,NA,NA,NA,95318280010478,2006,"2006-12-21",0,0,0,NA,114.014731727794,0,10.5493088241205,0,87.6657375051044,"2011-05-04",0,0,0,NA,0,0,"M221","M221Ca",21,195,9,1,37.590181,-82.50316,801,40,0,2017,7.9,"2019-04-09",0,0,0,75,4,33,2,1,1,16.4973,1070,73,347,0,NA,23,0,2.61695850214845,0,2.65602304703202,78.4405802064543,92.6501407975418,126.378966,6591.945234,2123.2827770878,74.6175012857435,11.5938606495811,800,"Maple / beech / birch group","Sugar maple / beech / yellow birch",7.9315537303217,0,0,0,0,0,0,0.570991859486725,87.7369621627627,11.0228687900944,"Maple / beech / birch group","Sugar maple / beech / yellow birch",62,43.1734,2.65664422046831,144.433104,4546.22071644888,59.7304868523252,NA,NA,NA,NA,NA,NA,NA,NA,NA,4546.22071644888,21195,"Pike","KY",3
495155347126144,"MBB",20,0.730462770675662,0.209184531964663,1.15169630176529,1.58889197357144,0.75129466319668,0.767009950537096,-0.384686351228197,-0.821882023034342,0.0157152873404168,257414469010854,"Maple / beech / birch group","Sugar maple / beech / yellow birch",67,37.6443,2.61986387825788,87.7369621627627,132.397012,4969.99347968502,61.4933564889483,11.0228687900944,2011,122.175968864955,74652462010478,NA,NA,NA,NA,95318280010478,2006,"2006-12-21",0,0,0,NA,114.014731727794,0,10.5493088241205,0,87.6657375051044,"2011-05-04",0,0,0,NA,0,0,"M221","M221Ca",21,195,9,1,37.590181,-82.50316,801,40,0,2017,7.9,"2019-04-09",0,0,0,75,4,33,2,1,1,16.4973,1070,73,347,0,NA,23,0,2.61695850214845,0,2.65602304703202,78.4405802064543,92.6501407975418,126.378966,6591.945234,2123.2827770878,74.6175012857435,11.5938606495811,800,"Maple / beech / birch group","Sugar maple / beech / yellow birch",7.9315537303217,0,0,0,0,0,0,0.570991859486725,87.7369621627627,11.0228687900944,"Maple / beech / birch group","Sugar maple / beech / yellow birch",62,43.1734,2.65664422046831,144.433104,4546.22071644888,59.7304868523252,NA,NA,NA,NA,NA,NA,NA,NA,NA,4546.22071644888,21195,"Pike","KY",3
495155369126144,"MBB",0,0,0,0,0,0,0,0,0,0,257414568010854,"Maple / beech / birch group","Sugar maple / beech / yellow birch",95,63.2544,2.88835865838048,101.370083731861,114.342874,13490.7974471926,75.8942599619942,12.7494891538528,2011,177.63103044538,74760717010478,NA,NA,NA,NA,95316975010478,2006,"2007-05-20",0,0,0,NA,174.873934478801,0,12.8992463173457,0,98.3041412102665,"2012-03-01",0,0,0,NA,0,0,"221","221He",21,189,3,3,37.523725,-83.642808,801,40,0,2017,7.8,"2019-12-19",0,0,0,75,5,33,2,1,1,60.788,800,68,355,0,NA,23,0,2.84947827198001,0,2.84787100328862,208.954429659588,116.486450591087,120.36092,17549.629736,14426.5725771655,81.2644554647758,13.3210172284252,800,"Maple / beech / birch group","Sugar maple / beech / yellow birch",7.80013689253936,0,0,0,0,0,0,0.571528074572349,101.370083731861,12.7494891538528,"Maple / beech / birch group","Sugar maple / beech / yellow birch",89,59.289,2.88617646953283,108.324828,12451.7026980779,75.9626518594745,NA,NA,NA,NA,NA,NA,NA,NA,NA,12451.7026980779,21189,"Owsley","KY",9
495155369126144,"MBB",5,-1.83312514276387,-0.988909003869298,-2.89022730842436,-4.9570471265112,-3.33913975475966,-3.62599968085409,-0.735772372429732,1.3310474456571,-0.286859926094436,257414568010854,"Maple / beech / birch group","Sugar maple / beech / yellow birch",95,63.2544,2.88835865838048,101.370083731861,114.342874,13490.7974471926,75.8942599619942,12.7494891538528,2011,177.63103044538,74760717010478,NA,NA,NA,NA,95316975010478,2006,"2007-05-20",0,0,0,NA,174.873934478801,0,12.8992463173457,0,98.3041412102665,"2012-03-01",0,0,0,NA,0,0,"221","221He",21,189,3,3,37.523725,-83.642808,801,40,0,2017,7.8,"2019-12-19",0,0,0,75,5,33,2,1,1,60.788,800,68,355,0,NA,23,0,2.84947827198001,0,2.84787100328862,208.954429659588,116.486450591087,120.36092,17549.629736,14426.5725771655,81.2644554647758,13.3210172284252,800,"Maple / beech / birch group","Sugar maple / beech / yellow birch",7.80013689253936,0,0,0,0,0,0,0.571528074572349,101.370083731861,12.7494891538528,"Maple / beech / birch group","Sugar maple / beech / yellow birch",89,59.289,2.88617646953283,108.324828,12451.7026980779,75.9626518594745,NA,NA,NA,NA,NA,NA,NA,NA,NA,12451.7026980779,21189,"Owsley","KY",9
495155369126144,"MBB",10,-0.179171154036933,-3.41152718151461,-0.282493186198232,-7.41258499556377,-10.5361711037109,-12.5089329988869,-12.2264398126887,-5.09634800332314,-1.972761895176,257414568010854,"Maple / beech / birch group","Sugar maple / beech / yellow birch",95,63.2544,2.88835865838048,101.370083731861,114.342874,13490.7974471926,75.8942599619942,12.7494891538528,2011,177.63103044538,74760717010478,NA,NA,NA,NA,95316975010478,2006,"2007-05-20",0,0,0,NA,174.873934478801,0,12.8992463173457,0,98.3041412102665,"2012-03-01",0,0,0,NA,0,0,"221","221He",21,189,3,3,37.523725,-83.642808,801,40,0,2017,7.8,"2019-12-19",0,0,0,75,5,33,2,1,1,60.788,800,68,355,0,NA,23,0,2.84947827198001,0,2.84787100328862,208.954429659588,116.486450591087,120.36092,17549.629736,14426.5725771655,81.2644554647758,13.3210172284252,800,"Maple / beech / birch group","Sugar maple / beech / yellow birch",7.80013689253936,0,0,0,0,0,0,0.571528074572349,101.370083731861,12.7494891538528,"Maple / beech / birch group","Sugar maple / beech / yellow birch",89,59.289,2.88617646953283,108.324828,12451.7026980779,75.9626518594745,NA,NA,NA,NA,NA,NA,NA,NA,NA,12451.7026980779,21189,"Owsley","KY",9
495155369126144,"MBB",15,1.11097959117831,-1.79029117492211,1.7516444887578,-1.99006406682942,-3.26398733138054,-6.56440097471441,-8.31604546347221,-4.57433690788499,-3.30041364333387,257414568010854,"Maple / beech / birch group","Sugar maple / beech / yellow birch",95,63.2544,2.88835865838048,101.370083731861,114.342874,13490.7974471926,75.8942599619942,12.7494891538528,2011,177.63103044538,74760717010478,NA,NA,NA,NA,95316975010478,2006,"2007-05-20",0,0,0,NA,174.873934478801,0,12.8992463173457,0,98.3041412102665,"2012-03-01",0,0,0,NA,0,0,"221","221He",21,189,3,3,37.523725,-83.642808,801,40,0,2017,7.8,"2019-12-19",0,0,0,75,5,33,2,1,1,60.788,800,68,355,0,NA,23,0,2.84947827198001,0,2.84787100328862,208.954429659588,116.486450591087,120.36092,17549.629736,14426.5725771655,81.2644554647758,13.3210172284252,800,"Maple / beech / birch group","Sugar maple / beech / yellow birch",7.80013689253936,0,0,0,0,0,0,0.571528074572349,101.370083731861,12.7494891538528,"Maple / beech / birch group","Sugar maple / beech / yellow birch",89,59.289,2.88617646953283,108.324828,12451.7026980779,75.9626518594745,NA,NA,NA,NA,NA,NA,NA,NA,NA,12451.7026980779,21189,"Owsley","KY",9
495155369126144,"MBB",20,0.985508366509421,-0.16246025566864,1.55381819119652,1.21427625684906,0.0842266632515926,-0.595687604118348,-2.14950579531487,-1.80996386096741,-0.679914267369941,257414568010854,"Maple / beech / birch group","Sugar maple / beech / yellow birch",95,63.2544,2.88835865838048,101.370083731861,114.342874,13490.7974471926,75.8942599619942,12.7494891538528,2011,177.63103044538,74760717010478,NA,NA,NA,NA,95316975010478,2006,"2007-05-20",0,0,0,NA,174.873934478801,0,12.8992463173457,0,98.3041412102665,"2012-03-01",0,0,0,NA,0,0,"221","221He",21,189,3,3,37.523725,-83.642808,801,40,0,2017,7.8,"2019-12-19",0,0,0,75,5,33,2,1,1,60.788,800,68,355,0,NA,23,0,2.84947827198001,0,2.84787100328862,208.954429659588,116.486450591087,120.36092,17549.629736,14426.5725771655,81.2644554647758,13.3210172284252,800,"Maple / beech / birch group","Sugar maple / beech / yellow birch",7.80013689253936,0,0,0,0,0,0,0.571528074572349,101.370083731861,12.7494891538528,"Maple / beech / birch group","Sugar maple / beech / yellow birch",89,59.289,2.88617646953283,108.324828,12451.7026980779,75.9626518594745,NA,NA,NA,NA,NA,NA,NA,NA,NA,12451.7026980779,21189,"Owsley","KY",9
503670426126144,"MBB",0,0,0,0,0,0,0,0,0,0,NA,NA,NA,NA,NA,NA,NA,NA,NA,NA,NA,NA,NA,NA,NA,NA,NA,NA,NA,NA,NA,NA,NA,NA,NA,NA,NA,NA,NA,NA,NA,NA,NA,NA,NA,NA,NA,NA,NA,NA,NA,NA,NA,NA,NA,NA,NA,NA,NA,NA,NA,NA,NA,NA,NA,NA,NA,NA,NA,NA,NA,NA,NA,NA,NA,NA,NA,NA,NA,NA,NA,NA,NA,NA,NA,NA,NA,NA,NA,NA,NA,NA,NA,NA,NA,NA,NA,NA,NA,NA,NA,NA,NA,NA,NA,NA,NA,NA,NA,NA,NA,NA,NA,NA,NA,NA,NA,NA,NA,NA,NA,NA,NA
503670426126144,"MBB",5,-0.594818306593928,0.0695918570963059,-0.937830196729759,-0.79238321539848,0.119171990801594,0.255170142686455,1.19300033941621,1.04755335808493,0.135998151884861,NA,NA,NA,NA,NA,NA,NA,NA,NA,NA,NA,NA,NA,NA,NA,NA,NA,NA,NA,NA,NA,NA,NA,NA,NA,NA,NA,NA,NA,NA,NA,NA,NA,NA,NA,NA,NA,NA,NA,NA,NA,NA,NA,NA,NA,NA,NA,NA,NA,NA,NA,NA,NA,NA,NA,NA,NA,NA,NA,NA,NA,NA,NA,NA,NA,NA,NA,NA,NA,NA,NA,NA,NA,NA,NA,NA,NA,NA,NA,NA,NA,NA,NA,NA,NA,NA,NA,NA,NA,NA,NA,NA,NA,NA,NA,NA,NA,NA,NA,NA,NA,NA,NA,NA,NA,NA,NA,NA,NA,NA,NA,NA,NA
503670426126144,"MBB",10,0.988561361716288,-0.85698306556104,1.55863174697268,-0.232462860049894,-2.4813380240534,-3.14227124039048,-4.70090298736316,-2.90980838034059,-0.660933216337083,NA,NA,NA,NA,NA,NA,NA,NA,NA,NA,NA,NA,NA,NA,NA,NA,NA,NA,NA,NA,NA,NA,NA,NA,NA,NA,NA,NA,NA,NA,NA,NA,NA,NA,NA,NA,NA,NA,NA,NA,NA,NA,NA,NA,NA,NA,NA,NA,NA,NA,NA,NA,NA,NA,NA,NA,NA,NA,NA,NA,NA,NA,NA,NA,NA,NA,NA,NA,NA,NA,NA,NA,NA,NA,NA,NA,NA,NA,NA,NA,NA,NA,NA,NA,NA,NA,NA,NA,NA,NA,NA,NA,NA,NA,NA,NA,NA,NA,NA,NA,NA,NA,NA,NA,NA,NA,NA,NA,NA,NA,NA,NA,NA
503670426126144,"MBB",15,1.19499389811677,-0.074462551059019,1.88410704603078,1.72848031431743,0.358220644476862,-0.27302935388307,-2.15713639991385,-2.0015096682005,-0.631249998359932,NA,NA,NA,NA,NA,NA,NA,NA,NA,NA,NA,NA,NA,NA,NA,NA,NA,NA,NA,NA,NA,NA,NA,NA,NA,NA,NA,NA,NA,NA,NA,NA,NA,NA,NA,NA,NA,NA,NA,NA,NA,NA,NA,NA,NA,NA,NA,NA,NA,NA,NA,NA,NA,NA,NA,NA,NA,NA,NA,NA,NA,NA,NA,NA,NA,NA,NA,NA,NA,NA,NA,NA,NA,NA,NA,NA,NA,NA,NA,NA,NA,NA,NA,NA,NA,NA,NA,NA,NA,NA,NA,NA,NA,NA,NA,NA,NA,NA,NA,NA,NA,NA,NA,NA,NA,NA,NA,NA,NA,NA,NA,NA,NA
503670426126144,"MBB",20,0.852219391770956,0.69110532356037,1.34366590769221,2.78807603393338,1.81086446470268,2.53405285305469,1.19038694536248,-0.254023180878691,0.723188388352005,NA,NA,NA,NA,NA,NA,NA,NA,NA,NA,NA,NA,NA,NA,NA,NA,NA,NA,NA,NA,NA,NA,NA,NA,NA,NA,NA,NA,NA,NA,NA,NA,NA,NA,NA,NA,NA,NA,NA,NA,NA,NA,NA,NA,NA,NA,NA,NA,NA,NA,NA,NA,NA,NA,NA,NA,NA,NA,NA,NA,NA,NA,NA,NA,NA,NA,NA,NA,NA,NA,NA,NA,NA,NA,NA,NA,NA,NA,NA,NA,NA,NA,NA,NA,NA,NA,NA,NA,NA,NA,NA,NA,NA,NA,NA,NA,NA,NA,NA,NA,NA,NA,NA,NA,NA,NA,NA,NA,NA,NA,NA,NA,NA
503670512126144,"MBB",0,0,0,0,0,0,0,0,0,0,252384113010854,"Oak / hickory group","Elm / ash / black locust",46,37.1766,1.64188408440361,87.5918739246463,114.342874,9887.99649427972,72.8065131469751,11.8514036477142,2011,114.12716380336,20659003010478,10.1753331640787,0,67.9669698244395,81.2775211997505,93836794010478,2006,"2006-10-03",0,0,0,NA,100.189531384076,0,11.2210797866759,0,78.5223951623086,"2012-01-11",0,0,0,NA,0,0,"223","223Eh",47,43,35,3,36.133557,-87.2849,801,40,0,2017,6.8,"2018-11-07",0,0,0,52,5,39,2,1,1,26.827,640,32,334,10,12,22,0.495955234099193,1.67900394052565,1.54309360757025,1.83459477518922,67.3679782136097,101.926177631573,120.36092,5370.460553,5202.95182971341,71.0935017814572,12.4607032305565,800,"Maple / beech / birch group","Sugar maple / beech / yellow birch",6.8227241615332,1,1,0,0,1,0.495955234099193,0.609299582842286,87.5918739246463,11.8514036477142,"Oak / hickory group","Cherry / white ash / yellow-poplar",41,38.5376,1.64094147345594,114.342874,8372.22591627096,71.9806466995162,"Oak / hickory group","Cherry / white ash / yellow-poplar",36,37.0226,1.67060520652513,120.36092,6250.54998755539,65.8037039881776,2001,6250.54998755539,47043,"Dickson","TN",7
503670512126144,"MBB",5,-0.0994394076232283,1.47433972944714,-0.156782799352623,2.92458723519191,4.52505606147749,5.40591234130619,5.56269514065882,2.48132510611429,0.880856279828707,252384113010854,"Oak / hickory group","Elm / ash / black locust",46,37.1766,1.64188408440361,87.5918739246463,114.342874,9887.99649427972,72.8065131469751,11.8514036477142,2011,114.12716380336,20659003010478,10.1753331640787,0,67.9669698244395,81.2775211997505,93836794010478,2006,"2006-10-03",0,0,0,NA,100.189531384076,0,11.2210797866759,0,78.5223951623086,"2012-01-11",0,0,0,NA,0,0,"223","223Eh",47,43,35,3,36.133557,-87.2849,801,40,0,2017,6.8,"2018-11-07",0,0,0,52,5,39,2,1,1,26.827,640,32,334,10,12,22,0.495955234099193,1.67900394052565,1.54309360757025,1.83459477518922,67.3679782136097,101.926177631573,120.36092,5370.460553,5202.95182971341,71.0935017814572,12.4607032305565,800,"Maple / beech / birch group","Sugar maple / beech / yellow birch",6.8227241615332,1,1,0,0,1,0.495955234099193,0.609299582842286,87.5918739246463,11.8514036477142,"Oak / hickory group","Cherry / white ash / yellow-poplar",41,38.5376,1.64094147345594,114.342874,8372.22591627096,71.9806466995162,"Oak / hickory group","Cherry / white ash / yellow-poplar",36,37.0226,1.67060520652513,120.36092,6250.54998755539,65.8037039881776,2001,6250.54998755539,47043,"Dickson","TN",7
503670512126144,"MBB",10,1.55780444951606,0.838440847354885,2.45613834873699,4.2084797197087,2.83164652177561,3.07428310696791,0.618144758230923,-1.13419661274079,0.242636585192296,252384113010854,"Oak / hickory group","Elm / ash / black locust",46,37.1766,1.64188408440361,87.5918739246463,114.342874,9887.99649427972,72.8065131469751,11.8514036477142,2011,114.12716380336,20659003010478,10.1753331640787,0,67.9669698244395,81.2775211997505,93836794010478,2006,"2006-10-03",0,0,0,NA,100.189531384076,0,11.2210797866759,0,78.5223951623086,"2012-01-11",0,0,0,NA,0,0,"223","223Eh",47,43,35,3,36.133557,-87.2849,801,40,0,2017,6.8,"2018-11-07",0,0,0,52,5,39,2,1,1,26.827,640,32,334,10,12,22,0.495955234099193,1.67900394052565,1.54309360757025,1.83459477518922,67.3679782136097,101.926177631573,120.36092,5370.460553,5202.95182971341,71.0935017814572,12.4607032305565,800,"Maple / beech / birch group","Sugar maple / beech / yellow birch",6.8227241615332,1,1,0,0,1,0.495955234099193,0.609299582842286,87.5918739246463,11.8514036477142,"Oak / hickory group","Cherry / white ash / yellow-poplar",41,38.5376,1.64094147345594,114.342874,8372.22591627096,71.9806466995162,"Oak / hickory group","Cherry / white ash / yellow-poplar",36,37.0226,1.67060520652513,120.36092,6250.54998755539,65.8037039881776,2001,6250.54998755539,47043,"Dickson","TN",7
503670512126144,"MBB",15,1.36868914145387,0.992520653517728,2.15796654635894,4.232334712211,2.66290449667722,3.63924239623167,1.48127584987273,-0.593092315979325,0.976337899554451,252384113010854,"Oak / hickory group","Elm / ash / black locust",46,37.1766,1.64188408440361,87.5918739246463,114.342874,9887.99649427972,72.8065131469751,11.8514036477142,2011,114.12716380336,20659003010478,10.1753331640787,0,67.9669698244395,81.2775211997505,93836794010478,2006,"2006-10-03",0,0,0,NA,100.189531384076,0,11.2210797866759,0,78.5223951623086,"2012-01-11",0,0,0,NA,0,0,"223","223Eh",47,43,35,3,36.133557,-87.2849,801,40,0,2017,6.8,"2018-11-07",0,0,0,52,5,39,2,1,1,26.827,640,32,334,10,12,22,0.495955234099193,1.67900394052565,1.54309360757025,1.83459477518922,67.3679782136097,101.926177631573,120.36092,5370.460553,5202.95182971341,71.0935017814572,12.4607032305565,800,"Maple / beech / birch group","Sugar maple / beech / yellow birch",6.8227241615332,1,1,0,0,1,0.495955234099193,0.609299582842286,87.5918739246463,11.8514036477142,"Oak / hickory group","Cherry / white ash / yellow-poplar",41,38.5376,1.64094147345594,114.342874,8372.22591627096,71.9806466995162,"Oak / hickory group","Cherry / white ash / yellow-poplar",36,37.0226,1.67060520652513,120.36092,6250.54998755539,65.8037039881776,2001,6250.54998755539,47043,"Dickson","TN",7
503670512126144,"MBB",20,0.689865702066409,0.543518427808279,1.0876882569247,2.22364177104401,1.43259576600786,1.99290090196369,0.905212645038983,-0.230740869080319,0.56030513595583,252384113010854,"Oak / hickory group","Elm / ash / black locust",46,37.1766,1.64188408440361,87.5918739246463,114.342874,9887.99649427972,72.8065131469751,11.8514036477142,2011,114.12716380336,20659003010478,10.1753331640787,0,67.9669698244395,81.2775211997505,93836794010478,2006,"2006-10-03",0,0,0,NA,100.189531384076,0,11.2210797866759,0,78.5223951623086,"2012-01-11",0,0,0,NA,0,0,"223","223Eh",47,43,35,3,36.133557,-87.2849,801,40,0,2017,6.8,"2018-11-07",0,0,0,52,5,39,2,1,1,26.827,640,32,334,10,12,22,0.495955234099193,1.67900394052565,1.54309360757025,1.83459477518922,67.3679782136097,101.926177631573,120.36092,5370.460553,5202.95182971341,71.0935017814572,12.4607032305565,800,"Maple / beech / birch group","Sugar maple / beech / yellow birch",6.8227241615332,1,1,0,0,1,0.495955234099193,0.609299582842286,87.5918739246463,11.8514036477142,"Oak / hickory group","Cherry / white ash / yellow-poplar",41,38.5376,1.64094147345594,114.342874,8372.22591627096,71.9806466995162,"Oak / hickory group","Cherry / white ash / yellow-poplar",36,37.0226,1.67060520652513,120.36092,6250.54998755539,65.8037039881776,2001,6250.54998755539,47043,"Dickson","TN",7
503670553126144,"MBB",0,0,0,0,0,0,0,0,0,0,252384381010854,"Maple / beech / birch group","Sugar maple / beech / yellow birch",50,33.9729,1.85660416321886,67.5511359844376,114.342874,5544.091254677,65.2201286892678,10.4076866836614,2011,105.863874244406,20658414010478,9.60076494348237,0,72.6095177358132,104.177926578911,93834599010478,2006,"2006-10-26",0,0,0,12,83.4154876831615,0.253210383209263,10.3029372834482,10,83.6188115373222,"2012-02-09",0,0,0,NA,0,0,"223","223Eb",47,185,29,4,36.035988,-85.375677,801,40,0,2017,6.7,"2018-10-10",0,0,0,56,5,31,2,1,1,47.0361,1270,9,55,0,NA,22,0,1.70896690606735,0,1.70896690606735,163.124521265273,87.4543611017315,126.378966,13500.403691,9206.59367927267,78.2862204924245,11.2640811347186,800,"Maple / beech / birch group","Sugar maple / beech / yellow birch",6.66666666666667,0,0,0,1,1,0.253210383209263,0.702172339965818,72.6095177358132,9.60076494348237,"Maple / beech / birch group","Hard maple / basswood",45,25.0717,2.23740499284136,144.433104,4721.25721524935,71.6823331372797,"Maple / beech / birch group","Sugar maple / beech / yellow birch",40,25.6,2.21998152611564,144.433104,7286.94326591089,71.6636372375038,2001,7286.94326591089,47185,"White","TN",10
503670553126144,"MBB",5,-0.846360434718429,2.03068763843215,-1.33442828540606,2.90970887891713,6.11910025681606,7.4458546742512,8.78028295965726,4.53614579533407,1.32675441743514,252384381010854,"Maple / beech / birch group","Sugar maple / beech / yellow birch",50,33.9729,1.85660416321886,67.5511359844376,114.342874,5544.091254677,65.2201286892678,10.4076866836614,2011,105.863874244406,20658414010478,9.60076494348237,0,72.6095177358132,104.177926578911,93834599010478,2006,"2006-10-26",0,0,0,12,83.4154876831615,0.253210383209263,10.3029372834482,10,83.6188115373222,"2012-02-09",0,0,0,NA,0,0,"223","223Eb",47,185,29,4,36.035988,-85.375677,801,40,0,2017,6.7,"2018-10-10",0,0,0,56,5,31,2,1,1,47.0361,1270,9,55,0,NA,22,0,1.70896690606735,0,1.70896690606735,163.124521265273,87.4543611017315,126.378966,13500.403691,9206.59367927267,78.2862204924245,11.2640811347186,800,"Maple / beech / birch group","Sugar maple / beech / yellow birch",6.66666666666667,0,0,0,1,1,0.253210383209263,0.702172339965818,72.6095177358132,9.60076494348237,"Maple / beech / birch group","Hard maple / basswood",45,25.0717,2.23740499284136,144.433104,4721.25721524935,71.6823331372797,"Maple / beech / birch group","Sugar maple / beech / yellow birch",40,25.6,2.21998152611564,144.433104,7286.94326591089,71.6636372375038,2001,7286.94326591089,47185,"White","TN",10
503670553126144,"MBB",10,1.02216999368069,1.98201799797409,1.61162135670321,5.75403897246906,6.26816263274911,7.267399325905,5.65577796920179,1.51336035343594,0.999236693155891,252384381010854,"Maple / beech / birch group","Sugar maple / beech / yellow birch",50,33.9729,1.85660416321886,67.5511359844376,114.342874,5544.091254677,65.2201286892678,10.4076866836614,2011,105.863874244406,20658414010478,9.60076494348237,0,72.6095177358132,104.177926578911,93834599010478,2006,"2006-10-26",0,0,0,12,83.4154876831615,0.253210383209263,10.3029372834482,10,83.6188115373222,"2012-02-09",0,0,0,NA,0,0,"223","223Eb",47,185,29,4,36.035988,-85.375677,801,40,0,2017,6.7,"2018-10-10",0,0,0,56,5,31,2,1,1,47.0361,1270,9,55,0,NA,22,0,1.70896690606735,0,1.70896690606735,163.124521265273,87.4543611017315,126.378966,13500.403691,9206.59367927267,78.2862204924245,11.2640811347186,800,"Maple / beech / birch group","Sugar maple / beech / yellow birch",6.66666666666667,0,0,0,1,1,0.253210383209263,0.702172339965818,72.6095177358132,9.60076494348237,"Maple / beech / birch group","Hard maple / basswood",45,25.0717,2.23740499284136,144.433104,4721.25721524935,71.6823331372797,"Maple / beech / birch group","Sugar maple / beech / yellow birch",40,25.6,2.21998152611564,144.433104,7286.94326591089,71.6636372375038,2001,7286.94326591089,47185,"White","TN",10
503670553126144,"MBB",15,1.43601139007105,1.86242110582066,2.26411129167869,6.15657140284387,4.50994500889573,6.82887738800909,4.5647660963304,0.67230598516522,2.31893237911336,252384381010854,"Maple / beech / birch group","Sugar maple / beech / yellow birch",50,33.9729,1.85660416321886,67.5511359844376,114.342874,5544.091254677,65.2201286892678,10.4076866836614,2011,105.863874244406,20658414010478,9.60076494348237,0,72.6095177358132,104.177926578911,93834599010478,2006,"2006-10-26",0,0,0,12,83.4154876831615,0.253210383209263,10.3029372834482,10,83.6188115373222,"2012-02-09",0,0,0,NA,0,0,"223","223Eb",47,185,29,4,36.035988,-85.375677,801,40,0,2017,6.7,"2018-10-10",0,0,0,56,5,31,2,1,1,47.0361,1270,9,55,0,NA,22,0,1.70896690606735,0,1.70896690606735,163.124521265273,87.4543611017315,126.378966,13500.403691,9206.59367927267,78.2862204924245,11.2640811347186,800,"Maple / beech / birch group","Sugar maple / beech / yellow birch",6.66666666666667,0,0,0,1,1,0.253210383209263,0.702172339965818,72.6095177358132,9.60076494348237,"Maple / beech / birch group","Hard maple / basswood",45,25.0717,2.23740499284136,144.433104,4721.25721524935,71.6823331372797,"Maple / beech / birch group","Sugar maple / beech / yellow birch",40,25.6,2.21998152611564,144.433104,7286.94326591089,71.6636372375038,2001,7286.94326591089,47185,"White","TN",10
503670553126144,"MBB",20,1.28391570072037,1.68211067265772,2.02430708813578,5.53991839399043,4.0676950571644,6.16773913307832,4.14343204494253,0.627820739087891,2.10004407591392,252384381010854,"Maple / beech / birch group","Sugar maple / beech / yellow birch",50,33.9729,1.85660416321886,67.5511359844376,114.342874,5544.091254677,65.2201286892678,10.4076866836614,2011,105.863874244406,20658414010478,9.60076494348237,0,72.6095177358132,104.177926578911,93834599010478,2006,"2006-10-26",0,0,0,12,83.4154876831615,0.253210383209263,10.3029372834482,10,83.6188115373222,"2012-02-09",0,0,0,NA,0,0,"223","223Eb",47,185,29,4,36.035988,-85.375677,801,40,0,2017,6.7,"2018-10-10",0,0,0,56,5,31,2,1,1,47.0361,1270,9,55,0,NA,22,0,1.70896690606735,0,1.70896690606735,163.124521265273,87.4543611017315,126.378966,13500.403691,9206.59367927267,78.2862204924245,11.2640811347186,800,"Maple / beech / birch group","Sugar maple / beech / yellow birch",6.66666666666667,0,0,0,1,1,0.253210383209263,0.702172339965818,72.6095177358132,9.60076494348237,"Maple / beech / birch group","Hard maple / basswood",45,25.0717,2.23740499284136,144.433104,4721.25721524935,71.6823331372797,"Maple / beech / birch group","Sugar maple / beech / yellow birch",40,25.6,2.21998152611564,144.433104,7286.94326591089,71.6636372375038,2001,7286.94326591089,47185,"White","TN",10
503670756126144,"MBB",0,0,0,0,0,0,0,0,0,0,259121787010854,"Maple / beech / birch group","Hard maple / basswood",76,40.5711,1.55731340614662,78.4705357341518,78.234598,11859.3382337193,82.3722759776384,13.5611435869036,2012,131.854903970918,20648323010478,11.8765976368896,0,64.816079590179,94.4025857325882,131563658010478,2007,"2007-05-24",0,0,0,NA,121.371987057823,0,12.6981525003867,0,68.8010499525254,"2012-08-10",0,0,0,NA,0,0,"221","221Jc",47,59,75,5,36.138358,-82.96278,805,40,0,2017,7,"2019-08-26",0,0,0,83,5,31,2,1,1,32.937,1250,43,90,0,NA,22,0,1.57736257990521,0,1.57736257990521,154.390427143269,87.947682117678,78.234598,12309.6306,15411.6754637038,91.7704665097353,14.3567191452429,800,"Maple / beech / birch group","Hard maple / basswood",7.04175222450376,0,0,0,0,0,0,0.795575558339367,78.4705357341518,13.5611435869036,"Maple / beech / birch group","Hard maple / basswood",60,29.5059,1.57090623050424,78.234598,10656.445403861,85.6774165344067,"Maple / beech / birch group","Hard maple / basswood",47,27.2899,1.50974237218487,84.252644,7224.06229202103,73.010190836646,2002,7224.06229202103,47059,"Greene","TN",9
503670756126144,"MBB",5,-0.458282133112354,0.608050726724629,-0.722558163207145,0.54826785564733,1.79947109701388,2.22951933132364,2.95207749453078,1.68125147567631,0.430048234309759,259121787010854,"Maple / beech / birch group","Hard maple / basswood",76,40.5711,1.55731340614662,78.4705357341518,78.234598,11859.3382337193,82.3722759776384,13.5611435869036,2012,131.854903970918,20648323010478,11.8765976368896,0,64.816079590179,94.4025857325882,131563658010478,2007,"2007-05-24",0,0,0,NA,121.371987057823,0,12.6981525003867,0,68.8010499525254,"2012-08-10",0,0,0,NA,0,0,"221","221Jc",47,59,75,5,36.138358,-82.96278,805,40,0,2017,7,"2019-08-26",0,0,0,83,5,31,2,1,1,32.937,1250,43,90,0,NA,22,0,1.57736257990521,0,1.57736257990521,154.390427143269,87.947682117678,78.234598,12309.6306,15411.6754637038,91.7704665097353,14.3567191452429,800,"Maple / beech / birch group","Hard maple / basswood",7.04175222450376,0,0,0,0,0,0,0.795575558339367,78.4705357341518,13.5611435869036,"Maple / beech / birch group","Hard maple / basswood",60,29.5059,1.57090623050424,78.234598,10656.445403861,85.6774165344067,"Maple / beech / birch group","Hard maple / basswood",47,27.2899,1.50974237218487,84.252644,7224.06229202103,73.010190836646,2002,7224.06229202103,47059,"Greene","TN",9
503670756126144,"MBB",10,1.20530236512719,0.120071961793901,1.90036006235053,2.15131046249979,0.562670020745566,0.440263859910972,-1.46009620243956,-1.71104660258881,-0.122406160834594,259121787010854,"Maple / beech / birch group","Hard maple / basswood",76,40.5711,1.55731340614662,78.4705357341518,78.234598,11859.3382337193,82.3722759776384,13.5611435869036,2012,131.854903970918,20648323010478,11.8765976368896,0,64.816079590179,94.4025857325882,131563658010478,2007,"2007-05-24",0,0,0,NA,121.371987057823,0,12.6981525003867,0,68.8010499525254,"2012-08-10",0,0,0,NA,0,0,"221","221Jc",47,59,75,5,36.138358,-82.96278,805,40,0,2017,7,"2019-08-26",0,0,0,83,5,31,2,1,1,32.937,1250,43,90,0,NA,22,0,1.57736257990521,0,1.57736257990521,154.390427143269,87.947682117678,78.234598,12309.6306,15411.6754637038,91.7704665097353,14.3567191452429,800,"Maple / beech / birch group","Hard maple / basswood",7.04175222450376,0,0,0,0,0,0,0.795575558339367,78.4705357341518,13.5611435869036,"Maple / beech / birch group","Hard maple / basswood",60,29.5059,1.57090623050424,78.234598,10656.445403861,85.6774165344067,"Maple / beech / birch group","Hard maple / basswood",47,27.2899,1.50974237218487,84.252644,7224.06229202103,73.010190836646,2002,7224.06229202103,47059,"Greene","TN",9
503670756126144,"MBB",15,1.22090215604603,0.720425714650159,1.92495573269923,3.43064547631807,2.03067767071862,2.64156095371725,0.716605221018015,-0.789084522600817,0.610883282998626,259121787010854,"Maple / beech / birch group","Hard maple / basswood",76,40.5711,1.55731340614662,78.4705357341518,78.234598,11859.3382337193,82.3722759776384,13.5611435869036,2012,131.854903970918,20648323010478,11.8765976368896,0,64.816079590179,94.4025857325882,131563658010478,2007,"2007-05-24",0,0,0,NA,121.371987057823,0,12.6981525003867,0,68.8010499525254,"2012-08-10",0,0,0,NA,0,0,"221","221Jc",47,59,75,5,36.138358,-82.96278,805,40,0,2017,7,"2019-08-26",0,0,0,83,5,31,2,1,1,32.937,1250,43,90,0,NA,22,0,1.57736257990521,0,1.57736257990521,154.390427143269,87.947682117678,78.234598,12309.6306,15411.6754637038,91.7704665097353,14.3567191452429,800,"Maple / beech / birch group","Hard maple / basswood",7.04175222450376,0,0,0,0,0,0,0.795575558339367,78.4705357341518,13.5611435869036,"Maple / beech / birch group","Hard maple / basswood",60,29.5059,1.57090623050424,78.234598,10656.445403861,85.6774165344067,"Maple / beech / birch group","Hard maple / basswood",47,27.2899,1.50974237218487,84.252644,7224.06229202103,73.010190836646,2002,7224.06229202103,47059,"Greene","TN",9
503670756126144,"MBB",20,1.00994910924053,1.00640848914884,1.59235309556924,3.69574683789032,2.53767185929451,3.69016446021243,2.09781136464318,-0.00558237767789915,1.15249260091791,259121787010854,"Maple / beech / birch group","Hard maple / basswood",76,40.5711,1.55731340614662,78.4705357341518,78.234598,11859.3382337193,82.3722759776384,13.5611435869036,2012,131.854903970918,20648323010478,11.8765976368896,0,64.816079590179,94.4025857325882,131563658010478,2007,"2007-05-24",0,0,0,NA,121.371987057823,0,12.6981525003867,0,68.8010499525254,"2012-08-10",0,0,0,NA,0,0,"221","221Jc",47,59,75,5,36.138358,-82.96278,805,40,0,2017,7,"2019-08-26",0,0,0,83,5,31,2,1,1,32.937,1250,43,90,0,NA,22,0,1.57736257990521,0,1.57736257990521,154.390427143269,87.947682117678,78.234598,12309.6306,15411.6754637038,91.7704665097353,14.3567191452429,800,"Maple / beech / birch group","Hard maple / basswood",7.04175222450376,0,0,0,0,0,0,0.795575558339367,78.4705357341518,13.5611435869036,"Maple / beech / birch group","Hard maple / basswood",60,29.5059,1.57090623050424,78.234598,10656.445403861,85.6774165344067,"Maple / beech / birch group","Hard maple / basswood",47,27.2899,1.50974237218487,84.252644,7224.06229202103,73.010190836646,2002,7224.06229202103,47059,"Greene","TN",9
503670802126144,"MBB",0,0,0,0,0,0,0,0,0,0,252384323010854,"Maple / beech / birch group","Sugar maple / beech / yellow birch",45,64.7233,2.01224056592084,146.185921687186,192.577472,11288.2986551812,67.8220111726467,11.7975674134544,2011,189.693759437329,20660555010478,12.0317373641549,0,118.786567212983,142.212566413401,93806944010478,2006,"2006-04-12",0,0,0,NA,150.848002229493,0,11.3808671871275,0,123.287584836881,"2011-09-27",0,0,0,NA,0,0,"223","223Ec",47,87,26,3,36.258274,-85.741292,801,40,0,2017,7.2,"2018-11-19",0,0,0,52,5,41,2,1,1,61.3255,770,52,337,0,NA,22,0,1.79291186056818,0,1.63883820487308,215.508676320775,163.227228463532,180.54138,18064.504814,11638.0261687974,72.1347269547934,12.8750924915772,800,"Maple / beech / birch group","Sugar maple / beech / yellow birch",7.14579055441478,0,0,0,0,0,0,1.07752507812281,146.185921687186,11.7975674134544,"Oak / hickory group","Sassafras / persimmon",40,55.8269,2.13063024880308,174.523334,7976.82406941894,61.2651603610088,"Oak / hickory group","Sassafras / persimmon",24,68.2627,2.02649201206991,150.45115,10763.4951403106,60.2607274268653,2001,10763.4951403106,47087,"Jackson","TN",7
503670802126144,"MBB",5,-4.36592175124826,0.150482042316918,-6.88360329446809,-6.56909582602573,-0.235062789863614,0.551767488495365,7.43537078296345,7.12086331452109,0.78683027835898,252384323010854,"Maple / beech / birch group","Sugar maple / beech / yellow birch",45,64.7233,2.01224056592084,146.185921687186,192.577472,11288.2986551812,67.8220111726467,11.7975674134544,2011,189.693759437329,20660555010478,12.0317373641549,0,118.786567212983,142.212566413401,93806944010478,2006,"2006-04-12",0,0,0,NA,150.848002229493,0,11.3808671871275,0,123.287584836881,"2011-09-27",0,0,0,NA,0,0,"223","223Ec",47,87,26,3,36.258274,-85.741292,801,40,0,2017,7.2,"2018-11-19",0,0,0,52,5,41,2,1,1,61.3255,770,52,337,0,NA,22,0,1.79291186056818,0,1.63883820487308,215.508676320775,163.227228463532,180.54138,18064.504814,11638.0261687974,72.1347269547934,12.8750924915772,800,"Maple / beech / birch group","Sugar maple / beech / yellow birch",7.14579055441478,0,0,0,0,0,0,1.07752507812281,146.185921687186,11.7975674134544,"Oak / hickory group","Sassafras / persimmon",40,55.8269,2.13063024880308,174.523334,7976.82406941894,61.2651603610088,"Oak / hickory group","Sassafras / persimmon",24,68.2627,2.02649201206991,150.45115,10763.4951403106,60.2607274268653,2001,10763.4951403106,47087,"Jackson","TN",7
503670802126144,"MBB",10,0.114927834318278,0.0510750961947508,0.181202885441818,0.287949836488847,0.175699749770757,0.187275352714086,0.00607246727226818,-0.100674483774761,0.0115756029433293,252384323010854,"Maple / beech / birch group","Sugar maple / beech / yellow birch",45,64.7233,2.01224056592084,146.185921687186,192.577472,11288.2986551812,67.8220111726467,11.7975674134544,2011,189.693759437329,20660555010478,12.0317373641549,0,118.786567212983,142.212566413401,93806944010478,2006,"2006-04-12",0,0,0,NA,150.848002229493,0,11.3808671871275,0,123.287584836881,"2011-09-27",0,0,0,NA,0,0,"223","223Ec",47,87,26,3,36.258274,-85.741292,801,40,0,2017,7.2,"2018-11-19",0,0,0,52,5,41,2,1,1,61.3255,770,52,337,0,NA,22,0,1.79291186056818,0,1.63883820487308,215.508676320775,163.227228463532,180.54138,18064.504814,11638.0261687974,72.1347269547934,12.8750924915772,800,"Maple / beech / birch group","Sugar maple / beech / yellow birch",7.14579055441478,0,0,0,0,0,0,1.07752507812281,146.185921687186,11.7975674134544,"Oak / hickory group","Sassafras / persimmon",40,55.8269,2.13063024880308,174.523334,7976.82406941894,61.2651603610088,"Oak / hickory group","Sassafras / persimmon",24,68.2627,2.02649201206991,150.45115,10763.4951403106,60.2607274268653,2001,10763.4951403106,47087,"Jackson","TN",7
503670802126144,"MBB",15,0.583974443051385,0.751411342221002,0.920733038544351,2.49118274378624,1.82155871575399,2.75517492147701,1.83444188293265,0.263992177690761,0.933616205723016,252384323010854,"Maple / beech / birch group","Sugar maple / beech / yellow birch",45,64.7233,2.01224056592084,146.185921687186,192.577472,11288.2986551812,67.8220111726467,11.7975674134544,2011,189.693759437329,20660555010478,12.0317373641549,0,118.786567212983,142.212566413401,93806944010478,2006,"2006-04-12",0,0,0,NA,150.848002229493,0,11.3808671871275,0,123.287584836881,"2011-09-27",0,0,0,NA,0,0,"223","223Ec",47,87,26,3,36.258274,-85.741292,801,40,0,2017,7.2,"2018-11-19",0,0,0,52,5,41,2,1,1,61.3255,770,52,337,0,NA,22,0,1.79291186056818,0,1.63883820487308,215.508676320775,163.227228463532,180.54138,18064.504814,11638.0261687974,72.1347269547934,12.8750924915772,800,"Maple / beech / birch group","Sugar maple / beech / yellow birch",7.14579055441478,0,0,0,0,0,0,1.07752507812281,146.185921687186,11.7975674134544,"Oak / hickory group","Sassafras / persimmon",40,55.8269,2.13063024880308,174.523334,7976.82406941894,61.2651603610088,"Oak / hickory group","Sassafras / persimmon",24,68.2627,2.02649201206991,150.45115,10763.4951403106,60.2607274268653,2001,10763.4951403106,47087,"Jackson","TN",7
503670802126144,"MBB",20,-0.595907402913846,0.808313349401612,-0.939547338594164,0.749827561655206,1.43313471699642,2.96381561447258,3.90336295306674,2.21398805281737,1.53068089747616,252384323010854,"Maple / beech / birch group","Sugar maple / beech / yellow birch",45,64.7233,2.01224056592084,146.185921687186,192.577472,11288.2986551812,67.8220111726467,11.7975674134544,2011,189.693759437329,20660555010478,12.0317373641549,0,118.786567212983,142.212566413401,93806944010478,2006,"2006-04-12",0,0,0,NA,150.848002229493,0,11.3808671871275,0,123.287584836881,"2011-09-27",0,0,0,NA,0,0,"223","223Ec",47,87,26,3,36.258274,-85.741292,801,40,0,2017,7.2,"2018-11-19",0,0,0,52,5,41,2,1,1,61.3255,770,52,337,0,NA,22,0,1.79291186056818,0,1.63883820487308,215.508676320775,163.227228463532,180.54138,18064.504814,11638.0261687974,72.1347269547934,12.8750924915772,800,"Maple / beech / birch group","Sugar maple / beech / yellow birch",7.14579055441478,0,0,0,0,0,0,1.07752507812281,146.185921687186,11.7975674134544,"Oak / hickory group","Sassafras / persimmon",40,55.8269,2.13063024880308,174.523334,7976.82406941894,61.2651603610088,"Oak / hickory group","Sassafras / persimmon",24,68.2627,2.02649201206991,150.45115,10763.4951403106,60.2607274268653,2001,10763.4951403106,47087,"Jackson","TN",7
503670839126144,"MBB",0,0,0,0,0,0,0,0,0,0,259121460010854,"Maple / beech / birch group","Sugar maple / beech / yellow birch",60,46.4379,1.89644618742289,120.222955212202,114.342874,14733.6174485733,77.9791087921554,13.8845427117997,2012,182.256634547686,20655498010478,11.7944263107622,0,114.146943779488,139.589526600407,131585353010478,2007,"2007-05-17",0,0,0,NA,165.118036210238,0,12.5667682256165,0,114.035619967793,"2012-04-10",0,0,0,NA,0,0,"223","223Ec",47,141,37,4,36.167684,-85.740851,805,40,0,2017,6.5,"2018-10-10",0,0,0,66,5,31,2,1,1,44.9193,780,57,125,0,NA,22,0,1.90858332064362,0,1.91602798318313,213.480034769039,139.764769348878,114.342874,17404.576349,17602.054145775,76.0487449352027,14.9705148805735,800,"Maple / beech / birch group","Hard maple / basswood",6.49965776865161,0,0,0,0,0,0,1.08597216877386,120.222955212202,13.8845427117997,"Maple / beech / birch group","Sugar maple / beech / yellow birch",55,46.1464,1.94035121052578,132.397012,12049.5406959015,76.7270395216289,"Maple / beech / birch group","Sugar maple / beech / yellow birch",45,47.2643,1.96495596200168,150.45115,11044.2974374827,68.3728790875908,2002,11044.2974374827,47141,"Putnam","TN",10
503670839126144,"MBB",5,-2.55700773309667,0.980519535080546,-4.03154885918241,-1.98226303086407,2.61087893075262,3.59523829529534,7.62678715447775,5.5775013261594,0.98435936454272,259121460010854,"Maple / beech / birch group","Sugar maple / beech / yellow birch",60,46.4379,1.89644618742289,120.222955212202,114.342874,14733.6174485733,77.9791087921554,13.8845427117997,2012,182.256634547686,20655498010478,11.7944263107622,0,114.146943779488,139.589526600407,131585353010478,2007,"2007-05-17",0,0,0,NA,165.118036210238,0,12.5667682256165,0,114.035619967793,"2012-04-10",0,0,0,NA,0,0,"223","223Ec",47,141,37,4,36.167684,-85.740851,805,40,0,2017,6.5,"2018-10-10",0,0,0,66,5,31,2,1,1,44.9193,780,57,125,0,NA,22,0,1.90858332064362,0,1.91602798318313,213.480034769039,139.764769348878,114.342874,17404.576349,17602.054145775,76.0487449352027,14.9705148805735,800,"Maple / beech / birch group","Hard maple / basswood",6.49965776865161,0,0,0,0,0,0,1.08597216877386,120.222955212202,13.8845427117997,"Maple / beech / birch group","Sugar maple / beech / yellow birch",55,46.1464,1.94035121052578,132.397012,12049.5406959015,76.7270395216289,"Maple / beech / birch group","Sugar maple / beech / yellow birch",45,47.2643,1.96495596200168,150.45115,11044.2974374827,68.3728790875908,2002,11044.2974374827,47141,"Putnam","TN",10
503670839126144,"MBB",10,0.0296594330375058,0.739931114409694,0.0467630394224674,1.59321906853873,2.28373334166786,2.71308075283555,2.66631771341308,1.11986168429682,0.429347411167686,259121460010854,"Maple / beech / birch group","Sugar maple / beech / yellow birch",60,46.4379,1.89644618742289,120.222955212202,114.342874,14733.6174485733,77.9791087921554,13.8845427117997,2012,182.256634547686,20655498010478,11.7944263107622,0,114.146943779488,139.589526600407,131585353010478,2007,"2007-05-17",0,0,0,NA,165.118036210238,0,12.5667682256165,0,114.035619967793,"2012-04-10",0,0,0,NA,0,0,"223","223Ec",47,141,37,4,36.167684,-85.740851,805,40,0,2017,6.5,"2018-10-10",0,0,0,66,5,31,2,1,1,44.9193,780,57,125,0,NA,22,0,1.90858332064362,0,1.91602798318313,213.480034769039,139.764769348878,114.342874,17404.576349,17602.054145775,76.0487449352027,14.9705148805735,800,"Maple / beech / birch group","Hard maple / basswood",6.49965776865161,0,0,0,0,0,0,1.08597216877386,120.222955212202,13.8845427117997,"Maple / beech / birch group","Sugar maple / beech / yellow birch",55,46.1464,1.94035121052578,132.397012,12049.5406959015,76.7270395216289,"Maple / beech / birch group","Sugar maple / beech / yellow birch",45,47.2643,1.96495596200168,150.45115,11044.2974374827,68.3728790875908,2002,11044.2974374827,47141,"Putnam","TN",10
503670839126144,"MBB",15,0.5222373278161,0.842880302796712,0.823394186856718,2.58501401970185,1.98618188380605,3.09056111025461,2.26716692339789,0.505547090552764,1.10437922644856,259121460010854,"Maple / beech / birch group","Sugar maple / beech / yellow birch",60,46.4379,1.89644618742289,120.222955212202,114.342874,14733.6174485733,77.9791087921554,13.8845427117997,2012,182.256634547686,20655498010478,11.7944263107622,0,114.146943779488,139.589526600407,131585353010478,2007,"2007-05-17",0,0,0,NA,165.118036210238,0,12.5667682256165,0,114.035619967793,"2012-04-10",0,0,0,NA,0,0,"223","223Ec",47,141,37,4,36.167684,-85.740851,805,40,0,2017,6.5,"2018-10-10",0,0,0,66,5,31,2,1,1,44.9193,780,57,125,0,NA,22,0,1.90858332064362,0,1.91602798318313,213.480034769039,139.764769348878,114.342874,17404.576349,17602.054145775,76.0487449352027,14.9705148805735,800,"Maple / beech / birch group","Hard maple / basswood",6.49965776865161,0,0,0,0,0,0,1.08597216877386,120.222955212202,13.8845427117997,"Maple / beech / birch group","Sugar maple / beech / yellow birch",55,46.1464,1.94035121052578,132.397012,12049.5406959015,76.7270395216289,"Maple / beech / birch group","Sugar maple / beech / yellow birch",45,47.2643,1.96495596200168,150.45115,11044.2974374827,68.3728790875908,2002,11044.2974374827,47141,"Putnam","TN",10
503670839126144,"MBB",20,1.06142670986169,0.942453554114344,1.6735161125486,3.64324404064758,2.42614141333951,3.4556630317526,1.782146919204,-0.187581008894983,1.02952161841309,259121460010854,"Maple / beech / birch group","Sugar maple / beech / yellow birch",60,46.4379,1.89644618742289,120.222955212202,114.342874,14733.6174485733,77.9791087921554,13.8845427117997,2012,182.256634547686,20655498010478,11.7944263107622,0,114.146943779488,139.589526600407,131585353010478,2007,"2007-05-17",0,0,0,NA,165.118036210238,0,12.5667682256165,0,114.035619967793,"2012-04-10",0,0,0,NA,0,0,"223","223Ec",47,141,37,4,36.167684,-85.740851,805,40,0,2017,6.5,"2018-10-10",0,0,0,66,5,31,2,1,1,44.9193,780,57,125,0,NA,22,0,1.90858332064362,0,1.91602798318313,213.480034769039,139.764769348878,114.342874,17404.576349,17602.054145775,76.0487449352027,14.9705148805735,800,"Maple / beech / birch group","Hard maple / basswood",6.49965776865161,0,0,0,0,0,0,1.08597216877386,120.222955212202,13.8845427117997,"Maple / beech / birch group","Sugar maple / beech / yellow birch",55,46.1464,1.94035121052578,132.397012,12049.5406959015,76.7270395216289,"Maple / beech / birch group","Sugar maple / beech / yellow birch",45,47.2643,1.96495596200168,150.45115,11044.2974374827,68.3728790875908,2002,11044.2974374827,47141,"Putnam","TN",10
523737932126144,"MBB",0,0,0,0,0,0,0,0,0,0,258880274010854,"Maple / beech / birch group","Sugar maple / beech / yellow birch",79,51.6991,2.10217224953194,118.737284345023,385.154944,1056.30015606924,40.4958127162309,7.51827575395449,2012,89.4685180110578,30030016010478,NA,NA,NA,NA,55000537010478,2004,"2004-08-26",0,0,0,NA,75.5622879168522,0,7.41328046634735,0,99.2097118576361,"2011-11-03",0,0,0,NA,0,0,"M221","M221Dc",37,199,21,4,35.743345,-82.288108,801,40,0,2019,7.7,"2019-07-16",0,0,0,87,6,30,2,1,1,35.6459,5620,54,285,0,NA,23,0,2.12350338929952,0,2.12463832566672,101.416367012833,123.861074620721,367.100806,8210.218239,1741.1877085765,39.2881451143908,7.86533429719025,800,"Maple / beech / birch group","Sugar maple / beech / yellow birch",7.69883641341547,0,0,0,0,0,0,0.347058543235764,118.737284345023,7.51827575395449,"Maple / beech / birch group","Sugar maple / beech / yellow birch",72,38.3284,2.09721339419854,330.99253,1044.92154763084,36.8045657280469,NA,NA,NA,NA,NA,NA,NA,NA,NA,1044.92154763084,37199,"Yancey","NC",11
523737932126144,"MBB",5,1.02668571553273,1.02668571553273,1.61874114482327,3.76451429028668,3.32646171832605,3.76451429028668,2.14577314546341,-8.88178419700125e-16,0.438052571960632,258880274010854,"Maple / beech / birch group","Sugar maple / beech / yellow birch",79,51.6991,2.10217224953194,118.737284345023,385.154944,1056.30015606924,40.4958127162309,7.51827575395449,2012,89.4685180110578,30030016010478,NA,NA,NA,NA,55000537010478,2004,"2004-08-26",0,0,0,NA,75.5622879168522,0,7.41328046634735,0,99.2097118576361,"2011-11-03",0,0,0,NA,0,0,"M221","M221Dc",37,199,21,4,35.743345,-82.288108,801,40,0,2019,7.7,"2019-07-16",0,0,0,87,6,30,2,1,1,35.6459,5620,54,285,0,NA,23,0,2.12350338929952,0,2.12463832566672,101.416367012833,123.861074620721,367.100806,8210.218239,1741.1877085765,39.2881451143908,7.86533429719025,800,"Maple / beech / birch group","Sugar maple / beech / yellow birch",7.69883641341547,0,0,0,0,0,0,0.347058543235764,118.737284345023,7.51827575395449,"Maple / beech / birch group","Sugar maple / beech / yellow birch",72,38.3284,2.09721339419854,330.99253,1044.92154763084,36.8045657280469,NA,NA,NA,NA,NA,NA,NA,NA,NA,1044.92154763084,37199,"Yancey","NC",11
523737932126144,"MBB",10,0.76405252694105,0.76405252694105,1.20465615081039,2.80152593211718,2.475530187289,2.80152593211718,1.5968697813068,0,0.325995744828181,258880274010854,"Maple / beech / birch group","Sugar maple / beech / yellow birch",79,51.6991,2.10217224953194,118.737284345023,385.154944,1056.30015606924,40.4958127162309,7.51827575395449,2012,89.4685180110578,30030016010478,NA,NA,NA,NA,55000537010478,2004,"2004-08-26",0,0,0,NA,75.5622879168522,0,7.41328046634735,0,99.2097118576361,"2011-11-03",0,0,0,NA,0,0,"M221","M221Dc",37,199,21,4,35.743345,-82.288108,801,40,0,2019,7.7,"2019-07-16",0,0,0,87,6,30,2,1,1,35.6459,5620,54,285,0,NA,23,0,2.12350338929952,0,2.12463832566672,101.416367012833,123.861074620721,367.100806,8210.218239,1741.1877085765,39.2881451143908,7.86533429719025,800,"Maple / beech / birch group","Sugar maple / beech / yellow birch",7.69883641341547,0,0,0,0,0,0,0.347058543235764,118.737284345023,7.51827575395449,"Maple / beech / birch group","Sugar maple / beech / yellow birch",72,38.3284,2.09721339419854,330.99253,1044.92154763084,36.8045657280469,NA,NA,NA,NA,NA,NA,NA,NA,NA,1044.92154763084,37199,"Yancey","NC",11
523737932126144,"MBB",15,0.774869740126134,0.774869740126134,1.22171129026554,2.84118904712916,1.95267174511786,2.84118904712916,1.61947775686362,-4.44089209850063e-16,0.8885173020113,258880274010854,"Maple / beech / birch group","Sugar maple / beech / yellow birch",79,51.6991,2.10217224953194,118.737284345023,385.154944,1056.30015606924,40.4958127162309,7.51827575395449,2012,89.4685180110578,30030016010478,NA,NA,NA,NA,55000537010478,2004,"2004-08-26",0,0,0,NA,75.5622879168522,0,7.41328046634735,0,99.2097118576361,"2011-11-03",0,0,0,NA,0,0,"M221","M221Dc",37,199,21,4,35.743345,-82.288108,801,40,0,2019,7.7,"2019-07-16",0,0,0,87,6,30,2,1,1,35.6459,5620,54,285,0,NA,23,0,2.12350338929952,0,2.12463832566672,101.416367012833,123.861074620721,367.100806,8210.218239,1741.1877085765,39.2881451143908,7.86533429719025,800,"Maple / beech / birch group","Sugar maple / beech / yellow birch",7.69883641341547,0,0,0,0,0,0,0.347058543235764,118.737284345023,7.51827575395449,"Maple / beech / birch group","Sugar maple / beech / yellow birch",72,38.3284,2.09721339419854,330.99253,1044.92154763084,36.8045657280469,NA,NA,NA,NA,NA,NA,NA,NA,NA,1044.92154763084,37199,"Yancey","NC",11
523737932126144,"MBB",20,0.753729406080718,0.753729406080718,1.18838003025393,2.76367448896263,1.89939810332341,2.76367448896263,1.5752944587087,0,0.864276385639224,258880274010854,"Maple / beech / birch group","Sugar maple / beech / yellow birch",79,51.6991,2.10217224953194,118.737284345023,385.154944,1056.30015606924,40.4958127162309,7.51827575395449,2012,89.4685180110578,30030016010478,NA,NA,NA,NA,55000537010478,2004,"2004-08-26",0,0,0,NA,75.5622879168522,0,7.41328046634735,0,99.2097118576361,"2011-11-03",0,0,0,NA,0,0,"M221","M221Dc",37,199,21,4,35.743345,-82.288108,801,40,0,2019,7.7,"2019-07-16",0,0,0,87,6,30,2,1,1,35.6459,5620,54,285,0,NA,23,0,2.12350338929952,0,2.12463832566672,101.416367012833,123.861074620721,367.100806,8210.218239,1741.1877085765,39.2881451143908,7.86533429719025,800,"Maple / beech / birch group","Sugar maple / beech / yellow birch",7.69883641341547,0,0,0,0,0,0,0.347058543235764,118.737284345023,7.51827575395449,"Maple / beech / birch group","Sugar maple / beech / yellow birch",72,38.3284,2.09721339419854,330.99253,1044.92154763084,36.8045657280469,NA,NA,NA,NA,NA,NA,NA,NA,NA,1044.92154763084,37199,"Yancey","NC",11
535844125126144,"MBB",0,0,0,0,0,0,0,0,0,0,52253447020004,"Maple / beech / birch group","Sugar maple / beech / yellow birch",17,8.1835,2.20459180364491,59.2868142311403,162.487242,0,37.7795090004559,8.17921937776642,2013,50.2808838220534,30580743010478,8.2516664983505,0,26.8185452900587,26.4983616703232,214888600010854,2009,"2009-02-26",0,0,0,NA,45.002486022684,0,8.19271356484258,0,39.6550666557623,"2013-05-01",0,0,0,NA,0,0,"M221","M221Ab",51,139,15,4,38.693053,-78.4637,801,40,0,2018,5.7,"2019-01-09",0,0,0,23,5,9,2,1,1,2.4253,830,5,50,0,NA,22,0,2.06155873549599,0,2.31432456161744,62.3385162689364,76.5932900797243,192.577472,4928.517384,0,46.9513589765273,8.53955136409402,800,"Maple / beech / birch group","Sugar maple / beech / yellow birch",5.69199178644764,0,0,0,0,0,0,0.360331986327603,59.2868142311403,8.17921937776642,"Oak / pine group","Eastern redcedar / hardwood",13,17.8927,2.39643029642693,108.324828,122.748778346018,34.3100883669598,"Elm / ash / cottonwood group","River birch / sycamore",10,32.2224,0,72.216552,0,34.8631244062481,2005,0,51139,"Page","VA",8
535844125126144,"MBB",5,0.273130339571367,0.273130339571367,0.430635502057521,1.00147791176168,0.884942300211228,1.00147791176168,0.570842409704156,0,0.11653561155045,52253447020004,"Maple / beech / birch group","Sugar maple / beech / yellow birch",17,8.1835,2.20459180364491,59.2868142311403,162.487242,0,37.7795090004559,8.17921937776642,2013,50.2808838220534,30580743010478,8.2516664983505,0,26.8185452900587,26.4983616703232,214888600010854,2009,"2009-02-26",0,0,0,NA,45.002486022684,0,8.19271356484258,0,39.6550666557623,"2013-05-01",0,0,0,NA,0,0,"M221","M221Ab",51,139,15,4,38.693053,-78.4637,801,40,0,2018,5.7,"2019-01-09",0,0,0,23,5,9,2,1,1,2.4253,830,5,50,0,NA,22,0,2.06155873549599,0,2.31432456161744,62.3385162689364,76.5932900797243,192.577472,4928.517384,0,46.9513589765273,8.53955136409402,800,"Maple / beech / birch group","Sugar maple / beech / yellow birch",5.69199178644764,0,0,0,0,0,0,0.360331986327603,59.2868142311403,8.17921937776642,"Oak / pine group","Eastern redcedar / hardwood",13,17.8927,2.39643029642693,108.324828,122.748778346018,34.3100883669598,"Elm / ash / cottonwood group","River birch / sycamore",10,32.2224,0,72.216552,0,34.8631244062481,2005,0,51139,"Page","VA",8
535844125126144,"MBB",10,0.548271461494065,0.548271461494065,0.864441337622309,2.0103286921449,1.77639953524077,2.0103286921449,1.1458873545226,0,0.233929156904134,52253447020004,"Maple / beech / birch group","Sugar maple / beech / yellow birch",17,8.1835,2.20459180364491,59.2868142311403,162.487242,0,37.7795090004559,8.17921937776642,2013,50.2808838220534,30580743010478,8.2516664983505,0,26.8185452900587,26.4983616703232,214888600010854,2009,"2009-02-26",0,0,0,NA,45.002486022684,0,8.19271356484258,0,39.6550666557623,"2013-05-01",0,0,0,NA,0,0,"M221","M221Ab",51,139,15,4,38.693053,-78.4637,801,40,0,2018,5.7,"2019-01-09",0,0,0,23,5,9,2,1,1,2.4253,830,5,50,0,NA,22,0,2.06155873549599,0,2.31432456161744,62.3385162689364,76.5932900797243,192.577472,4928.517384,0,46.9513589765273,8.53955136409402,800,"Maple / beech / birch group","Sugar maple / beech / yellow birch",5.69199178644764,0,0,0,0,0,0,0.360331986327603,59.2868142311403,8.17921937776642,"Oak / pine group","Eastern redcedar / hardwood",13,17.8927,2.39643029642693,108.324828,122.748778346018,34.3100883669598,"Elm / ash / cottonwood group","River birch / sycamore",10,32.2224,0,72.216552,0,34.8631244062481,2005,0,51139,"Page","VA",8
535844125126144,"MBB",15,-0.123559931005632,0.70698659780782,-0.194812824552214,1.28278916486613,1.42447121908592,2.59228419196201,2.78709701651422,1.30949502709588,1.16781297287608,52253447020004,"Maple / beech / birch group","Sugar maple / beech / yellow birch",17,8.1835,2.20459180364491,59.2868142311403,162.487242,0,37.7795090004559,8.17921937776642,2013,50.2808838220534,30580743010478,8.2516664983505,0,26.8185452900587,26.4983616703232,214888600010854,2009,"2009-02-26",0,0,0,NA,45.002486022684,0,8.19271356484258,0,39.6550666557623,"2013-05-01",0,0,0,NA,0,0,"M221","M221Ab",51,139,15,4,38.693053,-78.4637,801,40,0,2018,5.7,"2019-01-09",0,0,0,23,5,9,2,1,1,2.4253,830,5,50,0,NA,22,0,2.06155873549599,0,2.31432456161744,62.3385162689364,76.5932900797243,192.577472,4928.517384,0,46.9513589765273,8.53955136409402,800,"Maple / beech / birch group","Sugar maple / beech / yellow birch",5.69199178644764,0,0,0,0,0,0,0.360331986327603,59.2868142311403,8.17921937776642,"Oak / pine group","Eastern redcedar / hardwood",13,17.8927,2.39643029642693,108.324828,122.748778346018,34.3100883669598,"Elm / ash / cottonwood group","River birch / sycamore",10,32.2224,0,72.216552,0,34.8631244062481,2005,0,51139,"Page","VA",8
535844125126144,"MBB",20,0.671477252360553,0.799722774395225,1.05869580122181,2.73011639970783,1.96015581700106,2.93231683944916,1.87362103822735,0.202200439741333,0.9721610224481,52253447020004,"Maple / beech / birch group","Sugar maple / beech / yellow birch",17,8.1835,2.20459180364491,59.2868142311403,162.487242,0,37.7795090004559,8.17921937776642,2013,50.2808838220534,30580743010478,8.2516664983505,0,26.8185452900587,26.4983616703232,214888600010854,2009,"2009-02-26",0,0,0,NA,45.002486022684,0,8.19271356484258,0,39.6550666557623,"2013-05-01",0,0,0,NA,0,0,"M221","M221Ab",51,139,15,4,38.693053,-78.4637,801,40,0,2018,5.7,"2019-01-09",0,0,0,23,5,9,2,1,1,2.4253,830,5,50,0,NA,22,0,2.06155873549599,0,2.31432456161744,62.3385162689364,76.5932900797243,192.577472,4928.517384,0,46.9513589765273,8.53955136409402,800,"Maple / beech / birch group","Sugar maple / beech / yellow birch",5.69199178644764,0,0,0,0,0,0,0.360331986327603,59.2868142311403,8.17921937776642,"Oak / pine group","Eastern redcedar / hardwood",13,17.8927,2.39643029642693,108.324828,122.748778346018,34.3100883669598,"Elm / ash / cottonwood group","River birch / sycamore",10,32.2224,0,72.216552,0,34.8631244062481,2005,0,51139,"Page","VA",8
535844304126144,"MBB",0,0,0,0,0,0,0,0,0,0,52253613020004,"Oak / hickory group","White oak / red oak / hickory",110,32.4025,1.38542204646175,81.5942457200221,108.324828,5725.00099927266,61.4353984223208,11.7519029191966,2013,104.921055050629,30603776010478,10.8370406477045,0,69.3848328481826,83.2123789352077,214888770010854,2009,"2008-10-01",0,0,0,NA,90.6439498344956,0,11.4649337495841,0,73.343673279671,"2013-04-16",0,0,0,NA,0,0,"M221","M221Aa",51,173,39,5,36.958171,-81.442456,805,40,0,2018,5.6,"2018-11-27",0,0,0,110,6,31,2,1,1,56.332,2500,33,252,0,NA,12,0,1.36774289540247,0,1.34414453347209,121.726992109425,92.140746641109,114.342874,10314.665964,7228.18088021619,73.6606888180192,12.1552457811432,800,"Maple / beech / birch group","Hard maple / basswood",5.61533196440794,0,0,0,0,0,0,0.403342861946589,81.5942457200221,11.7519029191966,"Oak / hickory group","White oak / red oak / hickory",105,37.9741,1.41665504038196,102.306782,3670.31531068885,71.5466355792639,"Oak / hickory group","White oak / red oak / hickory",102,33.3344,1.58907987142416,108.324828,2967.54262496741,59.2673423389373,2005,2967.54262496741,51173,"Smyth","VA",11
535844304126144,"MBB",5,0.877891661351772,0.865002284133653,1.38414251939796,3.19199729323729,2.80466970094793,3.17167504182339,1.78753252242543,-0.020322251413901,0.36700534087546,52253613020004,"Oak / hickory group","White oak / red oak / hickory",110,32.4025,1.38542204646175,81.5942457200221,108.324828,5725.00099927266,61.4353984223208,11.7519029191966,2013,104.921055050629,30603776010478,10.8370406477045,0,69.3848328481826,83.2123789352077,214888770010854,2009,"2008-10-01",0,0,0,NA,90.6439498344956,0,11.4649337495841,0,73.343673279671,"2013-04-16",0,0,0,NA,0,0,"M221","M221Aa",51,173,39,5,36.958171,-81.442456,805,40,0,2018,5.6,"2018-11-27",0,0,0,110,6,31,2,1,1,56.332,2500,33,252,0,NA,12,0,1.36774289540247,0,1.34414453347209,121.726992109425,92.140746641109,114.342874,10314.665964,7228.18088021619,73.6606888180192,12.1552457811432,800,"Maple / beech / birch group","Hard maple / basswood",5.61533196440794,0,0,0,0,0,0,0.403342861946589,81.5942457200221,11.7519029191966,"Oak / hickory group","White oak / red oak / hickory",105,37.9741,1.41665504038196,102.306782,3670.31531068885,71.5466355792639,"Oak / hickory group","White oak / red oak / hickory",102,33.3344,1.58907987142416,108.324828,2967.54262496741,59.2673423389373,2005,2967.54262496741,51173,"Smyth","VA",11
535844304126144,"MBB",10,0.154238915816555,1.09702706868758,0.243183357270768,2.53596993082781,3.4035215980884,4.0224325851878,3.77924922791703,1.48646265435999,0.6189109870994,52253613020004,"Oak / hickory group","White oak / red oak / hickory",110,32.4025,1.38542204646175,81.5942457200221,108.324828,5725.00099927266,61.4353984223208,11.7519029191966,2013,104.921055050629,30603776010478,10.8370406477045,0,69.3848328481826,83.2123789352077,214888770010854,2009,"2008-10-01",0,0,0,NA,90.6439498344956,0,11.4649337495841,0,73.343673279671,"2013-04-16",0,0,0,NA,0,0,"M221","M221Aa",51,173,39,5,36.958171,-81.442456,805,40,0,2018,5.6,"2018-11-27",0,0,0,110,6,31,2,1,1,56.332,2500,33,252,0,NA,12,0,1.36774289540247,0,1.34414453347209,121.726992109425,92.140746641109,114.342874,10314.665964,7228.18088021619,73.6606888180192,12.1552457811432,800,"Maple / beech / birch group","Hard maple / basswood",5.61533196440794,0,0,0,0,0,0,0.403342861946589,81.5942457200221,11.7519029191966,"Oak / hickory group","White oak / red oak / hickory",105,37.9741,1.41665504038196,102.306782,3670.31531068885,71.5466355792639,"Oak / hickory group","White oak / red oak / hickory",102,33.3344,1.58907987142416,108.324828,2967.54262496741,59.2673423389373,2005,2967.54262496741,51173,"Smyth","VA",11
535844304126144,"MBB",15,1.07275722190208,1.11511585163641,1.69138055319895,4.02197268311904,2.79187773533799,4.08875812266682,2.39737756946787,0.0667854395477825,1.29688038732884,52253613020004,"Oak / hickory group","White oak / red oak / hickory",110,32.4025,1.38542204646175,81.5942457200221,108.324828,5725.00099927266,61.4353984223208,11.7519029191966,2013,104.921055050629,30603776010478,10.8370406477045,0,69.3848328481826,83.2123789352077,214888770010854,2009,"2008-10-01",0,0,0,NA,90.6439498344956,0,11.4649337495841,0,73.343673279671,"2013-04-16",0,0,0,NA,0,0,"M221","M221Aa",51,173,39,5,36.958171,-81.442456,805,40,0,2018,5.6,"2018-11-27",0,0,0,110,6,31,2,1,1,56.332,2500,33,252,0,NA,12,0,1.36774289540247,0,1.34414453347209,121.726992109425,92.140746641109,114.342874,10314.665964,7228.18088021619,73.6606888180192,12.1552457811432,800,"Maple / beech / birch group","Hard maple / basswood",5.61533196440794,0,0,0,0,0,0,0.403342861946589,81.5942457200221,11.7519029191966,"Oak / hickory group","White oak / red oak / hickory",105,37.9741,1.41665504038196,102.306782,3670.31531068885,71.5466355792639,"Oak / hickory group","White oak / red oak / hickory",102,33.3344,1.58907987142416,108.324828,2967.54262496741,59.2673423389373,2005,2967.54262496741,51173,"Smyth","VA",11
535844304126144,"MBB",20,0.867552756746285,0.752996486604459,1.36784151313664,2.94160417013996,1.94681034240422,2.76098711754968,1.39314560441304,-0.180617052590279,0.814176775145461,52253613020004,"Oak / hickory group","White oak / red oak / hickory",110,32.4025,1.38542204646175,81.5942457200221,108.324828,5725.00099927266,61.4353984223208,11.7519029191966,2013,104.921055050629,30603776010478,10.8370406477045,0,69.3848328481826,83.2123789352077,214888770010854,2009,"2008-10-01",0,0,0,NA,90.6439498344956,0,11.4649337495841,0,73.343673279671,"2013-04-16",0,0,0,NA,0,0,"M221","M221Aa",51,173,39,5,36.958171,-81.442456,805,40,0,2018,5.6,"2018-11-27",0,0,0,110,6,31,2,1,1,56.332,2500,33,252,0,NA,12,0,1.36774289540247,0,1.34414453347209,121.726992109425,92.140746641109,114.342874,10314.665964,7228.18088021619,73.6606888180192,12.1552457811432,800,"Maple / beech / birch group","Hard maple / basswood",5.61533196440794,0,0,0,0,0,0,0.403342861946589,81.5942457200221,11.7519029191966,"Oak / hickory group","White oak / red oak / hickory",105,37.9741,1.41665504038196,102.306782,3670.31531068885,71.5466355792639,"Oak / hickory group","White oak / red oak / hickory",102,33.3344,1.58907987142416,108.324828,2967.54262496741,59.2673423389373,2005,2967.54262496741,51173,"Smyth","VA",11
535844308126144,"MBB",0,0,0,0,0,0,0,0,0,0,52253616020004,"Maple / beech / birch group","Hard maple / basswood",140,43.9803,1.65694813502608,95.0235400430107,84.252644,13545.109572123,84.1021985935439,14.3802443849689,2013,139.244262995575,30645471010478,NA,NA,NA,NA,214888701010854,2009,"2008-10-30",0,0,0,NA,135.12538896065,0,14.4002670915401,0,88.4820311622295,"2013-11-05",0,0,0,NA,0,0,"M221","M221Aa",51,71,28,5,37.240495,-80.797652,805,40,0,2018,5.3,"2019-03-06",12,0,0,145,6,36,2,1,1,44.8803,2990,45,15,0,NA,23,0,1.63678465318814,0,1.62974031119677,150.693828096423,99.646906530451,78.234598,12413.904418,15317.520937447,87.4240784249436,15.2818142297911,800,"Maple / beech / birch group","Hard maple / basswood",5.3305954825462,0,0,0,0,0,0,0.901569844822248,95.0235400430107,14.3802443849689,"Maple / beech / birch group","Hard maple / basswood",135,40.2919,0,78.234598,12699.0735461108,84.6183701544627,NA,NA,NA,NA,NA,NA,NA,NA,NA,12699.0735461108,51071,"Giles","VA",11
535844308126144,"MBB",5,-1.52813927098281,-0.102784386405416,-2.4093662505829,-2.62418561817022,-0.561078193485932,-0.376876083486526,2.03249016709638,2.2473095346837,0.184202109999406,52253616020004,"Maple / beech / birch group","Hard maple / basswood",140,43.9803,1.65694813502608,95.0235400430107,84.252644,13545.109572123,84.1021985935439,14.3802443849689,2013,139.244262995575,30645471010478,NA,NA,NA,NA,214888701010854,2009,"2008-10-30",0,0,0,NA,135.12538896065,0,14.4002670915401,0,88.4820311622295,"2013-11-05",0,0,0,NA,0,0,"M221","M221Aa",51,71,28,5,37.240495,-80.797652,805,40,0,2018,5.3,"2019-03-06",12,0,0,145,6,36,2,1,1,44.8803,2990,45,15,0,NA,23,0,1.63678465318814,0,1.62974031119677,150.693828096423,99.646906530451,78.234598,12413.904418,15317.520937447,87.4240784249436,15.2818142297911,800,"Maple / beech / birch group","Hard maple / basswood",5.3305954825462,0,0,0,0,0,0,0.901569844822248,95.0235400430107,14.3802443849689,"Maple / beech / birch group","Hard maple / basswood",135,40.2919,0,78.234598,12699.0735461108,84.6183701544627,NA,NA,NA,NA,NA,NA,NA,NA,NA,12699.0735461108,51071,"Giles","VA",11
535844308126144,"MBB",10,0.612239610481016,-0.72122114186668,0.965297785858402,-0.542054400642959,-2.12340277927241,-2.64447752017783,-3.60977530603623,-2.10242311953487,-0.521074740905415,52253616020004,"Maple / beech / birch group","Hard maple / basswood",140,43.9803,1.65694813502608,95.0235400430107,84.252644,13545.109572123,84.1021985935439,14.3802443849689,2013,139.244262995575,30645471010478,NA,NA,NA,NA,214888701010854,2009,"2008-10-30",0,0,0,NA,135.12538896065,0,14.4002670915401,0,88.4820311622295,"2013-11-05",0,0,0,NA,0,0,"M221","M221Aa",51,71,28,5,37.240495,-80.797652,805,40,0,2018,5.3,"2019-03-06",12,0,0,145,6,36,2,1,1,44.8803,2990,45,15,0,NA,23,0,1.63678465318814,0,1.62974031119677,150.693828096423,99.646906530451,78.234598,12413.904418,15317.520937447,87.4240784249436,15.2818142297911,800,"Maple / beech / birch group","Hard maple / basswood",5.3305954825462,0,0,0,0,0,0,0.901569844822248,95.0235400430107,14.3802443849689,"Maple / beech / birch group","Hard maple / basswood",135,40.2919,0,78.234598,12699.0735461108,84.6183701544627,NA,NA,NA,NA,NA,NA,NA,NA,NA,12699.0735461108,51071,"Giles","VA",11
535844308126144,"MBB",15,-1.0757652630488,-0.193969953324796,-1.69612323140694,-2.10152043385577,-0.867976265559808,-0.711223162190919,0.984900069216023,1.39029727166485,0.156753103368889,52253616020004,"Maple / beech / birch group","Hard maple / basswood",140,43.9803,1.65694813502608,95.0235400430107,84.252644,13545.109572123,84.1021985935439,14.3802443849689,2013,139.244262995575,30645471010478,NA,NA,NA,NA,214888701010854,2009,"2008-10-30",0,0,0,NA,135.12538896065,0,14.4002670915401,0,88.4820311622295,"2013-11-05",0,0,0,NA,0,0,"M221","M221Aa",51,71,28,5,37.240495,-80.797652,805,40,0,2018,5.3,"2019-03-06",12,0,0,145,6,36,2,1,1,44.8803,2990,45,15,0,NA,23,0,1.63678465318814,0,1.62974031119677,150.693828096423,99.646906530451,78.234598,12413.904418,15317.520937447,87.4240784249436,15.2818142297911,800,"Maple / beech / birch group","Hard maple / basswood",5.3305954825462,0,0,0,0,0,0,0.901569844822248,95.0235400430107,14.3802443849689,"Maple / beech / birch group","Hard maple / basswood",135,40.2919,0,78.234598,12699.0735461108,84.6183701544627,NA,NA,NA,NA,NA,NA,NA,NA,NA,12699.0735461108,51071,"Giles","VA",11
535844308126144,"MBB",20,0.607907991705627,0.228919782850753,0.958468266922539,1.43691061308061,0.739842782591492,0.839372537119426,-0.119095729803113,-0.597538075961185,0.0995297545279334,52253616020004,"Maple / beech / birch group","Hard maple / basswood",140,43.9803,1.65694813502608,95.0235400430107,84.252644,13545.109572123,84.1021985935439,14.3802443849689,2013,139.244262995575,30645471010478,NA,NA,NA,NA,214888701010854,2009,"2008-10-30",0,0,0,NA,135.12538896065,0,14.4002670915401,0,88.4820311622295,"2013-11-05",0,0,0,NA,0,0,"M221","M221Aa",51,71,28,5,37.240495,-80.797652,805,40,0,2018,5.3,"2019-03-06",12,0,0,145,6,36,2,1,1,44.8803,2990,45,15,0,NA,23,0,1.63678465318814,0,1.62974031119677,150.693828096423,99.646906530451,78.234598,12413.904418,15317.520937447,87.4240784249436,15.2818142297911,800,"Maple / beech / birch group","Hard maple / basswood",5.3305954825462,0,0,0,0,0,0,0.901569844822248,95.0235400430107,14.3802443849689,"Maple / beech / birch group","Hard maple / basswood",135,40.2919,0,78.234598,12699.0735461108,84.6183701544627,NA,NA,NA,NA,NA,NA,NA,NA,NA,12699.0735461108,51071,"Giles","VA",11
651719960126144,"MBB",0,0,0,0,0,0,0,0,0,0,259121769010854,"Maple / beech / birch group","Hard maple / basswood",54,32.7013,1.53008681273253,96.7966073272044,114.342874,5196.03843086562,72.5212156945631,12.4585628976092,2012,98.3573231816424,20649160010478,11.5447276435452,0,96.2411272068002,135.646935286294,131571515010478,2007,"2007-07-25",0,0,0,NA,132.80278537893,0,12.1933059131193,0,107.358456013232,"2012-05-24",0,0,0,NA,0,0,"221","221Ja",47,89,27,5,36.067365,-83.444093,801,40,0,2018,8.2,"2020-08-14",12,0,0,62,5,36,2,1,1,18.9728,1210,21,319,10,12,22,0,1.53131376561602,0,1.4155685447146,106.088868616399,79.8925868990549,138.415058,8230.285952,5079.276482915,59.3408675078148,10.2873616003158,800,"Maple / beech / birch group","Sugar maple / beech / yellow birch",8.22450376454483,1,1,0,0,1,0,-2.17120129729338,96.7966073272044,12.4585628976092,"Oak / hickory group","White oak / red oak / hickory",50,31.8049,1.28556380000043,132.397012,4304.12068975247,73.6620062508717,"Oak / hickory group","Northern red oak",99,43.3306,1.31824865109168,132.397012,10059.6345663957,67.7924854623001,2002,10059.6345663957,47089,"Jefferson","TN",9
651719960126144,"MBB",5,0.833545669391525,0.777914580832959,1.31422367207397,2.94006514601485,2.52934421606816,2.85235346305418,1.53812979098021,-0.0877116829606721,0.323009246986026,259121769010854,"Maple / beech / birch group","Hard maple / basswood",54,32.7013,1.53008681273253,96.7966073272044,114.342874,5196.03843086562,72.5212156945631,12.4585628976092,2012,98.3573231816424,20649160010478,11.5447276435452,0,96.2411272068002,135.646935286294,131571515010478,2007,"2007-07-25",0,0,0,NA,132.80278537893,0,12.1933059131193,0,107.358456013232,"2012-05-24",0,0,0,NA,0,0,"221","221Ja",47,89,27,5,36.067365,-83.444093,801,40,0,2018,8.2,"2020-08-14",12,0,0,62,5,36,2,1,1,18.9728,1210,21,319,10,12,22,0,1.53131376561602,0,1.4155685447146,106.088868616399,79.8925868990549,138.415058,8230.285952,5079.276482915,59.3408675078148,10.2873616003158,800,"Maple / beech / birch group","Sugar maple / beech / yellow birch",8.22450376454483,1,1,0,0,1,0,-2.17120129729338,96.7966073272044,12.4585628976092,"Oak / hickory group","White oak / red oak / hickory",50,31.8049,1.28556380000043,132.397012,4304.12068975247,73.6620062508717,"Oak / hickory group","Northern red oak",99,43.3306,1.31824865109168,132.397012,10059.6345663957,67.7924854623001,2002,10059.6345663957,47089,"Jefferson","TN",9
651719960126144,"MBB",10,1.12703720241058,0.9931046142372,1.77696198913401,3.85255063288975,3.23908816423627,3.6413835855364,1.86442159640239,-0.211167047353356,0.402295421300132,259121769010854,"Maple / beech / birch group","Hard maple / basswood",54,32.7013,1.53008681273253,96.7966073272044,114.342874,5196.03843086562,72.5212156945631,12.4585628976092,2012,98.3573231816424,20649160010478,11.5447276435452,0,96.2411272068002,135.646935286294,131571515010478,2007,"2007-07-25",0,0,0,NA,132.80278537893,0,12.1933059131193,0,107.358456013232,"2012-05-24",0,0,0,NA,0,0,"221","221Ja",47,89,27,5,36.067365,-83.444093,801,40,0,2018,8.2,"2020-08-14",12,0,0,62,5,36,2,1,1,18.9728,1210,21,319,10,12,22,0,1.53131376561602,0,1.4155685447146,106.088868616399,79.8925868990549,138.415058,8230.285952,5079.276482915,59.3408675078148,10.2873616003158,800,"Maple / beech / birch group","Sugar maple / beech / yellow birch",8.22450376454483,1,1,0,0,1,0,-2.17120129729338,96.7966073272044,12.4585628976092,"Oak / hickory group","White oak / red oak / hickory",50,31.8049,1.28556380000043,132.397012,4304.12068975247,73.6620062508717,"Oak / hickory group","Northern red oak",99,43.3306,1.31824865109168,132.397012,10059.6345663957,67.7924854623001,2002,10059.6345663957,47089,"Jefferson","TN",9
651719960126144,"MBB",15,1.15098463146006,1.16554819955528,1.8147191022687,4.25071483933922,2.93091912859835,4.27367673170268,2.45895762943398,0.0229618923634556,1.34275760310433,259121769010854,"Maple / beech / birch group","Hard maple / basswood",54,32.7013,1.53008681273253,96.7966073272044,114.342874,5196.03843086562,72.5212156945631,12.4585628976092,2012,98.3573231816424,20649160010478,11.5447276435452,0,96.2411272068002,135.646935286294,131571515010478,2007,"2007-07-25",0,0,0,NA,132.80278537893,0,12.1933059131193,0,107.358456013232,"2012-05-24",0,0,0,NA,0,0,"221","221Ja",47,89,27,5,36.067365,-83.444093,801,40,0,2018,8.2,"2020-08-14",12,0,0,62,5,36,2,1,1,18.9728,1210,21,319,10,12,22,0,1.53131376561602,0,1.4155685447146,106.088868616399,79.8925868990549,138.415058,8230.285952,5079.276482915,59.3408675078148,10.2873616003158,800,"Maple / beech / birch group","Sugar maple / beech / yellow birch",8.22450376454483,1,1,0,0,1,0,-2.17120129729338,96.7966073272044,12.4585628976092,"Oak / hickory group","White oak / red oak / hickory",50,31.8049,1.28556380000043,132.397012,4304.12068975247,73.6620062508717,"Oak / hickory group","Northern red oak",99,43.3306,1.31824865109168,132.397012,10059.6345663957,67.7924854623001,2002,10059.6345663957,47089,"Jefferson","TN",9
651719960126144,"MBB",20,0.775086311061514,0.856343972582104,1.22205275044032,3.01181165313692,2.12304601645305,3.13992789946772,1.91787514902739,0.128116246330797,1.01688188301467,259121769010854,"Maple / beech / birch group","Hard maple / basswood",54,32.7013,1.53008681273253,96.7966073272044,114.342874,5196.03843086562,72.5212156945631,12.4585628976092,2012,98.3573231816424,20649160010478,11.5447276435452,0,96.2411272068002,135.646935286294,131571515010478,2007,"2007-07-25",0,0,0,NA,132.80278537893,0,12.1933059131193,0,107.358456013232,"2012-05-24",0,0,0,NA,0,0,"221","221Ja",47,89,27,5,36.067365,-83.444093,801,40,0,2018,8.2,"2020-08-14",12,0,0,62,5,36,2,1,1,18.9728,1210,21,319,10,12,22,0,1.53131376561602,0,1.4155685447146,106.088868616399,79.8925868990549,138.415058,8230.285952,5079.276482915,59.3408675078148,10.2873616003158,800,"Maple / beech / birch group","Sugar maple / beech / yellow birch",8.22450376454483,1,1,0,0,1,0,-2.17120129729338,96.7966073272044,12.4585628976092,"Oak / hickory group","White oak / red oak / hickory",50,31.8049,1.28556380000043,132.397012,4304.12068975247,73.6620062508717,"Oak / hickory group","Northern red oak",99,43.3306,1.31824865109168,132.397012,10059.6345663957,67.7924854623001,2002,10059.6345663957,47089,"Jefferson","TN",9
651720233126144,"MBB",0,0,0,0,0,0,0,0,0,0,NA,NA,NA,NA,NA,NA,NA,NA,NA,NA,NA,NA,NA,NA,NA,NA,NA,NA,NA,NA,NA,NA,NA,NA,NA,NA,NA,NA,NA,NA,NA,NA,NA,NA,NA,NA,NA,NA,NA,NA,NA,NA,NA,NA,NA,NA,NA,NA,NA,NA,NA,NA,NA,NA,NA,NA,NA,NA,NA,NA,NA,NA,NA,NA,NA,NA,NA,NA,NA,NA,NA,NA,NA,NA,NA,NA,NA,NA,NA,NA,NA,NA,NA,NA,NA,NA,NA,NA,NA,NA,NA,NA,NA,NA,NA,NA,NA,NA,NA,NA,NA,NA,NA,NA,NA,NA,NA,NA,NA,NA,NA,NA,NA
651720233126144,"MBB",5,0.959328555166658,1.2881131603657,1.51254135531276,4.20469786047708,4.12088110275302,4.72308158800757,3.21054023269481,0.518383727530491,0.602200485254547,NA,NA,NA,NA,NA,NA,NA,NA,NA,NA,NA,NA,NA,NA,NA,NA,NA,NA,NA,NA,NA,NA,NA,NA,NA,NA,NA,NA,NA,NA,NA,NA,NA,NA,NA,NA,NA,NA,NA,NA,NA,NA,NA,NA,NA,NA,NA,NA,NA,NA,NA,NA,NA,NA,NA,NA,NA,NA,NA,NA,NA,NA,NA,NA,NA,NA,NA,NA,NA,NA,NA,NA,NA,NA,NA,NA,NA,NA,NA,NA,NA,NA,NA,NA,NA,NA,NA,NA,NA,NA,NA,NA,NA,NA,NA,NA,NA,NA,NA,NA,NA,NA,NA,NA,NA,NA,NA,NA,NA,NA,NA,NA,NA
651720233126144,"MBB",10,1.61052460235738,1.60884243038821,2.53926045638346,5.90174113589482,5.21291862197287,5.89908891142344,3.35982845503998,-0.00265222447138402,0.686170289450569,NA,NA,NA,NA,NA,NA,NA,NA,NA,NA,NA,NA,NA,NA,NA,NA,NA,NA,NA,NA,NA,NA,NA,NA,NA,NA,NA,NA,NA,NA,NA,NA,NA,NA,NA,NA,NA,NA,NA,NA,NA,NA,NA,NA,NA,NA,NA,NA,NA,NA,NA,NA,NA,NA,NA,NA,NA,NA,NA,NA,NA,NA,NA,NA,NA,NA,NA,NA,NA,NA,NA,NA,NA,NA,NA,NA,NA,NA,NA,NA,NA,NA,NA,NA,NA,NA,NA,NA,NA,NA,NA,NA,NA,NA,NA,NA,NA,NA,NA,NA,NA,NA,NA,NA,NA,NA,NA,NA,NA,NA,NA,NA,NA
651720233126144,"MBB",15,0.862821288501264,0.881426663316968,1.36038156487033,3.20256329120279,2.21319488038801,3.23189776549555,1.87151620062522,0.0293344742927593,1.01870288510754,NA,NA,NA,NA,NA,NA,NA,NA,NA,NA,NA,NA,NA,NA,NA,NA,NA,NA,NA,NA,NA,NA,NA,NA,NA,NA,NA,NA,NA,NA,NA,NA,NA,NA,NA,NA,NA,NA,NA,NA,NA,NA,NA,NA,NA,NA,NA,NA,NA,NA,NA,NA,NA,NA,NA,NA,NA,NA,NA,NA,NA,NA,NA,NA,NA,NA,NA,NA,NA,NA,NA,NA,NA,NA,NA,NA,NA,NA,NA,NA,NA,NA,NA,NA,NA,NA,NA,NA,NA,NA,NA,NA,NA,NA,NA,NA,NA,NA,NA,NA,NA,NA,NA,NA,NA,NA,NA,NA,NA,NA,NA,NA,NA
651720233126144,"MBB",20,0.250022828541762,0.189771942140568,0.394202659667511,0.790826018741299,0.504133175346745,0.695830454515417,0.301627794847905,-0.0949955642258822,0.191697279168672,NA,NA,NA,NA,NA,NA,NA,NA,NA,NA,NA,NA,NA,NA,NA,NA,NA,NA,NA,NA,NA,NA,NA,NA,NA,NA,NA,NA,NA,NA,NA,NA,NA,NA,NA,NA,NA,NA,NA,NA,NA,NA,NA,NA,NA,NA,NA,NA,NA,NA,NA,NA,NA,NA,NA,NA,NA,NA,NA,NA,NA,NA,NA,NA,NA,NA,NA,NA,NA,NA,NA,NA,NA,NA,NA,NA,NA,NA,NA,NA,NA,NA,NA,NA,NA,NA,NA,NA,NA,NA,NA,NA,NA,NA,NA,NA,NA,NA,NA,NA,NA,NA,NA,NA,NA,NA,NA,NA,NA,NA,NA,NA,NA
657096813126144,"MBB",0,0,0,0,0,0,0,0,0,0,258769146010854,"Maple / beech / birch group","Sugar maple / beech / yellow birch",70,37.0056,1.26855602849364,93.3503185692302,114.342874,4120.53991367431,70.1887698091281,12.2347692641655,2012,96.6726342668002,74751198010478,NA,NA,NA,NA,155451255010478,2007,"2008-01-16",0,0,0,NA,122.181803706589,0,11.1631506902547,0,98.1647246868244,"2012-06-18",0,0,0,12,0.205832438764738,10,"221","221En",21,135,5,2,38.477362,-83.190305,801,40,0,2018,8.3,"2020-09-24",10,0,0,65,6,38,2,1,1,49,1200,32,158,0,NA,23,0,1.50065306679116,0,1.49634822837316,100.01288904875,91.3937082962692,138.415058,7709.75809,5608.45058563894,58.5301016111202,11.0029442699986,800,"Maple / beech / birch group","Sugar maple / beech / yellow birch",8.26830937713895,0,0,1,0,1,0.205832438764738,1.07161857391082,98.1647246868244,11.1631506902547,"Oak / hickory group","White oak / red oak / hickory",60,48.3664,1.27770066427312,144.433104,7279.43548271382,67.948578093718,NA,NA,NA,NA,NA,NA,NA,NA,NA,7279.43548271382,21135,"Lewis","KY",6
657096813126144,"MBB",5,1.51518617262305,1.3461693762145,2.388943532169,5.2024375284573,4.38863146636033,4.93595437945315,2.54701084728415,-0.266483149004148,0.547322913092818,258769146010854,"Maple / beech / birch group","Sugar maple / beech / yellow birch",70,37.0056,1.26855602849364,93.3503185692302,114.342874,4120.53991367431,70.1887698091281,12.2347692641655,2012,96.6726342668002,74751198010478,NA,NA,NA,NA,155451255010478,2007,"2008-01-16",0,0,0,NA,122.181803706589,0,11.1631506902547,0,98.1647246868244,"2012-06-18",0,0,0,12,0.205832438764738,10,"221","221En",21,135,5,2,38.477362,-83.190305,801,40,0,2018,8.3,"2020-09-24",10,0,0,65,6,38,2,1,1,49,1200,32,158,0,NA,23,0,1.50065306679116,0,1.49634822837316,100.01288904875,91.3937082962692,138.415058,7709.75809,5608.45058563894,58.5301016111202,11.0029442699986,800,"Maple / beech / birch group","Sugar maple / beech / yellow birch",8.26830937713895,0,0,1,0,1,0.205832438764738,1.07161857391082,98.1647246868244,11.1631506902547,"Oak / hickory group","White oak / red oak / hickory",60,48.3664,1.27770066427312,144.433104,7279.43548271382,67.948578093718,NA,NA,NA,NA,NA,NA,NA,NA,NA,7279.43548271382,21135,"Lewis","KY",6
657096813126144,"MBB",10,2.16046372142602,1.76335388602245,3.40633113411503,7.09174075590196,5.77680416437732,6.46563091541566,3.05929978130063,-0.6261098404863,0.688826751038341,258769146010854,"Maple / beech / birch group","Sugar maple / beech / yellow birch",70,37.0056,1.26855602849364,93.3503185692302,114.342874,4120.53991367431,70.1887698091281,12.2347692641655,2012,96.6726342668002,74751198010478,NA,NA,NA,NA,155451255010478,2007,"2008-01-16",0,0,0,NA,122.181803706589,0,11.1631506902547,0,98.1647246868244,"2012-06-18",0,0,0,12,0.205832438764738,10,"221","221En",21,135,5,2,38.477362,-83.190305,801,40,0,2018,8.3,"2020-09-24",10,0,0,65,6,38,2,1,1,49,1200,32,158,0,NA,23,0,1.50065306679116,0,1.49634822837316,100.01288904875,91.3937082962692,138.415058,7709.75809,5608.45058563894,58.5301016111202,11.0029442699986,800,"Maple / beech / birch group","Sugar maple / beech / yellow birch",8.26830937713895,0,0,1,0,1,0.205832438764738,1.07161857391082,98.1647246868244,11.1631506902547,"Oak / hickory group","White oak / red oak / hickory",60,48.3664,1.27770066427312,144.433104,7279.43548271382,67.948578093718,NA,NA,NA,NA,NA,NA,NA,NA,NA,7279.43548271382,21135,"Lewis","KY",6
657096813126144,"MBB",15,1.63411580217433,2.24388590270664,2.57645591476152,7.26617745141839,5.39239133159183,8.22758164325767,5.65112572849615,0.961404191839276,2.83519031166584,258769146010854,"Maple / beech / birch group","Sugar maple / beech / yellow birch",70,37.0056,1.26855602849364,93.3503185692302,114.342874,4120.53991367431,70.1887698091281,12.2347692641655,2012,96.6726342668002,74751198010478,NA,NA,NA,NA,155451255010478,2007,"2008-01-16",0,0,0,NA,122.181803706589,0,11.1631506902547,0,98.1647246868244,"2012-06-18",0,0,0,12,0.205832438764738,10,"221","221En",21,135,5,2,38.477362,-83.190305,801,40,0,2018,8.3,"2020-09-24",10,0,0,65,6,38,2,1,1,49,1200,32,158,0,NA,23,0,1.50065306679116,0,1.49634822837316,100.01288904875,91.3937082962692,138.415058,7709.75809,5608.45058563894,58.5301016111202,11.0029442699986,800,"Maple / beech / birch group","Sugar maple / beech / yellow birch",8.26830937713895,0,0,1,0,1,0.205832438764738,1.07161857391082,98.1647246868244,11.1631506902547,"Oak / hickory group","White oak / red oak / hickory",60,48.3664,1.27770066427312,144.433104,7279.43548271382,67.948578093718,NA,NA,NA,NA,NA,NA,NA,NA,NA,7279.43548271382,21135,"Lewis","KY",6
657096813126144,"MBB",20,1.50270398462247,1.94003277087914,2.36926328242143,6.42393177355883,4.70083120452506,7.1134534932235,4.74419021080207,0.689521719664671,2.41262228869844,258769146010854,"Maple / beech / birch group","Sugar maple / beech / yellow birch",70,37.0056,1.26855602849364,93.3503185692302,114.342874,4120.53991367431,70.1887698091281,12.2347692641655,2012,96.6726342668002,74751198010478,NA,NA,NA,NA,155451255010478,2007,"2008-01-16",0,0,0,NA,122.181803706589,0,11.1631506902547,0,98.1647246868244,"2012-06-18",0,0,0,12,0.205832438764738,10,"221","221En",21,135,5,2,38.477362,-83.190305,801,40,0,2018,8.3,"2020-09-24",10,0,0,65,6,38,2,1,1,49,1200,32,158,0,NA,23,0,1.50065306679116,0,1.49634822837316,100.01288904875,91.3937082962692,138.415058,7709.75809,5608.45058563894,58.5301016111202,11.0029442699986,800,"Maple / beech / birch group","Sugar maple / beech / yellow birch",8.26830937713895,0,0,1,0,1,0.205832438764738,1.07161857391082,98.1647246868244,11.1631506902547,"Oak / hickory group","White oak / red oak / hickory",60,48.3664,1.27770066427312,144.433104,7279.43548271382,67.948578093718,NA,NA,NA,NA,NA,NA,NA,NA,NA,7279.43548271382,21135,"Lewis","KY",6
657096828126144,"MBB",0,0,0,0,0,0,0,0,0,0,258769232010854,"Maple / beech / birch group","Hard maple / basswood",60,39.6912,1.85299895525453,80.7530070215052,138.415058,6161.91394328209,63.3477432297667,10.3426092074191,2012,122.887401300037,74697968010478,NA,NA,NA,NA,155450860010478,2007,"2008-04-02",51,0,0,NA,96.1347836073483,0,10.5975915833939,0,70.0387835194811,"2012-07-10",0,0,0,NA,0,0,"221","221En",21,135,40,2,38.557262,-83.479071,805,40,0,2018,8.2,"2020-09-10",0,0,0,50,4,29,2,1,1,53.6133,1190,24,108,0,NA,23,0,1.8076589272873,0,1.8076589272873,161.59953994662,105.421355388433,192.577472,13536.798914,9779.73767822629,80.5435440261458,10.018529707497,800,"Maple / beech / birch group","Hard maple / basswood",8.16974674880219,0,0,0,0,0,0,-0.324079499922144,80.7530070215052,10.3426092074191,"Maple / beech / birch group","Sugar maple / beech / yellow birch",70,29.6537,0,114.342874,4196.74656256932,56.5080001447964,NA,NA,NA,NA,NA,NA,NA,NA,NA,4196.74656256932,21135,"Lewis","KY",6
657096828126144,"MBB",5,-0.296860162538037,1.43425545681954,-0.468049522934972,2.52954438181786,4.37000918099809,5.25893667500497,5.72698619793995,2.72939229318711,0.888927494006881,258769232010854,"Maple / beech / birch group","Hard maple / basswood",60,39.6912,1.85299895525453,80.7530070215052,138.415058,6161.91394328209,63.3477432297667,10.3426092074191,2012,122.887401300037,74697968010478,NA,NA,NA,NA,155450860010478,2007,"2008-04-02",51,0,0,NA,96.1347836073483,0,10.5975915833939,0,70.0387835194811,"2012-07-10",0,0,0,NA,0,0,"221","221En",21,135,40,2,38.557262,-83.479071,805,40,0,2018,8.2,"2020-09-10",0,0,0,50,4,29,2,1,1,53.6133,1190,24,108,0,NA,23,0,1.8076589272873,0,1.8076589272873,161.59953994662,105.421355388433,192.577472,13536.798914,9779.73767822629,80.5435440261458,10.018529707497,800,"Maple / beech / birch group","Hard maple / basswood",8.16974674880219,0,0,0,0,0,0,-0.324079499922144,80.7530070215052,10.3426092074191,"Maple / beech / birch group","Sugar maple / beech / yellow birch",70,29.6537,0,114.342874,4196.74656256932,56.5080001447964,NA,NA,NA,NA,NA,NA,NA,NA,NA,4196.74656256932,21135,"Lewis","KY",6
657096828126144,"MBB",10,1.14957830672573,1.46406291081691,1.81250179693756,4.8723932805449,4.69324629439219,5.36823067299533,3.55572887605777,0.495837392450429,0.674984378603137,258769232010854,"Maple / beech / birch group","Hard maple / basswood",60,39.6912,1.85299895525453,80.7530070215052,138.415058,6161.91394328209,63.3477432297667,10.3426092074191,2012,122.887401300037,74697968010478,NA,NA,NA,NA,155450860010478,2007,"2008-04-02",51,0,0,NA,96.1347836073483,0,10.5975915833939,0,70.0387835194811,"2012-07-10",0,0,0,NA,0,0,"221","221En",21,135,40,2,38.557262,-83.479071,805,40,0,2018,8.2,"2020-09-10",0,0,0,50,4,29,2,1,1,53.6133,1190,24,108,0,NA,23,0,1.8076589272873,0,1.8076589272873,161.59953994662,105.421355388433,192.577472,13536.798914,9779.73767822629,80.5435440261458,10.018529707497,800,"Maple / beech / birch group","Hard maple / basswood",8.16974674880219,0,0,0,0,0,0,-0.324079499922144,80.7530070215052,10.3426092074191,"Maple / beech / birch group","Sugar maple / beech / yellow birch",70,29.6537,0,114.342874,4196.74656256932,56.5080001447964,NA,NA,NA,NA,NA,NA,NA,NA,NA,4196.74656256932,21135,"Lewis","KY",6
657096828126144,"MBB",15,1.06697450972843,1.34154691800785,1.68226314367183,4.48609620230823,3.26263209781963,4.91900536602877,3.23674222235694,0.432909163720537,1.65637326820914,258769232010854,"Maple / beech / birch group","Hard maple / basswood",60,39.6912,1.85299895525453,80.7530070215052,138.415058,6161.91394328209,63.3477432297667,10.3426092074191,2012,122.887401300037,74697968010478,NA,NA,NA,NA,155450860010478,2007,"2008-04-02",51,0,0,NA,96.1347836073483,0,10.5975915833939,0,70.0387835194811,"2012-07-10",0,0,0,NA,0,0,"221","221En",21,135,40,2,38.557262,-83.479071,805,40,0,2018,8.2,"2020-09-10",0,0,0,50,4,29,2,1,1,53.6133,1190,24,108,0,NA,23,0,1.8076589272873,0,1.8076589272873,161.59953994662,105.421355388433,192.577472,13536.798914,9779.73767822629,80.5435440261458,10.018529707497,800,"Maple / beech / birch group","Hard maple / basswood",8.16974674880219,0,0,0,0,0,0,-0.324079499922144,80.7530070215052,10.3426092074191,"Maple / beech / birch group","Sugar maple / beech / yellow birch",70,29.6537,0,114.342874,4196.74656256932,56.5080001447964,NA,NA,NA,NA,NA,NA,NA,NA,NA,4196.74656256932,21135,"Lewis","KY",6
657096828126144,"MBB",20,0.977151860279912,1.15075315816032,1.54064276637466,3.94571686692974,2.82524940047544,4.21942824658786,2.6787854802132,0.273711379658117,1.39417884611242,258769232010854,"Maple / beech / birch group","Hard maple / basswood",60,39.6912,1.85299895525453,80.7530070215052,138.415058,6161.91394328209,63.3477432297667,10.3426092074191,2012,122.887401300037,74697968010478,NA,NA,NA,NA,155450860010478,2007,"2008-04-02",51,0,0,NA,96.1347836073483,0,10.5975915833939,0,70.0387835194811,"2012-07-10",0,0,0,NA,0,0,"221","221En",21,135,40,2,38.557262,-83.479071,805,40,0,2018,8.2,"2020-09-10",0,0,0,50,4,29,2,1,1,53.6133,1190,24,108,0,NA,23,0,1.8076589272873,0,1.8076589272873,161.59953994662,105.421355388433,192.577472,13536.798914,9779.73767822629,80.5435440261458,10.018529707497,800,"Maple / beech / birch group","Hard maple / basswood",8.16974674880219,0,0,0,0,0,0,-0.324079499922144,80.7530070215052,10.3426092074191,"Maple / beech / birch group","Sugar maple / beech / yellow birch",70,29.6537,0,114.342874,4196.74656256932,56.5080001447964,NA,NA,NA,NA,NA,NA,NA,NA,NA,4196.74656256932,21135,"Lewis","KY",6
657096860126144,"MBB",0,0,0,0,0,0,0,0,0,0,NA,NA,NA,NA,NA,NA,NA,NA,NA,NA,NA,NA,NA,NA,NA,NA,NA,NA,NA,NA,NA,NA,NA,NA,NA,NA,NA,NA,NA,NA,NA,NA,NA,NA,NA,NA,NA,NA,NA,NA,NA,NA,NA,NA,NA,NA,NA,NA,NA,NA,NA,NA,NA,NA,NA,NA,NA,NA,NA,NA,NA,NA,NA,NA,NA,NA,NA,NA,NA,NA,NA,NA,NA,NA,NA,NA,NA,NA,NA,NA,NA,NA,NA,NA,NA,NA,NA,NA,NA,NA,NA,NA,NA,NA,NA,NA,NA,NA,NA,NA,NA,NA,NA,NA,NA,NA,NA,NA,NA,NA,NA,NA,NA
657096860126144,"MBB",5,1.67007228749513,1.2243696485703,2.63314730661732,5.19207987212924,4.03827008359574,4.4893553780911,1.85620807147378,-0.702724494038146,0.451085294495355,NA,NA,NA,NA,NA,NA,NA,NA,NA,NA,NA,NA,NA,NA,NA,NA,NA,NA,NA,NA,NA,NA,NA,NA,NA,NA,NA,NA,NA,NA,NA,NA,NA,NA,NA,NA,NA,NA,NA,NA,NA,NA,NA,NA,NA,NA,NA,NA,NA,NA,NA,NA,NA,NA,NA,NA,NA,NA,NA,NA,NA,NA,NA,NA,NA,NA,NA,NA,NA,NA,NA,NA,NA,NA,NA,NA,NA,NA,NA,NA,NA,NA,NA,NA,NA,NA,NA,NA,NA,NA,NA,NA,NA,NA,NA,NA,NA,NA,NA,NA,NA,NA,NA,NA,NA,NA,NA,NA,NA,NA,NA,NA,NA
657096860126144,"MBB",10,1.45304117403604,1.37072310871554,2.29096158439683,5.15577288161231,4.45431376268963,5.02598473195698,2.73502314756016,-0.129788149655324,0.571670969267351,NA,NA,NA,NA,NA,NA,NA,NA,NA,NA,NA,NA,NA,NA,NA,NA,NA,NA,NA,NA,NA,NA,NA,NA,NA,NA,NA,NA,NA,NA,NA,NA,NA,NA,NA,NA,NA,NA,NA,NA,NA,NA,NA,NA,NA,NA,NA,NA,NA,NA,NA,NA,NA,NA,NA,NA,NA,NA,NA,NA,NA,NA,NA,NA,NA,NA,NA,NA,NA,NA,NA,NA,NA,NA,NA,NA,NA,NA,NA,NA,NA,NA,NA,NA,NA,NA,NA,NA,NA,NA,NA,NA,NA,NA,NA,NA,NA,NA,NA,NA,NA,NA,NA,NA,NA,NA,NA,NA,NA,NA,NA,NA,NA
657096860126144,"MBB",15,0.452823892713546,1.01492113495515,0.713952337511691,2.83513750956796,2.3158994459231,3.72137749483556,3.00742515732387,0.886239985267601,1.40547804891247,NA,NA,NA,NA,NA,NA,NA,NA,NA,NA,NA,NA,NA,NA,NA,NA,NA,NA,NA,NA,NA,NA,NA,NA,NA,NA,NA,NA,NA,NA,NA,NA,NA,NA,NA,NA,NA,NA,NA,NA,NA,NA,NA,NA,NA,NA,NA,NA,NA,NA,NA,NA,NA,NA,NA,NA,NA,NA,NA,NA,NA,NA,NA,NA,NA,NA,NA,NA,NA,NA,NA,NA,NA,NA,NA,NA,NA,NA,NA,NA,NA,NA,NA,NA,NA,NA,NA,NA,NA,NA,NA,NA,NA,NA,NA,NA,NA,NA,NA,NA,NA,NA,NA,NA,NA,NA,NA,NA,NA,NA,NA,NA,NA
657096860126144,"MBB",20,0.243353750122544,0.577874282398948,0.383687746026545,1.59144499624035,1.31239936276649,2.11887236879614,1.7351846227696,0.527427372555795,0.806473006029646,NA,NA,NA,NA,NA,NA,NA,NA,NA,NA,NA,NA,NA,NA,NA,NA,NA,NA,NA,NA,NA,NA,NA,NA,NA,NA,NA,NA,NA,NA,NA,NA,NA,NA,NA,NA,NA,NA,NA,NA,NA,NA,NA,NA,NA,NA,NA,NA,NA,NA,NA,NA,NA,NA,NA,NA,NA,NA,NA,NA,NA,NA,NA,NA,NA,NA,NA,NA,NA,NA,NA,NA,NA,NA,NA,NA,NA,NA,NA,NA,NA,NA,NA,NA,NA,NA,NA,NA,NA,NA,NA,NA,NA,NA,NA,NA,NA,NA,NA,NA,NA,NA,NA,NA,NA,NA,NA,NA,NA,NA,NA,NA,NA
657096862126144,"MBB",0,0,0,0,0,0,0,0,0,0,NA,NA,NA,NA,NA,NA,NA,NA,NA,NA,NA,NA,NA,NA,NA,NA,NA,NA,NA,NA,NA,NA,NA,NA,NA,NA,NA,NA,NA,NA,NA,NA,NA,NA,NA,NA,NA,NA,NA,NA,NA,NA,NA,NA,NA,NA,NA,NA,NA,NA,NA,NA,NA,NA,NA,NA,NA,NA,NA,NA,NA,NA,NA,NA,NA,NA,NA,NA,NA,NA,NA,NA,NA,NA,NA,NA,NA,NA,NA,NA,NA,NA,NA,NA,NA,NA,NA,NA,NA,NA,NA,NA,NA,NA,NA,NA,NA,NA,NA,NA,NA,NA,NA,NA,NA,NA,NA,NA,NA,NA,NA,NA,NA
657096862126144,"MBB",5,-0.362725895129782,0.665551318515969,-0.571897827987956,0.81910442771042,1.99186191780842,2.44035483455855,3.01225266254651,1.62125040684813,0.448492916750134,NA,NA,NA,NA,NA,NA,NA,NA,NA,NA,NA,NA,NA,NA,NA,NA,NA,NA,NA,NA,NA,NA,NA,NA,NA,NA,NA,NA,NA,NA,NA,NA,NA,NA,NA,NA,NA,NA,NA,NA,NA,NA,NA,NA,NA,NA,NA,NA,NA,NA,NA,NA,NA,NA,NA,NA,NA,NA,NA,NA,NA,NA,NA,NA,NA,NA,NA,NA,NA,NA,NA,NA,NA,NA,NA,NA,NA,NA,NA,NA,NA,NA,NA,NA,NA,NA,NA,NA,NA,NA,NA,NA,NA,NA,NA,NA,NA,NA,NA,NA,NA,NA,NA,NA,NA,NA,NA,NA,NA,NA,NA,NA,NA
657096862126144,"MBB",10,1.20812252425146,-1.14728506002475,1.90480651323647,-0.493019262215251,-3.34033838099598,-4.2067118867574,-6.11151839999387,-3.71369262454215,-0.866373505761418,NA,NA,NA,NA,NA,NA,NA,NA,NA,NA,NA,NA,NA,NA,NA,NA,NA,NA,NA,NA,NA,NA,NA,NA,NA,NA,NA,NA,NA,NA,NA,NA,NA,NA,NA,NA,NA,NA,NA,NA,NA,NA,NA,NA,NA,NA,NA,NA,NA,NA,NA,NA,NA,NA,NA,NA,NA,NA,NA,NA,NA,NA,NA,NA,NA,NA,NA,NA,NA,NA,NA,NA,NA,NA,NA,NA,NA,NA,NA,NA,NA,NA,NA,NA,NA,NA,NA,NA,NA,NA,NA,NA,NA,NA,NA,NA,NA,NA,NA,NA,NA,NA,NA,NA,NA,NA,NA,NA,NA,NA,NA,NA,NA
657096862126144,"MBB",15,0.239006845068452,-0.519365523488037,0.376834125724593,-0.708639818365404,-0.982701000710562,-1.90434025278947,-2.28117437851406,-1.19570043442406,-0.921639252078906,NA,NA,NA,NA,NA,NA,NA,NA,NA,NA,NA,NA,NA,NA,NA,NA,NA,NA,NA,NA,NA,NA,NA,NA,NA,NA,NA,NA,NA,NA,NA,NA,NA,NA,NA,NA,NA,NA,NA,NA,NA,NA,NA,NA,NA,NA,NA,NA,NA,NA,NA,NA,NA,NA,NA,NA,NA,NA,NA,NA,NA,NA,NA,NA,NA,NA,NA,NA,NA,NA,NA,NA,NA,NA,NA,NA,NA,NA,NA,NA,NA,NA,NA,NA,NA,NA,NA,NA,NA,NA,NA,NA,NA,NA,NA,NA,NA,NA,NA,NA,NA,NA,NA,NA,NA,NA,NA,NA,NA,NA,NA,NA,NA
657096862126144,"MBB",20,-0.0661419273004597,0.0959282281594241,-0.104283772043725,0.0962062248094716,0.172048968113999,0.351736836584555,0.45602060862828,0.255530611775083,0.179687868470556,NA,NA,NA,NA,NA,NA,NA,NA,NA,NA,NA,NA,NA,NA,NA,NA,NA,NA,NA,NA,NA,NA,NA,NA,NA,NA,NA,NA,NA,NA,NA,NA,NA,NA,NA,NA,NA,NA,NA,NA,NA,NA,NA,NA,NA,NA,NA,NA,NA,NA,NA,NA,NA,NA,NA,NA,NA,NA,NA,NA,NA,NA,NA,NA,NA,NA,NA,NA,NA,NA,NA,NA,NA,NA,NA,NA,NA,NA,NA,NA,NA,NA,NA,NA,NA,NA,NA,NA,NA,NA,NA,NA,NA,NA,NA,NA,NA,NA,NA,NA,NA,NA,NA,NA,NA,NA,NA,NA,NA,NA,NA,NA,NA
657096938126144,"MBB",0,0,0,0,0,0,0,0,0,0,258769167010854,"Maple / beech / birch group","Sugar maple / beech / yellow birch",69,39.4598,2.35340269547135,92.495557032485,108.324828,5530.54701025917,67.7598993189701,12.5123494551938,2012,137.2622662363,74680507010478,NA,NA,NA,NA,155471342010478,2007,"2008-08-07",0,0,0,NA,129.126806396854,0,12.3492168939871,0,95.104939651763,"2013-03-12",0,0,0,NA,0,0,"221","221Ha",21,25,8,3,37.475576,-83.481819,801,40,0,2018,8.1,"2021-04-12",0,0,0,50,6,25,2,1,1,35.2459,720,35,287,0,NA,12,0,2.34929448530572,0,2.40830686976335,164.272876752634,106.820247051749,126.378966,13339.048259,6705.11235597133,71.5067438076961,12.4489242220247,800,"Maple / beech / birch group","Sugar maple / beech / yellow birch",8.0848733744011,0,0,0,0,0,0,-0.0634252331690703,92.495557032485,12.5123494551938,"Oak / gum / cypress group","Sweetbay / swamp tupelo / red maple",55,36.2839,2.3269953570639,114.342874,5494.27391201532,66.7253662594583,NA,NA,NA,NA,NA,NA,NA,NA,NA,5494.27391201532,21025,"Breathitt","KY",9
657096938126144,"MBB",5,-1.07319098263743,-0.321923730214841,-1.69206444929168,-2.3648850454407,-1.1632356462837,-1.18038701078775,0.511677438503928,1.18449803465295,-0.0171513645040515,258769167010854,"Maple / beech / birch group","Sugar maple / beech / yellow birch",69,39.4598,2.35340269547135,92.495557032485,108.324828,5530.54701025917,67.7598993189701,12.5123494551938,2012,137.2622662363,74680507010478,NA,NA,NA,NA,155471342010478,2007,"2008-08-07",0,0,0,NA,129.126806396854,0,12.3492168939871,0,95.104939651763,"2013-03-12",0,0,0,NA,0,0,"221","221Ha",21,25,8,3,37.475576,-83.481819,801,40,0,2018,8.1,"2021-04-12",0,0,0,50,6,25,2,1,1,35.2459,720,35,287,0,NA,12,0,2.34929448530572,0,2.40830686976335,164.272876752634,106.820247051749,126.378966,13339.048259,6705.11235597133,71.5067438076961,12.4489242220247,800,"Maple / beech / birch group","Sugar maple / beech / yellow birch",8.0848733744011,0,0,0,0,0,0,-0.0634252331690703,92.495557032485,12.5123494551938,"Oak / gum / cypress group","Sweetbay / swamp tupelo / red maple",55,36.2839,2.3269953570639,114.342874,5494.27391201532,66.7253662594583,NA,NA,NA,NA,NA,NA,NA,NA,NA,5494.27391201532,21025,"Breathitt","KY",9
657096938126144,"MBB",10,0.975843199095002,-1.89709629061104,1.53857944390645,-2.42635180347061,-5.68692166322679,-6.95601973224046,-8.49459917614691,-4.52966792876985,-1.26909806901367,258769167010854,"Maple / beech / birch group","Sugar maple / beech / yellow birch",69,39.4598,2.35340269547135,92.495557032485,108.324828,5530.54701025917,67.7598993189701,12.5123494551938,2012,137.2622662363,74680507010478,NA,NA,NA,NA,155471342010478,2007,"2008-08-07",0,0,0,NA,129.126806396854,0,12.3492168939871,0,95.104939651763,"2013-03-12",0,0,0,NA,0,0,"221","221Ha",21,25,8,3,37.475576,-83.481819,801,40,0,2018,8.1,"2021-04-12",0,0,0,50,6,25,2,1,1,35.2459,720,35,287,0,NA,12,0,2.34929448530572,0,2.40830686976335,164.272876752634,106.820247051749,126.378966,13339.048259,6705.11235597133,71.5067438076961,12.4489242220247,800,"Maple / beech / birch group","Sugar maple / beech / yellow birch",8.0848733744011,0,0,0,0,0,0,-0.0634252331690703,92.495557032485,12.5123494551938,"Oak / gum / cypress group","Sweetbay / swamp tupelo / red maple",55,36.2839,2.3269953570639,114.342874,5494.27391201532,66.7253662594583,NA,NA,NA,NA,NA,NA,NA,NA,NA,5494.27391201532,21025,"Breathitt","KY",9
657096938126144,"MBB",15,1.12832873344661,-0.535417857250199,1.77899830306749,0.659974981414577,-0.633841966270872,-1.9631988099174,-3.74219711298489,-2.62317379133197,-1.32935684364652,258769167010854,"Maple / beech / birch group","Sugar maple / beech / yellow birch",69,39.4598,2.35340269547135,92.495557032485,108.324828,5530.54701025917,67.7598993189701,12.5123494551938,2012,137.2622662363,74680507010478,NA,NA,NA,NA,155471342010478,2007,"2008-08-07",0,0,0,NA,129.126806396854,0,12.3492168939871,0,95.104939651763,"2013-03-12",0,0,0,NA,0,0,"221","221Ha",21,25,8,3,37.475576,-83.481819,801,40,0,2018,8.1,"2021-04-12",0,0,0,50,6,25,2,1,1,35.2459,720,35,287,0,NA,12,0,2.34929448530572,0,2.40830686976335,164.272876752634,106.820247051749,126.378966,13339.048259,6705.11235597133,71.5067438076961,12.4489242220247,800,"Maple / beech / birch group","Sugar maple / beech / yellow birch",8.0848733744011,0,0,0,0,0,0,-0.0634252331690703,92.495557032485,12.5123494551938,"Oak / gum / cypress group","Sweetbay / swamp tupelo / red maple",55,36.2839,2.3269953570639,114.342874,5494.27391201532,66.7253662594583,NA,NA,NA,NA,NA,NA,NA,NA,NA,5494.27391201532,21025,"Breathitt","KY",9
657096938126144,"MBB",20,0.432621218029975,0.1583175714047,0.682099453760594,1.01298317799642,0.516910847988713,0.580497761817234,-0.10160169194336,-0.432485416179183,0.0635869138285214,258769167010854,"Maple / beech / birch group","Sugar maple / beech / yellow birch",69,39.4598,2.35340269547135,92.495557032485,108.324828,5530.54701025917,67.7598993189701,12.5123494551938,2012,137.2622662363,74680507010478,NA,NA,NA,NA,155471342010478,2007,"2008-08-07",0,0,0,NA,129.126806396854,0,12.3492168939871,0,95.104939651763,"2013-03-12",0,0,0,NA,0,0,"221","221Ha",21,25,8,3,37.475576,-83.481819,801,40,0,2018,8.1,"2021-04-12",0,0,0,50,6,25,2,1,1,35.2459,720,35,287,0,NA,12,0,2.34929448530572,0,2.40830686976335,164.272876752634,106.820247051749,126.378966,13339.048259,6705.11235597133,71.5067438076961,12.4489242220247,800,"Maple / beech / birch group","Sugar maple / beech / yellow birch",8.0848733744011,0,0,0,0,0,0,-0.0634252331690703,92.495557032485,12.5123494551938,"Oak / gum / cypress group","Sweetbay / swamp tupelo / red maple",55,36.2839,2.3269953570639,114.342874,5494.27391201532,66.7253662594583,NA,NA,NA,NA,NA,NA,NA,NA,NA,5494.27391201532,21025,"Breathitt","KY",9
657097002126144,"MBB",0,0,0,0,0,0,0,0,0,0,258768899010854,"Maple / beech / birch group","Sugar maple / beech / yellow birch",72,43.7691,1.64676362006103,75.0967188859055,150.45115,5315.14337262933,62.5073795520179,9.56654587612478,2012,114.145820475313,74724993010478,NA,NA,NA,NA,155440121010478,2007,"2008-04-16",0,0,0,NA,92.5333341845031,0,9.79061240701254,0,72.3632707903682,"2012-06-25",0,0,0,NA,0,0,"223","223Eg",21,221,32,7,36.772449,-87.966007,801,40,0,2018,8.3,"2020-10-14",0,0,0,78,4,33,2,1,1,43.7288,470,36,310,0,NA,22,0,1.56803571076577,0,1.45975613433721,113.847980710091,84.0642774607038,150.45115,9372.037326,5667.42108138236,61.7296300121428,10.1216291178841,800,"Maple / beech / birch group","Sugar maple / beech / yellow birch",8.30390143737166,0,0,0,0,0,0,0.555083241759359,75.0967188859055,9.56654587612478,"Maple / beech / birch group","Sugar maple / beech / yellow birch",67,45.8957,1.71911161067647,138.415058,4460.37456608463,55.6700844033192,NA,NA,NA,NA,NA,NA,NA,NA,NA,4460.37456608463,21221,"Trigg","KY",3
657097002126144,"MBB",5,1.15386668168002,0.934956842933526,1.81926313478216,3.77332293651323,3.06428574530406,3.42817509075626,1.6089119559741,-0.34514784575697,0.363889345452199,258768899010854,"Maple / beech / birch group","Sugar maple / beech / yellow birch",72,43.7691,1.64676362006103,75.0967188859055,150.45115,5315.14337262933,62.5073795520179,9.56654587612478,2012,114.145820475313,74724993010478,NA,NA,NA,NA,155440121010478,2007,"2008-04-16",0,0,0,NA,92.5333341845031,0,9.79061240701254,0,72.3632707903682,"2012-06-25",0,0,0,NA,0,0,"223","223Eg",21,221,32,7,36.772449,-87.966007,801,40,0,2018,8.3,"2020-10-14",0,0,0,78,4,33,2,1,1,43.7288,470,36,310,0,NA,22,0,1.56803571076577,0,1.45975613433721,113.847980710091,84.0642774607038,150.45115,9372.037326,5667.42108138236,61.7296300121428,10.1216291178841,800,"Maple / beech / birch group","Sugar maple / beech / yellow birch",8.30390143737166,0,0,0,0,0,0,0.555083241759359,75.0967188859055,9.56654587612478,"Maple / beech / birch group","Sugar maple / beech / yellow birch",67,45.8957,1.71911161067647,138.415058,4460.37456608463,55.6700844033192,NA,NA,NA,NA,NA,NA,NA,NA,NA,4460.37456608463,21221,"Trigg","KY",3
657097002126144,"MBB",10,1.2893489535309,0.822982704817771,2.03287351673372,3.75290736980287,2.74108256340368,3.01760325099849,0.98472973426477,-0.735304118804371,0.276520687594815,258768899010854,"Maple / beech / birch group","Sugar maple / beech / yellow birch",72,43.7691,1.64676362006103,75.0967188859055,150.45115,5315.14337262933,62.5073795520179,9.56654587612478,2012,114.145820475313,74724993010478,NA,NA,NA,NA,155440121010478,2007,"2008-04-16",0,0,0,NA,92.5333341845031,0,9.79061240701254,0,72.3632707903682,"2012-06-25",0,0,0,NA,0,0,"223","223Eg",21,221,32,7,36.772449,-87.966007,801,40,0,2018,8.3,"2020-10-14",0,0,0,78,4,33,2,1,1,43.7288,470,36,310,0,NA,22,0,1.56803571076577,0,1.45975613433721,113.847980710091,84.0642774607038,150.45115,9372.037326,5667.42108138236,61.7296300121428,10.1216291178841,800,"Maple / beech / birch group","Sugar maple / beech / yellow birch",8.30390143737166,0,0,0,0,0,0,0.555083241759359,75.0967188859055,9.56654587612478,"Maple / beech / birch group","Sugar maple / beech / yellow birch",67,45.8957,1.71911161067647,138.415058,4460.37456608463,55.6700844033192,NA,NA,NA,NA,NA,NA,NA,NA,NA,4460.37456608463,21221,"Trigg","KY",3
657097002126144,"MBB",15,1.1216002294162,0.987369669656766,1.7683896950462,3.83199230462884,2.54589070823161,3.62035545540814,1.85196576036194,-0.2116368492207,1.07446474717654,258768899010854,"Maple / beech / birch group","Sugar maple / beech / yellow birch",72,43.7691,1.64676362006103,75.0967188859055,150.45115,5315.14337262933,62.5073795520179,9.56654587612478,2012,114.145820475313,74724993010478,NA,NA,NA,NA,155440121010478,2007,"2008-04-16",0,0,0,NA,92.5333341845031,0,9.79061240701254,0,72.3632707903682,"2012-06-25",0,0,0,NA,0,0,"223","223Eg",21,221,32,7,36.772449,-87.966007,801,40,0,2018,8.3,"2020-10-14",0,0,0,78,4,33,2,1,1,43.7288,470,36,310,0,NA,22,0,1.56803571076577,0,1.45975613433721,113.847980710091,84.0642774607038,150.45115,9372.037326,5667.42108138236,61.7296300121428,10.1216291178841,800,"Maple / beech / birch group","Sugar maple / beech / yellow birch",8.30390143737166,0,0,0,0,0,0,0.555083241759359,75.0967188859055,9.56654587612478,"Maple / beech / birch group","Sugar maple / beech / yellow birch",67,45.8957,1.71911161067647,138.415058,4460.37456608463,55.6700844033192,NA,NA,NA,NA,NA,NA,NA,NA,NA,4460.37456608463,21221,"Trigg","KY",3
657097002126144,"MBB",20,0.622575297776348,0.740579702509042,0.981593719494041,2.52940529773794,1.81551895628773,2.71545890919982,1.73386518970578,0.186053611461881,0.899939952912093,258768899010854,"Maple / beech / birch group","Sugar maple / beech / yellow birch",72,43.7691,1.64676362006103,75.0967188859055,150.45115,5315.14337262933,62.5073795520179,9.56654587612478,2012,114.145820475313,74724993010478,NA,NA,NA,NA,155440121010478,2007,"2008-04-16",0,0,0,NA,92.5333341845031,0,9.79061240701254,0,72.3632707903682,"2012-06-25",0,0,0,NA,0,0,"223","223Eg",21,221,32,7,36.772449,-87.966007,801,40,0,2018,8.3,"2020-10-14",0,0,0,78,4,33,2,1,1,43.7288,470,36,310,0,NA,22,0,1.56803571076577,0,1.45975613433721,113.847980710091,84.0642774607038,150.45115,9372.037326,5667.42108138236,61.7296300121428,10.1216291178841,800,"Maple / beech / birch group","Sugar maple / beech / yellow birch",8.30390143737166,0,0,0,0,0,0,0.555083241759359,75.0967188859055,9.56654587612478,"Maple / beech / birch group","Sugar maple / beech / yellow birch",67,45.8957,1.71911161067647,138.415058,4460.37456608463,55.6700844033192,NA,NA,NA,NA,NA,NA,NA,NA,NA,4460.37456608463,21221,"Trigg","KY",3
657097022126144,"MBB",0,0,0,0,0,0,0,0,0,0,NA,NA,NA,NA,NA,NA,NA,NA,NA,NA,NA,NA,NA,NA,NA,NA,NA,NA,NA,NA,NA,NA,NA,NA,NA,NA,NA,NA,NA,NA,NA,NA,NA,NA,NA,NA,NA,NA,NA,NA,NA,NA,NA,NA,NA,NA,NA,NA,NA,NA,NA,NA,NA,NA,NA,NA,NA,NA,NA,NA,NA,NA,NA,NA,NA,NA,NA,NA,NA,NA,NA,NA,NA,NA,NA,NA,NA,NA,NA,NA,NA,NA,NA,NA,NA,NA,NA,NA,NA,NA,NA,NA,NA,NA,NA,NA,NA,NA,NA,NA,NA,NA,NA,NA,NA,NA,NA,NA,NA,NA,NA,NA,NA
657097022126144,"MBB",5,1.5202943981166,1.27486725110936,2.39699750103051,5.06147005584908,4.16983823711549,4.67451325406766,2.27751575303715,-0.386956801781418,0.504675016952169,NA,NA,NA,NA,NA,NA,NA,NA,NA,NA,NA,NA,NA,NA,NA,NA,NA,NA,NA,NA,NA,NA,NA,NA,NA,NA,NA,NA,NA,NA,NA,NA,NA,NA,NA,NA,NA,NA,NA,NA,NA,NA,NA,NA,NA,NA,NA,NA,NA,NA,NA,NA,NA,NA,NA,NA,NA,NA,NA,NA,NA,NA,NA,NA,NA,NA,NA,NA,NA,NA,NA,NA,NA,NA,NA,NA,NA,NA,NA,NA,NA,NA,NA,NA,NA,NA,NA,NA,NA,NA,NA,NA,NA,NA,NA,NA,NA,NA,NA,NA,NA,NA,NA,NA,NA,NA,NA,NA,NA,NA,NA,NA,NA
657097022126144,"MBB",10,1.77348193514942,1.62419363926863,2.79618985108558,6.19075455715703,5.2862735185713,5.95537667731833,3.15918682623275,-0.235377879838701,0.669103158747026,NA,NA,NA,NA,NA,NA,NA,NA,NA,NA,NA,NA,NA,NA,NA,NA,NA,NA,NA,NA,NA,NA,NA,NA,NA,NA,NA,NA,NA,NA,NA,NA,NA,NA,NA,NA,NA,NA,NA,NA,NA,NA,NA,NA,NA,NA,NA,NA,NA,NA,NA,NA,NA,NA,NA,NA,NA,NA,NA,NA,NA,NA,NA,NA,NA,NA,NA,NA,NA,NA,NA,NA,NA,NA,NA,NA,NA,NA,NA,NA,NA,NA,NA,NA,NA,NA,NA,NA,NA,NA,NA,NA,NA,NA,NA,NA,NA,NA,NA,NA,NA,NA,NA,NA,NA,NA,NA,NA,NA,NA,NA,NA,NA
657097022126144,"MBB",15,0.803061120304601,1.08876449169302,1.26615969968025,3.54167748731867,2.6208340693694,3.99213646954108,2.72597676986083,0.450458982222411,1.37130240017169,NA,NA,NA,NA,NA,NA,NA,NA,NA,NA,NA,NA,NA,NA,NA,NA,NA,NA,NA,NA,NA,NA,NA,NA,NA,NA,NA,NA,NA,NA,NA,NA,NA,NA,NA,NA,NA,NA,NA,NA,NA,NA,NA,NA,NA,NA,NA,NA,NA,NA,NA,NA,NA,NA,NA,NA,NA,NA,NA,NA,NA,NA,NA,NA,NA,NA,NA,NA,NA,NA,NA,NA,NA,NA,NA,NA,NA,NA,NA,NA,NA,NA,NA,NA,NA,NA,NA,NA,NA,NA,NA,NA,NA,NA,NA,NA,NA,NA,NA,NA,NA,NA,NA,NA,NA,NA,NA,NA,NA,NA,NA,NA,NA
657097022126144,"MBB",20,0.364233510907161,0.484107827119587,0.57427483553029,1.58606019421023,1.16840576837002,1.77506203277182,1.20078719724153,0.189001838561591,0.606656264401803,NA,NA,NA,NA,NA,NA,NA,NA,NA,NA,NA,NA,NA,NA,NA,NA,NA,NA,NA,NA,NA,NA,NA,NA,NA,NA,NA,NA,NA,NA,NA,NA,NA,NA,NA,NA,NA,NA,NA,NA,NA,NA,NA,NA,NA,NA,NA,NA,NA,NA,NA,NA,NA,NA,NA,NA,NA,NA,NA,NA,NA,NA,NA,NA,NA,NA,NA,NA,NA,NA,NA,NA,NA,NA,NA,NA,NA,NA,NA,NA,NA,NA,NA,NA,NA,NA,NA,NA,NA,NA,NA,NA,NA,NA,NA,NA,NA,NA,NA,NA,NA,NA,NA,NA,NA,NA,NA,NA,NA,NA,NA,NA,NA
657097053126144,"MBB",0,0,0,0,0,0,0,0,0,0,258769189010854,"Maple / beech / birch group","Sugar maple / beech / yellow birch",60,45.3952,1.75270129159118,70.9197012450225,150.45115,3794.90316176614,61.7475657381917,9.29668521570995,2012,93.1902389963451,74627083010478,NA,NA,NA,NA,155474101010478,2007,"2007-10-30",0,0,0,12,77.7130692806889,0.305229309016462,9.72107519038624,10,108.559362821712,"2012-10-17",0,0,0,NA,0,0,"221","221Hb",21,43,39,2,38.410681,-83.128634,801,40,0,2018,8.1,"2020-11-16",0,0,0,60,5,31,2,1,1,35.8886,800,50,75,0,NA,22,0,1.72698947215163,0,1.72987243543989,125.523083471813,83.2923104856836,156.469196,10398.32533,5857.66925664197,72.7387394706457,9.87939756026885,800,"Maple / beech / birch group","Sugar maple / beech / yellow birch",8.08213552361396,0,0,0,1,1,0.305229309016462,NA,NA,NA,"Maple / beech / birch group","Sugar maple / beech / yellow birch",50,38.3022,1.8342004361357,210.63161,3455.85326255422,67.1868843956545,NA,NA,NA,NA,NA,NA,NA,NA,NA,3455.85326255422,21043,"Carter","KY",6
657097053126144,"MBB",5,-0.108412913575587,0.855085760983407,-0.170931027070842,1.61619821338448,2.6163180776568,3.13531445693916,3.30624548401,1.51911624355468,0.51899637928236,258769189010854,"Maple / beech / birch group","Sugar maple / beech / yellow birch",60,45.3952,1.75270129159118,70.9197012450225,150.45115,3794.90316176614,61.7475657381917,9.29668521570995,2012,93.1902389963451,74627083010478,NA,NA,NA,NA,155474101010478,2007,"2007-10-30",0,0,0,12,77.7130692806889,0.305229309016462,9.72107519038624,10,108.559362821712,"2012-10-17",0,0,0,NA,0,0,"221","221Hb",21,43,39,2,38.410681,-83.128634,801,40,0,2018,8.1,"2020-11-16",0,0,0,60,5,31,2,1,1,35.8886,800,50,75,0,NA,22,0,1.72698947215163,0,1.72987243543989,125.523083471813,83.2923104856836,156.469196,10398.32533,5857.66925664197,72.7387394706457,9.87939756026885,800,"Maple / beech / birch group","Sugar maple / beech / yellow birch",8.08213552361396,0,0,0,1,1,0.305229309016462,NA,NA,NA,"Maple / beech / birch group","Sugar maple / beech / yellow birch",50,38.3022,1.8342004361357,210.63161,3455.85326255422,67.1868843956545,NA,NA,NA,NA,NA,NA,NA,NA,NA,3455.85326255422,21043,"Carter","KY",6
657097053126144,"MBB",10,0.940822921991618,0.809519532498835,1.48336414034012,3.17525996326268,2.64385182761507,2.96823828582906,1.48487414548895,-0.20702167743362,0.324386458213991,258769189010854,"Maple / beech / birch group","Sugar maple / beech / yellow birch",60,45.3952,1.75270129159118,70.9197012450225,150.45115,3794.90316176614,61.7475657381917,9.29668521570995,2012,93.1902389963451,74627083010478,NA,NA,NA,NA,155474101010478,2007,"2007-10-30",0,0,0,12,77.7130692806889,0.305229309016462,9.72107519038624,10,108.559362821712,"2012-10-17",0,0,0,NA,0,0,"221","221Hb",21,43,39,2,38.410681,-83.128634,801,40,0,2018,8.1,"2020-11-16",0,0,0,60,5,31,2,1,1,35.8886,800,50,75,0,NA,22,0,1.72698947215163,0,1.72987243543989,125.523083471813,83.2923104856836,156.469196,10398.32533,5857.66925664197,72.7387394706457,9.87939756026885,800,"Maple / beech / birch group","Sugar maple / beech / yellow birch",8.08213552361396,0,0,0,1,1,0.305229309016462,NA,NA,NA,"Maple / beech / birch group","Sugar maple / beech / yellow birch",50,38.3022,1.8342004361357,210.63161,3455.85326255422,67.1868843956545,NA,NA,NA,NA,NA,NA,NA,NA,NA,3455.85326255422,21043,"Carter","KY",6
657097053126144,"MBB",15,1.26929360461645,1.05395178987407,2.00125291661194,4.20401215744875,2.74855549082189,3.86448989620493,1.86323697959299,-0.339522261243818,1.11593440538305,258769189010854,"Maple / beech / birch group","Sugar maple / beech / yellow birch",60,45.3952,1.75270129159118,70.9197012450225,150.45115,3794.90316176614,61.7475657381917,9.29668521570995,2012,93.1902389963451,74627083010478,NA,NA,NA,NA,155474101010478,2007,"2007-10-30",0,0,0,12,77.7130692806889,0.305229309016462,9.72107519038624,10,108.559362821712,"2012-10-17",0,0,0,NA,0,0,"221","221Hb",21,43,39,2,38.410681,-83.128634,801,40,0,2018,8.1,"2020-11-16",0,0,0,60,5,31,2,1,1,35.8886,800,50,75,0,NA,22,0,1.72698947215163,0,1.72987243543989,125.523083471813,83.2923104856836,156.469196,10398.32533,5857.66925664197,72.7387394706457,9.87939756026885,800,"Maple / beech / birch group","Sugar maple / beech / yellow birch",8.08213552361396,0,0,0,1,1,0.305229309016462,NA,NA,NA,"Maple / beech / birch group","Sugar maple / beech / yellow birch",50,38.3022,1.8342004361357,210.63161,3455.85326255422,67.1868843956545,NA,NA,NA,NA,NA,NA,NA,NA,NA,3455.85326255422,21043,"Carter","KY",6
657097053126144,"MBB",20,1.15557739308286,1.10076805420446,1.82196035642731,4.12256558971462,2.79750351231294,4.036149532083,2.2141891756557,-0.0864160576316149,1.23864601977006,258769189010854,"Maple / beech / birch group","Sugar maple / beech / yellow birch",60,45.3952,1.75270129159118,70.9197012450225,150.45115,3794.90316176614,61.7475657381917,9.29668521570995,2012,93.1902389963451,74627083010478,NA,NA,NA,NA,155474101010478,2007,"2007-10-30",0,0,0,12,77.7130692806889,0.305229309016462,9.72107519038624,10,108.559362821712,"2012-10-17",0,0,0,NA,0,0,"221","221Hb",21,43,39,2,38.410681,-83.128634,801,40,0,2018,8.1,"2020-11-16",0,0,0,60,5,31,2,1,1,35.8886,800,50,75,0,NA,22,0,1.72698947215163,0,1.72987243543989,125.523083471813,83.2923104856836,156.469196,10398.32533,5857.66925664197,72.7387394706457,9.87939756026885,800,"Maple / beech / birch group","Sugar maple / beech / yellow birch",8.08213552361396,0,0,0,1,1,0.305229309016462,NA,NA,NA,"Maple / beech / birch group","Sugar maple / beech / yellow birch",50,38.3022,1.8342004361357,210.63161,3455.85326255422,67.1868843956545,NA,NA,NA,NA,NA,NA,NA,NA,NA,3455.85326255422,21043,"Carter","KY",6
657097147126144,"MBB",0,0,0,0,0,0,0,0,0,0,NA,NA,NA,NA,NA,NA,NA,NA,NA,NA,NA,NA,NA,NA,NA,NA,NA,NA,NA,NA,NA,NA,NA,NA,NA,NA,NA,NA,NA,NA,NA,NA,NA,NA,NA,NA,NA,NA,NA,NA,NA,NA,NA,NA,NA,NA,NA,NA,NA,NA,NA,NA,NA,NA,NA,NA,NA,NA,NA,NA,NA,NA,NA,NA,NA,NA,NA,NA,NA,NA,NA,NA,NA,NA,NA,NA,NA,NA,NA,NA,NA,NA,NA,NA,NA,NA,NA,NA,NA,NA,NA,NA,NA,NA,NA,NA,NA,NA,NA,NA,NA,NA,NA,NA,NA,NA,NA,NA,NA,NA,NA,NA,NA
657097147126144,"MBB",5,-1.72600320710282,-0.399912063888087,-2.72133172319879,-3.55714793672489,-1.50788966991176,-1.46634423425632,1.25498748894247,2.09080370246857,0.041545435655441,NA,NA,NA,NA,NA,NA,NA,NA,NA,NA,NA,NA,NA,NA,NA,NA,NA,NA,NA,NA,NA,NA,NA,NA,NA,NA,NA,NA,NA,NA,NA,NA,NA,NA,NA,NA,NA,NA,NA,NA,NA,NA,NA,NA,NA,NA,NA,NA,NA,NA,NA,NA,NA,NA,NA,NA,NA,NA,NA,NA,NA,NA,NA,NA,NA,NA,NA,NA,NA,NA,NA,NA,NA,NA,NA,NA,NA,NA,NA,NA,NA,NA,NA,NA,NA,NA,NA,NA,NA,NA,NA,NA,NA,NA,NA,NA,NA,NA,NA,NA,NA,NA,NA,NA,NA,NA,NA,NA,NA,NA,NA,NA,NA
657097147126144,"MBB",10,1.04188870442104,-1.95774095414685,1.64271119063717,-2.44896740352975,-5.86313994606494,-7.17838349853846,-8.82109468917563,-4.72941609500871,-1.31524355247352,NA,NA,NA,NA,NA,NA,NA,NA,NA,NA,NA,NA,NA,NA,NA,NA,NA,NA,NA,NA,NA,NA,NA,NA,NA,NA,NA,NA,NA,NA,NA,NA,NA,NA,NA,NA,NA,NA,NA,NA,NA,NA,NA,NA,NA,NA,NA,NA,NA,NA,NA,NA,NA,NA,NA,NA,NA,NA,NA,NA,NA,NA,NA,NA,NA,NA,NA,NA,NA,NA,NA,NA,NA,NA,NA,NA,NA,NA,NA,NA,NA,NA,NA,NA,NA,NA,NA,NA,NA,NA,NA,NA,NA,NA,NA,NA,NA,NA,NA,NA,NA,NA,NA,NA,NA,NA,NA,NA,NA,NA,NA,NA,NA
657097147126144,"MBB",15,1.02562289266706,-0.406367967121123,1.61706542743839,0.767756376155244,-0.408291207436314,-1.49001587944412,-3.10708130688251,-2.25777225559936,-1.0817246720078,NA,NA,NA,NA,NA,NA,NA,NA,NA,NA,NA,NA,NA,NA,NA,NA,NA,NA,NA,NA,NA,NA,NA,NA,NA,NA,NA,NA,NA,NA,NA,NA,NA,NA,NA,NA,NA,NA,NA,NA,NA,NA,NA,NA,NA,NA,NA,NA,NA,NA,NA,NA,NA,NA,NA,NA,NA,NA,NA,NA,NA,NA,NA,NA,NA,NA,NA,NA,NA,NA,NA,NA,NA,NA,NA,NA,NA,NA,NA,NA,NA,NA,NA,NA,NA,NA,NA,NA,NA,NA,NA,NA,NA,NA,NA,NA,NA,NA,NA,NA,NA,NA,NA,NA,NA,NA,NA,NA,NA,NA,NA,NA,NA
657097147126144,"MBB",20,0.82004228880643,0.935966894477599,1.29293334201814,3.24910415147632,2.30878899364495,3.43187861308453,2.13894527106639,0.182774461608211,1.12308961943958,NA,NA,NA,NA,NA,NA,NA,NA,NA,NA,NA,NA,NA,NA,NA,NA,NA,NA,NA,NA,NA,NA,NA,NA,NA,NA,NA,NA,NA,NA,NA,NA,NA,NA,NA,NA,NA,NA,NA,NA,NA,NA,NA,NA,NA,NA,NA,NA,NA,NA,NA,NA,NA,NA,NA,NA,NA,NA,NA,NA,NA,NA,NA,NA,NA,NA,NA,NA,NA,NA,NA,NA,NA,NA,NA,NA,NA,NA,NA,NA,NA,NA,NA,NA,NA,NA,NA,NA,NA,NA,NA,NA,NA,NA,NA,NA,NA,NA,NA,NA,NA,NA,NA,NA,NA,NA,NA,NA,NA,NA,NA,NA,NA
657097179126144,"MBB",0,0,0,0,0,0,0,0,0,0,258769546010854,"Maple / beech / birch group","Hard maple / basswood",56,41.9474,2.07660418550223,119.783791194014,240.72184,7295.9877752082,66.0893689495786,9.55176685226351,2012,145.783073032065,74709380010478,NA,NA,NA,NA,155440325010478,2007,"2007-08-28",0,0,0,NA,141.570892323928,0,9.29521665328888,0,107.763891709664,"2012-10-08",0,0,0,NA,0,0,"223","223Fc",21,223,28,4,38.699659,-85.338101,801,40,0,2018,7.8,"2020-07-22",12,0,0,60,4,36,2,1,1,55.107,870,45,47,0,NA,22,0,1.96826993748087,0,1.4636533713933,146.273780104593,131.210294095044,216.649656,12170.206784,3642.55007452635,64.6055388519456,10.5377377395087,800,"Maple / beech / birch group","Sugar maple / beech / yellow birch",7.7864476386037,0,0,0,0,0,0,0.985970887245225,119.783791194014,9.55176685226351,"Maple / beech / birch group","Hard maple / basswood",51,33.1171,2.18280139309431,228.685748,5625.2565628444,62.1223913178111,NA,NA,NA,NA,NA,NA,NA,NA,NA,5625.2565628444,21223,"Trimble","KY",3
657097179126144,"MBB",5,0.138203964843748,0.129088389706143,0.21790158457031,0.48769631905615,0.419704874669921,0.473324095589192,0.255422511018882,-0.0143722234669573,0.0536192209192711,258769546010854,"Maple / beech / birch group","Hard maple / basswood",56,41.9474,2.07660418550223,119.783791194014,240.72184,7295.9877752082,66.0893689495786,9.55176685226351,2012,145.783073032065,74709380010478,NA,NA,NA,NA,155440325010478,2007,"2007-08-28",0,0,0,NA,141.570892323928,0,9.29521665328888,0,107.763891709664,"2012-10-08",0,0,0,NA,0,0,"223","223Fc",21,223,28,4,38.699659,-85.338101,801,40,0,2018,7.8,"2020-07-22",12,0,0,60,4,36,2,1,1,55.107,870,45,47,0,NA,22,0,1.96826993748087,0,1.4636533713933,146.273780104593,131.210294095044,216.649656,12170.206784,3642.55007452635,64.6055388519456,10.5377377395087,800,"Maple / beech / birch group","Sugar maple / beech / yellow birch",7.7864476386037,0,0,0,0,0,0,0.985970887245225,119.783791194014,9.55176685226351,"Maple / beech / birch group","Hard maple / basswood",51,33.1171,2.18280139309431,228.685748,5625.2565628444,62.1223913178111,NA,NA,NA,NA,NA,NA,NA,NA,NA,5625.2565628444,21223,"Trimble","KY",3
657097179126144,"MBB",10,-0.630309033727379,0.758559632229571,-0.993787243176834,0.591602388182971,2.2355142218707,2.7813853181751,3.77517256135193,2.18978292999212,0.545871096304396,258769546010854,"Maple / beech / birch group","Hard maple / basswood",56,41.9474,2.07660418550223,119.783791194014,240.72184,7295.9877752082,66.0893689495786,9.55176685226351,2012,145.783073032065,74709380010478,NA,NA,NA,NA,155440325010478,2007,"2007-08-28",0,0,0,NA,141.570892323928,0,9.29521665328888,0,107.763891709664,"2012-10-08",0,0,0,NA,0,0,"223","223Fc",21,223,28,4,38.699659,-85.338101,801,40,0,2018,7.8,"2020-07-22",12,0,0,60,4,36,2,1,1,55.107,870,45,47,0,NA,22,0,1.96826993748087,0,1.4636533713933,146.273780104593,131.210294095044,216.649656,12170.206784,3642.55007452635,64.6055388519456,10.5377377395087,800,"Maple / beech / birch group","Sugar maple / beech / yellow birch",7.7864476386037,0,0,0,0,0,0,0.985970887245225,119.783791194014,9.55176685226351,"Maple / beech / birch group","Hard maple / basswood",51,33.1171,2.18280139309431,228.685748,5625.2565628444,62.1223913178111,NA,NA,NA,NA,NA,NA,NA,NA,NA,5625.2565628444,21223,"Trimble","KY",3
657097179126144,"MBB",15,0.671310470784503,1.46177365675307,1.05843284227023,4.11353978488414,3.34377044505124,5.35983674142791,4.30140389915767,1.24629695654377,2.01606629637666,258769546010854,"Maple / beech / birch group","Hard maple / basswood",56,41.9474,2.07660418550223,119.783791194014,240.72184,7295.9877752082,66.0893689495786,9.55176685226351,2012,145.783073032065,74709380010478,NA,NA,NA,NA,155440325010478,2007,"2007-08-28",0,0,0,NA,141.570892323928,0,9.29521665328888,0,107.763891709664,"2012-10-08",0,0,0,NA,0,0,"223","223Fc",21,223,28,4,38.699659,-85.338101,801,40,0,2018,7.8,"2020-07-22",12,0,0,60,4,36,2,1,1,55.107,870,45,47,0,NA,22,0,1.96826993748087,0,1.4636533713933,146.273780104593,131.210294095044,216.649656,12170.206784,3642.55007452635,64.6055388519456,10.5377377395087,800,"Maple / beech / birch group","Sugar maple / beech / yellow birch",7.7864476386037,0,0,0,0,0,0,0.985970887245225,119.783791194014,9.55176685226351,"Maple / beech / birch group","Hard maple / basswood",51,33.1171,2.18280139309431,228.685748,5625.2565628444,62.1223913178111,NA,NA,NA,NA,NA,NA,NA,NA,NA,5625.2565628444,21223,"Trimble","KY",3
657097179126144,"MBB",20,1.02083361748107,1.43223126585495,1.60951433689515,4.602877682532,3.43232180115371,5.25151464146815,3.642000304573,0.648636958936155,1.81919284031445,258769546010854,"Maple / beech / birch group","Hard maple / basswood",56,41.9474,2.07660418550223,119.783791194014,240.72184,7295.9877752082,66.0893689495786,9.55176685226351,2012,145.783073032065,74709380010478,NA,NA,NA,NA,155440325010478,2007,"2007-08-28",0,0,0,NA,141.570892323928,0,9.29521665328888,0,107.763891709664,"2012-10-08",0,0,0,NA,0,0,"223","223Fc",21,223,28,4,38.699659,-85.338101,801,40,0,2018,7.8,"2020-07-22",12,0,0,60,4,36,2,1,1,55.107,870,45,47,0,NA,22,0,1.96826993748087,0,1.4636533713933,146.273780104593,131.210294095044,216.649656,12170.206784,3642.55007452635,64.6055388519456,10.5377377395087,800,"Maple / beech / birch group","Sugar maple / beech / yellow birch",7.7864476386037,0,0,0,0,0,0,0.985970887245225,119.783791194014,9.55176685226351,"Maple / beech / birch group","Hard maple / basswood",51,33.1171,2.18280139309431,228.685748,5625.2565628444,62.1223913178111,NA,NA,NA,NA,NA,NA,NA,NA,NA,5625.2565628444,21223,"Trimble","KY",3
657097212126144,"MBB",0,0,0,0,0,0,0,0,0,0,258769391010854,"Elm / ash / cottonwood group","Sugarberry / hackberry / elm / green ash",70,35.4968,2.18779808857837,114.396318701834,90.27069,10924.839531303,101.046041801553,15.2431624015491,2012,262.808574286085,74616363010478,NA,NA,NA,NA,155461028010478,2007,"2008-07-02",0,0,0,12,217.461764656323,0.224844733021455,15.8431621917878,10,140.05650817244,"2012-09-04",0,0,0,NA,0,0,"223","223Fa",21,191,27,4,38.788396,-84.350344,801,40,0,2018,7.4,"2020-01-13",0,0,0,78,3,33,2,1,1,31.0917,520,43,272,0,NA,22,0,2.17675776225973,0,2.17675776225973,239.979088848885,136.500251168835,120.36092,19742.788196,8531.18994138463,90.0078832144114,14.4200381414197,800,"Maple / beech / birch group","Sugar maple / beech / yellow birch",7.35660506502396,0,0,0,1,1,0.224844733021455,NA,NA,NA,"Elm / ash / cottonwood group","Sugarberry / hackberry / elm / green ash",65,27.9253,2.20603462062183,102.306782,8505.80159868834,100.584150323506,NA,NA,NA,NA,NA,NA,NA,NA,NA,8505.80159868834,21191,"Pendleton","KY",3
657097212126144,"MBB",5,-2.1747578639856,0.151055258842618,-3.4288682322173,-3.11316274123622,0.117288938997567,0.553869282422932,3.98273751464023,3.66703202365916,0.436580343425365,258769391010854,"Elm / ash / cottonwood group","Sugarberry / hackberry / elm / green ash",70,35.4968,2.18779808857837,114.396318701834,90.27069,10924.839531303,101.046041801553,15.2431624015491,2012,262.808574286085,74616363010478,NA,NA,NA,NA,155461028010478,2007,"2008-07-02",0,0,0,12,217.461764656323,0.224844733021455,15.8431621917878,10,140.05650817244,"2012-09-04",0,0,0,NA,0,0,"223","223Fa",21,191,27,4,38.788396,-84.350344,801,40,0,2018,7.4,"2020-01-13",0,0,0,78,3,33,2,1,1,31.0917,520,43,272,0,NA,22,0,2.17675776225973,0,2.17675776225973,239.979088848885,136.500251168835,120.36092,19742.788196,8531.18994138463,90.0078832144114,14.4200381414197,800,"Maple / beech / birch group","Sugar maple / beech / yellow birch",7.35660506502396,0,0,0,1,1,0.224844733021455,NA,NA,NA,"Elm / ash / cottonwood group","Sugarberry / hackberry / elm / green ash",65,27.9253,2.20603462062183,102.306782,8505.80159868834,100.584150323506,NA,NA,NA,NA,NA,NA,NA,NA,NA,8505.80159868834,21191,"Pendleton","KY",3
657097212126144,"MBB",10,0.444355856171285,0.122622364112385,0.700601066563392,0.956881807558277,0.448773818453552,0.449615335078746,-0.250985731484647,-0.507266472479532,0.000841516625193717,258769391010854,"Elm / ash / cottonwood group","Sugarberry / hackberry / elm / green ash",70,35.4968,2.18779808857837,114.396318701834,90.27069,10924.839531303,101.046041801553,15.2431624015491,2012,262.808574286085,74616363010478,NA,NA,NA,NA,155461028010478,2007,"2008-07-02",0,0,0,12,217.461764656323,0.224844733021455,15.8431621917878,10,140.05650817244,"2012-09-04",0,0,0,NA,0,0,"223","223Fa",21,191,27,4,38.788396,-84.350344,801,40,0,2018,7.4,"2020-01-13",0,0,0,78,3,33,2,1,1,31.0917,520,43,272,0,NA,22,0,2.17675776225973,0,2.17675776225973,239.979088848885,136.500251168835,120.36092,19742.788196,8531.18994138463,90.0078832144114,14.4200381414197,800,"Maple / beech / birch group","Sugar maple / beech / yellow birch",7.35660506502396,0,0,0,1,1,0.224844733021455,NA,NA,NA,"Elm / ash / cottonwood group","Sugarberry / hackberry / elm / green ash",65,27.9253,2.20603462062183,102.306782,8505.80159868834,100.584150323506,NA,NA,NA,NA,NA,NA,NA,NA,NA,8505.80159868834,21191,"Pendleton","KY",3
657097212126144,"MBB",15,1.40731834095169,0.671183111806853,2.21887191756717,3.62164462124349,2.00791959028555,2.46100474329179,0.242132825724624,-1.1606398779517,0.453085153006243,258769391010854,"Elm / ash / cottonwood group","Sugarberry / hackberry / elm / green ash",70,35.4968,2.18779808857837,114.396318701834,90.27069,10924.839531303,101.046041801553,15.2431624015491,2012,262.808574286085,74616363010478,NA,NA,NA,NA,155461028010478,2007,"2008-07-02",0,0,0,12,217.461764656323,0.224844733021455,15.8431621917878,10,140.05650817244,"2012-09-04",0,0,0,NA,0,0,"223","223Fa",21,191,27,4,38.788396,-84.350344,801,40,0,2018,7.4,"2020-01-13",0,0,0,78,3,33,2,1,1,31.0917,520,43,272,0,NA,22,0,2.17675776225973,0,2.17675776225973,239.979088848885,136.500251168835,120.36092,19742.788196,8531.18994138463,90.0078832144114,14.4200381414197,800,"Maple / beech / birch group","Sugar maple / beech / yellow birch",7.35660506502396,0,0,0,1,1,0.224844733021455,NA,NA,NA,"Elm / ash / cottonwood group","Sugarberry / hackberry / elm / green ash",65,27.9253,2.20603462062183,102.306782,8505.80159868834,100.584150323506,NA,NA,NA,NA,NA,NA,NA,NA,NA,8505.80159868834,21191,"Pendleton","KY",3
657097212126144,"MBB",20,1.03481131419539,0.632898959361091,1.63155250538139,2.95431133044607,1.7677276901687,2.32062951765733,0.689077012275943,-0.633681812788738,0.552901827488638,258769391010854,"Elm / ash / cottonwood group","Sugarberry / hackberry / elm / green ash",70,35.4968,2.18779808857837,114.396318701834,90.27069,10924.839531303,101.046041801553,15.2431624015491,2012,262.808574286085,74616363010478,NA,NA,NA,NA,155461028010478,2007,"2008-07-02",0,0,0,12,217.461764656323,0.224844733021455,15.8431621917878,10,140.05650817244,"2012-09-04",0,0,0,NA,0,0,"223","223Fa",21,191,27,4,38.788396,-84.350344,801,40,0,2018,7.4,"2020-01-13",0,0,0,78,3,33,2,1,1,31.0917,520,43,272,0,NA,22,0,2.17675776225973,0,2.17675776225973,239.979088848885,136.500251168835,120.36092,19742.788196,8531.18994138463,90.0078832144114,14.4200381414197,800,"Maple / beech / birch group","Sugar maple / beech / yellow birch",7.35660506502396,0,0,0,1,1,0.224844733021455,NA,NA,NA,"Elm / ash / cottonwood group","Sugarberry / hackberry / elm / green ash",65,27.9253,2.20603462062183,102.306782,8505.80159868834,100.584150323506,NA,NA,NA,NA,NA,NA,NA,NA,NA,8505.80159868834,21191,"Pendleton","KY",3
657097344126144,"MBB",0,0,0,0,0,0,0,0,0,0,258769369010854,"Oak / hickory group","White oak / red oak / hickory",45,56.9658,1.64612109883033,78.4872751698227,96.288736,9215.0520730159,78.2971408520972,12.225153373271,2012,139.566044098034,74604230010478,NA,NA,NA,NA,155451497010478,2007,"2008-09-17",0,0,0,NA,128.355812739233,0,11.7177017086685,0,81.1200142252249,"2013-01-24",0,0,0,NA,0,0,"221","221Ej",21,137,7,4,37.427318,-84.567901,801,40,0,2018,7.6,"2020-08-20",12,0,0,52,5,31,2,1,1,45.5481,1120,34,164,10,12,22,0.254897787162306,1.5905488455793,1,1.77571479782934,117.376645402633,88.7821823727768,108.324828,9704.528382,7084.21629313338,81.5702252913327,12.2586130718138,800,"Maple / beech / birch group","Sugar maple / beech / yellow birch",7.57015742642026,1,1,0,0,1,0.254897787162306,0.0334596985427833,78.4872751698227,12.225153373271,"Oak / hickory group","White oak / red oak / hickory",40,42.1378,1.68044687463412,108.324828,5376.75541142986,77.4313573884914,NA,NA,NA,NA,NA,NA,NA,NA,NA,5376.75541142986,21137,"Lincoln","KY",3
657097344126144,"MBB",5,1.27043978236903,1.2114518292489,2.00306005686851,4.53499437999871,3.93454199926565,4.44199004057929,2.43892998371078,-0.0930043394194131,0.507448041313642,258769369010854,"Oak / hickory group","White oak / red oak / hickory",45,56.9658,1.64612109883033,78.4872751698227,96.288736,9215.0520730159,78.2971408520972,12.225153373271,2012,139.566044098034,74604230010478,NA,NA,NA,NA,155451497010478,2007,"2008-09-17",0,0,0,NA,128.355812739233,0,11.7177017086685,0,81.1200142252249,"2013-01-24",0,0,0,NA,0,0,"221","221Ej",21,137,7,4,37.427318,-84.567901,801,40,0,2018,7.6,"2020-08-20",12,0,0,52,5,31,2,1,1,45.5481,1120,34,164,10,12,22,0.254897787162306,1.5905488455793,1,1.77571479782934,117.376645402633,88.7821823727768,108.324828,9704.528382,7084.21629313338,81.5702252913327,12.2586130718138,800,"Maple / beech / birch group","Sugar maple / beech / yellow birch",7.57015742642026,1,1,0,0,1,0.254897787162306,0.0334596985427833,78.4872751698227,12.225153373271,"Oak / hickory group","White oak / red oak / hickory",40,42.1378,1.68044687463412,108.324828,5376.75541142986,77.4313573884914,NA,NA,NA,NA,NA,NA,NA,NA,NA,5376.75541142986,21137,"Lincoln","KY",3
657097344126144,"MBB",10,1.25304525826048,0.841028797575488,1.97563469052403,3.7333848774568,2.79085593785418,3.08377225777679,1.10813756725276,-0.64961261968001,0.292916319922609,258769369010854,"Oak / hickory group","White oak / red oak / hickory",45,56.9658,1.64612109883033,78.4872751698227,96.288736,9215.0520730159,78.2971408520972,12.225153373271,2012,139.566044098034,74604230010478,NA,NA,NA,NA,155451497010478,2007,"2008-09-17",0,0,0,NA,128.355812739233,0,11.7177017086685,0,81.1200142252249,"2013-01-24",0,0,0,NA,0,0,"221","221Ej",21,137,7,4,37.427318,-84.567901,801,40,0,2018,7.6,"2020-08-20",12,0,0,52,5,31,2,1,1,45.5481,1120,34,164,10,12,22,0.254897787162306,1.5905488455793,1,1.77571479782934,117.376645402633,88.7821823727768,108.324828,9704.528382,7084.21629313338,81.5702252913327,12.2586130718138,800,"Maple / beech / birch group","Sugar maple / beech / yellow birch",7.57015742642026,1,1,0,0,1,0.254897787162306,0.0334596985427833,78.4872751698227,12.225153373271,"Oak / hickory group","White oak / red oak / hickory",40,42.1378,1.68044687463412,108.324828,5376.75541142986,77.4313573884914,NA,NA,NA,NA,NA,NA,NA,NA,NA,5376.75541142986,21137,"Lincoln","KY",3
657097344126144,"MBB",15,0.470039692345618,0.322960233996383,0.741095914931591,1.41608280398403,0.877103956761057,1.18418752465341,0.443091609721814,-0.231895279330627,0.307083567892348,258769369010854,"Oak / hickory group","White oak / red oak / hickory",45,56.9658,1.64612109883033,78.4872751698227,96.288736,9215.0520730159,78.2971408520972,12.225153373271,2012,139.566044098034,74604230010478,NA,NA,NA,NA,155451497010478,2007,"2008-09-17",0,0,0,NA,128.355812739233,0,11.7177017086685,0,81.1200142252249,"2013-01-24",0,0,0,NA,0,0,"221","221Ej",21,137,7,4,37.427318,-84.567901,801,40,0,2018,7.6,"2020-08-20",12,0,0,52,5,31,2,1,1,45.5481,1120,34,164,10,12,22,0.254897787162306,1.5905488455793,1,1.77571479782934,117.376645402633,88.7821823727768,108.324828,9704.528382,7084.21629313338,81.5702252913327,12.2586130718138,800,"Maple / beech / birch group","Sugar maple / beech / yellow birch",7.57015742642026,1,1,0,0,1,0.254897787162306,0.0334596985427833,78.4872751698227,12.225153373271,"Oak / hickory group","White oak / red oak / hickory",40,42.1378,1.68044687463412,108.324828,5376.75541142986,77.4313573884914,NA,NA,NA,NA,NA,NA,NA,NA,NA,5376.75541142986,21137,"Lincoln","KY",3
657097344126144,"MBB",20,-0.0567710437316762,-0.144216474071509,-0.0895090122836095,-0.390921443093062,-0.325823979614074,-0.528793738262198,-0.439284725978588,-0.137872295169136,-0.202969758648124,258769369010854,"Oak / hickory group","White oak / red oak / hickory",45,56.9658,1.64612109883033,78.4872751698227,96.288736,9215.0520730159,78.2971408520972,12.225153373271,2012,139.566044098034,74604230010478,NA,NA,NA,NA,155451497010478,2007,"2008-09-17",0,0,0,NA,128.355812739233,0,11.7177017086685,0,81.1200142252249,"2013-01-24",0,0,0,NA,0,0,"221","221Ej",21,137,7,4,37.427318,-84.567901,801,40,0,2018,7.6,"2020-08-20",12,0,0,52,5,31,2,1,1,45.5481,1120,34,164,10,12,22,0.254897787162306,1.5905488455793,1,1.77571479782934,117.376645402633,88.7821823727768,108.324828,9704.528382,7084.21629313338,81.5702252913327,12.2586130718138,800,"Maple / beech / birch group","Sugar maple / beech / yellow birch",7.57015742642026,1,1,0,0,1,0.254897787162306,0.0334596985427833,78.4872751698227,12.225153373271,"Oak / hickory group","White oak / red oak / hickory",40,42.1378,1.68044687463412,108.324828,5376.75541142986,77.4313573884914,NA,NA,NA,NA,NA,NA,NA,NA,NA,5376.75541142986,21137,"Lincoln","KY",3
678976319126144,"MBB",0,0,0,0,0,0,0,0,0,0,221697518020004,"Maple / beech / birch group","Hard maple / basswood",44,26.0485,1.94528153140238,102.271718970727,144.433104,8364.4073671965,79.4325281400127,11.3942787178478,2014,108.372143144628,30550014010478,9.84068281346849,0,108.068723397715,94.6833048695047,155532382010854,2009,"2009-06-19",0,0,0,15,100.467101799308,0.270042300787134,10.7149890889571,10,128.124746740261,"2014-08-27",0,0,0,NA,0.118919103580213,0,"M221","M221Aa",51,121,40,5,37.255356,-80.404805,805,40,0,2019,5.2,"2019-11-21",0,0,0,49,5,36,2,1,1,27.4143,2320,10,25,0,NA,22,0,1.821807099876,0,1.78940900380482,121.874229496899,98.0005337985895,132.397012,10359.739942,10026.7138206762,83.2068102807307,11.6497756513708,800,"Maple / beech / birch group","Hard maple / basswood",5.23477070499658,0,0,0,1,1,0.270042300787134,0.874306275488651,108.068723397715,9.84068281346849,"Maple / beech / birch group","Hard maple / basswood",39,36.9725,1.98331528261823,204.613564,6307.25908215339,69.5070358989252,"Oak / hickory group","Cherry / white ash / yellow-poplar",32,30.1933,2.00738229988569,204.613564,3284.86494682875,57.3787704779719,2002,3284.86494682875,51121,"Montgomery","VA",11
678976319126144,"MBB",5,-0.553905283549111,0.568649178127541,-0.873323997062432,0.315152785224128,1.66281462326497,2.08504698646765,2.95837098353008,1.76989420124352,0.422232363202682,221697518020004,"Maple / beech / birch group","Hard maple / basswood",44,26.0485,1.94528153140238,102.271718970727,144.433104,8364.4073671965,79.4325281400127,11.3942787178478,2014,108.372143144628,30550014010478,9.84068281346849,0,108.068723397715,94.6833048695047,155532382010854,2009,"2009-06-19",0,0,0,15,100.467101799308,0.270042300787134,10.7149890889571,10,128.124746740261,"2014-08-27",0,0,0,NA,0.118919103580213,0,"M221","M221Aa",51,121,40,5,37.255356,-80.404805,805,40,0,2019,5.2,"2019-11-21",0,0,0,49,5,36,2,1,1,27.4143,2320,10,25,0,NA,22,0,1.821807099876,0,1.78940900380482,121.874229496899,98.0005337985895,132.397012,10359.739942,10026.7138206762,83.2068102807307,11.6497756513708,800,"Maple / beech / birch group","Hard maple / basswood",5.23477070499658,0,0,0,1,1,0.270042300787134,0.874306275488651,108.068723397715,9.84068281346849,"Maple / beech / birch group","Hard maple / basswood",39,36.9725,1.98331528261823,204.613564,6307.25908215339,69.5070358989252,"Oak / hickory group","Cherry / white ash / yellow-poplar",32,30.1933,2.00738229988569,204.613564,3284.86494682875,57.3787704779719,2002,3284.86494682875,51121,"Montgomery","VA",11
678976319126144,"MBB",10,1.39748778216603,0.0534323950166694,2.20337240321511,2.31504610879995,0.388169821797906,0.195918781727788,-2.00745362148732,-2.11912732707216,-0.192251040070119,221697518020004,"Maple / beech / birch group","Hard maple / basswood",44,26.0485,1.94528153140238,102.271718970727,144.433104,8364.4073671965,79.4325281400127,11.3942787178478,2014,108.372143144628,30550014010478,9.84068281346849,0,108.068723397715,94.6833048695047,155532382010854,2009,"2009-06-19",0,0,0,15,100.467101799308,0.270042300787134,10.7149890889571,10,128.124746740261,"2014-08-27",0,0,0,NA,0.118919103580213,0,"M221","M221Aa",51,121,40,5,37.255356,-80.404805,805,40,0,2019,5.2,"2019-11-21",0,0,0,49,5,36,2,1,1,27.4143,2320,10,25,0,NA,22,0,1.821807099876,0,1.78940900380482,121.874229496899,98.0005337985895,132.397012,10359.739942,10026.7138206762,83.2068102807307,11.6497756513708,800,"Maple / beech / birch group","Hard maple / basswood",5.23477070499658,0,0,0,1,1,0.270042300787134,0.874306275488651,108.068723397715,9.84068281346849,"Maple / beech / birch group","Hard maple / basswood",39,36.9725,1.98331528261823,204.613564,6307.25908215339,69.5070358989252,"Oak / hickory group","Cherry / white ash / yellow-poplar",32,30.1933,2.00738229988569,204.613564,3284.86494682875,57.3787704779719,2002,3284.86494682875,51121,"Montgomery","VA",11
678976319126144,"MBB",15,0.674728966110712,0.628667769327868,1.06382266990122,2.37773830779647,1.60404909332285,2.30511515420218,1.24129248430096,-0.0726231535942845,0.701066060879332,221697518020004,"Maple / beech / birch group","Hard maple / basswood",44,26.0485,1.94528153140238,102.271718970727,144.433104,8364.4073671965,79.4325281400127,11.3942787178478,2014,108.372143144628,30550014010478,9.84068281346849,0,108.068723397715,94.6833048695047,155532382010854,2009,"2009-06-19",0,0,0,15,100.467101799308,0.270042300787134,10.7149890889571,10,128.124746740261,"2014-08-27",0,0,0,NA,0.118919103580213,0,"M221","M221Aa",51,121,40,5,37.255356,-80.404805,805,40,0,2019,5.2,"2019-11-21",0,0,0,49,5,36,2,1,1,27.4143,2320,10,25,0,NA,22,0,1.821807099876,0,1.78940900380482,121.874229496899,98.0005337985895,132.397012,10359.739942,10026.7138206762,83.2068102807307,11.6497756513708,800,"Maple / beech / birch group","Hard maple / basswood",5.23477070499658,0,0,0,1,1,0.270042300787134,0.874306275488651,108.068723397715,9.84068281346849,"Maple / beech / birch group","Hard maple / basswood",39,36.9725,1.98331528261823,204.613564,6307.25908215339,69.5070358989252,"Oak / hickory group","Cherry / white ash / yellow-poplar",32,30.1933,2.00738229988569,204.613564,3284.86494682875,57.3787704779719,2002,3284.86494682875,51121,"Montgomery","VA",11
678976319126144,"MBB",20,0.384128708069805,0.55457063981616,0.605642929723393,1.76469556693917,1.32422798168579,2.03342567932592,1.42778274960253,0.268730112386752,0.709197697640129,221697518020004,"Maple / beech / birch group","Hard maple / basswood",44,26.0485,1.94528153140238,102.271718970727,144.433104,8364.4073671965,79.4325281400127,11.3942787178478,2014,108.372143144628,30550014010478,9.84068281346849,0,108.068723397715,94.6833048695047,155532382010854,2009,"2009-06-19",0,0,0,15,100.467101799308,0.270042300787134,10.7149890889571,10,128.124746740261,"2014-08-27",0,0,0,NA,0.118919103580213,0,"M221","M221Aa",51,121,40,5,37.255356,-80.404805,805,40,0,2019,5.2,"2019-11-21",0,0,0,49,5,36,2,1,1,27.4143,2320,10,25,0,NA,22,0,1.821807099876,0,1.78940900380482,121.874229496899,98.0005337985895,132.397012,10359.739942,10026.7138206762,83.2068102807307,11.6497756513708,800,"Maple / beech / birch group","Hard maple / basswood",5.23477070499658,0,0,0,1,1,0.270042300787134,0.874306275488651,108.068723397715,9.84068281346849,"Maple / beech / birch group","Hard maple / basswood",39,36.9725,1.98331528261823,204.613564,6307.25908215339,69.5070358989252,"Oak / hickory group","Cherry / white ash / yellow-poplar",32,30.1933,2.00738229988569,204.613564,3284.86494682875,57.3787704779719,2002,3284.86494682875,51121,"Montgomery","VA",11
678976324126144,"MBB",0,0,0,0,0,0,0,0,0,0,NA,NA,NA,NA,NA,NA,NA,NA,NA,NA,NA,NA,NA,NA,NA,NA,NA,NA,NA,NA,NA,NA,NA,NA,NA,NA,NA,NA,NA,NA,NA,NA,NA,NA,NA,NA,NA,NA,NA,NA,NA,NA,NA,NA,NA,NA,NA,NA,NA,NA,NA,NA,NA,NA,NA,NA,NA,NA,NA,NA,NA,NA,NA,NA,NA,NA,NA,NA,NA,NA,NA,NA,NA,NA,NA,NA,NA,NA,NA,NA,NA,NA,NA,NA,NA,NA,NA,NA,NA,NA,NA,NA,NA,NA,NA,NA,NA,NA,NA,NA,NA,NA,NA,NA,NA,NA,NA,NA,NA,NA,NA,NA,NA
678976324126144,"MBB",5,-0.502246488099792,0.500999062339785,-0.791875296237338,0.255212744052814,1.46271767391057,1.83699656191255,2.62887185814988,1.58178381785973,0.374278888001974,NA,NA,NA,NA,NA,NA,NA,NA,NA,NA,NA,NA,NA,NA,NA,NA,NA,NA,NA,NA,NA,NA,NA,NA,NA,NA,NA,NA,NA,NA,NA,NA,NA,NA,NA,NA,NA,NA,NA,NA,NA,NA,NA,NA,NA,NA,NA,NA,NA,NA,NA,NA,NA,NA,NA,NA,NA,NA,NA,NA,NA,NA,NA,NA,NA,NA,NA,NA,NA,NA,NA,NA,NA,NA,NA,NA,NA,NA,NA,NA,NA,NA,NA,NA,NA,NA,NA,NA,NA,NA,NA,NA,NA,NA,NA,NA,NA,NA,NA,NA,NA,NA,NA,NA,NA,NA,NA,NA,NA,NA,NA,NA,NA
678976324126144,"MBB",10,0.356776454106512,0.12402547903489,0.562517542641267,0.821730793824187,0.439082708084503,0.454760089794596,-0.10775745284667,-0.36697070402959,0.0156773817100936,NA,NA,NA,NA,NA,NA,NA,NA,NA,NA,NA,NA,NA,NA,NA,NA,NA,NA,NA,NA,NA,NA,NA,NA,NA,NA,NA,NA,NA,NA,NA,NA,NA,NA,NA,NA,NA,NA,NA,NA,NA,NA,NA,NA,NA,NA,NA,NA,NA,NA,NA,NA,NA,NA,NA,NA,NA,NA,NA,NA,NA,NA,NA,NA,NA,NA,NA,NA,NA,NA,NA,NA,NA,NA,NA,NA,NA,NA,NA,NA,NA,NA,NA,NA,NA,NA,NA,NA,NA,NA,NA,NA,NA,NA,NA,NA,NA,NA,NA,NA,NA,NA,NA,NA,NA,NA,NA,NA,NA,NA,NA,NA,NA
678976324126144,"MBB",15,0.846931328868186,0.509563877235905,1.33532839518217,2.40031689860522,1.42916897483636,1.86840088319832,0.533072488016146,-0.531916015406896,0.439231908361957,NA,NA,NA,NA,NA,NA,NA,NA,NA,NA,NA,NA,NA,NA,NA,NA,NA,NA,NA,NA,NA,NA,NA,NA,NA,NA,NA,NA,NA,NA,NA,NA,NA,NA,NA,NA,NA,NA,NA,NA,NA,NA,NA,NA,NA,NA,NA,NA,NA,NA,NA,NA,NA,NA,NA,NA,NA,NA,NA,NA,NA,NA,NA,NA,NA,NA,NA,NA,NA,NA,NA,NA,NA,NA,NA,NA,NA,NA,NA,NA,NA,NA,NA,NA,NA,NA,NA,NA,NA,NA,NA,NA,NA,NA,NA,NA,NA,NA,NA,NA,NA,NA,NA,NA,NA,NA,NA,NA,NA,NA,NA,NA,NA
678976324126144,"MBB",20,0.815345248483754,0.691138761957043,1.28552767510939,2.73000768759961,1.79507846933824,2.53417546050916,1.24864778539977,-0.195832227090448,0.739096991170924,NA,NA,NA,NA,NA,NA,NA,NA,NA,NA,NA,NA,NA,NA,NA,NA,NA,NA,NA,NA,NA,NA,NA,NA,NA,NA,NA,NA,NA,NA,NA,NA,NA,NA,NA,NA,NA,NA,NA,NA,NA,NA,NA,NA,NA,NA,NA,NA,NA,NA,NA,NA,NA,NA,NA,NA,NA,NA,NA,NA,NA,NA,NA,NA,NA,NA,NA,NA,NA,NA,NA,NA,NA,NA,NA,NA,NA,NA,NA,NA,NA,NA,NA,NA,NA,NA,NA,NA,NA,NA,NA,NA,NA,NA,NA,NA,NA,NA,NA,NA,NA,NA,NA,NA,NA,NA,NA,NA,NA,NA,NA,NA,NA
678976594126144,"MBB",0,0,0,0,0,0,0,0,0,0,221697753020004,"Maple / beech / birch group","Sugar maple / beech / yellow birch",52,31.6412,2.78466241976151,100.559369886626,150.45115,1240.05156782369,54.2342708290385,11.0702122834208,2014,93.6151815906246,30762344010478,NA,NA,NA,NA,155532064010854,2009,"2010-02-03",51,0,0,NA,93.0186416910485,0,11.1772820838793,0,94.3128558137572,"2015-03-02",0,0,0,NA,0,0,"M221","M221Cb",51,51,44,5,37.149561,-82.192617,801,40,0,2019,5.1,"2020-04-23",0,0,0,52,6,31,2,1,1,32.5377,1610,75,200,0,NA,23,0,2.78655685402138,0,2.78655685402138,103.998825803679,106.233053906354,162.487242,8366.113922,1820.49978956843,59.4243347301733,10.9487019355755,800,"Maple / beech / birch group","Sugar maple / beech / yellow birch",5.14442162902122,0,0,0,0,0,0,-0.121510347845293,100.559369886626,11.0702122834208,"Maple / beech / birch group","Sugar maple / beech / yellow birch",47,23.1917,2.79287011774271,138.415058,1265.35733691082,56.9185555317306,NA,NA,NA,NA,NA,NA,NA,NA,NA,1265.35733691082,51051,"Dickenson","VA",11
678976594126144,"MBB",5,0.435370582937987,0.284656343082415,0.686434285765559,1.28136604280781,0.946400829963918,1.04373992463552,0.357305638869964,-0.237626118172284,0.0973390946716058,221697753020004,"Maple / beech / birch group","Sugar maple / beech / yellow birch",52,31.6412,2.78466241976151,100.559369886626,150.45115,1240.05156782369,54.2342708290385,11.0702122834208,2014,93.6151815906246,30762344010478,NA,NA,NA,NA,155532064010854,2009,"2010-02-03",51,0,0,NA,93.0186416910485,0,11.1772820838793,0,94.3128558137572,"2015-03-02",0,0,0,NA,0,0,"M221","M221Cb",51,51,44,5,37.149561,-82.192617,801,40,0,2019,5.1,"2020-04-23",0,0,0,52,6,31,2,1,1,32.5377,1610,75,200,0,NA,23,0,2.78655685402138,0,2.78655685402138,103.998825803679,106.233053906354,162.487242,8366.113922,1820.49978956843,59.4243347301733,10.9487019355755,800,"Maple / beech / birch group","Sugar maple / beech / yellow birch",5.14442162902122,0,0,0,0,0,0,-0.121510347845293,100.559369886626,11.0702122834208,"Maple / beech / birch group","Sugar maple / beech / yellow birch",47,23.1917,2.79287011774271,138.415058,1265.35733691082,56.9185555317306,NA,NA,NA,NA,NA,NA,NA,NA,NA,1265.35733691082,51051,"Dickenson","VA",11
678976594126144,"MBB",10,1.43240567650912,-0.775704878142357,2.25842628329604,0.637203087978513,-2.159986116437,-2.84425121985531,-5.10267750315135,-3.48145430783382,-0.684265103418308,221697753020004,"Maple / beech / birch group","Sugar maple / beech / yellow birch",52,31.6412,2.78466241976151,100.559369886626,150.45115,1240.05156782369,54.2342708290385,11.0702122834208,2014,93.6151815906246,30762344010478,NA,NA,NA,NA,155532064010854,2009,"2010-02-03",51,0,0,NA,93.0186416910485,0,11.1772820838793,0,94.3128558137572,"2015-03-02",0,0,0,NA,0,0,"M221","M221Cb",51,51,44,5,37.149561,-82.192617,801,40,0,2019,5.1,"2020-04-23",0,0,0,52,6,31,2,1,1,32.5377,1610,75,200,0,NA,23,0,2.78655685402138,0,2.78655685402138,103.998825803679,106.233053906354,162.487242,8366.113922,1820.49978956843,59.4243347301733,10.9487019355755,800,"Maple / beech / birch group","Sugar maple / beech / yellow birch",5.14442162902122,0,0,0,0,0,0,-0.121510347845293,100.559369886626,11.0702122834208,"Maple / beech / birch group","Sugar maple / beech / yellow birch",47,23.1917,2.79287011774271,138.415058,1265.35733691082,56.9185555317306,NA,NA,NA,NA,NA,NA,NA,NA,NA,1265.35733691082,51051,"Dickenson","VA",11
678976594126144,"MBB",15,1.38942510016645,0.326118497052665,2.19066024126243,2.8722479001025,1.27904045191164,1.19576782252644,-0.994892418735991,-1.67648007757606,-0.0832726293852033,221697753020004,"Maple / beech / birch group","Sugar maple / beech / yellow birch",52,31.6412,2.78466241976151,100.559369886626,150.45115,1240.05156782369,54.2342708290385,11.0702122834208,2014,93.6151815906246,30762344010478,NA,NA,NA,NA,155532064010854,2009,"2010-02-03",51,0,0,NA,93.0186416910485,0,11.1772820838793,0,94.3128558137572,"2015-03-02",0,0,0,NA,0,0,"M221","M221Cb",51,51,44,5,37.149561,-82.192617,801,40,0,2019,5.1,"2020-04-23",0,0,0,52,6,31,2,1,1,32.5377,1610,75,200,0,NA,23,0,2.78655685402138,0,2.78655685402138,103.998825803679,106.233053906354,162.487242,8366.113922,1820.49978956843,59.4243347301733,10.9487019355755,800,"Maple / beech / birch group","Sugar maple / beech / yellow birch",5.14442162902122,0,0,0,0,0,0,-0.121510347845293,100.559369886626,11.0702122834208,"Maple / beech / birch group","Sugar maple / beech / yellow birch",47,23.1917,2.79287011774271,138.415058,1265.35733691082,56.9185555317306,NA,NA,NA,NA,NA,NA,NA,NA,NA,1265.35733691082,51051,"Dickenson","VA",11
678976594126144,"MBB",20,0.275048198234373,0.932175702700485,0.433659325882861,2.38190654452688,2.06651794388479,3.41797757656845,2.98431825068558,1.03607103204157,1.35145963268365,221697753020004,"Maple / beech / birch group","Sugar maple / beech / yellow birch",52,31.6412,2.78466241976151,100.559369886626,150.45115,1240.05156782369,54.2342708290385,11.0702122834208,2014,93.6151815906246,30762344010478,NA,NA,NA,NA,155532064010854,2009,"2010-02-03",51,0,0,NA,93.0186416910485,0,11.1772820838793,0,94.3128558137572,"2015-03-02",0,0,0,NA,0,0,"M221","M221Cb",51,51,44,5,37.149561,-82.192617,801,40,0,2019,5.1,"2020-04-23",0,0,0,52,6,31,2,1,1,32.5377,1610,75,200,0,NA,23,0,2.78655685402138,0,2.78655685402138,103.998825803679,106.233053906354,162.487242,8366.113922,1820.49978956843,59.4243347301733,10.9487019355755,800,"Maple / beech / birch group","Sugar maple / beech / yellow birch",5.14442162902122,0,0,0,0,0,0,-0.121510347845293,100.559369886626,11.0702122834208,"Maple / beech / birch group","Sugar maple / beech / yellow birch",47,23.1917,2.79287011774271,138.415058,1265.35733691082,56.9185555317306,NA,NA,NA,NA,NA,NA,NA,NA,NA,1265.35733691082,51051,"Dickenson","VA",11
678976827126144,"MBB",0,0,0,0,0,0,0,0,0,0,221697964020004,"Maple / beech / birch group","Sugar maple / beech / yellow birch",49,29.9439,1.67541891710708,151.505231853762,228.685748,2482.96628723039,62.4050414887096,11.0213983256496,2014,164.699510009132,30685367010478,9.58228245998088,0,105.481577969941,108.048284209374,155532671010854,2009,"2010-03-30",0,0,0,NA,152.301957470202,0,10.8615018400874,0,139.396829988348,"2014-10-28",0,0,0,NA,0,0,"M221","M221Aa",51,185,52,5,37.065982,-81.585236,801,40,0,2019,5.1,"2019-12-18",0,0,0,54,6,31,2,1,1,41.541,3260,49,153,0,NA,23,0,1.63227922692662,0,1.5958049849139,205.922603768986,175.668889517456,222.667702,17628.578416,7051.38922431787,68.8368845873582,12.027109018852,800,"Maple / beech / birch group","Sugar maple / beech / yellow birch",5.13894592744695,0,0,0,0,0,0,1.00571069320242,151.505231853762,11.0213983256496,"Maple / beech / birch group","Sugar maple / beech / yellow birch",44,38.1331,1.67374329420905,216.649656,4027.46492858118,61.0020079463797,"Maple / beech / birch group","Sugar maple / beech / yellow birch",35,29.565,1.84177037414873,210.63161,1551.45093482988,53.2112751764905,2002,1551.45093482988,51185,"Tazewell","VA",11
678976827126144,"MBB",5,-3.52465585917749,0.807778486457335,-5.55720740463652,-3.86895036794069,1.92401280082019,2.96185445034356,8.51906185498007,6.83080481828425,1.03784164952337,221697964020004,"Maple / beech / birch group","Sugar maple / beech / yellow birch",49,29.9439,1.67541891710708,151.505231853762,228.685748,2482.96628723039,62.4050414887096,11.0213983256496,2014,164.699510009132,30685367010478,9.58228245998088,0,105.481577969941,108.048284209374,155532671010854,2009,"2010-03-30",0,0,0,NA,152.301957470202,0,10.8615018400874,0,139.396829988348,"2014-10-28",0,0,0,NA,0,0,"M221","M221Aa",51,185,52,5,37.065982,-81.585236,801,40,0,2019,5.1,"2019-12-18",0,0,0,54,6,31,2,1,1,41.541,3260,49,153,0,NA,23,0,1.63227922692662,0,1.5958049849139,205.922603768986,175.668889517456,222.667702,17628.578416,7051.38922431787,68.8368845873582,12.027109018852,800,"Maple / beech / birch group","Sugar maple / beech / yellow birch",5.13894592744695,0,0,0,0,0,0,1.00571069320242,151.505231853762,11.0213983256496,"Maple / beech / birch group","Sugar maple / beech / yellow birch",44,38.1331,1.67374329420905,216.649656,4027.46492858118,61.0020079463797,"Maple / beech / birch group","Sugar maple / beech / yellow birch",35,29.565,1.84177037414873,210.63161,1551.45093482988,53.2112751764905,2002,1551.45093482988,51185,"Tazewell","VA",11
678976827126144,"MBB",10,0.723957071903311,-0.629299724744796,1.14143898336755,-0.173797441349069,-1.82241002070944,-2.30743232406425,-3.4488713074318,-2.13363488271518,-0.48502230335481,221697964020004,"Maple / beech / birch group","Sugar maple / beech / yellow birch",49,29.9439,1.67541891710708,151.505231853762,228.685748,2482.96628723039,62.4050414887096,11.0213983256496,2014,164.699510009132,30685367010478,9.58228245998088,0,105.481577969941,108.048284209374,155532671010854,2009,"2010-03-30",0,0,0,NA,152.301957470202,0,10.8615018400874,0,139.396829988348,"2014-10-28",0,0,0,NA,0,0,"M221","M221Aa",51,185,52,5,37.065982,-81.585236,801,40,0,2019,5.1,"2019-12-18",0,0,0,54,6,31,2,1,1,41.541,3260,49,153,0,NA,23,0,1.63227922692662,0,1.5958049849139,205.922603768986,175.668889517456,222.667702,17628.578416,7051.38922431787,68.8368845873582,12.027109018852,800,"Maple / beech / birch group","Sugar maple / beech / yellow birch",5.13894592744695,0,0,0,0,0,0,1.00571069320242,151.505231853762,11.0213983256496,"Maple / beech / birch group","Sugar maple / beech / yellow birch",44,38.1331,1.67374329420905,216.649656,4027.46492858118,61.0020079463797,"Maple / beech / birch group","Sugar maple / beech / yellow birch",35,29.565,1.84177037414873,210.63161,1551.45093482988,53.2112751764905,2002,1551.45093482988,51185,"Tazewell","VA",11
678976827126144,"MBB",15,0.98372414903213,0.0156939848899938,1.55100507497399,1.58380550339408,0.455801812503903,0.0575446112633107,-1.49346046371068,-1.52626089213077,-0.398257201240592,221697964020004,"Maple / beech / birch group","Sugar maple / beech / yellow birch",49,29.9439,1.67541891710708,151.505231853762,228.685748,2482.96628723039,62.4050414887096,11.0213983256496,2014,164.699510009132,30685367010478,9.58228245998088,0,105.481577969941,108.048284209374,155532671010854,2009,"2010-03-30",0,0,0,NA,152.301957470202,0,10.8615018400874,0,139.396829988348,"2014-10-28",0,0,0,NA,0,0,"M221","M221Aa",51,185,52,5,37.065982,-81.585236,801,40,0,2019,5.1,"2019-12-18",0,0,0,54,6,31,2,1,1,41.541,3260,49,153,0,NA,23,0,1.63227922692662,0,1.5958049849139,205.922603768986,175.668889517456,222.667702,17628.578416,7051.38922431787,68.8368845873582,12.027109018852,800,"Maple / beech / birch group","Sugar maple / beech / yellow birch",5.13894592744695,0,0,0,0,0,0,1.00571069320242,151.505231853762,11.0213983256496,"Maple / beech / birch group","Sugar maple / beech / yellow birch",44,38.1331,1.67374329420905,216.649656,4027.46492858118,61.0020079463797,"Maple / beech / birch group","Sugar maple / beech / yellow birch",35,29.565,1.84177037414873,210.63161,1551.45093482988,53.2112751764905,2002,1551.45093482988,51185,"Tazewell","VA",11
678976827126144,"MBB",20,0.450324534778102,0.0858777621688844,0.710011683166807,0.889496206099776,0.373124072887552,0.314885127952576,-0.395126555214231,-0.574611078147199,-0.058238944934976,221697964020004,"Maple / beech / birch group","Sugar maple / beech / yellow birch",49,29.9439,1.67541891710708,151.505231853762,228.685748,2482.96628723039,62.4050414887096,11.0213983256496,2014,164.699510009132,30685367010478,9.58228245998088,0,105.481577969941,108.048284209374,155532671010854,2009,"2010-03-30",0,0,0,NA,152.301957470202,0,10.8615018400874,0,139.396829988348,"2014-10-28",0,0,0,NA,0,0,"M221","M221Aa",51,185,52,5,37.065982,-81.585236,801,40,0,2019,5.1,"2019-12-18",0,0,0,54,6,31,2,1,1,41.541,3260,49,153,0,NA,23,0,1.63227922692662,0,1.5958049849139,205.922603768986,175.668889517456,222.667702,17628.578416,7051.38922431787,68.8368845873582,12.027109018852,800,"Maple / beech / birch group","Sugar maple / beech / yellow birch",5.13894592744695,0,0,0,0,0,0,1.00571069320242,151.505231853762,11.0213983256496,"Maple / beech / birch group","Sugar maple / beech / yellow birch",44,38.1331,1.67374329420905,216.649656,4027.46492858118,61.0020079463797,"Maple / beech / birch group","Sugar maple / beech / yellow birch",35,29.565,1.84177037414873,210.63161,1551.45093482988,53.2112751764905,2002,1551.45093482988,51185,"Tazewell","VA",11
678976841126144,"MBB",0,0,0,0,0,0,0,0,0,0,221697977020004,"Maple / beech / birch group","Sugar maple / beech / yellow birch",62,27.4673,2.00043950409288,74.0739721888401,132.397012,3377.81075456449,51.4745575853345,10.1282907110367,2014,94.5755792466776,30748449010478,11.2460320971903,10,120.383584867554,52.0987779203322,155531955010854,2009,"2010-02-23",0,0,0,NA,69.946424264793,0,10.0204790304656,0,62.6182901538664,"2015-04-29",0,0,0,NA,0,0,"M221","M221Cb",51,27,34,5,37.221835,-81.846392,801,40,0,2019,4.9,"2020-03-04",0,0,0,67,5,32,2,1,1,35.5533,2400,18,310,0,NA,23,0,1.91980329955549,0,1.91980329955549,118.104745665298,87.3174915983052,156.469196,8718.308634,4744.66816042705,55.8564349495033,10.1152968700494,800,"Maple / beech / birch group","Sugar maple / beech / yellow birch",4.84873374401095,0,0,0,0,0,0,-0.0129938409873418,74.0739721888401,10.1282907110367,"Maple / beech / birch group","Sugar maple / beech / yellow birch",57,24.8231,1.98241593399725,114.342874,2046.75569733352,47.7457431764007,"Oak / hickory group","Mixed upland hardwoods",50,36.3448,2.14911631196084,174.523334,1948.44403729694,63.9849009851319,2002,1948.44403729694,51027,"Buchanan","VA",11
678976841126144,"MBB",5,1.18934610922622,1.22957682451058,1.87520236554667,4.44501792877379,3.97739199696878,4.50844835653879,2.63324599099212,0.0634304277650077,0.531056359570012,221697977020004,"Maple / beech / birch group","Sugar maple / beech / yellow birch",62,27.4673,2.00043950409288,74.0739721888401,132.397012,3377.81075456449,51.4745575853345,10.1282907110367,2014,94.5755792466776,30748449010478,11.2460320971903,10,120.383584867554,52.0987779203322,155531955010854,2009,"2010-02-23",0,0,0,NA,69.946424264793,0,10.0204790304656,0,62.6182901538664,"2015-04-29",0,0,0,NA,0,0,"M221","M221Cb",51,27,34,5,37.221835,-81.846392,801,40,0,2019,4.9,"2020-03-04",0,0,0,67,5,32,2,1,1,35.5533,2400,18,310,0,NA,23,0,1.91980329955549,0,1.91980329955549,118.104745665298,87.3174915983052,156.469196,8718.308634,4744.66816042705,55.8564349495033,10.1152968700494,800,"Maple / beech / birch group","Sugar maple / beech / yellow birch",4.84873374401095,0,0,0,0,0,0,-0.0129938409873418,74.0739721888401,10.1282907110367,"Maple / beech / birch group","Sugar maple / beech / yellow birch",57,24.8231,1.98241593399725,114.342874,2046.75569733352,47.7457431764007,"Oak / hickory group","Mixed upland hardwoods",50,36.3448,2.14911631196084,174.523334,1948.44403729694,63.9849009851319,2002,1948.44403729694,51027,"Buchanan","VA",11
678976841126144,"MBB",10,1.20344772392322,1.15237396872495,1.89743591138561,4.30589750602076,3.74186345950057,4.22537121865816,2.32793530727255,-0.0805262873625994,0.483507759157591,221697977020004,"Maple / beech / birch group","Sugar maple / beech / yellow birch",62,27.4673,2.00043950409288,74.0739721888401,132.397012,3377.81075456449,51.4745575853345,10.1282907110367,2014,94.5755792466776,30748449010478,11.2460320971903,10,120.383584867554,52.0987779203322,155531955010854,2009,"2010-02-23",0,0,0,NA,69.946424264793,0,10.0204790304656,0,62.6182901538664,"2015-04-29",0,0,0,NA,0,0,"M221","M221Cb",51,27,34,5,37.221835,-81.846392,801,40,0,2019,4.9,"2020-03-04",0,0,0,67,5,32,2,1,1,35.5533,2400,18,310,0,NA,23,0,1.91980329955549,0,1.91980329955549,118.104745665298,87.3174915983052,156.469196,8718.308634,4744.66816042705,55.8564349495033,10.1152968700494,800,"Maple / beech / birch group","Sugar maple / beech / yellow birch",4.84873374401095,0,0,0,0,0,0,-0.0129938409873418,74.0739721888401,10.1282907110367,"Maple / beech / birch group","Sugar maple / beech / yellow birch",57,24.8231,1.98241593399725,114.342874,2046.75569733352,47.7457431764007,"Oak / hickory group","Mixed upland hardwoods",50,36.3448,2.14911631196084,174.523334,1948.44403729694,63.9849009851319,2002,1948.44403729694,51027,"Buchanan","VA",11
678976841126144,"MBB",15,1.09253617413389,1.16119649286854,1.72256536788444,4.14946603797969,2.89669122497282,4.25772047385131,2.53515510596687,0.108254435871624,1.36102924887849,221697977020004,"Maple / beech / birch group","Sugar maple / beech / yellow birch",62,27.4673,2.00043950409288,74.0739721888401,132.397012,3377.81075456449,51.4745575853345,10.1282907110367,2014,94.5755792466776,30748449010478,11.2460320971903,10,120.383584867554,52.0987779203322,155531955010854,2009,"2010-02-23",0,0,0,NA,69.946424264793,0,10.0204790304656,0,62.6182901538664,"2015-04-29",0,0,0,NA,0,0,"M221","M221Cb",51,27,34,5,37.221835,-81.846392,801,40,0,2019,4.9,"2020-03-04",0,0,0,67,5,32,2,1,1,35.5533,2400,18,310,0,NA,23,0,1.91980329955549,0,1.91980329955549,118.104745665298,87.3174915983052,156.469196,8718.308634,4744.66816042705,55.8564349495033,10.1152968700494,800,"Maple / beech / birch group","Sugar maple / beech / yellow birch",4.84873374401095,0,0,0,0,0,0,-0.0129938409873418,74.0739721888401,10.1282907110367,"Maple / beech / birch group","Sugar maple / beech / yellow birch",57,24.8231,1.98241593399725,114.342874,2046.75569733352,47.7457431764007,"Oak / hickory group","Mixed upland hardwoods",50,36.3448,2.14911631196084,174.523334,1948.44403729694,63.9849009851319,2002,1948.44403729694,51027,"Buchanan","VA",11
678976841126144,"MBB",20,0.944346651856189,1.25732894181813,1.48891988775992,4.11673737615982,3.03388654869805,4.61020611999981,3.12128623223989,0.493468743839993,1.57631957130176,221697977020004,"Maple / beech / birch group","Sugar maple / beech / yellow birch",62,27.4673,2.00043950409288,74.0739721888401,132.397012,3377.81075456449,51.4745575853345,10.1282907110367,2014,94.5755792466776,30748449010478,11.2460320971903,10,120.383584867554,52.0987779203322,155531955010854,2009,"2010-02-23",0,0,0,NA,69.946424264793,0,10.0204790304656,0,62.6182901538664,"2015-04-29",0,0,0,NA,0,0,"M221","M221Cb",51,27,34,5,37.221835,-81.846392,801,40,0,2019,4.9,"2020-03-04",0,0,0,67,5,32,2,1,1,35.5533,2400,18,310,0,NA,23,0,1.91980329955549,0,1.91980329955549,118.104745665298,87.3174915983052,156.469196,8718.308634,4744.66816042705,55.8564349495033,10.1152968700494,800,"Maple / beech / birch group","Sugar maple / beech / yellow birch",4.84873374401095,0,0,0,0,0,0,-0.0129938409873418,74.0739721888401,10.1282907110367,"Maple / beech / birch group","Sugar maple / beech / yellow birch",57,24.8231,1.98241593399725,114.342874,2046.75569733352,47.7457431764007,"Oak / hickory group","Mixed upland hardwoods",50,36.3448,2.14911631196084,174.523334,1948.44403729694,63.9849009851319,2002,1948.44403729694,51027,"Buchanan","VA",11
678977041126144,"MBB",0,0,0,0,0,0,0,0,0,0,221698164020004,"Maple / beech / birch group","Sugar maple / beech / yellow birch",50,67.867,1.79262711762078,109.652165698181,138.415058,11500.4636091396,84.057775427992,12.052006868784,2014,169.508987661005,30573578010478,NA,NA,NA,NA,155532594010854,2009,"2009-09-08",0,0,0,NA,153.780048839077,0,11.7075131952687,0,103.473177195911,"2015-06-03",0,0,0,NA,0,0,"221","221Ja",51,169,62,5,36.654461,-82.857275,801,40,0,2019,4.9,"2020-04-28",0,0,0,105,4,31,2,1,1,66.9151,1300,50,355,0,NA,23,0,1.77941331059615,0,1.77477281400563,179.271696063723,117.021456084096,144.433104,15204.700263,12848.7047854877,83.4006185929108,12.1882627966417,800,"Maple / beech / birch group","Sugar maple / beech / yellow birch",4.90349075975359,0,0,0,0,0,0,0.136255927857666,109.652165698181,12.052006868784,"Maple / beech / birch group","Sugar maple / beech / yellow birch",45,59.9736,1.81379969318408,138.415058,10083.8764472568,83.7605417559045,NA,NA,NA,NA,NA,NA,NA,NA,NA,10083.8764472568,51169,"Scott","VA",11
678977041126144,"MBB",5,-1.77415746892748,0.305482420950655,-2.79725494267566,-2.15879668288879,0.65702066149962,1.1201022101524,3.91735715282806,3.27889889304119,0.463081548652781,221698164020004,"Maple / beech / birch group","Sugar maple / beech / yellow birch",50,67.867,1.79262711762078,109.652165698181,138.415058,11500.4636091396,84.057775427992,12.052006868784,2014,169.508987661005,30573578010478,NA,NA,NA,NA,155532594010854,2009,"2009-09-08",0,0,0,NA,153.780048839077,0,11.7075131952687,0,103.473177195911,"2015-06-03",0,0,0,NA,0,0,"221","221Ja",51,169,62,5,36.654461,-82.857275,801,40,0,2019,4.9,"2020-04-28",0,0,0,105,4,31,2,1,1,66.9151,1300,50,355,0,NA,23,0,1.77941331059615,0,1.77477281400563,179.271696063723,117.021456084096,144.433104,15204.700263,12848.7047854877,83.4006185929108,12.1882627966417,800,"Maple / beech / birch group","Sugar maple / beech / yellow birch",4.90349075975359,0,0,0,0,0,0,0.136255927857666,109.652165698181,12.052006868784,"Maple / beech / birch group","Sugar maple / beech / yellow birch",45,59.9736,1.81379969318408,138.415058,10083.8764472568,83.7605417559045,NA,NA,NA,NA,NA,NA,NA,NA,NA,10083.8764472568,51169,"Scott","VA",11
678977041126144,"MBB",10,-0.694976433918897,0.104420456212503,-1.09574617747879,-0.877507423994663,0.210418775707486,0.382875006112512,1.47862118359131,1.26038243010717,0.172456230405025,221698164020004,"Maple / beech / birch group","Sugar maple / beech / yellow birch",50,67.867,1.79262711762078,109.652165698181,138.415058,11500.4636091396,84.057775427992,12.052006868784,2014,169.508987661005,30573578010478,NA,NA,NA,NA,155532594010854,2009,"2009-09-08",0,0,0,NA,153.780048839077,0,11.7075131952687,0,103.473177195911,"2015-06-03",0,0,0,NA,0,0,"221","221Ja",51,169,62,5,36.654461,-82.857275,801,40,0,2019,4.9,"2020-04-28",0,0,0,105,4,31,2,1,1,66.9151,1300,50,355,0,NA,23,0,1.77941331059615,0,1.77477281400563,179.271696063723,117.021456084096,144.433104,15204.700263,12848.7047854877,83.4006185929108,12.1882627966417,800,"Maple / beech / birch group","Sugar maple / beech / yellow birch",4.90349075975359,0,0,0,0,0,0,0.136255927857666,109.652165698181,12.052006868784,"Maple / beech / birch group","Sugar maple / beech / yellow birch",45,59.9736,1.81379969318408,138.415058,10083.8764472568,83.7605417559045,NA,NA,NA,NA,NA,NA,NA,NA,NA,10083.8764472568,51169,"Scott","VA",11
678977041126144,"MBB",15,0.666861528876281,0.381971736822372,1.0514183438616,1.84973927382036,1.08507138737556,1.40056303501536,0.349144691153762,-0.449176238804996,0.315491647639806,221698164020004,"Maple / beech / birch group","Sugar maple / beech / yellow birch",50,67.867,1.79262711762078,109.652165698181,138.415058,11500.4636091396,84.057775427992,12.052006868784,2014,169.508987661005,30573578010478,NA,NA,NA,NA,155532594010854,2009,"2009-09-08",0,0,0,NA,153.780048839077,0,11.7075131952687,0,103.473177195911,"2015-06-03",0,0,0,NA,0,0,"221","221Ja",51,169,62,5,36.654461,-82.857275,801,40,0,2019,4.9,"2020-04-28",0,0,0,105,4,31,2,1,1,66.9151,1300,50,355,0,NA,23,0,1.77941331059615,0,1.77477281400563,179.271696063723,117.021456084096,144.433104,15204.700263,12848.7047854877,83.4006185929108,12.1882627966417,800,"Maple / beech / birch group","Sugar maple / beech / yellow birch",4.90349075975359,0,0,0,0,0,0,0.136255927857666,109.652165698181,12.052006868784,"Maple / beech / birch group","Sugar maple / beech / yellow birch",45,59.9736,1.81379969318408,138.415058,10083.8764472568,83.7605417559045,NA,NA,NA,NA,NA,NA,NA,NA,NA,10083.8764472568,51169,"Scott","VA",11
678977041126144,"MBB",20,-0.0246125840382376,0.794391642794257,-0.0388058408336213,1.62147269260638,1.64969512230355,2.91276935691227,2.9515751977459,1.2912966643059,1.26307423460872,221698164020004,"Maple / beech / birch group","Sugar maple / beech / yellow birch",50,67.867,1.79262711762078,109.652165698181,138.415058,11500.4636091396,84.057775427992,12.052006868784,2014,169.508987661005,30573578010478,NA,NA,NA,NA,155532594010854,2009,"2009-09-08",0,0,0,NA,153.780048839077,0,11.7075131952687,0,103.473177195911,"2015-06-03",0,0,0,NA,0,0,"221","221Ja",51,169,62,5,36.654461,-82.857275,801,40,0,2019,4.9,"2020-04-28",0,0,0,105,4,31,2,1,1,66.9151,1300,50,355,0,NA,23,0,1.77941331059615,0,1.77477281400563,179.271696063723,117.021456084096,144.433104,15204.700263,12848.7047854877,83.4006185929108,12.1882627966417,800,"Maple / beech / birch group","Sugar maple / beech / yellow birch",4.90349075975359,0,0,0,0,0,0,0.136255927857666,109.652165698181,12.052006868784,"Maple / beech / birch group","Sugar maple / beech / yellow birch",45,59.9736,1.81379969318408,138.415058,10083.8764472568,83.7605417559045,NA,NA,NA,NA,NA,NA,NA,NA,NA,10083.8764472568,51169,"Scott","VA",11
678977049126144,"MBB",0,0,0,0,0,0,0,0,0,0,221698172020004,"Maple / beech / birch group","Hard maple / basswood",67,57.3773,2.32408038147139,89.7105744507776,174.523334,6402.55722972766,64.8018115384026,9.70817288111698,2014,107.084453560214,30690084010478,NA,NA,NA,NA,155532712010854,2009,"2009-07-08",0,0,0,NA,88.073813927985,0,9.94323890892701,0,81.1271826423828,"2014-07-21",60,0,0,NA,0,0,"M221","M221Cc",51,195,49,5,37.086223,-82.704,805,40,0,2019,6,"2020-07-21",0,0,0,72,6,31,2,1,1,69.4475,1980,75,355,0,NA,23,0,2.35876796255637,0,2.23137191007654,126.269028637603,105.636998706781,198.595518,10698.939673,8552.20935720825,74.6966348142533,9.87565111010332,800,"Maple / beech / birch group","Hard maple / basswood",6.00136892539357,0,0,0,0,0,0,0.167478228986337,89.7105744507776,9.70817288111698,"Maple / beech / birch group","Hard maple / basswood",62,48.1923,2.20447371691314,150.45115,5413.68852683266,60.8451069313509,NA,NA,NA,NA,NA,NA,NA,NA,NA,5413.68852683266,51195,"Wise","VA",11
678977049126144,"MBB",5,-0.660037566389638,0.76024896338976,-1.04065922967433,0.548261103810269,2.23596079661812,2.78757953242912,3.82823876210345,2.23931842861885,0.551618735811001,221698172020004,"Maple / beech / birch group","Hard maple / basswood",67,57.3773,2.32408038147139,89.7105744507776,174.523334,6402.55722972766,64.8018115384026,9.70817288111698,2014,107.084453560214,30690084010478,NA,NA,NA,NA,155532712010854,2009,"2009-07-08",0,0,0,NA,88.073813927985,0,9.94323890892701,0,81.1271826423828,"2014-07-21",60,0,0,NA,0,0,"M221","M221Cc",51,195,49,5,37.086223,-82.704,805,40,0,2019,6,"2020-07-21",0,0,0,72,6,31,2,1,1,69.4475,1980,75,355,0,NA,23,0,2.35876796255637,0,2.23137191007654,126.269028637603,105.636998706781,198.595518,10698.939673,8552.20935720825,74.6966348142533,9.87565111010332,800,"Maple / beech / birch group","Hard maple / basswood",6.00136892539357,0,0,0,0,0,0,0.167478228986337,89.7105744507776,9.70817288111698,"Maple / beech / birch group","Hard maple / basswood",62,48.1923,2.20447371691314,150.45115,5413.68852683266,60.8451069313509,NA,NA,NA,NA,NA,NA,NA,NA,NA,5413.68852683266,51195,"Wise","VA",11
678977049126144,"MBB",10,1.02573361741498,1.1702074270209,1.61724000345761,4.0629735259313,3.76835625401078,4.29076056574331,2.6735205622857,0.227787039812013,0.522404311732534,221698172020004,"Maple / beech / birch group","Hard maple / basswood",67,57.3773,2.32408038147139,89.7105744507776,174.523334,6402.55722972766,64.8018115384026,9.70817288111698,2014,107.084453560214,30690084010478,NA,NA,NA,NA,155532712010854,2009,"2009-07-08",0,0,0,NA,88.073813927985,0,9.94323890892701,0,81.1271826423828,"2014-07-21",60,0,0,NA,0,0,"M221","M221Cc",51,195,49,5,37.086223,-82.704,805,40,0,2019,6,"2020-07-21",0,0,0,72,6,31,2,1,1,69.4475,1980,75,355,0,NA,23,0,2.35876796255637,0,2.23137191007654,126.269028637603,105.636998706781,198.595518,10698.939673,8552.20935720825,74.6966348142533,9.87565111010332,800,"Maple / beech / birch group","Hard maple / basswood",6.00136892539357,0,0,0,0,0,0,0.167478228986337,89.7105744507776,9.70817288111698,"Maple / beech / birch group","Hard maple / basswood",62,48.1923,2.20447371691314,150.45115,5413.68852683266,60.8451069313509,NA,NA,NA,NA,NA,NA,NA,NA,NA,5413.68852683266,51195,"Wise","VA",11
678977049126144,"MBB",15,0.801457663644952,0.90616426374185,1.26363158301354,3.15751489423401,2.2385101065878,3.32260230038678,2.05897071737324,0.165087406152776,1.08409219379899,221698172020004,"Maple / beech / birch group","Hard maple / basswood",67,57.3773,2.32408038147139,89.7105744507776,174.523334,6402.55722972766,64.8018115384026,9.70817288111698,2014,107.084453560214,30690084010478,NA,NA,NA,NA,155532712010854,2009,"2009-07-08",0,0,0,NA,88.073813927985,0,9.94323890892701,0,81.1271826423828,"2014-07-21",60,0,0,NA,0,0,"M221","M221Cc",51,195,49,5,37.086223,-82.704,805,40,0,2019,6,"2020-07-21",0,0,0,72,6,31,2,1,1,69.4475,1980,75,355,0,NA,23,0,2.35876796255637,0,2.23137191007654,126.269028637603,105.636998706781,198.595518,10698.939673,8552.20935720825,74.6966348142533,9.87565111010332,800,"Maple / beech / birch group","Hard maple / basswood",6.00136892539357,0,0,0,0,0,0,0.167478228986337,89.7105744507776,9.70817288111698,"Maple / beech / birch group","Hard maple / basswood",62,48.1923,2.20447371691314,150.45115,5413.68852683266,60.8451069313509,NA,NA,NA,NA,NA,NA,NA,NA,NA,5413.68852683266,51195,"Wise","VA",11
678977049126144,"MBB",20,0.666455144314774,0.865566027167917,1.05077761086963,2.85981060765057,2.0956087088363,3.17374209961569,2.12296448874607,0.313931491965121,1.0781333907794,221698172020004,"Maple / beech / birch group","Hard maple / basswood",67,57.3773,2.32408038147139,89.7105744507776,174.523334,6402.55722972766,64.8018115384026,9.70817288111698,2014,107.084453560214,30690084010478,NA,NA,NA,NA,155532712010854,2009,"2009-07-08",0,0,0,NA,88.073813927985,0,9.94323890892701,0,81.1271826423828,"2014-07-21",60,0,0,NA,0,0,"M221","M221Cc",51,195,49,5,37.086223,-82.704,805,40,0,2019,6,"2020-07-21",0,0,0,72,6,31,2,1,1,69.4475,1980,75,355,0,NA,23,0,2.35876796255637,0,2.23137191007654,126.269028637603,105.636998706781,198.595518,10698.939673,8552.20935720825,74.6966348142533,9.87565111010332,800,"Maple / beech / birch group","Hard maple / basswood",6.00136892539357,0,0,0,0,0,0,0.167478228986337,89.7105744507776,9.70817288111698,"Maple / beech / birch group","Hard maple / basswood",62,48.1923,2.20447371691314,150.45115,5413.68852683266,60.8451069313509,NA,NA,NA,NA,NA,NA,NA,NA,NA,5413.68852683266,51195,"Wise","VA",11
734248029290487,"MBB",0,0,0,0,0,0,0,0,0,0,176614686020004,"Oak / hickory group","Yellow-poplar / white oak / northern red oak",107,45.0312,1.85098671537221,96.2002239034021,114.342874,12438.5426336807,83.4791538232544,12.4201237386835,2013,160.8461871031,20653942010478,11.9117147115107,0,88.4856416287467,156.614020705955,197482658010854,2008,"2008-06-03",0,0,0,NA,155.618138254598,0,12.1746717236625,0,92.4354919986073,"2013-07-10",0,0,0,NA,0,0,"221","221Ja",47,67,29,5,36.577317,-83.378486,801,40,0,2019,8.3,"2021-11-05",0,0,0,115,5,41,2,1,1,37.5831,1460,67,350,0,NA,23,0,1.81101070924987,0,1.76877626987496,169.320255700167,108.756166069324,120.36092,14157.020786,10160.8167079953,84.0216799393098,12.8714249405417,800,"Maple / beech / birch group","Sugar maple / beech / yellow birch",8.32306639288159,0,0,0,0,0,0,0.451301201858199,96.2002239034021,12.4201237386835,"Oak / hickory group","Northern red oak",102,37.6263,1.81648871008405,114.342874,9605.57262257685,84.3542021299273,"Maple / beech / birch group","Sugar maple / beech / yellow birch",97,50.4074,1.83709275971943,114.342874,12340.4486162777,88.5802973547039,2003,12340.4486162777,47067,"Hancock","TN",9
734248029290487,"MBB",5,-1.9504354971669,-0.30405663886143,-3.07518663386648,-3.71066500908687,-1.24856412723991,-1.11487434249191,1.96031229137457,2.59579066659496,0.133689784747999,176614686020004,"Oak / hickory group","Yellow-poplar / white oak / northern red oak",107,45.0312,1.85098671537221,96.2002239034021,114.342874,12438.5426336807,83.4791538232544,12.4201237386835,2013,160.8461871031,20653942010478,11.9117147115107,0,88.4856416287467,156.614020705955,197482658010854,2008,"2008-06-03",0,0,0,NA,155.618138254598,0,12.1746717236625,0,92.4354919986073,"2013-07-10",0,0,0,NA,0,0,"221","221Ja",47,67,29,5,36.577317,-83.378486,801,40,0,2019,8.3,"2021-11-05",0,0,0,115,5,41,2,1,1,37.5831,1460,67,350,0,NA,23,0,1.81101070924987,0,1.76877626987496,169.320255700167,108.756166069324,120.36092,14157.020786,10160.8167079953,84.0216799393098,12.8714249405417,800,"Maple / beech / birch group","Sugar maple / beech / yellow birch",8.32306639288159,0,0,0,0,0,0,0.451301201858199,96.2002239034021,12.4201237386835,"Oak / hickory group","Northern red oak",102,37.6263,1.81648871008405,114.342874,9605.57262257685,84.3542021299273,"Maple / beech / birch group","Sugar maple / beech / yellow birch",97,50.4074,1.83709275971943,114.342874,12340.4486162777,88.5802973547039,2003,12340.4486162777,47067,"Hancock","TN",9
734248029290487,"MBB",10,0.359666850051007,-0.827594954147811,0.567074733580421,-1.1625987205885,-2.4914457627671,-3.03451483187531,-3.60158956545573,-1.8719161112868,-0.543069069108211,176614686020004,"Oak / hickory group","Yellow-poplar / white oak / northern red oak",107,45.0312,1.85098671537221,96.2002239034021,114.342874,12438.5426336807,83.4791538232544,12.4201237386835,2013,160.8461871031,20653942010478,11.9117147115107,0,88.4856416287467,156.614020705955,197482658010854,2008,"2008-06-03",0,0,0,NA,155.618138254598,0,12.1746717236625,0,92.4354919986073,"2013-07-10",0,0,0,NA,0,0,"221","221Ja",47,67,29,5,36.577317,-83.378486,801,40,0,2019,8.3,"2021-11-05",0,0,0,115,5,41,2,1,1,37.5831,1460,67,350,0,NA,23,0,1.81101070924987,0,1.76877626987496,169.320255700167,108.756166069324,120.36092,14157.020786,10160.8167079953,84.0216799393098,12.8714249405417,800,"Maple / beech / birch group","Sugar maple / beech / yellow birch",8.32306639288159,0,0,0,0,0,0,0.451301201858199,96.2002239034021,12.4201237386835,"Oak / hickory group","Northern red oak",102,37.6263,1.81648871008405,114.342874,9605.57262257685,84.3542021299273,"Maple / beech / birch group","Sugar maple / beech / yellow birch",97,50.4074,1.83709275971943,114.342874,12340.4486162777,88.5802973547039,2003,12340.4486162777,47067,"Hancock","TN",9
734248029290487,"MBB",15,0.63589771412757,0.0014866027693742,1.00259872927447,1.00570572906246,0.276543016862847,0.00545087682103874,-0.99714785245343,-1.00025485224142,-0.271092140041808,176614686020004,"Oak / hickory group","Yellow-poplar / white oak / northern red oak",107,45.0312,1.85098671537221,96.2002239034021,114.342874,12438.5426336807,83.4791538232544,12.4201237386835,2013,160.8461871031,20653942010478,11.9117147115107,0,88.4856416287467,156.614020705955,197482658010854,2008,"2008-06-03",0,0,0,NA,155.618138254598,0,12.1746717236625,0,92.4354919986073,"2013-07-10",0,0,0,NA,0,0,"221","221Ja",47,67,29,5,36.577317,-83.378486,801,40,0,2019,8.3,"2021-11-05",0,0,0,115,5,41,2,1,1,37.5831,1460,67,350,0,NA,23,0,1.81101070924987,0,1.76877626987496,169.320255700167,108.756166069324,120.36092,14157.020786,10160.8167079953,84.0216799393098,12.8714249405417,800,"Maple / beech / birch group","Sugar maple / beech / yellow birch",8.32306639288159,0,0,0,0,0,0,0.451301201858199,96.2002239034021,12.4201237386835,"Oak / hickory group","Northern red oak",102,37.6263,1.81648871008405,114.342874,9605.57262257685,84.3542021299273,"Maple / beech / birch group","Sugar maple / beech / yellow birch",97,50.4074,1.83709275971943,114.342874,12340.4486162777,88.5802973547039,2003,12340.4486162777,47067,"Hancock","TN",9
734248029290487,"MBB",20,-1.41658546659816,0.358318699763424,-2.23348308566977,-1.48459700316422,0.139754331868346,1.31383523246589,3.54731831813566,2.79843223563011,1.17408090059754,176614686020004,"Oak / hickory group","Yellow-poplar / white oak / northern red oak",107,45.0312,1.85098671537221,96.2002239034021,114.342874,12438.5426336807,83.4791538232544,12.4201237386835,2013,160.8461871031,20653942010478,11.9117147115107,0,88.4856416287467,156.614020705955,197482658010854,2008,"2008-06-03",0,0,0,NA,155.618138254598,0,12.1746717236625,0,92.4354919986073,"2013-07-10",0,0,0,NA,0,0,"221","221Ja",47,67,29,5,36.577317,-83.378486,801,40,0,2019,8.3,"2021-11-05",0,0,0,115,5,41,2,1,1,37.5831,1460,67,350,0,NA,23,0,1.81101070924987,0,1.76877626987496,169.320255700167,108.756166069324,120.36092,14157.020786,10160.8167079953,84.0216799393098,12.8714249405417,800,"Maple / beech / birch group","Sugar maple / beech / yellow birch",8.32306639288159,0,0,0,0,0,0,0.451301201858199,96.2002239034021,12.4201237386835,"Oak / hickory group","Northern red oak",102,37.6263,1.81648871008405,114.342874,9605.57262257685,84.3542021299273,"Maple / beech / birch group","Sugar maple / beech / yellow birch",97,50.4074,1.83709275971943,114.342874,12340.4486162777,88.5802973547039,2003,12340.4486162777,47067,"Hancock","TN",9
734248035290487,"MBB",0,0,0,0,0,0,0,0,0,0,176614229020004,"Maple / beech / birch group","Hard maple / basswood",91,37.2557,2.2340391378661,152.45960944396,126.378966,10600.4787134717,95.3376189767172,14.8724471999159,2013,125.055060177873,20653684010478,13.6797066151626,0,159.697291760838,199.612617777886,197482579010854,2008,"2008-04-14",0,0,0,NA,205.644544320275,0,14.0113773645625,0,148.204070720812,"2013-11-12",0,0,0,12,0.305722309856488,10,"M221","M221Ab",47,59,80,5,36.31219,-82.690105,805,40,0,2019,7.3,"2021-03-07",0,0,0,99,6,38,2,1,1,53.1488,1830,46,77,0,NA,22,0,1.83828607414107,0,1.7919616350765,148.149529130505,105.31468251406,132.397012,11913.854148,9865.57815959121,69.9346090357659,12.0766867822414,800,"Maple / beech / birch group","Hard maple / basswood",7.31553730321698,0,0,1,0,1,0.305722309856488,0.861069835353398,148.204070720812,14.0113773645625,"Maple / beech / birch group","Hard maple / basswood",85,55.7288,2.21920360853329,138.415058,21074.1969348811,95.4976269730008,"Maple / beech / birch group","Hard maple / basswood",80,42.6741,2.32537860214889,156.469196,18592.1332823342,88.5069002246237,2003,18592.1332823342,47059,"Greene","TN",9
734248035290487,"MBB",5,0.21208241214388,0.244611777874957,0.334383269813518,0.845621885572177,0.787337461797888,0.896909852208175,0.562526582394657,0.0512879666359976,0.109572390410287,176614229020004,"Maple / beech / birch group","Hard maple / basswood",91,37.2557,2.2340391378661,152.45960944396,126.378966,10600.4787134717,95.3376189767172,14.8724471999159,2013,125.055060177873,20653684010478,13.6797066151626,0,159.697291760838,199.612617777886,197482579010854,2008,"2008-04-14",0,0,0,NA,205.644544320275,0,14.0113773645625,0,148.204070720812,"2013-11-12",0,0,0,12,0.305722309856488,10,"M221","M221Ab",47,59,80,5,36.31219,-82.690105,805,40,0,2019,7.3,"2021-03-07",0,0,0,99,6,38,2,1,1,53.1488,1830,46,77,0,NA,22,0,1.83828607414107,0,1.7919616350765,148.149529130505,105.31468251406,132.397012,11913.854148,9865.57815959121,69.9346090357659,12.0766867822414,800,"Maple / beech / birch group","Hard maple / basswood",7.31553730321698,0,0,1,0,1,0.305722309856488,0.861069835353398,148.204070720812,14.0113773645625,"Maple / beech / birch group","Hard maple / basswood",85,55.7288,2.21920360853329,138.415058,21074.1969348811,95.4976269730008,"Maple / beech / birch group","Hard maple / basswood",80,42.6741,2.32537860214889,156.469196,18592.1332823342,88.5069002246237,2003,18592.1332823342,47059,"Greene","TN",9
734248035290487,"MBB",10,0.696817038620709,0.0659539715001514,1.09864819755865,1.23649199799397,0.31462895839978,0.241831228833889,-0.856816968724763,-0.994660769160079,-0.0727977295658913,176614229020004,"Maple / beech / birch group","Hard maple / basswood",91,37.2557,2.2340391378661,152.45960944396,126.378966,10600.4787134717,95.3376189767172,14.8724471999159,2013,125.055060177873,20653684010478,13.6797066151626,0,159.697291760838,199.612617777886,197482579010854,2008,"2008-04-14",0,0,0,NA,205.644544320275,0,14.0113773645625,0,148.204070720812,"2013-11-12",0,0,0,12,0.305722309856488,10,"M221","M221Ab",47,59,80,5,36.31219,-82.690105,805,40,0,2019,7.3,"2021-03-07",0,0,0,99,6,38,2,1,1,53.1488,1830,46,77,0,NA,22,0,1.83828607414107,0,1.7919616350765,148.149529130505,105.31468251406,132.397012,11913.854148,9865.57815959121,69.9346090357659,12.0766867822414,800,"Maple / beech / birch group","Hard maple / basswood",7.31553730321698,0,0,1,0,1,0.305722309856488,0.861069835353398,148.204070720812,14.0113773645625,"Maple / beech / birch group","Hard maple / basswood",85,55.7288,2.21920360853329,138.415058,21074.1969348811,95.4976269730008,"Maple / beech / birch group","Hard maple / basswood",80,42.6741,2.32537860214889,156.469196,18592.1332823342,88.5069002246237,2003,18592.1332823342,47059,"Greene","TN",9
734248035290487,"MBB",15,0.954452098703398,0.718545724067685,1.50485280895569,3.00661337225715,1.91217496574392,2.63466765491485,1.12981484595916,-0.371945717342306,0.722492689170923,176614229020004,"Maple / beech / birch group","Hard maple / basswood",91,37.2557,2.2340391378661,152.45960944396,126.378966,10600.4787134717,95.3376189767172,14.8724471999159,2013,125.055060177873,20653684010478,13.6797066151626,0,159.697291760838,199.612617777886,197482579010854,2008,"2008-04-14",0,0,0,NA,205.644544320275,0,14.0113773645625,0,148.204070720812,"2013-11-12",0,0,0,12,0.305722309856488,10,"M221","M221Ab",47,59,80,5,36.31219,-82.690105,805,40,0,2019,7.3,"2021-03-07",0,0,0,99,6,38,2,1,1,53.1488,1830,46,77,0,NA,22,0,1.83828607414107,0,1.7919616350765,148.149529130505,105.31468251406,132.397012,11913.854148,9865.57815959121,69.9346090357659,12.0766867822414,800,"Maple / beech / birch group","Hard maple / basswood",7.31553730321698,0,0,1,0,1,0.305722309856488,0.861069835353398,148.204070720812,14.0113773645625,"Maple / beech / birch group","Hard maple / basswood",85,55.7288,2.21920360853329,138.415058,21074.1969348811,95.4976269730008,"Maple / beech / birch group","Hard maple / basswood",80,42.6741,2.32537860214889,156.469196,18592.1332823342,88.5069002246237,2003,18592.1332823342,47059,"Greene","TN",9
734248035290487,"MBB",20,0.68420786478494,1.05498316758836,1.07876773347759,3.28368255373727,2.4991242021172,3.86827161449066,2.78950388101307,0.584589060753395,1.36914741237346,176614229020004,"Maple / beech / birch group","Hard maple / basswood",91,37.2557,2.2340391378661,152.45960944396,126.378966,10600.4787134717,95.3376189767172,14.8724471999159,2013,125.055060177873,20653684010478,13.6797066151626,0,159.697291760838,199.612617777886,197482579010854,2008,"2008-04-14",0,0,0,NA,205.644544320275,0,14.0113773645625,0,148.204070720812,"2013-11-12",0,0,0,12,0.305722309856488,10,"M221","M221Ab",47,59,80,5,36.31219,-82.690105,805,40,0,2019,7.3,"2021-03-07",0,0,0,99,6,38,2,1,1,53.1488,1830,46,77,0,NA,22,0,1.83828607414107,0,1.7919616350765,148.149529130505,105.31468251406,132.397012,11913.854148,9865.57815959121,69.9346090357659,12.0766867822414,800,"Maple / beech / birch group","Hard maple / basswood",7.31553730321698,0,0,1,0,1,0.305722309856488,0.861069835353398,148.204070720812,14.0113773645625,"Maple / beech / birch group","Hard maple / basswood",85,55.7288,2.21920360853329,138.415058,21074.1969348811,95.4976269730008,"Maple / beech / birch group","Hard maple / basswood",80,42.6741,2.32537860214889,156.469196,18592.1332823342,88.5069002246237,2003,18592.1332823342,47059,"Greene","TN",9
734248143290487,"MBB",0,0,0,0,0,0,0,0,0,0,259121404010854,"Maple / beech / birch group","Hard maple / basswood",89,29.0135,1.89238856458438,145.121966438189,180.54138,3624.30143929768,65.824426213118,12.1400543656114,2012,64.7202918196111,20656096010478,11.8071192301987,0,141.847023856639,154.519853245423,131591523010478,2007,"2007-06-06",0,0,0,NA,167.508174033586,0,11.7613616997463,0,140.749721025992,"2012-06-12",0,0,0,12,0.474610601026122,10,"223","223Ec",47,159,32,3,36.264172,-86.0596,805,40,0,2019,9,"2021-06-08",0,0,0,98,6,38,2,1,1,19.7303,540,43,22,0,NA,22,0,1.30782677460304,0,1,92.203396051236,102.327185583158,168.505288,7168.983507,1392.7196756994,49.8050876819764,10.5519124874526,800,"Maple / beech / birch group","Hard maple / basswood",8.98836413415469,0,0,1,0,1,0.474610601026122,0.378692665865131,140.749721025992,11.7613616997463,"Oak / hickory group","Elm / ash / black locust",84,70.1279,2.04612815255693,186.559426,9513.07396167696,70.7391073215657,"Oak / hickory group","Elm / ash / black locust",79,81.7348,2.06627834976934,186.559426,9804.90740938359,70.6180818394065,2002,9804.90740938359,47159,"Smith","TN",7
734248143290487,"MBB",5,1.26011838880565,1.51665640437555,1.98678665968358,5.15659854482849,4.87292066768561,5.56107348271037,3.57428682302679,0.404474937881879,0.688152815024755,259121404010854,"Maple / beech / birch group","Hard maple / basswood",89,29.0135,1.89238856458438,145.121966438189,180.54138,3624.30143929768,65.824426213118,12.1400543656114,2012,64.7202918196111,20656096010478,11.8071192301987,0,141.847023856639,154.519853245423,131591523010478,2007,"2007-06-06",0,0,0,NA,167.508174033586,0,11.7613616997463,0,140.749721025992,"2012-06-12",0,0,0,12,0.474610601026122,10,"223","223Ec",47,159,32,3,36.264172,-86.0596,805,40,0,2019,9,"2021-06-08",0,0,0,98,6,38,2,1,1,19.7303,540,43,22,0,NA,22,0,1.30782677460304,0,1,92.203396051236,102.327185583158,168.505288,7168.983507,1392.7196756994,49.8050876819764,10.5519124874526,800,"Maple / beech / birch group","Hard maple / basswood",8.98836413415469,0,0,1,0,1,0.474610601026122,0.378692665865131,140.749721025992,11.7613616997463,"Oak / hickory group","Elm / ash / black locust",84,70.1279,2.04612815255693,186.559426,9513.07396167696,70.7391073215657,"Oak / hickory group","Elm / ash / black locust",79,81.7348,2.06627834976934,186.559426,9804.90740938359,70.6180818394065,2002,9804.90740938359,47159,"Smith","TN",7
734248143290487,"MBB",10,1.2207767110546,1.57554451389421,1.92475794776275,5.21764598180165,5.0480013765629,5.77699655094544,3.85223860318269,0.55935056914379,0.728995174382534,259121404010854,"Maple / beech / birch group","Hard maple / basswood",89,29.0135,1.89238856458438,145.121966438189,180.54138,3624.30143929768,65.824426213118,12.1400543656114,2012,64.7202918196111,20656096010478,11.8071192301987,0,141.847023856639,154.519853245423,131591523010478,2007,"2007-06-06",0,0,0,NA,167.508174033586,0,11.7613616997463,0,140.749721025992,"2012-06-12",0,0,0,12,0.474610601026122,10,"223","223Ec",47,159,32,3,36.264172,-86.0596,805,40,0,2019,9,"2021-06-08",0,0,0,98,6,38,2,1,1,19.7303,540,43,22,0,NA,22,0,1.30782677460304,0,1,92.203396051236,102.327185583158,168.505288,7168.983507,1392.7196756994,49.8050876819764,10.5519124874526,800,"Maple / beech / birch group","Hard maple / basswood",8.98836413415469,0,0,1,0,1,0.474610601026122,0.378692665865131,140.749721025992,11.7613616997463,"Oak / hickory group","Elm / ash / black locust",84,70.1279,2.04612815255693,186.559426,9513.07396167696,70.7391073215657,"Oak / hickory group","Elm / ash / black locust",79,81.7348,2.06627834976934,186.559426,9804.90740938359,70.6180818394065,2002,9804.90740938359,47159,"Smith","TN",7
734248143290487,"MBB",15,1.64346495108541,1.54953308575003,2.59119640621134,5.82972055542891,3.9452140781843,5.68162131441679,3.09042490820545,-0.148099241012117,1.73640723623249,259121404010854,"Maple / beech / birch group","Hard maple / basswood",89,29.0135,1.89238856458438,145.121966438189,180.54138,3624.30143929768,65.824426213118,12.1400543656114,2012,64.7202918196111,20656096010478,11.8071192301987,0,141.847023856639,154.519853245423,131591523010478,2007,"2007-06-06",0,0,0,NA,167.508174033586,0,11.7613616997463,0,140.749721025992,"2012-06-12",0,0,0,12,0.474610601026122,10,"223","223Ec",47,159,32,3,36.264172,-86.0596,805,40,0,2019,9,"2021-06-08",0,0,0,98,6,38,2,1,1,19.7303,540,43,22,0,NA,22,0,1.30782677460304,0,1,92.203396051236,102.327185583158,168.505288,7168.983507,1392.7196756994,49.8050876819764,10.5519124874526,800,"Maple / beech / birch group","Hard maple / basswood",8.98836413415469,0,0,1,0,1,0.474610601026122,0.378692665865131,140.749721025992,11.7613616997463,"Oak / hickory group","Elm / ash / black locust",84,70.1279,2.04612815255693,186.559426,9513.07396167696,70.7391073215657,"Oak / hickory group","Elm / ash / black locust",79,81.7348,2.06627834976934,186.559426,9804.90740938359,70.6180818394065,2002,9804.90740938359,47159,"Smith","TN",7
734248143290487,"MBB",20,1.17740038395061,1.40964729500075,1.85636793869546,4.80253078524702,3.45244501165032,5.16870674833608,3.31233880964062,0.366175963089056,1.71626173668575,259121404010854,"Maple / beech / birch group","Hard maple / basswood",89,29.0135,1.89238856458438,145.121966438189,180.54138,3624.30143929768,65.824426213118,12.1400543656114,2012,64.7202918196111,20656096010478,11.8071192301987,0,141.847023856639,154.519853245423,131591523010478,2007,"2007-06-06",0,0,0,NA,167.508174033586,0,11.7613616997463,0,140.749721025992,"2012-06-12",0,0,0,12,0.474610601026122,10,"223","223Ec",47,159,32,3,36.264172,-86.0596,805,40,0,2019,9,"2021-06-08",0,0,0,98,6,38,2,1,1,19.7303,540,43,22,0,NA,22,0,1.30782677460304,0,1,92.203396051236,102.327185583158,168.505288,7168.983507,1392.7196756994,49.8050876819764,10.5519124874526,800,"Maple / beech / birch group","Hard maple / basswood",8.98836413415469,0,0,1,0,1,0.474610601026122,0.378692665865131,140.749721025992,11.7613616997463,"Oak / hickory group","Elm / ash / black locust",84,70.1279,2.04612815255693,186.559426,9513.07396167696,70.7391073215657,"Oak / hickory group","Elm / ash / black locust",79,81.7348,2.06627834976934,186.559426,9804.90740938359,70.6180818394065,2002,9804.90740938359,47159,"Smith","TN",7
749041030290487,"MBB",0,0,0,0,0,0,0,0,0,0,NA,NA,NA,NA,NA,NA,NA,NA,NA,NA,NA,NA,NA,NA,NA,NA,NA,NA,NA,NA,NA,NA,NA,NA,NA,NA,NA,NA,NA,NA,NA,NA,NA,NA,NA,NA,NA,NA,NA,NA,NA,NA,NA,NA,NA,NA,NA,NA,NA,NA,NA,NA,NA,NA,NA,NA,NA,NA,NA,NA,NA,NA,NA,NA,NA,NA,NA,NA,NA,NA,NA,NA,NA,NA,NA,NA,NA,NA,NA,NA,NA,NA,NA,NA,NA,NA,NA,NA,NA,NA,NA,NA,NA,NA,NA,NA,NA,NA,NA,NA,NA,NA,NA,NA,NA,NA,NA,NA,NA,NA,NA,NA,NA
749041030290487,"MBB",5,-0.0187501910067596,0.507183565183641,-0.0295628011539909,1.03045085007982,1.55912535020453,1.85967307234002,1.88923587349401,0.829222222260198,0.300547722135484,NA,NA,NA,NA,NA,NA,NA,NA,NA,NA,NA,NA,NA,NA,NA,NA,NA,NA,NA,NA,NA,NA,NA,NA,NA,NA,NA,NA,NA,NA,NA,NA,NA,NA,NA,NA,NA,NA,NA,NA,NA,NA,NA,NA,NA,NA,NA,NA,NA,NA,NA,NA,NA,NA,NA,NA,NA,NA,NA,NA,NA,NA,NA,NA,NA,NA,NA,NA,NA,NA,NA,NA,NA,NA,NA,NA,NA,NA,NA,NA,NA,NA,NA,NA,NA,NA,NA,NA,NA,NA,NA,NA,NA,NA,NA,NA,NA,NA,NA,NA,NA,NA,NA,NA,NA,NA,NA,NA,NA,NA,NA,NA,NA
749041030290487,"MBB",10,1.04807182301045,0.595482820974816,1.65245990761315,2.89701900345051,2.0017785802841,2.18343701024099,0.530977102627846,-0.71358199320952,0.181658429956886,NA,NA,NA,NA,NA,NA,NA,NA,NA,NA,NA,NA,NA,NA,NA,NA,NA,NA,NA,NA,NA,NA,NA,NA,NA,NA,NA,NA,NA,NA,NA,NA,NA,NA,NA,NA,NA,NA,NA,NA,NA,NA,NA,NA,NA,NA,NA,NA,NA,NA,NA,NA,NA,NA,NA,NA,NA,NA,NA,NA,NA,NA,NA,NA,NA,NA,NA,NA,NA,NA,NA,NA,NA,NA,NA,NA,NA,NA,NA,NA,NA,NA,NA,NA,NA,NA,NA,NA,NA,NA,NA,NA,NA,NA,NA,NA,NA,NA,NA,NA,NA,NA,NA,NA,NA,NA,NA,NA,NA,NA,NA,NA,NA
749041030290487,"MBB",15,1.1742589884095,1.08155278552724,1.85141500505898,4.11186032681091,2.76537668676801,3.9656935469332,2.11427854187422,-0.146166779877706,1.20031686016519,NA,NA,NA,NA,NA,NA,NA,NA,NA,NA,NA,NA,NA,NA,NA,NA,NA,NA,NA,NA,NA,NA,NA,NA,NA,NA,NA,NA,NA,NA,NA,NA,NA,NA,NA,NA,NA,NA,NA,NA,NA,NA,NA,NA,NA,NA,NA,NA,NA,NA,NA,NA,NA,NA,NA,NA,NA,NA,NA,NA,NA,NA,NA,NA,NA,NA,NA,NA,NA,NA,NA,NA,NA,NA,NA,NA,NA,NA,NA,NA,NA,NA,NA,NA,NA,NA,NA,NA,NA,NA,NA,NA,NA,NA,NA,NA,NA,NA,NA,NA,NA,NA,NA,NA,NA,NA,NA,NA,NA,NA,NA,NA,NA
749041030290487,"MBB",20,0.428765550275814,0.512036847820748,0.676020350934867,1.74617736288023,1.25452619856396,1.87746844200941,1.20144809107454,0.131291079129179,0.622942243445446,NA,NA,NA,NA,NA,NA,NA,NA,NA,NA,NA,NA,NA,NA,NA,NA,NA,NA,NA,NA,NA,NA,NA,NA,NA,NA,NA,NA,NA,NA,NA,NA,NA,NA,NA,NA,NA,NA,NA,NA,NA,NA,NA,NA,NA,NA,NA,NA,NA,NA,NA,NA,NA,NA,NA,NA,NA,NA,NA,NA,NA,NA,NA,NA,NA,NA,NA,NA,NA,NA,NA,NA,NA,NA,NA,NA,NA,NA,NA,NA,NA,NA,NA,NA,NA,NA,NA,NA,NA,NA,NA,NA,NA,NA,NA,NA,NA,NA,NA,NA,NA,NA,NA,NA,NA,NA,NA,NA,NA,NA,NA,NA,NA
749041179290487,"MBB",0,0,0,0,0,0,0,0,0,0,258769492010854,"Maple / beech / birch group","Hard maple / basswood",80,42.4625,1.65170430435356,179.977817193668,252.757932,6250.9231605698,62.8377102840017,11.4261396222288,2012,194.327278269286,74731114010478,NA,NA,NA,NA,155469703010478,2007,"2008-07-17",20,0,0,NA,244.489613352596,0,11.4757463225072,0,177.221485304896,"2013-02-14",12,0,0,NA,0,0,"223","223Fd",21,15,6,4,39.095688,-84.699998,801,40,0,2019,8.9,"2022-01-05",10,60,0,85,5,25,2,1,1,41.9906,630,18,178,0,NA,22,0,1.52512919123581,0,1.20968237890243,175.604320350403,185.748514448714,234.703794,14238.691916,5552.97600892519,57.8966925925974,12.0460608520496,800,"Maple / beech / birch group","Sugar maple / beech / yellow birch",8.88980150581793,0,0,0,0,0,0,0.619921229820815,179.977817193668,11.4261396222288,"Maple / beech / birch group","Hard maple / basswood",75,41.3584,1.49250077418298,246.739886,5388.4718729707,73.0703737791934,NA,NA,NA,NA,NA,NA,NA,NA,NA,5388.4718729707,21015,"Boone","KY",3
749041179290487,"MBB",5,-0.802501373945191,0.763793195520401,-1.26527716625358,0.331050612384054,2.2240828223716,2.80057505024147,4.06585221649505,2.46952443785742,0.576492227869866,258769492010854,"Maple / beech / birch group","Hard maple / basswood",80,42.4625,1.65170430435356,179.977817193668,252.757932,6250.9231605698,62.8377102840017,11.4261396222288,2012,194.327278269286,74731114010478,NA,NA,NA,NA,155469703010478,2007,"2008-07-17",20,0,0,NA,244.489613352596,0,11.4757463225072,0,177.221485304896,"2013-02-14",12,0,0,NA,0,0,"223","223Fd",21,15,6,4,39.095688,-84.699998,801,40,0,2019,8.9,"2022-01-05",10,60,0,85,5,25,2,1,1,41.9906,630,18,178,0,NA,22,0,1.52512919123581,0,1.20968237890243,175.604320350403,185.748514448714,234.703794,14238.691916,5552.97600892519,57.8966925925974,12.0460608520496,800,"Maple / beech / birch group","Sugar maple / beech / yellow birch",8.88980150581793,0,0,0,0,0,0,0.619921229820815,179.977817193668,11.4261396222288,"Maple / beech / birch group","Hard maple / basswood",75,41.3584,1.49250077418298,246.739886,5388.4718729707,73.0703737791934,NA,NA,NA,NA,NA,NA,NA,NA,NA,5388.4718729707,21015,"Boone","KY",3
749041179290487,"MBB",10,-0.198036691746513,0.97105086691189,-0.312237850653669,1.71725846119218,2.95915079940918,3.56051984534359,3.87275769599726,1.84326138415141,0.601369045934418,258769492010854,"Maple / beech / birch group","Hard maple / basswood",80,42.4625,1.65170430435356,179.977817193668,252.757932,6250.9231605698,62.8377102840017,11.4261396222288,2012,194.327278269286,74731114010478,NA,NA,NA,NA,155469703010478,2007,"2008-07-17",20,0,0,NA,244.489613352596,0,11.4757463225072,0,177.221485304896,"2013-02-14",12,0,0,NA,0,0,"223","223Fd",21,15,6,4,39.095688,-84.699998,801,40,0,2019,8.9,"2022-01-05",10,60,0,85,5,25,2,1,1,41.9906,630,18,178,0,NA,22,0,1.52512919123581,0,1.20968237890243,175.604320350403,185.748514448714,234.703794,14238.691916,5552.97600892519,57.8966925925974,12.0460608520496,800,"Maple / beech / birch group","Sugar maple / beech / yellow birch",8.88980150581793,0,0,0,0,0,0,0.619921229820815,179.977817193668,11.4261396222288,"Maple / beech / birch group","Hard maple / basswood",75,41.3584,1.49250077418298,246.739886,5388.4718729707,73.0703737791934,NA,NA,NA,NA,NA,NA,NA,NA,NA,5388.4718729707,21015,"Boone","KY",3
749041179290487,"MBB",15,0.612992128565247,1.39882857860185,0.966484256037873,3.89003598531573,3.18713834456091,5.1290381215401,4.16255386550223,1.23900213622437,1.94189977697919,258769492010854,"Maple / beech / birch group","Hard maple / basswood",80,42.4625,1.65170430435356,179.977817193668,252.757932,6250.9231605698,62.8377102840017,11.4261396222288,2012,194.327278269286,74731114010478,NA,NA,NA,NA,155469703010478,2007,"2008-07-17",20,0,0,NA,244.489613352596,0,11.4757463225072,0,177.221485304896,"2013-02-14",12,0,0,NA,0,0,"223","223Fd",21,15,6,4,39.095688,-84.699998,801,40,0,2019,8.9,"2022-01-05",10,60,0,85,5,25,2,1,1,41.9906,630,18,178,0,NA,22,0,1.52512919123581,0,1.20968237890243,175.604320350403,185.748514448714,234.703794,14238.691916,5552.97600892519,57.8966925925974,12.0460608520496,800,"Maple / beech / birch group","Sugar maple / beech / yellow birch",8.88980150581793,0,0,0,0,0,0,0.619921229820815,179.977817193668,11.4261396222288,"Maple / beech / birch group","Hard maple / basswood",75,41.3584,1.49250077418298,246.739886,5388.4718729707,73.0703737791934,NA,NA,NA,NA,NA,NA,NA,NA,NA,5388.4718729707,21015,"Boone","KY",3
749041179290487,"MBB",20,0.535475707381606,1.31455222580622,0.844266698638332,3.59168085057333,2.97766870610909,4.82002482795613,3.9757581293178,1.22834397738281,1.84235612184705,258769492010854,"Maple / beech / birch group","Hard maple / basswood",80,42.4625,1.65170430435356,179.977817193668,252.757932,6250.9231605698,62.8377102840017,11.4261396222288,2012,194.327278269286,74731114010478,NA,NA,NA,NA,155469703010478,2007,"2008-07-17",20,0,0,NA,244.489613352596,0,11.4757463225072,0,177.221485304896,"2013-02-14",12,0,0,NA,0,0,"223","223Fd",21,15,6,4,39.095688,-84.699998,801,40,0,2019,8.9,"2022-01-05",10,60,0,85,5,25,2,1,1,41.9906,630,18,178,0,NA,22,0,1.52512919123581,0,1.20968237890243,175.604320350403,185.748514448714,234.703794,14238.691916,5552.97600892519,57.8966925925974,12.0460608520496,800,"Maple / beech / birch group","Sugar maple / beech / yellow birch",8.88980150581793,0,0,0,0,0,0,0.619921229820815,179.977817193668,11.4261396222288,"Maple / beech / birch group","Hard maple / basswood",75,41.3584,1.49250077418298,246.739886,5388.4718729707,73.0703737791934,NA,NA,NA,NA,NA,NA,NA,NA,NA,5388.4718729707,21015,"Boone","KY",3
749041327290487,"MBB",0,0,0,0,0,0,0,0,0,0,188794683020004,"Maple / beech / birch group","Sugar maple / beech / yellow birch",61,49.8736,1.10507445499987,80.1090310845211,174.523334,3583.55820268353,63.9343898880731,9.173951128622,2013,113.433854766542,74657615010478,NA,NA,NA,NA,153850039010854,2008,"2009-04-16",51,0,0,NA,101.365124078408,0,9.12556088897891,0,71.0662041295652,"2014-04-17",0,0,0,NA,0,0,"223","223Eg",21,221,2,7,36.653915,-87.828797,801,40,0,2019,7.2,"2021-06-15",46,60,0,55,6,32,2,1,1,65.9533,600,17,87,10,12,22,0,1.15229305987993,0,1.18932182913422,123.298413667301,97.6075148247342,174.523334,10238.71181,5186.60628718936,69.9841983734074,10.1264520457307,800,"Maple / beech / birch group","Sugar maple / beech / yellow birch",7.16221765913758,1,1,0,0,1,0,0.952500917108669,80.1090310845211,9.173951128622,"Maple / beech / birch group","Sugar maple / beech / yellow birch",61,50.6496,1.10706720159962,156.469196,2849.49240594566,59.6075754149635,NA,NA,NA,NA,NA,NA,NA,NA,NA,2849.49240594566,21221,"Trigg","KY",3
749041327290487,"MBB",5,-0.574164043450303,0.917963497318286,-0.905265308506645,1.01327840088857,2.73546132478827,3.36586615683371,4.27113146534036,2.35258775594514,0.630404832045443,188794683020004,"Maple / beech / birch group","Sugar maple / beech / yellow birch",61,49.8736,1.10507445499987,80.1090310845211,174.523334,3583.55820268353,63.9343898880731,9.173951128622,2013,113.433854766542,74657615010478,NA,NA,NA,NA,153850039010854,2008,"2009-04-16",51,0,0,NA,101.365124078408,0,9.12556088897891,0,71.0662041295652,"2014-04-17",0,0,0,NA,0,0,"223","223Eg",21,221,2,7,36.653915,-87.828797,801,40,0,2019,7.2,"2021-06-15",46,60,0,55,6,32,2,1,1,65.9533,600,17,87,10,12,22,0,1.15229305987993,0,1.18932182913422,123.298413667301,97.6075148247342,174.523334,10238.71181,5186.60628718936,69.9841983734074,10.1264520457307,800,"Maple / beech / birch group","Sugar maple / beech / yellow birch",7.16221765913758,1,1,0,0,1,0,0.952500917108669,80.1090310845211,9.173951128622,"Maple / beech / birch group","Sugar maple / beech / yellow birch",61,50.6496,1.10706720159962,156.469196,2849.49240594566,59.6075754149635,NA,NA,NA,NA,NA,NA,NA,NA,NA,2849.49240594566,21221,"Trigg","KY",3
749041327290487,"MBB",10,0.729182229490153,1.32515446860014,1.14967731516281,3.91925015453709,4.19814492000685,4.8588997182005,3.70922240303769,0.939649563663407,0.660754798193656,188794683020004,"Maple / beech / birch group","Sugar maple / beech / yellow birch",61,49.8736,1.10507445499987,80.1090310845211,174.523334,3583.55820268353,63.9343898880731,9.173951128622,2013,113.433854766542,74657615010478,NA,NA,NA,NA,153850039010854,2008,"2009-04-16",51,0,0,NA,101.365124078408,0,9.12556088897891,0,71.0662041295652,"2014-04-17",0,0,0,NA,0,0,"223","223Eg",21,221,2,7,36.653915,-87.828797,801,40,0,2019,7.2,"2021-06-15",46,60,0,55,6,32,2,1,1,65.9533,600,17,87,10,12,22,0,1.15229305987993,0,1.18932182913422,123.298413667301,97.6075148247342,174.523334,10238.71181,5186.60628718936,69.9841983734074,10.1264520457307,800,"Maple / beech / birch group","Sugar maple / beech / yellow birch",7.16221765913758,1,1,0,0,1,0,0.952500917108669,80.1090310845211,9.173951128622,"Maple / beech / birch group","Sugar maple / beech / yellow birch",61,50.6496,1.10706720159962,156.469196,2849.49240594566,59.6075754149635,NA,NA,NA,NA,NA,NA,NA,NA,NA,2849.49240594566,21221,"Trigg","KY",3
749041327290487,"MBB",15,1.03144553747527,1.50534553144527,1.62624579741935,4.77241795813996,3.58969374183497,5.51960028196598,3.89335448454663,0.74718232382602,1.929906540131,188794683020004,"Maple / beech / birch group","Sugar maple / beech / yellow birch",61,49.8736,1.10507445499987,80.1090310845211,174.523334,3583.55820268353,63.9343898880731,9.173951128622,2013,113.433854766542,74657615010478,NA,NA,NA,NA,153850039010854,2008,"2009-04-16",51,0,0,NA,101.365124078408,0,9.12556088897891,0,71.0662041295652,"2014-04-17",0,0,0,NA,0,0,"223","223Eg",21,221,2,7,36.653915,-87.828797,801,40,0,2019,7.2,"2021-06-15",46,60,0,55,6,32,2,1,1,65.9533,600,17,87,10,12,22,0,1.15229305987993,0,1.18932182913422,123.298413667301,97.6075148247342,174.523334,10238.71181,5186.60628718936,69.9841983734074,10.1264520457307,800,"Maple / beech / birch group","Sugar maple / beech / yellow birch",7.16221765913758,1,1,0,0,1,0,0.952500917108669,80.1090310845211,9.173951128622,"Maple / beech / birch group","Sugar maple / beech / yellow birch",61,50.6496,1.10706720159962,156.469196,2849.49240594566,59.6075754149635,NA,NA,NA,NA,NA,NA,NA,NA,NA,2849.49240594566,21221,"Trigg","KY",3
749041327290487,"MBB",20,1.0474156720255,1.46793613048502,1.65142537622687,4.71941188894055,3.51837525168465,5.38243247844506,3.73100710221819,0.663020589504506,1.86405722676041,188794683020004,"Maple / beech / birch group","Sugar maple / beech / yellow birch",61,49.8736,1.10507445499987,80.1090310845211,174.523334,3583.55820268353,63.9343898880731,9.173951128622,2013,113.433854766542,74657615010478,NA,NA,NA,NA,153850039010854,2008,"2009-04-16",51,0,0,NA,101.365124078408,0,9.12556088897891,0,71.0662041295652,"2014-04-17",0,0,0,NA,0,0,"223","223Eg",21,221,2,7,36.653915,-87.828797,801,40,0,2019,7.2,"2021-06-15",46,60,0,55,6,32,2,1,1,65.9533,600,17,87,10,12,22,0,1.15229305987993,0,1.18932182913422,123.298413667301,97.6075148247342,174.523334,10238.71181,5186.60628718936,69.9841983734074,10.1264520457307,800,"Maple / beech / birch group","Sugar maple / beech / yellow birch",7.16221765913758,1,1,0,0,1,0,0.952500917108669,80.1090310845211,9.173951128622,"Maple / beech / birch group","Sugar maple / beech / yellow birch",61,50.6496,1.10706720159962,156.469196,2849.49240594566,59.6075754149635,NA,NA,NA,NA,NA,NA,NA,NA,NA,2849.49240594566,21221,"Trigg","KY",3
749041470290487,"MBB",0,0,0,0,0,0,0,0,0,0,188794871020004,"Maple / beech / birch group","Sugar maple / beech / yellow birch",50,77.4518,1.4217776114116,132.82052933931,150.45115,13096.5135005295,74.1218773132043,12.7226412352153,2013,220.719918774344,74758868010478,NA,NA,NA,NA,153849879010854,2008,"2009-06-17",0,0,0,NA,198.159560718855,0,12.3576521502536,0,120.296726889876,"2013-07-29",0,0,0,NA,0,0,"223","223Dc",21,177,39,6,37.065379,-87.062301,801,40,0,2019,8.2,"2021-09-29",0,0,0,58,6,39,2,1,1,98.1624,460,45,140,0,NA,22,0,1.4174040107378,0,1.44359832212625,297.305843974724,163.639143306242,174.523334,24897.228307,22456.2816701405,83.6235120423038,13.1117083765512,800,"Maple / beech / birch group","Sugar maple / beech / yellow birch",8.16974674880219,0,0,0,0,0,0,0.389067141335973,132.82052933931,12.7226412352153,"Maple / beech / birch group","Sugar maple / beech / yellow birch",45,89.8144,1.4484572625492,144.433104,14469.4697747498,74.103834696514,NA,NA,NA,NA,NA,NA,NA,NA,NA,14469.4697747498,21177,"Muhlenberg","KY",10
749041470290487,"MBB",5,-4.24589907218705,0.294101253848802,-6.69436753714825,-6.07969591660426,0.226488010304383,1.07837126411228,7.77273880126053,7.15806718071653,0.851883253807893,188794871020004,"Maple / beech / birch group","Sugar maple / beech / yellow birch",50,77.4518,1.4217776114116,132.82052933931,150.45115,13096.5135005295,74.1218773132043,12.7226412352153,2013,220.719918774344,74758868010478,NA,NA,NA,NA,153849879010854,2008,"2009-06-17",0,0,0,NA,198.159560718855,0,12.3576521502536,0,120.296726889876,"2013-07-29",0,0,0,NA,0,0,"223","223Dc",21,177,39,6,37.065379,-87.062301,801,40,0,2019,8.2,"2021-09-29",0,0,0,58,6,39,2,1,1,98.1624,460,45,140,0,NA,22,0,1.4174040107378,0,1.44359832212625,297.305843974724,163.639143306242,174.523334,24897.228307,22456.2816701405,83.6235120423038,13.1117083765512,800,"Maple / beech / birch group","Sugar maple / beech / yellow birch",8.16974674880219,0,0,0,0,0,0,0.389067141335973,132.82052933931,12.7226412352153,"Maple / beech / birch group","Sugar maple / beech / yellow birch",45,89.8144,1.4484572625492,144.433104,14469.4697747498,74.103834696514,NA,NA,NA,NA,NA,NA,NA,NA,NA,14469.4697747498,21177,"Muhlenberg","KY",10
749041470290487,"MBB",10,-0.651393225197872,-0.332060322787285,-1.02702998506198,-1.7210360596874,-1.1269687102165,-1.21755451688671,-0.190524531824735,0.503481542800691,-0.0905858066702145,188794871020004,"Maple / beech / birch group","Sugar maple / beech / yellow birch",50,77.4518,1.4217776114116,132.82052933931,150.45115,13096.5135005295,74.1218773132043,12.7226412352153,2013,220.719918774344,74758868010478,NA,NA,NA,NA,153849879010854,2008,"2009-06-17",0,0,0,NA,198.159560718855,0,12.3576521502536,0,120.296726889876,"2013-07-29",0,0,0,NA,0,0,"223","223Dc",21,177,39,6,37.065379,-87.062301,801,40,0,2019,8.2,"2021-09-29",0,0,0,58,6,39,2,1,1,98.1624,460,45,140,0,NA,22,0,1.4174040107378,0,1.44359832212625,297.305843974724,163.639143306242,174.523334,24897.228307,22456.2816701405,83.6235120423038,13.1117083765512,800,"Maple / beech / birch group","Sugar maple / beech / yellow birch",8.16974674880219,0,0,0,0,0,0,0.389067141335973,132.82052933931,12.7226412352153,"Maple / beech / birch group","Sugar maple / beech / yellow birch",45,89.8144,1.4484572625492,144.433104,14469.4697747498,74.103834696514,NA,NA,NA,NA,NA,NA,NA,NA,NA,14469.4697747498,21177,"Muhlenberg","KY",10
749041470290487,"MBB",15,-0.650546907323941,-0.0178737530779756,-1.02569562388075,-1.06305176781372,-0.317091314082264,-0.0655370946192439,0.960158529261503,0.997514673194472,0.25155421946302,188794871020004,"Maple / beech / birch group","Sugar maple / beech / yellow birch",50,77.4518,1.4217776114116,132.82052933931,150.45115,13096.5135005295,74.1218773132043,12.7226412352153,2013,220.719918774344,74758868010478,NA,NA,NA,NA,153849879010854,2008,"2009-06-17",0,0,0,NA,198.159560718855,0,12.3576521502536,0,120.296726889876,"2013-07-29",0,0,0,NA,0,0,"223","223Dc",21,177,39,6,37.065379,-87.062301,801,40,0,2019,8.2,"2021-09-29",0,0,0,58,6,39,2,1,1,98.1624,460,45,140,0,NA,22,0,1.4174040107378,0,1.44359832212625,297.305843974724,163.639143306242,174.523334,24897.228307,22456.2816701405,83.6235120423038,13.1117083765512,800,"Maple / beech / birch group","Sugar maple / beech / yellow birch",8.16974674880219,0,0,0,0,0,0,0.389067141335973,132.82052933931,12.7226412352153,"Maple / beech / birch group","Sugar maple / beech / yellow birch",45,89.8144,1.4484572625492,144.433104,14469.4697747498,74.103834696514,NA,NA,NA,NA,NA,NA,NA,NA,NA,14469.4697747498,21177,"Muhlenberg","KY",10
749041470290487,"MBB",20,0.355358936633155,0.169203910796637,0.560282590091608,0.913918763656578,0.506440516317227,0.620414339587668,0.0601317494960598,-0.293504424068911,0.11397382327044,188794871020004,"Maple / beech / birch group","Sugar maple / beech / yellow birch",50,77.4518,1.4217776114116,132.82052933931,150.45115,13096.5135005295,74.1218773132043,12.7226412352153,2013,220.719918774344,74758868010478,NA,NA,NA,NA,153849879010854,2008,"2009-06-17",0,0,0,NA,198.159560718855,0,12.3576521502536,0,120.296726889876,"2013-07-29",0,0,0,NA,0,0,"223","223Dc",21,177,39,6,37.065379,-87.062301,801,40,0,2019,8.2,"2021-09-29",0,0,0,58,6,39,2,1,1,98.1624,460,45,140,0,NA,22,0,1.4174040107378,0,1.44359832212625,297.305843974724,163.639143306242,174.523334,24897.228307,22456.2816701405,83.6235120423038,13.1117083765512,800,"Maple / beech / birch group","Sugar maple / beech / yellow birch",8.16974674880219,0,0,0,0,0,0,0.389067141335973,132.82052933931,12.7226412352153,"Maple / beech / birch group","Sugar maple / beech / yellow birch",45,89.8144,1.4484572625492,144.433104,14469.4697747498,74.103834696514,NA,NA,NA,NA,NA,NA,NA,NA,NA,14469.4697747498,21177,"Muhlenberg","KY",10
749041477290487,"MBB",0,0,0,0,0,0,0,0,0,0,188794879020004,"Oak / hickory group","Red maple / oak",18,65.7565,0,13.317698085183,72.216552,0,31.4274170005375,5.8148516748065,2013,32.2200296054491,74602502010478,NA,NA,NA,NA,153849714010854,2008,"2008-07-16",0,0,0,NA,5.4634803160783,0,NA,0,0,"2013-08-22",0,0,0,NA,0,0,"221","221Ha",21,131,27,1,37.190558,-83.249949,801,40,0,2019,8,"2021-08-04",10,60,0,20,6,42,2,1,1,29.8881,1430,32,2,0,NA,11,0,2.60158549656947,0,2.41105973388695,46.460170958434,46.4757236786873,216.649656,2471.00243,0,30.9156705173449,6.2715734336236,800,"Maple / beech / birch group","Sugar maple / beech / yellow birch",7.95071868583162,0,0,0,0,0,0,0.456721758817099,13.317698085183,5.8148516748065,"Oak / hickory group","Black locust",14,81.9742,0,0,0,28,NA,NA,NA,NA,NA,NA,NA,NA,NA,0,21131,"Leslie","KY",3
749041477290487,"MBB",5,0.944519337599511,0.851871424807194,1.48919215561523,3.26960343346227,2.77488708242208,3.12352855762638,1.63433640201115,-0.146074875835886,0.348641475204299,188794879020004,"Oak / hickory group","Red maple / oak",18,65.7565,0,13.317698085183,72.216552,0,31.4274170005375,5.8148516748065,2013,32.2200296054491,74602502010478,NA,NA,NA,NA,153849714010854,2008,"2008-07-16",0,0,0,NA,5.4634803160783,0,NA,0,0,"2013-08-22",0,0,0,NA,0,0,"221","221Ha",21,131,27,1,37.190558,-83.249949,801,40,0,2019,8,"2021-08-04",10,60,0,20,6,42,2,1,1,29.8881,1430,32,2,0,NA,11,0,2.60158549656947,0,2.41105973388695,46.460170958434,46.4757236786873,216.649656,2471.00243,0,30.9156705173449,6.2715734336236,800,"Maple / beech / birch group","Sugar maple / beech / yellow birch",7.95071868583162,0,0,0,0,0,0,0.456721758817099,13.317698085183,5.8148516748065,"Oak / hickory group","Black locust",14,81.9742,0,0,0,28,NA,NA,NA,NA,NA,NA,NA,NA,NA,0,21131,"Leslie","KY",3
749041477290487,"MBB",10,0.799000609927218,0.732490132988823,1.25975762831858,2.79066200626522,2.38390970719393,2.68579715429235,1.42603952597377,-0.104864851972869,0.301887447098422,188794879020004,"Oak / hickory group","Red maple / oak",18,65.7565,0,13.317698085183,72.216552,0,31.4274170005375,5.8148516748065,2013,32.2200296054491,74602502010478,NA,NA,NA,NA,153849714010854,2008,"2008-07-16",0,0,0,NA,5.4634803160783,0,NA,0,0,"2013-08-22",0,0,0,NA,0,0,"221","221Ha",21,131,27,1,37.190558,-83.249949,801,40,0,2019,8,"2021-08-04",10,60,0,20,6,42,2,1,1,29.8881,1430,32,2,0,NA,11,0,2.60158549656947,0,2.41105973388695,46.460170958434,46.4757236786873,216.649656,2471.00243,0,30.9156705173449,6.2715734336236,800,"Maple / beech / birch group","Sugar maple / beech / yellow birch",7.95071868583162,0,0,0,0,0,0,0.456721758817099,13.317698085183,5.8148516748065,"Oak / hickory group","Black locust",14,81.9742,0,0,0,28,NA,NA,NA,NA,NA,NA,NA,NA,NA,0,21131,"Leslie","KY",3
749041477290487,"MBB",15,1.35335567374089,1.39952403398828,2.13379077893146,5.05879600996697,3.50694817074409,5.1315881246237,2.99779734569224,0.0727921146567274,1.62463995387961,188794879020004,"Oak / hickory group","Red maple / oak",18,65.7565,0,13.317698085183,72.216552,0,31.4274170005375,5.8148516748065,2013,32.2200296054491,74602502010478,NA,NA,NA,NA,153849714010854,2008,"2008-07-16",0,0,0,NA,5.4634803160783,0,NA,0,0,"2013-08-22",0,0,0,NA,0,0,"221","221Ha",21,131,27,1,37.190558,-83.249949,801,40,0,2019,8,"2021-08-04",10,60,0,20,6,42,2,1,1,29.8881,1430,32,2,0,NA,11,0,2.60158549656947,0,2.41105973388695,46.460170958434,46.4757236786873,216.649656,2471.00243,0,30.9156705173449,6.2715734336236,800,"Maple / beech / birch group","Sugar maple / beech / yellow birch",7.95071868583162,0,0,0,0,0,0,0.456721758817099,13.317698085183,5.8148516748065,"Oak / hickory group","Black locust",14,81.9742,0,0,0,28,NA,NA,NA,NA,NA,NA,NA,NA,NA,0,21131,"Leslie","KY",3
749041477290487,"MBB",20,1.23213987977994,1.08386555028784,1.94267387711971,4.20795287722131,2.79509914840697,3.97417368438876,2.03149980726905,-0.233779192832543,1.17907453598179,188794879020004,"Oak / hickory group","Red maple / oak",18,65.7565,0,13.317698085183,72.216552,0,31.4274170005375,5.8148516748065,2013,32.2200296054491,74602502010478,NA,NA,NA,NA,153849714010854,2008,"2008-07-16",0,0,0,NA,5.4634803160783,0,NA,0,0,"2013-08-22",0,0,0,NA,0,0,"221","221Ha",21,131,27,1,37.190558,-83.249949,801,40,0,2019,8,"2021-08-04",10,60,0,20,6,42,2,1,1,29.8881,1430,32,2,0,NA,11,0,2.60158549656947,0,2.41105973388695,46.460170958434,46.4757236786873,216.649656,2471.00243,0,30.9156705173449,6.2715734336236,800,"Maple / beech / birch group","Sugar maple / beech / yellow birch",7.95071868583162,0,0,0,0,0,0,0.456721758817099,13.317698085183,5.8148516748065,"Oak / hickory group","Black locust",14,81.9742,0,0,0,28,NA,NA,NA,NA,NA,NA,NA,NA,NA,0,21131,"Leslie","KY",3
