"StandID","Year","SpeciesFVS","cut.BA.ft.ac","cut.MCuFt.ac","Stand_CN"
"MBB_BAU",2018,"BG",7.65742199709174,217.804870778222,"473338299489998"
"MBB_BAU",2018,"HI",2.52464181004504,79.0438430413011,"473338299489998"
"MBB_BAU",2018,"RM",1.45928468188226,41.4024104080006,"473338299489998"
"MBB_BAU",2018,"SM",19.6120220754128,598.806454648865,"473338299489998"
"MBB_BAU",2018,"SS",1.43310959972194,36.2646205392273,"473338299489998"
"MBB_BAU",2018,"YP",22.5805743249352,828.440251924676,"473338299489998"
"MBB_BAU",2023,"BG",0.428511688043363,12.6632392861633,"473338299489998"
"MBB_BAU",2023,"HI",0.127842222410785,4.14142936913325,"473338299489998"
"MBB_BAU",2023,"RM",0.0783601461987373,2.31451645390551,"473338299489998"
"MBB_BAU",2023,"SM",1.28456963347282,40.4856314313989,"473338299489998"
"MBB_BAU",2023,"SS",0.0570721473083436,1.45898045415129,"473338299489998"
"MBB_BAU",2023,"YP",1.31743663599866,50.2423750635105,"473338299489998"
"MBB_BAU",2019,"BC",6.0743922887846,160.048297004264,"678976319126144"
"MBB_BAU",2019,"WA",7.9500137857008,243.558777646712,"678976319126144"
"MBB_BAU",2019,"WN",1.07209692531888,27.8351421087119,"678976319126144"
"MBB_BAU",2019,"YP",14.5022986066267,462.352326657233,"678976319126144"
"MBB_BAU",2019,"AB",32.4572019444317,1030.02503690624,"495155369126144"
"MBB_BAU",2019,"RM",3.47082208027589,95.5843292,"495155369126144"
"MBB_BAU",2019,"YP",1.11077631338245,31.792179475584,"495155369126144"
"MBB_BAU",2029,"AB",14.1885847553752,464.029098930486,"495155369126144"
"MBB_BAU",2029,"RM",1.88872966621044,52.4715704717866,"495155369126144"
"MBB_BAU",2029,"YP",0.552208795383553,15.8130959408917,"495155369126144"
"MBB_BAU",2019,"BD",1.13847894068238,33.21452708,"495155227126144"
"MBB_BAU",2019,"BK",1.44326017850922,38.4629737197895,"495155227126144"
"MBB_BAU",2019,"HI",0.599942505914025,19.0124538901314,"495155227126144"
"MBB_BAU",2019,"RL",1.4623111629359,36.077803335,"495155227126144"
"MBB_BAU",2019,"RM",1.48149054346322,48.7909975862556,"495155227126144"
"MBB_BAU",2019,"SB",3.11677747902138,83.0363156384087,"495155227126144"
"MBB_BAU",2019,"SM",7.24534895314776,210.167779067752,"495155227126144"
"MBB_BAU",2019,"WN",2.3510448090317,88.19029604,"495155227126144"
"MBB_BAU",2019,"YP",4.52024538692515,185.199618248014,"495155227126144"
"MBB_BAU",2024,"BD",0.100149536857408,3.03741669585,"495155227126144"
"MBB_BAU",2024,"BK",0.105711613935225,2.8185438234983,"495155227126144"
"MBB_BAU",2024,"HI",0.045930285047344,1.49503630055132,"495155227126144"
"MBB_BAU",2024,"RL",0.122906657811376,3.17165210661144,"495155227126144"
"MBB_BAU",2024,"RM",0.13389774204475,4.53301399293539,"495155227126144"
"MBB_BAU",2024,"SB",0.221642386404473,5.937519265704,"495155227126144"
"MBB_BAU",2024,"SM",0.677925010251203,20.4296646431897,"495155227126144"
"MBB_BAU",2024,"WN",0.199778392442766,7.49524140495,"495155227126144"
"MBB_BAU",2024,"YP",0.426336668659336,17.7535552966,"495155227126144"
"MBB_BAU",2017,"AB",1.53700212368585,39.7386134978734,"387485117489998"
"MBB_BAU",2017,"CK",1.29673213328327,33.8628639603741,"387485117489998"
"MBB_BAU",2017,"HI",4.98123639643725,148.438024400006,"387485117489998"
"MBB_BAU",2017,"SM",10.4250490633409,310.022996973877,"387485117489998"
"MBB_BAU",2017,"WA",3.10655756002578,95.8674637262494,"387485117489998"
"MBB_BAU",2027,"AB",0.904535542897685,25.337348454,"387485117489998"
"MBB_BAU",2027,"CK",0.751387209525562,19.8591808795128,"387485117489998"
"MBB_BAU",2027,"HI",2.70473169943411,82.8072467786879,"387485117489998"
"MBB_BAU",2027,"SM",6.1215423472927,187.04531559026,"387485117489998"
"MBB_BAU",2027,"WA",1.92631583354401,60.9302367513175,"387485117489998"
"MBB_BAU",2032,"AB",0.96238433826902,26.7514830822026,"387485117489998"
"MBB_BAU",2032,"CK",0.541764724882102,14.3724965356806,"387485117489998"
"MBB_BAU",2032,"HI",1.79366800249527,55.5564625439474,"387485117489998"
"MBB_BAU",2032,"SM",4.41593720239525,134.380285853122,"387485117489998"
"MBB_BAU",2032,"WA",1.28238427181415,41.1187792472061,"387485117489998"
"MBB_BAU",2037,"AB",0.33129110251659,9.56177060505473,"387485117489998"
"MBB_BAU",2037,"CK",0.177746361692145,4.73162032876619,"387485117489998"
"MBB_BAU",2037,"HI",0.558119336437105,17.4462338656226,"387485117489998"
"MBB_BAU",2037,"SM",1.40010303469589,43.3654383150317,"387485117489998"
"MBB_BAU",2037,"WA",0.413275002182182,13.368171483379,"387485117489998"
"MBB_BAU",2042,"AB",0.548035697729641,15.9691119459044,"387485117489998"
"MBB_BAU",2042,"CK",0.215228098403511,5.74877894527207,"387485117489998"
"MBB_BAU",2042,"HI",0.678993949344008,21.4114275652177,"387485117489998"
"MBB_BAU",2042,"SM",1.81482965220067,56.2071581986435,"387485117489998"
"MBB_BAU",2042,"WA",0.50935352487112,16.6402562546286,"387485117489998"
"MBB_BAU",2016,"BD",0.149111760815063,3.48845107300094,"291609600489998"
"MBB_BAU",2016,"CT",0.321073009581953,7.65521280721275,"291609600489998"
"MBB_BAU",2016,"HI",0.249476794679207,3.3915495915,"291609600489998"
"MBB_BAU",2016,"RM",1.49615624386846,33.6247924072109,"291609600489998"
"MBB_BAU",2016,"SM",0.891869471060982,26.8739919522854,"291609600489998"
"MBB_BAU",2016,"YP",0.28543346535677,5.97558737226995,"291609600489998"
"MBB_BAU",2021,"BD",0.0435551014194946,1.05521184765654,"291609600489998"
"MBB_BAU",2021,"CO",0.0176357171855227,0.344881711899219,"291609600489998"
"MBB_BAU",2021,"CT",0.0558205064006517,1.4466569418,"291609600489998"
"MBB_BAU",2021,"HI",0.0369114194315387,0.508540335398922,"291609600489998"
"MBB_BAU",2021,"RM",0.230672741228017,5.51539967995028,"291609600489998"
"MBB_BAU",2021,"SM",0.140102753424686,4.33031046507867,"291609600489998"
"MBB_BAU",2021,"WO",0.0170349541400775,0.3788261416,"291609600489998"
"MBB_BAU",2021,"YP",0.0476222664253163,1.11767006734048,"291609600489998"
"MBB_BAU",2021,"AB",0.692468940339275,15.5216463781123,"274683015489998"
"MBB_BAU",2021,"BC",1.11236616798245,34.56108783477,"274683015489998"
"MBB_BAU",2021,"HI",1.13778590942369,33.58397152,"274683015489998"
"MBB_BAU",2021,"RO",3.8115230119957,143.57435757109,"274683015489998"
"MBB_BAU",2021,"SD",0.510068916598338,8.9835945864705,"274683015489998"
"MBB_BAU",2021,"SM",5.64573489091277,159.49324900341,"274683015489998"
"MBB_BAU",2021,"SU",0.434395942271916,8.1022177544913,"274683015489998"
"MBB_BAU",2021,"YP",2.14379175844587,62.4914397948142,"274683015489998"
"MBB_BAU",2025,"AB",2.48181684055934,74.7528126581946,"291609445489998"
"MBB_BAU",2025,"HI",0.502136620621151,10.1848703588023,"291609445489998"
"MBB_BAU",2025,"SM",0.144667865362804,3.09133457639385,"291609445489998"
"MBB_BAU",2025,"SO",0.32410707668307,7.17097206571204,"291609445489998"
"MBB_BAU",2025,"VP",0.292945124768665,7.5791866468647,"291609445489998"
"MBB_BAU",2025,"YP",0.215648661426837,4.778740876,"291609445489998"
"MBB_BAU",2024,"AB",3.61739555811808,112.281803220076,"495155063126144"
"MBB_BAU",2024,"BC",1.27265244400806,39.60364152,"495155063126144"
"MBB_BAU",2024,"BG",1.64862876550052,47.54147524,"495155063126144"
"MBB_BAU",2024,"BO",0.915299645408456,25.5582471281494,"495155063126144"
"MBB_BAU",2024,"BU",0.680052747668987,13.5911206426081,"495155063126144"
"MBB_BAU",2024,"CK",2.16278248932947,67.6851451333498,"495155063126144"
"MBB_BAU",2024,"HI",4.55428250613897,136.287022854521,"495155063126144"
"MBB_BAU",2024,"SM",5.44598721037756,144.851170848767,"495155063126144"
"MBB_BAU",2024,"YP",3.82071215707726,123.560070720382,"495155063126144"
"MBB_BAU",2029,"AB",1.53394668595076,49.02539989,"495155063126144"
"MBB_BAU",2029,"BC",0.547894776392912,17.5156627695338,"495155063126144"
"MBB_BAU",2029,"BG",0.699998279516307,20.6044940017179,"495155063126144"
"MBB_BAU",2029,"BO",0.437520884501797,12.9998973201955,"495155063126144"
"MBB_BAU",2029,"BU",0.308146591235316,6.73529212474423,"495155063126144"
"MBB_BAU",2029,"CK",0.949822585267705,29.7525294288085,"495155063126144"
"MBB_BAU",2029,"HI",1.99048970211911,61.4189190568864,"495155063126144"
"MBB_BAU",2029,"SM",2.45697950033926,68.6182418576253,"495155063126144"
"MBB_BAU",2029,"YP",1.8728193847252,62.9648791379845,"495155063126144"
"MBB_BAU",2034,"AB",0.513579631337134,16.860759607869,"495155063126144"
"MBB_BAU",2034,"BC",0.164767701912128,5.50017707008973,"495155063126144"
"MBB_BAU",2034,"BG",0.21315615872284,6.39210103543971,"495155063126144"
"MBB_BAU",2034,"BO",0.152507128435986,4.64090176292016,"495155063126144"
"MBB_BAU",2034,"BU",0.2215524469799,5.27683000242099,"495155063126144"
"MBB_BAU",2034,"CK",0.304104840824521,9.55473025451766,"495155063126144"
"MBB_BAU",2034,"HI",0.626676991445268,19.926833057277,"495155063126144"
"MBB_BAU",2034,"SM",0.797231911018852,23.2108112412129,"495155063126144"
"MBB_BAU",2034,"YP",0.669847675194903,23.2831016716028,"495155063126144"
"MBB_BAU",2039,"AB",0.485646586563616,16.3359676994226,"495155063126144"
"MBB_BAU",2039,"BC",0.13882609923519,4.79221516793012,"495155063126144"
"MBB_BAU",2039,"BG",0.176836981862188,5.38401248576775,"495155063126144"
"MBB_BAU",2039,"BO",0.133319433664409,4.21924099724722,"495155063126144"
"MBB_BAU",2039,"BU",0.188148374122312,4.76647009313186,"495155063126144"
"MBB_BAU",2039,"CK",0.264054547874182,8.306118964,"495155063126144"
"MBB_BAU",2039,"HI",0.545626714596854,17.7582041842105,"495155063126144"
"MBB_BAU",2039,"SM",0.816109795826374,23.9960513047901,"495155063126144"
"MBB_BAU",2039,"YP",0.728863704722006,24.9391051918591,"495155063126144"
"MBB_BAU",2044,"AB",0.576822611414581,19.8170734693014,"495155063126144"
"MBB_BAU",2044,"BC",0.160609182772742,5.7298770433213,"495155063126144"
"MBB_BAU",2044,"BG",0.201588252850888,6.22594865013381,"495155063126144"
"MBB_BAU",2044,"BO",0.166241056384492,5.4310400594062,"495155063126144"
"MBB_BAU",2044,"BU",0.22979513137797,6.14718993392761,"495155063126144"
"MBB_BAU",2044,"CK",0.302646118437033,9.5453611799957,"495155063126144"
"MBB_BAU",2044,"HI",0.666727727780074,22.1402087511976,"495155063126144"
"MBB_BAU",2044,"SM",1.16396381240912,34.8002468580391,"495155063126144"
"MBB_BAU",2044,"YP",1.02124513418714,34.865021879511,"495155063126144"
"MBB_BAU",2019,"CK",1.31764040206549,43.745544448,"495155059126144"
"MBB_BAU",2019,"JU",4.00544966450984,77.0350153829432,"495155059126144"
"MBB_BAU",2019,"SM",0.98975891619504,20.2323151957814,"495155059126144"
"MBB_BAU",2019,"WA",0.536838597910635,13.1920152007807,"495155059126144"
"MBB_BAU",2019,"WK",0.930669381772437,20.0956105060862,"495155059126144"
"MBB_BAU",2024,"CK",0.90392133757074,30.0828967591955,"495155059126144"
"MBB_BAU",2024,"JU",2.96192997666988,59.65639449081,"495155059126144"
"MBB_BAU",2024,"SM",0.876974061251253,18.6140130772478,"495155059126144"
"MBB_BAU",2024,"WA",0.383321100697165,9.8136663525,"495155059126144"
"MBB_BAU",2024,"WK",0.694583840965528,16.3031088131446,"495155059126144"
"MBB_BAU",2029,"CK",0.351851375773471,10.972633844,"495155059126144"
"MBB_BAU",2029,"JU",0.928046052277723,19.3325391106464,"495155059126144"
"MBB_BAU",2029,"SM",0.302853819607852,6.85368891080878,"495155059126144"
"MBB_BAU",2029,"WA",0.131929300365695,3.52168345158856,"495155059126144"
"MBB_BAU",2029,"WK",0.231539358351245,5.77560316634407,"495155059126144"
"MBB_BAU",2018,"OH",2.8318358814662,79.6224035202906,"503670553126144"
"MBB_BAU",2018,"SM",14.741498252852,478.556934896527,"503670553126144"
"MBB_BAU",2018,"SS",2.1947826908775,54.1234966965455,"503670553126144"
"MBB_BAU",2018,"YP",1.33547873979121,31.7502561419271,"503670553126144"
"MBB_BAU",2023,"GA",0.600265651077759,12.6721309702523,"503670553126144"
"MBB_BAU",2023,"OH",1.97953488131414,55.8688048489943,"503670553126144"
"MBB_BAU",2023,"SM",12.5942601658641,414.660102904398,"503670553126144"
"MBB_BAU",2023,"SS",1.55781858079172,38.7025979890006,"503670553126144"
"MBB_BAU",2023,"YP",1.57428831943063,39.5424830041205,"503670553126144"
"MBB_BAU",2028,"GA",0.299605334118588,6.77391893541218,"503670553126144"
"MBB_BAU",2028,"OH",0.822614448844047,23.2772270673588,"503670553126144"
"MBB_BAU",2028,"SM",6.91110657163051,223.639171624925,"503670553126144"
"MBB_BAU",2028,"SS",0.697764833542924,17.4503317245958,"503670553126144"
"MBB_BAU",2028,"YP",0.7363846640729,19.4339362899456,"503670553126144"
"MBB_BAU",2033,"GA",0.0418610363240343,0.98320587585663,"503670553126144"
"MBB_BAU",2033,"OH",0.146873716930537,3.81643776365677,"503670553126144"
"MBB_BAU",2033,"SM",1.05694801217071,34.7097228195253,"503670553126144"
"MBB_BAU",2033,"SS",0.0936010955269856,2.34401295339482,"503670553126144"
"MBB_BAU",2033,"YP",0.10277074778186,2.83702444808075,"503670553126144"
"MBB_BAU",2017,"AB",29.2377339626413,946.424127848527,"433077383489998"
"MBB_BAU",2017,"BU",1.62879333404904,36.3067861722343,"433077383489998"
"MBB_BAU",2017,"CK",1.27368710822176,34.2670789922343,"433077383489998"
"MBB_BAU",2017,"SM",13.7247604179901,384.892746293795,"433077383489998"
"MBB_BAU",2022,"AB",17.3926964157526,578.256543067434,"433077383489998"
"MBB_BAU",2022,"BU",0.889403286900121,21.1867844843833,"433077383489998"
"MBB_BAU",2022,"CK",0.753664214086293,20.4353962189664,"433077383489998"
"MBB_BAU",2022,"SM",7.53922976206704,219.950188534819,"433077383489998"
"MBB_BAU",2027,"AB",2.36511996988251,80.5356286157266,"433077383489998"
"MBB_BAU",2027,"BU",0.109200080422204,2.77794107427587,"433077383489998"
"MBB_BAU",2027,"CK",0.0917662679081955,2.505558006,"433077383489998"
"MBB_BAU",2027,"SM",0.97971992123707,29.6200650926232,"433077383489998"
"MBB_BAU",2023,"BK",0.979837810351322,23.36956884,"480976796489998"
"MBB_BAU",2023,"BU",4.8973988524674,172.103865614162,"480976796489998"
"MBB_BAU",2023,"RM",3.52865452056928,108.345597913459,"480976796489998"
"MBB_BAU",2023,"SB",1.47078232190251,43.9856398327802,"480976796489998"
"MBB_BAU",2023,"SM",10.999131655763,389.186762534215,"480976796489998"
"MBB_BAU",2015,"AB",6.13413615931783,201.26419782,"291609682489998"
"MBB_BAU",2015,"AS",1.23485055395271,22.0655107019057,"291609682489998"
"MBB_BAU",2015,"CK",3.8584518766696,119.956122198851,"291609682489998"
"MBB_BAU",2015,"GA",0.981461853177874,24.4726555421571,"291609682489998"
"MBB_BAU",2015,"JU",5.74443006442884,111.405998225465,"291609682489998"
"MBB_BAU",2015,"SM",4.38667327297719,107.473426990086,"291609682489998"
"MBB_BAU",2015,"SY",5.82283403990666,156.731987677843,"291609682489998"
"MBB_BAU",2020,"AB",1.76106736164374,59.116212828,"291609682489998"
"MBB_BAU",2020,"AS",0.337861308770288,6.81563576637837,"291609682489998"
"MBB_BAU",2020,"CK",1.0789971737121,33.5609769524782,"291609682489998"
"MBB_BAU",2020,"GA",0.286594810593525,7.1913709283661,"291609682489998"
"MBB_BAU",2020,"JU",1.47967167384129,30.5332567482607,"291609682489998"
"MBB_BAU",2020,"RO",0.158836777123065,3.36387782483646,"291609682489998"
"MBB_BAU",2020,"SM",1.22554491650985,31.4968622588714,"291609682489998"
"MBB_BAU",2020,"SY",1.68666164558488,48.3345062837235,"291609682489998"
"MBB_BAU",2017,"AB",14.9834038472664,458.311925648701,"386054062489998"
"MBB_BAU",2017,"BO",3.51629405834685,94.1547201471936,"386054062489998"
"MBB_BAU",2017,"CT",1.38210606942394,30.8079782013717,"386054062489998"
"MBB_BAU",2017,"GA",1.49623524697453,27.5194875387707,"386054062489998"
"MBB_BAU",2017,"HI",0.906614734501795,20.077112542021,"386054062489998"
"MBB_BAU",2017,"WO",2.35338240924362,51.4042803253557,"386054062489998"
"MBB_BAU",2022,"AB",5.43384863315605,171.074502776201,"386054062489998"
"MBB_BAU",2022,"BO",1.29353352221793,36.0239128246674,"386054062489998"
"MBB_BAU",2022,"CT",0.504919087545269,12.1887641088014,"386054062489998"
"MBB_BAU",2022,"GA",0.900569432321228,18.3350770601048,"386054062489998"
"MBB_BAU",2022,"HI",0.321662242687149,7.49217235386519,"386054062489998"
"MBB_BAU",2022,"WO",0.893316907840425,20.6850460644853,"386054062489998"
"MBB_BAU",2016,"AB",10.7806989024169,345.578544475192,"386054085489998"
"MBB_BAU",2016,"BD",2.45479197063521,101.539983483863,"386054085489998"
"MBB_BAU",2016,"HI",3.55596064665874,115.711791225124,"386054085489998"
"MBB_BAU",2016,"RM",1.04655688754504,29.4341336170554,"386054085489998"
"MBB_BAU",2016,"RO",0.901138028645096,22.8932152085277,"386054085489998"
"MBB_BAU",2016,"SM",4.27787829496781,132.220002331779,"386054085489998"
"MBB_BAU",2016,"YP",0.766591610207017,25.0735223829446,"386054085489998"
"MBB_BAU",2021,"AB",4.01568019367046,129.595220022669,"386054085489998"
"MBB_BAU",2021,"BD",0.880027243054341,36.4453418669958,"386054085489998"
"MBB_BAU",2021,"HI",1.241750024271,40.5165443748445,"386054085489998"
"MBB_BAU",2021,"RM",0.352366902032732,10.1557317975319,"386054085489998"
"MBB_BAU",2021,"RO",0.313024741500271,8.24759782,"386054085489998"
"MBB_BAU",2021,"SM",1.57844412240556,49.6281820118367,"386054085489998"
"MBB_BAU",2021,"YP",0.273261558186428,9.04110824530268,"386054085489998"
"MBB_BAU",2017,"AB",0.484718333509407,10.2590358688424,"387484846489998"
"MBB_BAU",2017,"CK",0.537655546188857,14.0810299,"387484846489998"
"MBB_BAU",2017,"HI",2.8637113219838,91.2249607106272,"387484846489998"
"MBB_BAU",2017,"OH",1.04470087791444,36.1077853236818,"387484846489998"
"MBB_BAU",2017,"SM",5.10418985831724,151.572223966061,"387484846489998"
"MBB_BAU",2017,"WA",0.537655546188857,7.28949294471733,"387484846489998"
"MBB_BAU",2017,"YP",0.495086386782719,10.3596150561576,"387484846489998"
"MBB_BAU",2022,"AB",0.107306780000152,2.41942029574239,"387484846489998"
"MBB_BAU",2022,"CK",0.118093645283842,3.11101948146553,"387484846489998"
"MBB_BAU",2022,"HI",0.623602632673863,20.1263171973981,"387484846489998"
"MBB_BAU",2022,"OH",0.218684955012831,7.59477978689609,"387484846489998"
"MBB_BAU",2022,"SM",1.22783334636588,37.3429359286979,"387484846489998"
"MBB_BAU",2022,"WA",0.121822999872693,1.66286432593644,"387484846489998"
"MBB_BAU",2022,"YP",0.125821182713643,2.85883045,"387484846489998"
"MBB_BAU",2027,"BC",1.87744421907815,47.9752580283826,"749041179290487"
"MBB_BAU",2027,"CK",8.00493718640712,217.448725298946,"749041179290487"
"MBB_BAU",2027,"RL",0.712542132383167,13.14015714097,"749041179290487"
"MBB_BAU",2027,"SM",14.28252730314,362.233476853455,"749041179290487"
"MBB_BAU",2032,"BC",0.9637394753027,26.2671601310202,"749041179290487"
"MBB_BAU",2032,"CK",3.94720947644822,107.397185938429,"749041179290487"
"MBB_BAU",2032,"RL",0.388810074720296,7.80987427394085,"749041179290487"
"MBB_BAU",2032,"SM",9.21854733684159,239.686070414552,"749041179290487"
"MBB_BAU",2037,"BC",0.383255119680927,11.0800972526706,"749041179290487"
"MBB_BAU",2037,"CK",1.55749675297714,42.3484397013093,"749041179290487"
"MBB_BAU",2037,"RL",0.1593454062512,3.41607458653773,"749041179290487"
"MBB_BAU",2037,"SM",4.37075058594568,117.868168318206,"749041179290487"
"MBB_BAU",2042,"BC",0.360916718708333,10.9514513166495,"749041179290487"
"MBB_BAU",2042,"CK",1.50085708360443,41.2701800162097,"749041179290487"
"MBB_BAU",2042,"HB",0.189267139140469,3.66888665480873,"749041179290487"
"MBB_BAU",2042,"RL",0.353253201961084,7.47109753222567,"749041179290487"
"MBB_BAU",2042,"SM",4.81270162408866,134.419315047198,"749041179290487"
"MBB_BAU",2047,"BC",0.220671899593906,6.97719560020722,"749041179290487"
"MBB_BAU",2047,"CK",0.932261022228637,25.7243559025091,"749041179290487"
"MBB_BAU",2047,"HB",0.234676203462708,4.43503494161069,"749041179290487"
"MBB_BAU",2047,"RL",0.226462373301958,5.07194669878446,"749041179290487"
"MBB_BAU",2047,"SM",3.30358383227405,95.1669806641499,"749041179290487"
"MBB_BAU",2017,"AB",10.8672833858259,358.342738154704,"386054386489998"
"MBB_BAU",2017,"BD",0.889359844534283,19.0714642210597,"386054386489998"
"MBB_BAU",2017,"CO",1.84058347879087,55.0814073289185,"386054386489998"
"MBB_BAU",2017,"CT",0.85842799894515,24.466681395,"386054386489998"
"MBB_BAU",2017,"RM",0.873825565849324,25.3449735257613,"386054386489998"
"MBB_BAU",2022,"AB",7.31740651885053,246.49191803581,"386054386489998"
"MBB_BAU",2022,"BD",0.562774370853997,12.7999225320798,"386054386489998"
"MBB_BAU",2022,"CO",1.191899179109,35.8759230544175,"386054386489998"
"MBB_BAU",2022,"CT",0.533657341776873,15.6528064918719,"386054386489998"
"MBB_BAU",2022,"RM",0.563003329965744,16.8569103572562,"386054386489998"
"MBB_BAU",2022,"SD",0.356770119123413,5.66873646,"386054386489998"
"MBB_BAU",2022,"SM",0.40837835890479,10.064080003519,"386054386489998"
"MBB_BAU",2027,"AB",2.70575657387334,91.5932359710537,"386054386489998"
"MBB_BAU",2027,"BD",0.188090017465625,4.5188516645796,"386054386489998"
"MBB_BAU",2027,"CO",0.406957724214685,12.3253134300193,"386054386489998"
"MBB_BAU",2027,"CT",0.171470348647264,5.167404405,"386054386489998"
"MBB_BAU",2027,"RM",0.212700431761896,6.434901243,"386054386489998"
"MBB_BAU",2027,"SD",0.122979801848243,1.98959917387853,"386054386489998"
"MBB_BAU",2027,"SM",0.151455617107779,3.92472045099611,"386054386489998"
"MBB_BAU",2032,"AB",0.938750701807497,31.4869546035638,"386054386489998"
"MBB_BAU",2032,"BD",0.0622421726641692,1.53411200456948,"386054386489998"
"MBB_BAU",2032,"CO",0.125240965618394,3.819905994,"386054386489998"
"MBB_BAU",2032,"CT",0.0513777339225864,1.57521423777162,"386054386489998"
"MBB_BAU",2032,"RM",0.0669175031534331,2.06952347302057,"386054386489998"
"MBB_BAU",2032,"SD",0.0383658883282116,0.628454177387026,"386054386489998"
"MBB_BAU",2032,"SM",0.0496586384989857,1.33535401536488,"386054386489998"
"MBB_BAU",2037,"AB",1.72313598171893,58.2014558698059,"386054386489998"
"MBB_BAU",2037,"BD",0.117398680580366,3.0299796051636,"386054386489998"
"MBB_BAU",2037,"CO",0.216334354284823,6.62305803151749,"386054386489998"
"MBB_BAU",2037,"CT",0.0840399395829535,2.56754155003751,"386054386489998"
"MBB_BAU",2037,"RM",0.113839139886838,3.606330861,"386054386489998"
"MBB_BAU",2037,"SD",0.063263596876184,1.04127881290611,"386054386489998"
"MBB_BAU",2037,"SM",0.159504384413034,4.23207133027138,"386054386489998"
"MBB_BAU",2042,"AB",3.47774584216667,118.6502805097,"386054386489998"
"MBB_BAU",2042,"BD",0.223691480510178,6.01434075072276,"386054386489998"
"MBB_BAU",2042,"CO",0.440074603869934,13.5447089704585,"386054386489998"
"MBB_BAU",2042,"CT",0.151932007818475,4.72410949615302,"386054386489998"
"MBB_BAU",2042,"RM",0.214315669065176,6.90581328563147,"386054386489998"
"MBB_BAU",2042,"SD",0.113607955779774,1.90505776445842,"386054386489998"
"MBB_BAU",2042,"SM",0.59356737316422,16.2048065782187,"386054386489998"
"MBB_BAU",2014,"BD",4.36248570107146,111.247210878261,"221697521020004"
"MBB_BAU",2014,"BK",0.680085909510407,13.8534310740995,"221697521020004"
"MBB_BAU",2014,"GA",1.33996571335677,38.9365363527464,"221697521020004"
"MBB_BAU",2014,"HI",1.48375633618428,47.22760665,"221697521020004"
"MBB_BAU",2014,"SM",4.80038452629941,133.496701264595,"221697521020004"
"MBB_BAU",2019,"BD",3.59804598356619,94.6332644552041,"221697521020004"
"MBB_BAU",2019,"BK",0.449702347406391,9.27581791452286,"221697521020004"
"MBB_BAU",2019,"GA",0.893760883461899,26.0471799592839,"221697521020004"
"MBB_BAU",2019,"HI",0.966943277806577,31.0556046194936,"221697521020004"
"MBB_BAU",2019,"SM",3.11892403099136,89.464211190615,"221697521020004"
"MBB_BAU",2024,"BD",1.22752983740576,33.4488113234482,"221697521020004"
"MBB_BAU",2024,"BK",0.143116186102786,2.90183089970986,"221697521020004"
"MBB_BAU",2024,"GA",0.286055438928476,8.35667396070573,"221697521020004"
"MBB_BAU",2024,"HI",0.300239681043701,9.71368786245636,"221697521020004"
"MBB_BAU",2024,"SM",0.96341840331078,28.3453486703455,"221697521020004"
"MBB_BAU",2029,"BD",0.942795345212294,26.622616741311,"221697521020004"
"MBB_BAU",2029,"BK",0.0924307550713827,1.88567642805112,"221697521020004"
"MBB_BAU",2029,"GA",0.199866075840631,5.86704260093932,"221697521020004"
"MBB_BAU",2029,"HH",0.0580048674207647,1.09293048804045,"221697521020004"
"MBB_BAU",2029,"HI",0.20849046696014,6.79598246933796,"221697521020004"
"MBB_BAU",2029,"SM",0.694182564269092,20.9297131975984,"221697521020004"
"MBB_BAU",2034,"BD",0.21907505539485,6.36688805131062,"221697521020004"
"MBB_BAU",2034,"BK",0.0180925586946633,0.36866034571178,"221697521020004"
"MBB_BAU",2034,"GA",0.0426912901212944,1.25590298820967,"221697521020004"
"MBB_BAU",2034,"HH",0.0124056568330614,0.236458308014394,"221697521020004"
"MBB_BAU",2034,"HI",0.0436471221666524,1.4293239095,"221697521020004"
"MBB_BAU",2034,"SM",0.153406963576977,4.73198331612769,"221697521020004"
"MBB_BAU",2039,"BD",1.55270263467993,46.1673350467813,"221697521020004"
"MBB_BAU",2039,"BK",0.116928735633867,2.38656955659923,"221697521020004"
"MBB_BAU",2039,"GA",0.316126363185628,9.32779316394383,"221697521020004"
"MBB_BAU",2039,"HH",0.0811447979679859,1.538450715,"221697521020004"
"MBB_BAU",2039,"HI",0.298599715151136,9.8369996655,"221697521020004"
"MBB_BAU",2039,"SM",1.22222730093288,36.7988683561837,"221697521020004"
"MBB_BAU",2015,"AB",5.10118951004305,171.15084146081,"221698164020004"
"MBB_BAU",2015,"BU",1.02208859107598,24.8136889308344,"221698164020004"
"MBB_BAU",2015,"HI",1.17998272820205,35.2057481383313,"221698164020004"
"MBB_BAU",2015,"RO",6.8114187192706,234.139430941242,"221698164020004"
"MBB_BAU",2015,"SM",10.7182816074959,282.706398927151,"221698164020004"
"MBB_BAU",2015,"SS",1.45100496436842,39.6594881016625,"221698164020004"
"MBB_BAU",2015,"WA",1.85320076394456,31.6003396470828,"221698164020004"
"MBB_BAU",2015,"YP",7.67491849004045,271.465997261681,"221698164020004"
"MBB_BAU",2025,"AB",1.98280179575305,68.955566139,"221698164020004"
"MBB_BAU",2025,"BU",0.367000238513639,9.75229383,"221698164020004"
"MBB_BAU",2025,"HI",0.406154902668732,12.4547157024017,"221698164020004"
"MBB_BAU",2025,"RO",2.67668439279378,93.4096415521432,"221698164020004"
"MBB_BAU",2025,"SM",3.57772145338728,100.539024595717,"221698164020004"
"MBB_BAU",2025,"SS",0.534984303572838,14.35265064,"221698164020004"
"MBB_BAU",2025,"WA",0.754830427121981,14.5074321502909,"221698164020004"
"MBB_BAU",2025,"YP",3.23474798156556,115.300459266186,"221698164020004"
"MBB_BAU",2030,"AB",0.730014926175896,25.7612873410851,"221698164020004"
"MBB_BAU",2030,"BU",0.144709136315405,4.00144815,"221698164020004"
"MBB_BAU",2030,"HI",0.15101667728865,4.694646604,"221698164020004"
"MBB_BAU",2030,"RO",0.99331474496737,34.870086674754,"221698164020004"
"MBB_BAU",2030,"SM",1.29553501855824,37.5117814171383,"221698164020004"
"MBB_BAU",2030,"SS",0.196924905095764,5.2872723669234,"221698164020004"
"MBB_BAU",2030,"WA",0.309524316893059,6.32643233153973,"221698164020004"
"MBB_BAU",2030,"YP",1.22416457025531,43.5610141084877,"221698164020004"
"MBB_BAU",2018,"BC",10.2172232154994,332.257285123267,"480976801489998"
"MBB_BAU",2018,"CT",7.73880791660479,251.082020065642,"480976801489998"
"MBB_BAU",2018,"HI",1.24921659045552,30.6566168502167,"480976801489998"
"MBB_BAU",2018,"RM",4.6845914669291,104.491047169723,"480976801489998"
"MBB_BAU",2018,"RO",11.7711781003237,366.584045483958,"480976801489998"
"MBB_BAU",2018,"SM",6.74652271357108,168.395502300542,"480976801489998"
"MBB_BAU",2018,"SO",0.850748375486173,17.7031166118058,"480976801489998"
"MBB_BAU",2018,"WA",5.09436330598523,168.611408220392,"480976801489998"
"MBB_BAU",2018,"YP",2.90243545648287,70.8124663608666,"480976801489998"
"MBB_BAU",2023,"BC",6.32836833207491,212.012372983075,"480976801489998"
"MBB_BAU",2023,"CT",4.61928740163074,150.117634876197,"480976801489998"
"MBB_BAU",2023,"HI",0.736712143210085,18.583603017309,"480976801489998"
"MBB_BAU",2023,"RM",2.86964576275366,66.4881148032849,"480976801489998"
"MBB_BAU",2023,"RO",7.32039430972921,230.337164334157,"480976801489998"
"MBB_BAU",2023,"SM",4.30960069576232,111.586498732867,"480976801489998"
"MBB_BAU",2023,"SO",0.512384976082069,11.17134203,"480976801489998"
"MBB_BAU",2023,"WA",3.06234072789622,101.530387624154,"480976801489998"
"MBB_BAU",2023,"YP",1.75717887073054,44.716845980771,"480976801489998"
"MBB_BAU",2028,"BC",3.44354888297609,118.431657038247,"480976801489998"
"MBB_BAU",2028,"CT",2.52045806589017,82.0097598770664,"480976801489998"
"MBB_BAU",2028,"HI",0.382317325691067,9.910946496,"480976801489998"
"MBB_BAU",2028,"RM",1.50627797594102,36.4010452242214,"480976801489998"
"MBB_BAU",2028,"RO",4.01881352468561,127.153531586231,"480976801489998"
"MBB_BAU",2028,"SM",3.08586753325267,80.6645444088017,"480976801489998"
"MBB_BAU",2028,"SO",0.312546308925097,7.20652164317846,"480976801489998"
"MBB_BAU",2028,"WA",1.69938515317809,56.4901591947421,"480976801489998"
"MBB_BAU",2028,"YP",0.997249934223416,26.2826683627871,"480976801489998"
"MBB_BAU",2038,"BC",1.88692439179772,63.7709629789621,"480976801489998"
"MBB_BAU",2038,"CT",1.09578442448529,35.770143979425,"480976801489998"
"MBB_BAU",2038,"HI",0.177049049675349,4.6914402875,"480976801489998"
"MBB_BAU",2038,"RM",0.647095664219357,16.7613822654063,"480976801489998"
"MBB_BAU",2038,"RO",1.78095625470745,57.0652605650935,"480976801489998"
"MBB_BAU",2038,"SM",1.474163540639,40.9697081452927,"480976801489998"
"MBB_BAU",2038,"SO",0.138967537069551,3.48770034202298,"480976801489998"
"MBB_BAU",2038,"WA",0.726801199121957,24.229079752,"480976801489998"
"MBB_BAU",2038,"YP",0.473598584079043,13.2329547677558,"480976801489998"
"MBB_BAU",2043,"BC",0.316902718429954,10.9929002253365,"480976801489998"
"MBB_BAU",2043,"CT",0.175897416291565,5.75287828170786,"480976801489998"
"MBB_BAU",2043,"HI",0.028408892534459,0.769949782899559,"480976801489998"
"MBB_BAU",2043,"RM",0.105062144396461,2.81487088995522,"480976801489998"
"MBB_BAU",2043,"RO",0.302383575324429,9.75308726706511,"480976801489998"
"MBB_BAU",2043,"SM",0.253085308514572,7.22815882248859,"480976801489998"
"MBB_BAU",2043,"SO",0.022483570874008,0.585679305312639,"480976801489998"
"MBB_BAU",2043,"WA",0.121664811111989,4.06188615707096,"480976801489998"
"MBB_BAU",2043,"YP",0.0763404852913766,2.17628184867473,"480976801489998"
"MBB_BAU",2017,"AE",0.636514336581545,17.0214765249218,"433034221489998"
"MBB_BAU",2017,"BK",0.798872384121301,21.7056813692207,"433034221489998"
"MBB_BAU",2017,"CK",0.630612992232751,13.6567656647241,"433034221489998"
"MBB_BAU",2017,"HI",1.77273326658945,51.4602762657724,"433034221489998"
"MBB_BAU",2017,"SM",2.76271467454485,69.2734470831591,"433034221489998"
"MBB_BAU",2017,"WA",0.883074132435589,14.5804110643441,"433034221489998"
"MBB_BAU",2017,"WN",0.571276044166218,16.4277043772207,"433034221489998"
"MBB_BAU",2022,"AE",0.266873191027822,7.29576678130119,"433034221489998"
"MBB_BAU",2022,"BK",0.337687792073832,9.2109560205399,"433034221489998"
"MBB_BAU",2022,"BU",0.109072003256273,2.09581495084861,"433034221489998"
"MBB_BAU",2022,"CK",0.257618783873674,5.72754514087694,"433034221489998"
"MBB_BAU",2022,"HI",0.734621281064572,21.7256552075227,"433034221489998"
"MBB_BAU",2022,"SM",1.23612306788716,32.4614489474008,"433034221489998"
"MBB_BAU",2022,"WA",0.385124538270626,6.79418577128451,"433034221489998"
"MBB_BAU",2022,"WN",0.2356077151689,6.80240945729187,"433034221489998"
"MBB_BAU",2016,"AB",15.9038841096605,493.906121285926,"291609563489998"
"MBB_BAU",2021,"AB",9.96553739195561,314.577122043755,"291609563489998"
"MBB_BAU",2021,"YP",0.334060399130159,7.50241944678405,"291609563489998"
"MBB_BAU",2026,"AB",1.53129515803082,49.1413129134865,"291609563489998"
"MBB_BAU",2026,"BC",0.114839133491858,3.3024562806857,"291609563489998"
"MBB_BAU",2026,"YP",0.0422884655484459,1.0082777455277,"291609563489998"
"MBB_BAU",2016,"AB",11.1338084594554,308.045436901254,"335231747489998"
"MBB_BAU",2016,"BB",6.31149550886394,169.870432234853,"335231747489998"
"MBB_BAU",2016,"BD",2.82062608848425,99.8506714692725,"335231747489998"
"MBB_BAU",2016,"HM",4.03897290859299,96.9504451460338,"335231747489998"
"MBB_BAU",2016,"RO",4.29635892883011,137.346467179931,"335231747489998"
"MBB_BAU",2016,"SB",7.23291043127136,189.550547461591,"335231747489998"
"MBB_BAU",2016,"SM",2.40550890900014,65.2551037184093,"335231747489998"
"MBB_BAU",2016,"YP",6.68186914793795,231.39667444325,"335231747489998"
"MBB_BAU",2021,"AB",6.79231356607803,194.876762187383,"335231747489998"
"MBB_BAU",2021,"BB",3.77248355430491,103.553511835417,"335231747489998"
"MBB_BAU",2021,"BD",1.73039641019758,61.7369550205444,"335231747489998"
"MBB_BAU",2021,"HM",2.44334090291623,61.8242595533863,"335231747489998"
"MBB_BAU",2021,"RO",2.74917904479146,89.07004575,"335231747489998"
"MBB_BAU",2021,"SB",4.31367839209188,114.019375035137,"335231747489998"
"MBB_BAU",2021,"SM",1.53152519438311,42.9480981875895,"335231747489998"
"MBB_BAU",2021,"YP",4.31298526242477,149.836608629892,"335231747489998"
"MBB_BAU",2026,"AB",3.71897265619998,110.258652140022,"335231747489998"
"MBB_BAU",2026,"BB",2.06276604571105,57.6952735032364,"335231747489998"
"MBB_BAU",2026,"BD",0.913688981787407,32.723739612,"335231747489998"
"MBB_BAU",2026,"HM",1.82781957037953,45.363620766578,"335231747489998"
"MBB_BAU",2026,"RO",1.48940245425678,48.69449616,"335231747489998"
"MBB_BAU",2026,"SB",2.2670775595674,60.7926849814714,"335231747489998"
"MBB_BAU",2026,"SM",0.878828455199735,25.1306047891174,"335231747489998"
"MBB_BAU",2026,"YP",2.51177328117649,88.0987712607381,"335231747489998"
"MBB_BAU",2036,"AB",2.24183372708984,67.1345224437544,"335231747489998"
"MBB_BAU",2036,"BB",1.13489418747994,31.6067826966127,"335231747489998"
"MBB_BAU",2036,"BD",0.401037897397242,14.501146083,"335231747489998"
"MBB_BAU",2036,"HM",0.854339495052216,23.3768352794492,"335231747489998"
"MBB_BAU",2036,"RO",0.740342404947009,24.6521205992212,"335231747489998"
"MBB_BAU",2036,"SB",1.22195805980083,32.7178723530779,"335231747489998"
"MBB_BAU",2036,"SM",0.462598767709704,13.9612735632031,"335231747489998"
"MBB_BAU",2036,"YP",1.20061193573077,42.6031110793314,"335231747489998"
"MBB_BAU",2041,"AB",0.519842020768587,16.0059132975424,"335231747489998"
"MBB_BAU",2041,"BB",0.249220477710448,7.04624140287928,"335231747489998"
"MBB_BAU",2041,"BD",0.0922708121635132,3.35742455655,"335231747489998"
"MBB_BAU",2041,"HM",0.192861391036303,5.49704988033064,"335231747489998"
"MBB_BAU",2041,"RO",0.16507456442721,5.52561988249278,"335231747489998"
"MBB_BAU",2041,"SB",0.268014657438869,7.24220727592168,"335231747489998"
"MBB_BAU",2041,"SM",0.107202401800124,3.28439487589203,"335231747489998"
"MBB_BAU",2041,"YP",0.276111376993634,9.82865410098792,"335231747489998"
"MBB_BAU",2021,"AB",6.37532900977084,259.035240007645,"749041470290487"
"MBB_BAU",2021,"BG",0.759254901708196,19.77368162,"749041470290487"
"MBB_BAU",2021,"HI",1.25496672549122,27.6831561554878,"749041470290487"
"MBB_BAU",2021,"RO",4.24178720586899,158.009694914411,"749041470290487"
"MBB_BAU",2021,"SM",13.9562102486387,378.576121753196,"749041470290487"
"MBB_BAU",2021,"WN",3.14143648862125,104.980282855319,"749041470290487"
"MBB_BAU",2021,"WO",7.44401148645029,220.386673826497,"749041470290487"
"MBB_BAU",2021,"YP",4.87593786014258,168.795336018957,"749041470290487"
"MBB_BAU",2026,"AB",3.89610304316404,158.635169326579,"749041470290487"
"MBB_BAU",2026,"BG",0.469915079043842,12.231411,"749041470290487"
"MBB_BAU",2026,"HI",0.719179630007245,16.1052410353297,"749041470290487"
"MBB_BAU",2026,"RO",2.90207091839083,108.350109401521,"749041470290487"
"MBB_BAU",2026,"SM",8.46746666839833,234.715722545947,"749041470290487"
"MBB_BAU",2026,"WN",1.80989131077537,60.606961018,"749041470290487"
"MBB_BAU",2026,"WO",4.56169488817507,135.143422682753,"749041470290487"
"MBB_BAU",2026,"YP",3.31466549607123,115.460924351451,"749041470290487"
"MBB_BAU",2031,"AB",2.4480319061391,99.9407416510214,"749041470290487"
"MBB_BAU",2031,"BG",0.27218358100096,7.13561892160861,"749041470290487"
"MBB_BAU",2031,"HI",0.403188705326817,9.25290602881708,"749041470290487"
"MBB_BAU",2031,"RO",1.95366041019271,73.0609634495852,"749041470290487"
"MBB_BAU",2031,"SM",5.15001497711448,145.801424866227,"749041470290487"
"MBB_BAU",2031,"WN",1.03983952774477,34.848535812291,"749041470290487"
"MBB_BAU",2031,"WO",2.73712391322257,81.2612276155,"749041470290487"
"MBB_BAU",2031,"YP",2.18485163115362,76.4825122077521,"749041470290487"
"MBB_BAU",2036,"AB",2.22914469416478,91.2326316525,"749041470290487"
"MBB_BAU",2036,"BG",0.235467026637912,6.19806729811726,"749041470290487"
"MBB_BAU",2036,"HI",0.344624984543767,8.12149194350793,"749041470290487"
"MBB_BAU",2036,"RO",1.7895868648611,67.105274222,"749041470290487"
"MBB_BAU",2036,"SM",5.80996958299667,160.803959376118,"749041470290487"
"MBB_BAU",2036,"WN",0.843391553214234,28.2861173722319,"749041470290487"
"MBB_BAU",2036,"WO",2.32750237431396,69.2203480037047,"749041470290487"
"MBB_BAU",2036,"YP",1.88402106941597,66.1837305871432,"749041470290487"
"MBB_BAU",2046,"AB",1.42580411305773,58.5653960009867,"749041470290487"
"MBB_BAU",2046,"BG",0.143234141888324,3.78626270850177,"749041470290487"
"MBB_BAU",2046,"HI",0.197058587679716,4.89126718277033,"749041470290487"
"MBB_BAU",2046,"RO",1.09781831928753,41.28350932,"749041470290487"
"MBB_BAU",2046,"SM",3.5335950354289,101.314286976696,"749041470290487"
"MBB_BAU",2046,"WN",0.424660252963179,14.3018567042723,"749041470290487"
"MBB_BAU",2046,"WO",1.35062999776598,40.3381209690579,"749041470290487"
"MBB_BAU",2046,"YP",1.16610692720438,41.0174311404184,"749041470290487"
"MBB_BAU",2018,"BC",1.70422080522475,45.1384785033603,"473337993489998"
"MBB_BAU",2018,"BG",3.36438061568324,88.5334261166397,"473337993489998"
"MBB_BAU",2018,"RO",2.25228928134811,61.99276736,"473337993489998"
"MBB_BAU",2018,"SM",19.5691127918016,635.619623253202,"473337993489998"
"MBB_BAU",2023,"BC",0.455475921477544,12.8268227376305,"473337993489998"
"MBB_BAU",2023,"BG",0.9083546457713,24.8024981601634,"473337993489998"
"MBB_BAU",2023,"RO",0.680928949628424,20.4367833492631,"473337993489998"
"MBB_BAU",2023,"SM",5.81513279563441,191.067774279026,"473337993489998"
"MBB_BAU",2020,"HI",0.175907564759952,5.19293530207603,"678976841126144"
"MBB_BAU",2020,"MG",0.180567161483454,5.165016184,"678976841126144"
"MBB_BAU",2020,"RM",0.456199346939762,12.6054318083851,"678976841126144"
"MBB_BAU",2020,"RO",0.120875551806447,3.14088822,"678976841126144"
"MBB_BAU",2020,"SM",0.352934180509639,8.57113171725016,"678976841126144"
"MBB_BAU",2018,"AB",11.8268273285595,392.422255139894,"503670426126144"
"MBB_BAU",2018,"RM",2.67176581351622,86.0996398201058,"503670426126144"
"MBB_BAU",2018,"SU",5.77421755850628,173.399876530345,"503670426126144"
"MBB_BAU",2018,"YP",2.64959559347922,79.2391041710901,"503670426126144"
"MBB_BAU",2028,"AB",1.46760895216398,50.3318355662158,"503670426126144"
"MBB_BAU",2028,"RM",0.32603873234203,10.8468346074577,"503670426126144"
"MBB_BAU",2028,"SU",0.738499567052112,22.7881314661079,"503670426126144"
"MBB_BAU",2028,"YP",0.303042298318976,9.12752484615267,"503670426126144"
"MBB_BAU",2022,"BU",3.4885732069696,87.8199218490938,"433077581489998"
"MBB_BAU",2022,"CK",2.03415859641899,63.3113719989705,"433077581489998"
"MBB_BAU",2022,"GA",1.65463165191225,44.4825858428086,"433077581489998"
"MBB_BAU",2022,"SM",8.28094238594945,218.489740190751,"433077581489998"
"MBB_BAU",2022,"WN",0.677096632093,18.1451148972022,"433077581489998"
"MBB_BAU",2024,"BD",10.56629070744,382.100850270136,"495155281126144"
"MBB_BAU",2024,"HI",4.23578870104906,121.711450643668,"495155281126144"
"MBB_BAU",2024,"SM",5.06051328442644,128.676639296333,"495155281126144"
"MBB_BAU",2024,"WN",1.5924552213055,21.7622261032604,"495155281126144"
"MBB_BAU",2019,"CT",1.10763274747816,34.8468508328741,"503670756126144"
"MBB_BAU",2019,"SM",9.6501958309312,296.415449637868,"503670756126144"
"MBB_BAU",2019,"WA",4.08092276141457,148.763245022053,"503670756126144"
"MBB_BAU",2019,"YP",4.62698325010739,208.143542080082,"503670756126144"
"MBB_BAU",2029,"CT",0.0292231500795922,0.935939354579685,"503670756126144"
"MBB_BAU",2029,"SM",0.22770013752342,7.14973125778624,"503670756126144"
"MBB_BAU",2029,"WA",0.106155427869878,3.78659626625175,"503670756126144"
"MBB_BAU",2029,"YP",0.127621154383911,5.75698351615917,"503670756126144"
"MBB_BAU",2028,"HI",2.68119927251248,72.5757253477713,"535844304126144"
"MBB_BAU",2028,"RO",2.78866386309898,79.9979804413208,"535844304126144"
"MBB_BAU",2028,"SM",4.8833374242454,136.005220135342,"535844304126144"
"MBB_BAU",2028,"WO",1.43256841268097,43.6265336309813,"535844304126144"
"MBB_BAU",2028,"YP",2.00025565269663,47.5648347389259,"535844304126144"
"MBB_BAU",2016,"HI",0.389422403228223,11.7561388315775,"291609878489998"
"MBB_BAU",2016,"RD",0.193786875214561,3.30373220613237,"291609878489998"
"MBB_BAU",2016,"SM",2.7647799000367,61.8873576309741,"291609878489998"
"MBB_BAU",2016,"YP",0.891967115088552,22.1392975823101,"291609878489998"
"MBB_BAU",2036,"BG",0.0476039125832556,1.054731368,"291609878489998"
"MBB_BAU",2036,"HI",0.203048024429749,6.55226092447151,"291609878489998"
"MBB_BAU",2036,"RD",0.182260607503245,2.68174892683785,"291609878489998"
"MBB_BAU",2036,"RL",0.0515558850646259,1.0925335855,"291609878489998"
"MBB_BAU",2036,"SM",3.2093115031187,85.3311845976741,"291609878489998"
"MBB_BAU",2036,"YP",0.697142441971061,21.3909642603245,"291609878489998"
"MBB_BAU",2041,"BG",0.0489628528472321,1.138898133,"291609878489998"
"MBB_BAU",2041,"HI",0.210168656283258,6.86625050778838,"291609878489998"
"MBB_BAU",2041,"RD",0.19395141549076,2.86573995667748,"291609878489998"
"MBB_BAU",2041,"RL",0.0544335716537193,1.22490044078362,"291609878489998"
"MBB_BAU",2041,"SM",4.12437846789123,113.09135726304,"291609878489998"
"MBB_BAU",2041,"YP",0.822693816836515,25.9262755055,"291609878489998"
"MBB_BAU",2014,"BD",3.84869060735705,111.464913324087,"221698172020004"
"MBB_BAU",2014,"BU",0.624558833495692,15.0751660355004,"221698172020004"
"MBB_BAU",2014,"SM",3.42107520597061,85.4801017269488,"221698172020004"
"MBB_BAU",2019,"BD",5.43934702647942,155.881373444507,"221698172020004"
"MBB_BAU",2019,"BU",0.712304895302235,17.8922998894239,"221698172020004"
"MBB_BAU",2019,"SM",4.53073951343893,117.557071962327,"221698172020004"
"MBB_BAU",2024,"BD",7.76704057145591,209.361266899247,"221698172020004"
"MBB_BAU",2024,"BU",0.808653323728433,21.0895976659011,"221698172020004"
"MBB_BAU",2024,"SM",5.891308087856,157.421405745554,"221698172020004"
"MBB_BAU",2029,"BD",8.83640772775886,239.691028168727,"221698172020004"
"MBB_BAU",2029,"BE",0.366097089090338,6.72744943,"221698172020004"
"MBB_BAU",2029,"BU",0.706633653301858,18.8981454338159,"221698172020004"
"MBB_BAU",2029,"SM",5.6915140418168,157.621176299587,"221698172020004"
"MBB_BAU",2034,"BD",8.51215431122155,233.262644487782,"221698172020004"
"MBB_BAU",2034,"BE",0.301880107070055,5.93381072992354,"221698172020004"
"MBB_BAU",2034,"BU",0.610093662007381,16.7430425894579,"221698172020004"
"MBB_BAU",2034,"SM",4.80507955251764,137.021024173233,"221698172020004"
"MBB_BAU",2039,"BB",0.270880401555567,6.435016511,"221698172020004"
"MBB_BAU",2039,"BD",7.71564877526094,215.777738525244,"221698172020004"
"MBB_BAU",2039,"BE",0.57640243686732,12.6142466042704,"221698172020004"
"MBB_BAU",2039,"BU",0.522483979484407,14.6904934826979,"221698172020004"
"MBB_BAU",2039,"SM",4.30985097130818,125.798736203116,"221698172020004"
"MBB_BAU",2024,"BC",12.524882471701,315.377296749432,"221698042020004"
"MBB_BAU",2024,"WN",10.9909109903753,237.880430310186,"221698042020004"
"MBB_BAU",2029,"BC",11.2949508886257,297.675133536887,"221698042020004"
"MBB_BAU",2029,"WN",9.68285447805124,215.297097576919,"221698042020004"
"MBB_BAU",2034,"BC",6.2986059258235,175.361438716523,"221698042020004"
"MBB_BAU",2034,"WN",5.86505920720503,133.004547548349,"221698042020004"
"MBB_BAU",2039,"BC",3.74455837724747,109.470847719915,"221698042020004"
"MBB_BAU",2039,"WN",3.58702573538058,83.297932871834,"221698042020004"
"MBB_BAU",2014,"BC",5.95669545998766,155.849087770936,"221697518020004"
"MBB_BAU",2014,"BK",3.63891705475617,75.24459597,"221697518020004"
"MBB_BAU",2014,"JU",1.6651941914974,25.76869725,"221697518020004"
"MBB_BAU",2014,"WA",7.79032059484586,233.773618565906,"221697518020004"
"MBB_BAU",2014,"WN",0.831585255157863,18.7596123813684,"221697518020004"
"MBB_BAU",2014,"YP",12.1842519263001,385.499695192632,"221697518020004"
"MBB_BAU",2019,"BC",2.2466543499664,62.1296367763505,"221697518020004"
"MBB_BAU",2019,"BK",1.43930942377612,29.8394207704185,"221697518020004"
"MBB_BAU",2019,"JU",0.638072201833314,10.3953955095987,"221697518020004"
"MBB_BAU",2019,"WA",3.11373474711946,95.0609721090332,"221697518020004"
"MBB_BAU",2019,"WN",0.367508006885372,8.600564961,"221697518020004"
"MBB_BAU",2019,"YP",5.41600200754788,173.175452557291,"221697518020004"
"MBB_BAU",2020,"AB",1.17483358619231,32.4650185667098,"291609162489998"
"MBB_BAU",2020,"BU",0.1139184648063,2.07828020435649,"291609162489998"
"MBB_BAU",2020,"GA",0.123347987031544,2.12726996274689,"291609162489998"
"MBB_BAU",2020,"HI",0.29609888684282,7.97125468758253,"291609162489998"
"MBB_BAU",2020,"SM",1.19413012852401,33.5390521371447,"291609162489998"
"MBB_BAU",2020,"YP",0.509223413555263,13.0797979110346,"291609162489998"
"MBB_BAU",2028,"BE",2.49339578820044,46.7520638258806,"433077287489998"
"MBB_BAU",2028,"BK",3.60943499182337,66.8872567914011,"433077287489998"
"MBB_BAU",2028,"HB",0.624364738949524,10.8981359474822,"433077287489998"
"MBB_BAU",2028,"SM",6.07441137427553,154.735603448508,"433077287489998"
"MBB_BAU",2028,"SS",4.69031897007365,105.790958944959,"433077287489998"
"MBB_BAU",2028,"SU",0.631960012655754,13.4621824020356,"433077287489998"
"MBB_BAU",2033,"BE",1.76204907047856,35.5738069787702,"433077287489998"
"MBB_BAU",2033,"BK",2.05667707677356,38.6771684817828,"433077287489998"
"MBB_BAU",2033,"HB",0.403701869869138,7.41710962809092,"433077287489998"
"MBB_BAU",2033,"RL",0.345646935975278,5.70622582589841,"433077287489998"
"MBB_BAU",2033,"SM",3.58338216489265,95.164538173001,"433077287489998"
"MBB_BAU",2033,"SS",2.68097009737944,60.3079685189058,"433077287489998"
"MBB_BAU",2033,"SU",0.372279422705034,8.58040544041272,"433077287489998"
"MBB_BAU",2038,"BE",1.49857286809489,31.9120500390388,"433077287489998"
"MBB_BAU",2038,"BK",1.86778657213396,34.0885470276576,"433077287489998"
"MBB_BAU",2038,"HB",0.33327374179863,6.31297757178303,"433077287489998"
"MBB_BAU",2038,"HI",0.266120091524663,6.037742616,"433077287489998"
"MBB_BAU",2038,"RL",0.272684891134881,4.6137092564731,"433077287489998"
"MBB_BAU",2038,"SM",2.99889885864678,81.9781520369616,"433077287489998"
"MBB_BAU",2038,"SS",2.08264639791276,47.1219195393919,"433077287489998"
"MBB_BAU",2038,"SU",0.348447616133598,8.60683384200986,"433077287489998"
"MBB_BAU",2043,"BE",0.442436200811753,9.94364244548643,"433077287489998"
"MBB_BAU",2043,"BK",0.540528814116043,10.0507199378961,"433077287489998"
"MBB_BAU",2043,"HB",0.0936633446685599,1.820482258,"433077287489998"
"MBB_BAU",2043,"HI",0.0836281937716322,2.02814258228141,"433077287489998"
"MBB_BAU",2043,"RL",0.0798154171977562,1.37326661146315,"433077287489998"
"MBB_BAU",2043,"SM",0.861092628043862,24.2397691844726,"433077287489998"
"MBB_BAU",2043,"SS",0.589849544104568,13.4145812228426,"433077287489998"
"MBB_BAU",2043,"SU",0.132952908229563,3.40437233264495,"433077287489998"
"MBB_BAU",2016,"AB",3.01225595046827,82.3270825551126,"291609727489998"
"MBB_BAU",2016,"BD",7.03795672545452,201.147441479884,"291609727489998"
"MBB_BAU",2016,"CO",8.58970881983723,257.624998527597,"291609727489998"
"MBB_BAU",2016,"HI",1.9411131970402,59.9532289976722,"291609727489998"
"MBB_BAU",2016,"HM",8.57305197048021,257.40789936,"291609727489998"
"MBB_BAU",2016,"RM",5.50451994422384,145.973090924772,"291609727489998"
"MBB_BAU",2016,"SB",2.86937363487312,65.8583845604002,"291609727489998"
"MBB_BAU",2016,"SM",7.74932157395501,225.910746748861,"291609727489998"
"MBB_BAU",2016,"YP",13.4593971430745,424.005117664917,"291609727489998"
"MBB_BAU",2021,"AB",1.6355887169057,46.5161215608621,"291609727489998"
"MBB_BAU",2021,"BD",3.91217272701282,115.176074887895,"291609727489998"
"MBB_BAU",2021,"CO",4.53013524083299,136.568056167894,"291609727489998"
"MBB_BAU",2021,"HI",0.994422633713027,30.9691879684709,"291609727489998"
"MBB_BAU",2021,"HM",4.41969509865112,137.422152129872,"291609727489998"
"MBB_BAU",2021,"RM",3.32436037395417,92.4232038208602,"291609727489998"
"MBB_BAU",2021,"SB",1.52939825308929,35.8089937506996,"291609727489998"
"MBB_BAU",2021,"SM",4.87666513796929,144.176833193234,"291609727489998"
"MBB_BAU",2021,"YP",7.52433327257749,238.649045101696,"291609727489998"
"MBB_BAU",2026,"AB",0.522971827513095,15.3711224337722,"291609727489998"
"MBB_BAU",2026,"BD",1.21700305257462,36.6944577516338,"291609727489998"
"MBB_BAU",2026,"CO",1.47191713146042,44.635886648,"291609727489998"
"MBB_BAU",2026,"HI",0.294046113113886,9.21981443578282,"291609727489998"
"MBB_BAU",2026,"HM",1.38328040902808,44.3732863843025,"291609727489998"
"MBB_BAU",2026,"RM",1.34982306699336,37.6244131120683,"291609727489998"
"MBB_BAU",2026,"SB",0.426431264385481,10.1912827529508,"291609727489998"
"MBB_BAU",2026,"SM",1.58815811333408,48.1391671183467,"291609727489998"
"MBB_BAU",2026,"YP",2.58193979703598,82.6753589240291,"291609727489998"
"MBB_BAU",2031,"AB",0.146816706950375,4.45934564327674,"291609727489998"
"MBB_BAU",2031,"BD",0.366689315326363,11.2995203046702,"291609727489998"
"MBB_BAU",2031,"CO",0.410044966320658,12.5024830314137,"291609727489998"
"MBB_BAU",2031,"HI",0.0854697368381266,2.71316198240249,"291609727489998"
"MBB_BAU",2031,"HM",0.379024018359673,12.4934993248401,"291609727489998"
"MBB_BAU",2031,"RM",0.393795246404146,11.2936418030553,"291609727489998"
"MBB_BAU",2031,"SB",0.168823029904647,3.96279373897677,"291609727489998"
"MBB_BAU",2031,"SM",0.445466854560781,13.8091678849812,"291609727489998"
"MBB_BAU",2031,"YP",0.73680430967527,23.7346301850232,"291609727489998"
"MBB_BAU",2036,"AB",0.072027281794242,2.22297980021009,"291609727489998"
"MBB_BAU",2036,"BD",0.180817325710131,5.68158428788581,"291609727489998"
"MBB_BAU",2036,"CO",0.199807214781309,6.12430601038356,"291609727489998"
"MBB_BAU",2036,"HI",0.0404577041037512,1.29451051098585,"291609727489998"
"MBB_BAU",2036,"HM",0.182151867229305,6.15499730300309,"291609727489998"
"MBB_BAU",2036,"RM",0.233309345123204,6.64403693766466,"291609727489998"
"MBB_BAU",2036,"SB",0.0765162893089958,1.82817507393057,"291609727489998"
"MBB_BAU",2036,"SM",0.264301360468068,8.03079271921454,"291609727489998"
"MBB_BAU",2036,"YP",0.366257324941325,11.833842661566,"291609727489998"
"MBB_BAU",2041,"AB",0.120636730294577,3.82829218262406,"291609727489998"
"MBB_BAU",2041,"BD",0.292214553745054,9.33189283161177,"291609727489998"
"MBB_BAU",2041,"CO",0.315940168911076,9.72094246825182,"291609727489998"
"MBB_BAU",2041,"HI",0.0629390019428289,2.02985388667355,"291609727489998"
"MBB_BAU",2041,"HM",0.351494182189473,11.3176707312981,"291609727489998"
"MBB_BAU",2041,"RM",0.439122645967149,12.5713679334046,"291609727489998"
"MBB_BAU",2041,"SB",0.158400544998878,3.80833260616626,"291609727489998"
"MBB_BAU",2041,"SM",0.447910923978523,13.8861727129746,"291609727489998"
"MBB_BAU",2041,"YP",0.591500395408546,19.1620270580824,"291609727489998"
"MBB_BAU",2021,"BD",1.20798898396396,39.2070998734157,"734248035290487"
"MBB_BAU",2021,"OH",0.289918600737535,3.05069652249438,"734248035290487"
"MBB_BAU",2021,"RM",0.443705815088794,11.129393114955,"734248035290487"
"MBB_BAU",2021,"SM",2.73153326505458,94.5715881297305,"734248035290487"
"MBB_BAU",2021,"SS",0.536883567630315,8.36116116018866,"734248035290487"
"MBB_BAU",2021,"WA",0.998338083949786,31.9758155197979,"734248035290487"
"MBB_BAU",2019,"GA",2.74203576250408,76.59416022,"495155127126144"
"MBB_BAU",2019,"HI",4.22244786501694,110.972471479511,"495155127126144"
"MBB_BAU",2019,"OH",2.10238310509813,50.76589689,"495155127126144"
"MBB_BAU",2019,"RO",3.80877166894908,125.57879757,"495155127126144"
"MBB_BAU",2019,"SM",10.9819400530562,301.567231928206,"495155127126144"
"MBB_BAU",2019,"SS",1.61671693026447,39.0095865978893,"495155127126144"
"MBB_BAU",2019,"YP",1.28484362290164,35.9814441330076,"495155127126144"
"MBB_BAU",2024,"GA",1.75599342390065,49.130108355,"495155127126144"
"MBB_BAU",2024,"HI",2.70915326331382,73.2425456906281,"495155127126144"
"MBB_BAU",2024,"OH",1.27303015363194,30.7396395742176,"495155127126144"
"MBB_BAU",2024,"RO",2.47472744387125,82.6747176271373,"495155127126144"
"MBB_BAU",2024,"SM",7.02588397011478,199.282824461717,"495155127126144"
"MBB_BAU",2024,"SS",0.998079087616545,24.0981068174173,"495155127126144"
"MBB_BAU",2024,"YP",2.01856894175062,50.1491662310347,"495155127126144"
"MBB_BAU",2029,"GA",0.0614248280072773,1.72462286379061,"495155127126144"
"MBB_BAU",2029,"HI",0.0957242420116905,2.65576432930089,"495155127126144"
"MBB_BAU",2029,"OH",0.043389498661252,1.05404650895211,"495155127126144"
"MBB_BAU",2029,"RO",0.0870521011815089,2.94078154558761,"495155127126144"
"MBB_BAU",2029,"SM",0.250479921887191,7.31101869365233,"495155127126144"
"MBB_BAU",2029,"SS",0.0358476620950889,0.872366581137157,"495155127126144"
"MBB_BAU",2029,"YP",0.0811526074954092,2.09731268838621,"495155127126144"
"MBB_BAU",2026,"BD",0.180975767177564,3.73734672159424,"734248143290487"
"MBB_BAU",2026,"SM",4.14651867099146,100.273968947876,"734248143290487"
"MBB_BAU",2031,"BD",0.310557054771843,6.71834544571291,"734248143290487"
"MBB_BAU",2031,"OH",0.1217532565434,2.084289552,"734248143290487"
"MBB_BAU",2031,"SM",4.65896771494312,117.163183260942,"734248143290487"
"MBB_BAU",2036,"BD",0.101098468159511,2.34375610032414,"734248143290487"
"MBB_BAU",2036,"OH",0.0374214434986113,0.645102196796057,"734248143290487"
"MBB_BAU",2036,"SM",1.66671691275989,44.0465576500827,"734248143290487"
"MBB_BAU",2041,"BD",0.109898283390492,2.68871997562988,"734248143290487"
"MBB_BAU",2041,"BU",0.0396668482586516,0.629124642,"734248143290487"
"MBB_BAU",2041,"OH",0.0369394540072344,0.645565643487526,"734248143290487"
"MBB_BAU",2041,"SM",1.84962776132106,50.5657092222463,"734248143290487"
"MBB_BAU",2046,"BD",0.227409378281874,5.832204814,"734248143290487"
"MBB_BAU",2046,"BU",0.0798784063029743,1.41119286425207,"734248143290487"
"MBB_BAU",2046,"OH",0.0719894822784513,1.2521836909214,"734248143290487"
"MBB_BAU",2046,"SM",4.28969012708249,121.037320273746,"734248143290487"
"MBB_BAU",2034,"AE",1.54325576360494,31.5221392523011,"535844125126144"
"MBB_BAU",2034,"BC",5.34401169566373,156.57292556599,"535844125126144"
"MBB_BAU",2034,"BE",3.2146435537416,65.357089635685,"535844125126144"
"MBB_BAU",2034,"JU",3.38355222064758,59.9551701421493,"535844125126144"
"MBB_BAU",2034,"OH",1.87457894339635,41.7562480544722,"535844125126144"
"MBB_BAU",2034,"WN",2.2613197245768,50.8635143977649,"535844125126144"
"MBB_BAU",2044,"AE",1.99783190137869,45.0829264385235,"535844125126144"
"MBB_BAU",2044,"BC",5.90815391821344,190.639808695527,"535844125126144"
"MBB_BAU",2044,"BE",3.50335716975794,79.7056849652904,"535844125126144"
"MBB_BAU",2044,"JU",2.89094033366914,56.4005717094531,"535844125126144"
"MBB_BAU",2044,"OH",1.53191039806824,34.3566579832415,"535844125126144"
"MBB_BAU",2044,"WN",2.52811365383405,58.301638996041,"535844125126144"
"MBB_BAU",2016,"AB",9.72669874866483,295.370674066234,"335232165489998"
"MBB_BAU",2016,"BB",0.916059403516556,21.8400437920785,"335232165489998"
"MBB_BAU",2016,"HM",7.03634521102349,238.544158759215,"335232165489998"
"MBB_BAU",2016,"MG",7.41648469083746,242.996992252903,"335232165489998"
"MBB_BAU",2016,"RO",4.00100936667565,145.883014701217,"335232165489998"
"MBB_BAU",2016,"SB",0.796709261285801,19.2955731017492,"335232165489998"
"MBB_BAU",2016,"SM",7.24659585996961,228.578324541217,"335232165489998"
"MBB_BAU",2016,"YP",4.99837045993534,165.39061968,"335232165489998"
"MBB_BAU",2021,"AB",6.19669181593563,194.255484887985,"335232165489998"
"MBB_BAU",2021,"BB",0.55400341940233,13.7415120515982,"335232165489998"
"MBB_BAU",2021,"HM",4.31189694087472,151.287831255038,"335232165489998"
"MBB_BAU",2021,"MG",4.38565714688718,149.880994358139,"335232165489998"
"MBB_BAU",2021,"RO",2.56909680202861,95.3508497878846,"335232165489998"
"MBB_BAU",2021,"SB",0.439271962702738,10.8797101288796,"335232165489998"
"MBB_BAU",2021,"SM",4.63481877525088,150.25988549035,"335232165489998"
"MBB_BAU",2021,"YP",4.25585568062844,143.584873539237,"335232165489998"
"MBB_BAU",2016,"AB",22.2440126522627,663.927234650954,"291609580489998"
"MBB_BAU",2016,"BC",1.23517189640386,32.403802,"291609580489998"
"MBB_BAU",2016,"CT",0.899166985319445,20.7765529220622,"291609580489998"
"MBB_BAU",2016,"HI",4.04755067702245,117.225519,"291609580489998"
"MBB_BAU",2016,"SB",1.68054510488625,36.2160166685484,"291609580489998"
"MBB_BAU",2016,"SD",1.10293242316273,23.4451041812212,"291609580489998"
"MBB_BAU",2016,"WA",1.08162013714404,30.3070829220622,"291609580489998"
"MBB_BAU",2016,"YP",3.91271197609239,129.615208,"291609580489998"
"MBB_BAU",2021,"AB",14.2388485660653,428.893395425856,"291609580489998"
"MBB_BAU",2021,"BC",0.686598825359301,18.9357178630842,"291609580489998"
"MBB_BAU",2021,"CT",0.527899810496406,13.1220644610323,"291609580489998"
"MBB_BAU",2021,"HI",2.35119561598641,69.2535614467156,"291609580489998"
"MBB_BAU",2021,"SB",0.943657428532623,20.9128404905127,"291609580489998"
"MBB_BAU",2021,"SD",0.633857076004197,13.5853120842705,"291609580489998"
"MBB_BAU",2021,"SM",0.656351766009483,14.9584929352949,"291609580489998"
"MBB_BAU",2021,"WA",0.63298206920016,18.2603896766545,"291609580489998"
"MBB_BAU",2021,"YP",2.48227333304171,82.4105930879525,"291609580489998"
"MBB_BAU",2026,"AB",3.05769360845815,94.3736797822192,"291609580489998"
"MBB_BAU",2026,"BC",0.134052248188809,3.88994247445712,"291609580489998"
"MBB_BAU",2026,"CT",0.112095304849917,2.97093493487583,"291609580489998"
"MBB_BAU",2026,"HI",0.48968363987632,14.656899161191,"291609580489998"
"MBB_BAU",2026,"SB",0.189255228527107,4.30185031814779,"291609580489998"
"MBB_BAU",2026,"SD",0.130633277873826,2.79264952243733,"291609580489998"
"MBB_BAU",2026,"SM",0.157778253895259,3.84818764181281,"291609580489998"
"MBB_BAU",2026,"WA",0.127298353375548,3.76621655482963,"291609580489998"
"MBB_BAU",2026,"YP",0.587329805913932,19.5429995398856,"291609580489998"
"MBB_BAU",2016,"BB",0.489076611223214,12.511551640622,"291609728489998"
"MBB_BAU",2016,"BC",1.13199667520495,34.062862392,"291609728489998"
"MBB_BAU",2016,"BD",0.424480587249472,11.3979492385782,"291609728489998"
"MBB_BAU",2016,"CT",1.80789368900726,49.522161084567,"291609728489998"
"MBB_BAU",2016,"RM",0.409046541310802,9.62930904518899,"291609728489998"
"MBB_BAU",2016,"SM",3.72386337382696,96.227583853348,"291609728489998"
"MBB_BAU",2021,"BB",0.152905273893314,4.029575817,"291609728489998"
"MBB_BAU",2021,"BC",0.383424113263434,12.0493410468719,"291609728489998"
"MBB_BAU",2021,"BD",0.152883216061866,4.2921010748783,"291609728489998"
"MBB_BAU",2021,"CT",0.63040064667585,18.0784545977963,"291609728489998"
"MBB_BAU",2021,"RM",0.152370231679861,3.8190689045,"291609728489998"
"MBB_BAU",2021,"SB",0.0825212902386282,1.87208978646807,"291609728489998"
"MBB_BAU",2021,"SM",1.71361587664419,45.2410173118767,"291609728489998"
"MBB_BAU",2036,"BB",0.278380185531301,7.41663074178832,"291609728489998"
"MBB_BAU",2036,"BC",1.03673538901985,36.0961711754266,"291609728489998"
"MBB_BAU",2036,"BD",0.414427274013073,12.5088670386995,"291609728489998"
"MBB_BAU",2036,"BE",0.136246256276626,2.78370266874942,"291609728489998"
"MBB_BAU",2036,"CT",1.93500368032971,60.9009310723467,"291609728489998"
"MBB_BAU",2036,"RM",0.422124006124544,11.7814937743761,"291609728489998"
"MBB_BAU",2036,"SB",0.134466895690961,3.21331974507765,"291609728489998"
"MBB_BAU",2036,"SM",11.9888795147029,330.614821837216,"291609728489998"
"MBB_BAU",2041,"BB",0.104655927301543,2.85019362768819,"291609728489998"
"MBB_BAU",2041,"BC",0.489297139862106,17.4769420804674,"291609728489998"
"MBB_BAU",2041,"BD",0.220095135702024,6.81636043818551,"291609728489998"
"MBB_BAU",2041,"BE",0.121898686916405,2.62271582021015,"291609728489998"
"MBB_BAU",2041,"CT",0.98728539955838,31.6415948180234,"291609728489998"
"MBB_BAU",2041,"RM",0.211185146502006,6.0985713155173,"291609728489998"
"MBB_BAU",2041,"SB",0.049598015286158,1.22372096735653,"291609728489998"
"MBB_BAU",2041,"SM",7.36910628045541,211.000315397013,"291609728489998"
"MBB_BAU",2041,"WA",0.0129405249003003,0.278906374597535,"291609728489998"
"MBB_BAU",2016,"AB",12.6132279603836,389.254375671923,"386053995489998"
"MBB_BAU",2016,"BG",1.03988219483261,24.1217069311111,"386053995489998"
"MBB_BAU",2016,"HI",3.55412446864599,108.158635307795,"386053995489998"
"MBB_BAU",2016,"SM",3.58425684251049,93.1798285068804,"386053995489998"
"MBB_BAU",2016,"YP",7.76245996905398,286.153501852521,"386053995489998"
"MBB_BAU",2026,"AB",2.87880550510132,92.8383518753827,"386053995489998"
"MBB_BAU",2026,"BG",0.1851663858274,4.74721066809582,"386053995489998"
"MBB_BAU",2026,"HI",0.76326840732164,23.8065749486048,"386053995489998"
"MBB_BAU",2026,"SM",1.00430275249875,27.979824147224,"386053995489998"
"MBB_BAU",2026,"YP",1.76573784422052,67.1403372710705,"386053995489998"
"MBB_BAU",2026,"AB",9.69643203136766,320.740354964425,"734248029290487"
"MBB_BAU",2026,"RO",13.4003398777592,534.472326321642,"734248029290487"
"MBB_BAU",2026,"SM",4.06162737613048,101.334412430863,"734248029290487"
"MBB_BAU",2026,"SY",0.812674608808787,23.4356758986307,"734248029290487"
"MBB_BAU",2026,"YP",2.31285727366603,58.92911091,"734248029290487"
"MBB_BAU",2041,"AB",8.45257617253051,281.643518805871,"734248029290487"
"MBB_BAU",2041,"RO",10.1603887450576,407.607636270739,"734248029290487"
"MBB_BAU",2041,"SM",4.24913486102656,113.646008755864,"734248029290487"
"MBB_BAU",2041,"SY",1.45273095175179,43.27893185,"734248029290487"
"MBB_BAU",2041,"WA",0.659993246413795,14.1822838787456,"734248029290487"
"MBB_BAU",2041,"YP",2.56020013869798,59.3238630979166,"734248029290487"
"MBB_BAU",2016,"AB",5.05931329560783,115.318442097152,"291609881489998"
"MBB_BAU",2016,"CK",0.260255833362197,4.4708077415668,"291609881489998"
"MBB_BAU",2016,"HI",0.394834932993018,9.5803012845,"291609881489998"
"MBB_BAU",2016,"SM",0.791488984520801,17.741298675,"291609881489998"
"MBB_BAU",2016,"SU",0.292961988097092,5.89011129493387,"291609881489998"
"MBB_BAU",2016,"WO",0.837005702028356,17.5993497371956,"291609881489998"
"MBB_BAU",2016,"YP",0.574467221590146,11.7092567848671,"291609881489998"
"MBB_BAU",2021,"AB",4.15503154725326,99.8737830803246,"291609881489998"
"MBB_BAU",2021,"CK",0.195471721492975,3.49482245561549,"291609881489998"
"MBB_BAU",2021,"HI",0.291504246919276,7.17658385771492,"291609881489998"
"MBB_BAU",2021,"SM",0.587926558680251,13.7797107508675,"291609881489998"
"MBB_BAU",2021,"SU",0.20348958608739,4.11723948640774,"291609881489998"
"MBB_BAU",2021,"WE",0.189425281930795,3.9828945724229,"291609881489998"
"MBB_BAU",2021,"WO",0.613921663059503,13.252958540425,"291609881489998"
"MBB_BAU",2021,"YP",0.617034361869856,12.6387775971459,"291609881489998"
"MBB_BAU",2026,"AB",0.961366896935166,24.1397253511734,"291609881489998"
"MBB_BAU",2026,"CK",0.0379560021102989,0.697727314972071,"291609881489998"
"MBB_BAU",2026,"HI",0.057663748006851,1.44052124,"291609881489998"
"MBB_BAU",2026,"SM",0.175161085897737,4.04703115187545,"291609881489998"
"MBB_BAU",2026,"SU",0.0806513497040452,1.60676515014669,"291609881489998"
"MBB_BAU",2026,"WE",0.03846728793957,0.838024702814737,"291609881489998"
"MBB_BAU",2026,"WO",0.128137649436776,2.82683084654412,"291609881489998"
"MBB_BAU",2026,"YP",0.143871377953149,2.99521891469823,"291609881489998"
"MBB_BAU",2036,"AB",0.0115058992778321,0.312813851556185,"291609881489998"
"MBB_BAU",2036,"CK",0.00028958031310566,0.005553722382,"291609881489998"
"MBB_BAU",2036,"HI",0.000582786405423376,0.01464366912,"291609881489998"
"MBB_BAU",2036,"RO",0.000393469210165617,0.0085716247575,"291609881489998"
"MBB_BAU",2036,"SM",0.00246238583122618,0.05964093120373,"291609881489998"
"MBB_BAU",2036,"SU",0.000942127390636984,0.0182598826277094,"291609881489998"
"MBB_BAU",2036,"WE",0.000355379645826784,0.00830383333669339,"291609881489998"
"MBB_BAU",2036,"WO",0.00124047558139321,0.0283295639045305,"291609881489998"
"MBB_BAU",2036,"YP",0.00146318387091467,0.0305107831983915,"291609881489998"
"MBB_BAU",2041,"AB",1.04715491378747,29.4289193410138,"291609881489998"
"MBB_BAU",2041,"BC",0.0143447600507628,0.345683065374367,"291609881489998"
"MBB_BAU",2041,"CK",0.0194473932744951,0.376794338,"291609881489998"
"MBB_BAU",2041,"HI",0.0471073070448039,1.20064960479127,"291609881489998"
"MBB_BAU",2041,"RO",0.0300569631250452,0.688650835250642,"291609881489998"
"MBB_BAU",2041,"SM",0.221085337903835,5.54040737448243,"291609881489998"
"MBB_BAU",2041,"SU",0.066273050033958,1.29849172129048,"291609881489998"
"MBB_BAU",2041,"WE",0.0281239913447943,0.681353213271441,"291609881489998"
"MBB_BAU",2041,"WO",0.0947242754841029,2.18505878124773,"291609881489998"
"MBB_BAU",2041,"YP",0.112680712279727,2.36789339335739,"291609881489998"
"MBB_BAU",2030,"CK",0.427684754223309,9.65290449918866,"291609308489998"
"MBB_BAU",2030,"HB",0.51392138691856,8.91508732779773,"291609308489998"
"MBB_BAU",2030,"HI",0.471057082444705,10.8781907599444,"291609308489998"
"MBB_BAU",2030,"PS",0.950795363870116,23.1498517915275,"291609308489998"
"MBB_BAU",2030,"QS",7.77528289649127,225.502953963318,"291609308489998"
"MBB_BAU",2030,"SM",7.49017773138319,207.135101858358,"291609308489998"
"MBB_BAU",2030,"SO",0.593066203653904,14.7328810917105,"291609308489998"
"MBB_BAU",2030,"WN",1.85274155293411,55.8315437005406,"291609308489998"
"MBB_BAU",2030,"YP",1.49535985985057,37.5111789118014,"291609308489998"
"MBB_BAU",2040,"CK",0.341127261740272,7.93040158347608,"291609308489998"
"MBB_BAU",2040,"HB",0.393487070498328,7.24230993503461,"291609308489998"
"MBB_BAU",2040,"HI",0.378921529082167,9.50055866184705,"291609308489998"
"MBB_BAU",2040,"PS",0.796206075984289,19.6009737329894,"291609308489998"
"MBB_BAU",2040,"QS",7.36521921483001,215.773166812986,"291609308489998"
"MBB_BAU",2040,"SM",7.98577075131938,229.353111288002,"291609308489998"
"MBB_BAU",2040,"SO",0.484952402948371,13.5510373035914,"291609308489998"
"MBB_BAU",2040,"WN",1.33296162788608,40.2825036636418,"291609308489998"
"MBB_BAU",2040,"YP",1.70635769834137,46.0583542682805,"291609308489998"
"MBB_BAU",2019,"BC",9.01534091299173,227.863736752384,"678976827126144"
"MBB_BAU",2019,"BK",1.0744541577897,18.8105148541361,"678976827126144"
"MBB_BAU",2019,"RM",12.8653518156642,329.825268667953,"678976827126144"
"MBB_BAU",2019,"SM",15.1679201423941,381.126651614904,"678976827126144"
"MBB_BAU",2019,"WA",13.5597367559676,352.26963275446,"678976827126144"
"MBB_BAU",2024,"BC",5.7122830691546,152.402176998174,"678976827126144"
"MBB_BAU",2024,"BK",0.646655705365422,11.4135015861791,"678976827126144"
"MBB_BAU",2024,"RM",9.52063324309182,248.239854036156,"678976827126144"
"MBB_BAU",2024,"SM",9.71243636006655,253.436489705228,"678976827126144"
"MBB_BAU",2024,"WA",9.56008371798228,253.603866277189,"678976827126144"
"MBB_BAU",2029,"BC",1.04991271488474,29.295074842335,"678976827126144"
"MBB_BAU",2029,"BK",0.076748119746579,1.36350130755764,"678976827126144"
"MBB_BAU",2029,"RM",1.99507609400891,53.9374957577147,"678976827126144"
"MBB_BAU",2029,"SM",2.05020306063857,55.2544318523937,"678976827126144"
"MBB_BAU",2029,"WA",1.74805080819317,47.746331139568,"678976827126144"
"MBB_BAU",2017,"AE",0.964829304545488,28.1393272492636,"480976345489998"
"MBB_BAU",2017,"BD",1.42075121651571,33.49919565,"480976345489998"
"MBB_BAU",2017,"BK",1.61089113018821,36.4024574863762,"480976345489998"
"MBB_BAU",2017,"RM",3.60352420632594,123.723690797457,"480976345489998"
"MBB_BAU",2017,"SM",15.0474895998515,473.008684117003,"480976345489998"
"MBB_BAU",2017,"YP",13.0742239482735,492.661506929264,"480976345489998"
"MBB_BAU",2042,"AE",0.705154833497646,22.677145964,"480976345489998"
"MBB_BAU",2042,"BD",1.02214908736573,29.8804413250499,"480976345489998"
"MBB_BAU",2042,"BK",0.926546320620474,20.8926764392977,"480976345489998"
"MBB_BAU",2042,"RM",3.05699339739305,113.780094020146,"480976345489998"
"MBB_BAU",2042,"RO",0.904966981042735,24.6298612797704,"480976345489998"
"MBB_BAU",2042,"SM",12.4729304201822,422.750814933184,"480976345489998"
"MBB_BAU",2042,"YP",8.95439982061529,355.037079680807,"480976345489998"
"MBB_BAU",2019,"BG",2.20316239136118,36.3926872609578,"495155221126144"
"MBB_BAU",2019,"GA",3.74773022276328,93.1232282323659,"495155221126144"
"MBB_BAU",2019,"SM",8.18892715580007,233.488259758231,"495155221126144"
"MBB_BAU",2019,"SS",0.558564397422196,13.8103340789326,"495155221126144"
"MBB_BAU",2019,"WN",2.75228373073493,87.5580881031973,"495155221126144"
"MBB_BAU",2019,"WO",1.55839517215905,46.005101117357,"495155221126144"
"MBB_BAU",2024,"BG",1.38566147945383,23.9290149448448,"495155221126144"
"MBB_BAU",2024,"GA",2.43390735981697,60.747189299335,"495155221126144"
"MBB_BAU",2024,"SM",5.83496187340923,164.970856448695,"495155221126144"
"MBB_BAU",2024,"SS",0.334378935080543,8.32402379882453,"495155221126144"
"MBB_BAU",2024,"WN",1.68798689767699,53.7119806338986,"495155221126144"
"MBB_BAU",2024,"WO",1.020872058864,30.1547961246549,"495155221126144"
"MBB_BAU",2027,"AE",0.569308526671457,13.1785695910229,"433034010489998"
"MBB_BAU",2027,"BU",0.916033630313375,22.4809653878055,"433034010489998"
"MBB_BAU",2027,"CO",1.95383986704274,47.593996605,"433034010489998"
"MBB_BAU",2027,"HI",0.386279795813161,7.84292712389566,"433034010489998"
"MBB_BAU",2027,"JU",1.85863075784557,47.2894476,"433034010489998"
"MBB_BAU",2027,"SM",10.4167584655379,287.750155463553,"433034010489998"
"MBB_BAU",2032,"AE",0.443318417236017,10.6746844409963,"433034010489998"
"MBB_BAU",2032,"BU",0.675389496013464,16.6577464593775,"433034010489998"
"MBB_BAU",2032,"CO",1.43528018576967,35.5393104663845,"433034010489998"
"MBB_BAU",2032,"HI",0.269306911901306,5.68198685140737,"433034010489998"
"MBB_BAU",2032,"JU",1.3546609856611,34.5095253175,"433034010489998"
"MBB_BAU",2032,"SM",9.71177858409176,268.281664493873,"433034010489998"
"MBB_BAU",2037,"AE",0.187581704062575,4.66740843406767,"433034010489998"
"MBB_BAU",2037,"BU",0.275043183732192,6.97452648503577,"433034010489998"
"MBB_BAU",2037,"CO",0.578706771707529,14.5447146471554,"433034010489998"
"MBB_BAU",2037,"HI",0.104573448464032,2.2776708505625,"433034010489998"
"MBB_BAU",2037,"JU",0.549325581503017,14.0229754115039,"433034010489998"
"MBB_BAU",2037,"SM",4.25979390456817,119.956487234398,"433034010489998"
"MBB_BAU",2042,"AE",0.621586401911661,16.0106181052509,"433034010489998"
"MBB_BAU",2042,"BU",0.96651468779294,25.3153476199676,"433034010489998"
"MBB_BAU",2042,"CO",1.91448936471885,48.5570654011471,"433034010489998"
"MBB_BAU",2042,"HI",0.331069789642575,7.41303815050464,"433034010489998"
"MBB_BAU",2042,"JU",1.76428990062891,45.19913496,"433034010489998"
"MBB_BAU",2042,"SM",23.9550183487879,619.049666302391,"433034010489998"
"MBB_BAU",2016,"BK",2.44461451725286,62.351194677462,"274683356489998"
"MBB_BAU",2016,"CK",6.73887901941373,200.599556947435,"274683356489998"
"MBB_BAU",2016,"GA",3.48123956651604,122.710338434129,"274683356489998"
"MBB_BAU",2016,"HB",1.26728821268048,29.4823569744102,"274683356489998"
"MBB_BAU",2016,"HI",4.04708616018588,147.212580756077,"274683356489998"
"MBB_BAU",2016,"OH",3.87715857221126,106.912584200286,"274683356489998"
"MBB_BAU",2016,"SM",17.9880165049006,526.299903513539,"274683356489998"
"MBB_BAU",2016,"WN",1.53858594895754,40.6378420511796,"274683356489998"
"MBB_BAU",2021,"AE",0.417525522213991,9.41090032012532,"274683356489998"
"MBB_BAU",2021,"BK",1.00943050999189,25.8439247698623,"274683356489998"
"MBB_BAU",2021,"CK",3.01120779364277,89.6803204263923,"274683356489998"
"MBB_BAU",2021,"GA",1.69093420049151,59.7253221219592,"274683356489998"
"MBB_BAU",2021,"HB",0.571002314397725,13.3562693040378,"274683356489998"
"MBB_BAU",2021,"HI",1.84656691301421,67.255851161142,"274683356489998"
"MBB_BAU",2021,"OH",1.63053911124756,45.1825469677849,"274683356489998"
"MBB_BAU",2021,"SM",8.5872198330605,257.450482394334,"274683356489998"
"MBB_BAU",2021,"WN",0.666474675783165,17.2519247270386,"274683356489998"
"MBB_BAU",2019,"BG",3.51264656199928,86.2839423524242,"495155299126144"
"MBB_BAU",2019,"HI",0.8705419794547,23.16347504,"495155299126144"
"MBB_BAU",2019,"SM",11.7707500380425,279.223853134888,"495155299126144"
"MBB_BAU",2019,"WO",5.67451221403595,155.484820125588,"495155299126144"
"MBB_BAU",2019,"YP",2.30889063148629,66.3054461438263,"495155299126144"
"MBB_BAU",2024,"BG",0.929131531034729,23.3030568820332,"495155299126144"
"MBB_BAU",2024,"HI",0.215529293330774,5.81266631035656,"495155299126144"
"MBB_BAU",2024,"SM",3.08633400884534,75.8955023405501,"495155299126144"
"MBB_BAU",2024,"WO",1.65429083190315,45.5526433983109,"495155299126144"
"MBB_BAU",2024,"YP",0.616383986836505,17.7145171140409,"495155299126144"
"MBB_BAU",2044,"BG",0.130489091602603,3.12375986556983,"495155299126144"
"MBB_BAU",2044,"HI",0.016863224742256,0.474843483311196,"495155299126144"
"MBB_BAU",2044,"SM",0.470055369925579,12.3999024687728,"495155299126144"
"MBB_BAU",2044,"WO",0.205968026742001,5.73941920364814,"495155299126144"
"MBB_BAU",2044,"YP",0.0900003724938899,2.52612784682244,"495155299126144"
"MBB_BAU",2021,"AB",15.4302221365269,447.021670345902,"657096938126144"
"MBB_BAU",2021,"WO",7.41916467445699,221.833914258877,"657096938126144"
"MBB_BAU",2026,"AB",6.07021570103829,181.274794573814,"657096938126144"
"MBB_BAU",2026,"WO",2.87442892950278,85.9008450762916,"657096938126144"
"MBB_BAU",2016,"AB",16.0944569009435,476.400310559529,"386054140489998"
"MBB_BAU",2016,"BC",0.965358161521846,21.7465781445861,"386054140489998"
"MBB_BAU",2016,"BO",3.11361020879746,93.252833006765,"386054140489998"
"MBB_BAU",2016,"HI",2.17206863742345,69.478887730353,"386054140489998"
"MBB_BAU",2016,"SM",3.06224595225895,80.9051223762941,"386054140489998"
"MBB_BAU",2016,"YP",3.49647862711776,104.679066731235,"386054140489998"
"MBB_BAU",2021,"AB",8.43259365228806,256.722377548817,"386054140489998"
"MBB_BAU",2021,"BC",0.505997920894773,12.1743171476859,"386054140489998"
"MBB_BAU",2021,"BO",1.69777084682125,51.9347626225,"386054140489998"
"MBB_BAU",2021,"HI",1.61132024126495,49.0642322366138,"386054140489998"
"MBB_BAU",2021,"SM",2.13277858928933,55.6699327976319,"386054140489998"
"MBB_BAU",2021,"YP",1.77733825700298,53.8632382514421,"386054140489998"
"MBB_BAU",2020,"BD",5.59036545196764,155.528872847825,"678976324126144"
"MBB_BAU",2020,"BK",0.577584504071946,12.5196715615719,"678976324126144"
"MBB_BAU",2020,"GA",1.43902049799098,43.25902705,"678976324126144"
"MBB_BAU",2020,"SM",5.42609675923195,147.691395126329,"678976324126144"
"MBB_BAU",2025,"BD",3.34608926705589,96.422594127056,"678976324126144"
"MBB_BAU",2025,"BK",0.299499322437663,6.540337089,"678976324126144"
"MBB_BAU",2025,"GA",0.859281623545623,25.9896077467581,"678976324126144"
"MBB_BAU",2025,"SM",3.01791758739559,85.0693922600666,"678976324126144"
"MBB_BAU",2030,"BD",1.68192092796916,49.7568947543265,"678976324126144"
"MBB_BAU",2030,"BK",0.128964925154958,2.8257864234188,"678976324126144"
"MBB_BAU",2030,"GA",0.475280342655831,14.4323918457006,"678976324126144"
"MBB_BAU",2030,"SM",1.36382087717455,39.5031348428767,"678976324126144"
"MBB_BAU",2045,"BD",2.5400261597195,80.3014322988485,"678976324126144"
"MBB_BAU",2045,"BK",0.146575640637409,3.19155910418143,"678976324126144"
"MBB_BAU",2045,"GA",0.674265771630695,20.6288046225594,"678976324126144"
"MBB_BAU",2045,"HH",0.117911056423037,2.51202704394818,"678976324126144"
"MBB_BAU",2045,"SM",2.29835065889712,67.8639508918495,"678976324126144"
"MBB_BAU",2020,"AB",19.3761903914813,494.057311406762,"657097147126144"
"MBB_BAU",2020,"RM",0.930240311787854,22.4042154624565,"657097147126144"
"MBB_BAU",2020,"RO",4.29409722595256,114.194623991,"657097147126144"
"MBB_BAU",2020,"SB",1.00538169053158,27.2528902644348,"657097147126144"
"MBB_BAU",2020,"SD",0.893763736276722,12.53967405,"657097147126144"
"MBB_BAU",2020,"WO",3.05389791296641,89.7840675355652,"657097147126144"
"MBB_BAU",2025,"AB",8.44578771911903,224.991121522263,"657097147126144"
"MBB_BAU",2025,"RM",0.418571000441366,10.785766841,"657097147126144"
"MBB_BAU",2025,"RO",1.88389618983025,53.9579614487558,"657097147126144"
"MBB_BAU",2025,"SB",0.672371195082405,17.4523504178862,"657097147126144"
"MBB_BAU",2025,"SD",0.360254430387031,5.56407768973349,"657097147126144"
"MBB_BAU",2025,"WO",1.38476772033487,42.3986245839658,"657097147126144"
"MBB_BAU",2019,"AB",13.6915929023536,391.029122847709,"657096862126144"
"MBB_BAU",2019,"BG",0.983461115626484,32.039290755,"657096862126144"
"MBB_BAU",2019,"HI",4.54384282537436,153.937908351538,"657096862126144"
"MBB_BAU",2019,"JU",0.615192656633291,14.4549632878615,"657096862126144"
"MBB_BAU",2019,"SM",0.965663064640024,26.674622900919,"657096862126144"
"MBB_BAU",2019,"WO",1.77153390563327,49.6237412021385,"657096862126144"
"MBB_BAU",2019,"YP",1.6853791486897,59.1610376631619,"657096862126144"
"MBB_BAU",2024,"AB",3.89149584448585,115.157663196996,"657096862126144"
"MBB_BAU",2024,"BG",0.426766192824606,12.3090182276851,"657096862126144"
"MBB_BAU",2024,"HI",1.27642509052292,44.1252764480444,"657096862126144"
"MBB_BAU",2024,"JU",0.124479192886186,3.0077966415,"657096862126144"
"MBB_BAU",2024,"SM",0.292749394632777,8.4543366734806,"657096862126144"
"MBB_BAU",2024,"WO",0.451009104166115,13.0854226176803,"657096862126144"
"MBB_BAU",2024,"YP",0.514574889197171,18.4245846576111,"657096862126144"
"MBB_BAU",2027,"AB",0.727534320522802,20.2345024041499,"749041030290487"
"MBB_BAU",2027,"AE",0.908863039770567,18.1844186866674,"749041030290487"
"MBB_BAU",2027,"BK",1.97668198657917,45.5040433869531,"749041030290487"
"MBB_BAU",2027,"CK",1.87486174607999,54.703227992,"749041030290487"
"MBB_BAU",2027,"GA",0.678952020964281,15.8176893242027,"749041030290487"
"MBB_BAU",2027,"SM",6.04896079833115,156.449589416187,"749041030290487"
"MBB_BAU",2015,"AS",1.39080387028701,42.8164025126557,"291609758489998"
"MBB_BAU",2015,"BC",0.793729256359982,16.1768739603278,"291609758489998"
"MBB_BAU",2015,"CK",0.52152858461243,11.5893803569364,"291609758489998"
"MBB_BAU",2015,"HB",0.764845602822137,18.4303681516722,"291609758489998"
"MBB_BAU",2015,"HL",0.987662223656091,31.066037793485,"291609758489998"
"MBB_BAU",2015,"RO",1.03884511738232,29.1344703089933,"291609758489998"
"MBB_BAU",2015,"SM",3.12777264231985,80.562440277918,"291609758489998"
"MBB_BAU",2015,"WN",0.910229454753148,24.546997312,"291609758489998"
"MBB_BAU",2030,"CK",1.05636530706609,26.7123275567532,"657097179126144"
"MBB_BAU",2030,"JU",0.475418875932594,9.49556980541546,"657097179126144"
"MBB_BAU",2030,"PS",1.44982162777303,38.2447987279496,"657097179126144"
"MBB_BAU",2030,"SM",18.2977037247828,503.647835259086,"657097179126144"
"MBB_BAU",2030,"SY",0.982552755227933,29.9381438344085,"657097179126144"
"MBB_BAU",2035,"CK",0.391325795326942,9.74266834484824,"657097179126144"
"MBB_BAU",2035,"JU",0.170255040230148,3.58879643837472,"657097179126144"
"MBB_BAU",2035,"PS",0.581119653750002,15.3809568133392,"657097179126144"
"MBB_BAU",2035,"SM",8.20636031501548,234.185904260619,"657097179126144"
"MBB_BAU",2035,"SY",0.374533751895873,12.0035381102218,"657097179126144"
"MBB_BAU",2040,"CK",0.130810385644061,3.26627875371998,"657097179126144"
"MBB_BAU",2040,"JU",0.120099637142884,2.50771130163332,"657097179126144"
"MBB_BAU",2040,"PS",0.207746404258117,5.50375336144924,"657097179126144"
"MBB_BAU",2040,"SM",3.275240653149,96.6256848739926,"657097179126144"
"MBB_BAU",2040,"SY",0.138966327355972,4.54803488473364,"657097179126144"
"MBB_BAU",2045,"CK",0.08328536881542,2.095256328,"657097179126144"
"MBB_BAU",2045,"JU",0.0795024491233655,1.73092428072819,"657097179126144"
"MBB_BAU",2045,"PS",0.141867711211536,3.763849509,"657097179126144"
"MBB_BAU",2045,"SM",2.38418421725861,72.5901469281258,"657097179126144"
"MBB_BAU",2045,"SY",0.0932419777291952,3.1565932757203,"657097179126144"
"MBB_BAU",2017,"AE",1.00780637374447,21.145739378607,"433077406489998"
"MBB_BAU",2017,"BE",0.707452078115192,11.6976429867975,"433077406489998"
"MBB_BAU",2017,"BK",0.604961939916417,6.84198597817961,"433077406489998"
"MBB_BAU",2017,"HB",8.46447718642873,187.61218022416,"433077406489998"
"MBB_BAU",2017,"HI",1.36795327211489,34.6430144044504,"433077406489998"
"MBB_BAU",2017,"HL",0.801680772575566,14.6970376469426,"433077406489998"
"MBB_BAU",2017,"QS",4.18860062628013,119.225966355,"433077406489998"
"MBB_BAU",2017,"RL",1.26685371849762,25.6448296441723,"433077406489998"
"MBB_BAU",2017,"SM",5.64448395369966,132.723241380843,"433077406489998"
"MBB_BAU",2017,"WN",1.60319807659701,45.4408359578162,"433077406489998"
"MBB_BAU",2022,"AE",0.439593179165619,9.81386582605885,"433077406489998"
"MBB_BAU",2022,"BE",0.282422567840418,4.94448998851688,"433077406489998"
"MBB_BAU",2022,"BK",0.252694701971287,2.92419343599392,"433077406489998"
"MBB_BAU",2022,"HB",3.30490547408764,73.8493358177505,"433077406489998"
"MBB_BAU",2022,"HI",0.552217127698877,14.5145640257899,"433077406489998"
"MBB_BAU",2022,"HL",0.392352730099306,7.84688535594665,"433077406489998"
"MBB_BAU",2022,"QS",1.88305059622927,53.73210120006,"433077406489998"
"MBB_BAU",2022,"RL",0.559286162620779,12.1449437070119,"433077406489998"
"MBB_BAU",2022,"SM",2.57636026066504,63.9047360151328,"433077406489998"
"MBB_BAU",2022,"WN",0.696906008439228,19.8731144758682,"433077406489998"
"MBB_BAU",2042,"AE",0.112329810474299,2.89443650815022,"433077406489998"
"MBB_BAU",2042,"BE",0.146931785485269,3.153839825,"433077406489998"
"MBB_BAU",2042,"BK",0.0297656214090423,0.365502129761369,"433077406489998"
"MBB_BAU",2042,"GA",0.626089477966589,13.5390363898548,"433077406489998"
"MBB_BAU",2042,"HB",0.926469881023467,21.5622939587351,"433077406489998"
"MBB_BAU",2042,"HI",0.180372918110114,5.18497958512559,"433077406489998"
"MBB_BAU",2042,"HL",0.106681028666738,2.5258027309,"433077406489998"
"MBB_BAU",2042,"JU",0.023960912196726,0.352581745685962,"433077406489998"
"MBB_BAU",2042,"QS",1.01524631200866,29.3625142957706,"433077406489998"
"MBB_BAU",2042,"RL",0.155373496576992,4.05456673760528,"433077406489998"
"MBB_BAU",2042,"SM",1.78442431152269,50.6068167652404,"433077406489998"
"MBB_BAU",2042,"WN",0.298176302945096,8.62766487022807,"433077406489998"
"MBB_BAU",2025,"AB",1.81372273883447,65.0429752391659,"657097053126144"
"MBB_BAU",2025,"HI",2.90658942658363,79.3795286083943,"657097053126144"
"MBB_BAU",2025,"RM",1.64691793308669,49.7467875481371,"657097053126144"
"MBB_BAU",2025,"SM",7.91916601943826,222.459245781846,"657097053126144"
"MBB_BAU",2025,"YP",5.16955597662181,146.040386701388,"657097053126144"
"MBB_BAU",2030,"AB",0.390481193381848,14.2303556053897,"657097053126144"
"MBB_BAU",2030,"HI",0.603707611077092,16.9171563139794,"657097053126144"
"MBB_BAU",2030,"RM",0.371312880841226,11.5096577438341,"657097053126144"
"MBB_BAU",2030,"SM",1.85758068599504,52.3738854945586,"657097053126144"
"MBB_BAU",2030,"YP",1.05499345779323,30.0792063536784,"657097053126144"
"MBB_BAU",2020,"HI",0.99025525272077,22.0196263639037,"651720233126144"
"MBB_BAU",2020,"PO",0.313158911060691,6.56725639996855,"651720233126144"
"MBB_BAU",2020,"RM",3.38975451901726,113.842087094794,"651720233126144"
"MBB_BAU",2020,"SM",1.7480192047509,44.0392537211741,"651720233126144"
"MBB_BAU",2019,"SB",4.87462289612575,121.70058537184,"535844308126144"
"MBB_BAU",2019,"SM",11.3745580472757,306.967095611468,"535844308126144"
"MBB_BAU",2019,"WA",14.5162386260039,549.161291607134,"535844308126144"
"MBB_BAU",2034,"HI",0.577788306887077,13.8478482,"535844308126144"
"MBB_BAU",2034,"SB",3.62006382414866,92.673013799957,"535844308126144"
"MBB_BAU",2034,"SM",9.46349435238344,275.745128332225,"535844308126144"
"MBB_BAU",2034,"WA",10.3636147989754,393.922084016484,"535844308126144"
"MBB_BAU",2022,"GA",4.07453775265283,103.062897449787,"433077630489998"
"MBB_BAU",2022,"HB",4.0555030371435,84.6739029409664,"433077630489998"
"MBB_BAU",2022,"SM",16.8508414974972,465.950787012342,"433077630489998"
"MBB_BAU",2032,"GA",3.67424023625958,92.9200168307314,"433077630489998"
"MBB_BAU",2032,"HB",3.00123637377633,63.7444043892665,"433077630489998"
"MBB_BAU",2032,"SM",15.2812314131343,435.468188240354,"433077630489998"
"MBB_BAU",2017,"BD",2.05540152485241,70.7169532,"387485143489998"
"MBB_BAU",2017,"BG",1.67490712630864,40.4854583412065,"387485143489998"
"MBB_BAU",2017,"BU",4.81740745685123,143.025033780775,"387485143489998"
"MBB_BAU",2017,"HI",3.08956247447233,115.799010865,"387485143489998"
"MBB_BAU",2017,"SM",12.5736646819653,382.578723706903,"387485143489998"
"MBB_BAU",2017,"YP",1.86303084519687,60.4629310783375,"387485143489998"
"MBB_BAU",2022,"BD",1.06977879504849,37.257567424,"387485143489998"
"MBB_BAU",2022,"BG",0.902709933796588,22.5735191112837,"387485143489998"
"MBB_BAU",2022,"BU",2.46947612668761,75.3444641596095,"387485143489998"
"MBB_BAU",2022,"HI",1.58325394975775,59.3906647802018,"387485143489998"
"MBB_BAU",2022,"SM",8.33471118740019,251.312238932814,"387485143489998"
"MBB_BAU",2022,"YP",0.983396115418057,32.8300121231366,"387485143489998"
"MBB_BAU",2014,"BC",8.34251893767411,192.569298210678,"221697964020004"
"MBB_BAU",2014,"BK",2.48575474007,45.7087523909423,"221697964020004"
"MBB_BAU",2014,"RM",10.5928211875095,240.817419328406,"221697964020004"
"MBB_BAU",2014,"SM",10.5433070396372,245.896181371594,"221697964020004"
"MBB_BAU",2014,"WA",11.325146703958,274.040918485708,"221697964020004"
"MBB_BAU",2019,"BC",4.97138673283257,124.996812359521,"221697964020004"
"MBB_BAU",2019,"BK",1.44685902834228,26.8616235641668,"221697964020004"
"MBB_BAU",2019,"RM",6.64050301580128,159.243846846485,"221697964020004"
"MBB_BAU",2019,"SM",6.38248344725978,157.721548991784,"221697964020004"
"MBB_BAU",2019,"WA",7.31298536006089,187.09426208102,"221697964020004"
"MBB_BAU",2024,"BC",0.919308936430876,24.8477198013418,"221697964020004"
"MBB_BAU",2024,"BK",0.21171892989774,3.99925410195224,"221697964020004"
"MBB_BAU",2024,"RM",1.26303886130925,31.3965052122091,"221697964020004"
"MBB_BAU",2024,"SM",1.0775911476711,27.9206533155334,"221697964020004"
"MBB_BAU",2024,"WA",1.22565960813915,32.7513345690823,"221697964020004"
"MBB_BAU",2020,"AB",7.14930944588621,178.709005629106,"678976594126144"
"MBB_BAU",2020,"BU",1.68431982655045,52.5783709202748,"678976594126144"
"MBB_BAU",2020,"HM",1.15465628911217,19.15423394,"678976594126144"
"MBB_BAU",2020,"SM",0.451781138822636,7.75746510963045,"678976594126144"
"MBB_BAU",2020,"WO",1.63563669464044,36.5845866338577,"678976594126144"
"MBB_BAU",2025,"AB",1.51328956474978,39.5146650493913,"678976594126144"
"MBB_BAU",2025,"BU",0.335905684011889,10.6132176240524,"678976594126144"
"MBB_BAU",2025,"HM",0.377635448853488,6.95339587654071,"678976594126144"
"MBB_BAU",2025,"SM",0.0935163762195193,1.79432147978786,"678976594126144"
"MBB_BAU",2025,"WO",0.338465096889968,7.97583259444003,"678976594126144"
"MBB_BAU",2040,"AB",7.05574637948358,202.566658832371,"678976594126144"
"MBB_BAU",2040,"BU",1.29658045128826,42.5661943527843,"678976594126144"
"MBB_BAU",2040,"HM",7.97605490298798,174.203137997148,"678976594126144"
"MBB_BAU",2040,"SM",0.810613910586425,19.8234112553033,"678976594126144"
"MBB_BAU",2040,"WO",1.22831969690101,31.9943905837139,"678976594126144"
"MBB_BAU",2045,"AB",3.70170348352544,108.437254219683,"678976594126144"
"MBB_BAU",2045,"BU",0.663495079249996,21.998638877635,"678976594126144"
"MBB_BAU",2045,"HM",4.72678854492972,110.110825291431,"678976594126144"
"MBB_BAU",2045,"SM",0.439686967427072,11.1401952193265,"678976594126144"
"MBB_BAU",2045,"WO",0.592927455685115,15.792659892,"678976594126144"
"MBB_BAU",2019,"AB",9.49903376269395,254.730925051235,"495155336126144"
"MBB_BAU",2019,"HI",1.76262886132897,55.0314914647512,"495155336126144"
"MBB_BAU",2019,"SM",2.85168949743567,78.10146305,"495155336126144"
"MBB_BAU",2019,"SO",2.05314571988651,62.8416377697512,"495155336126144"
"MBB_BAU",2019,"WO",0.554688087218327,13.5776392013122,"495155336126144"
"MBB_BAU",2024,"AB",4.51464074050579,124.519619298595,"495155336126144"
"MBB_BAU",2024,"HI",0.817449622206939,25.8291376234488,"495155336126144"
"MBB_BAU",2024,"SM",1.32300741705098,37.4140813208544,"495155336126144"
"MBB_BAU",2024,"SO",0.938379357925853,29.5618054681509,"495155336126144"
"MBB_BAU",2024,"WO",0.238857153082753,6.08205659961958,"495155336126144"
"MBB_BAU",2029,"AB",0.892702672749681,25.2008831381804,"495155336126144"
"MBB_BAU",2029,"BO",0.0315485063659955,0.725271573550094,"495155336126144"
"MBB_BAU",2029,"HI",0.14126256336233,4.5024609575,"495155336126144"
"MBB_BAU",2029,"SD",0.0762719514722235,1.49080664969599,"495155336126144"
"MBB_BAU",2029,"SM",0.307539427457447,8.52755539520304,"495155336126144"
"MBB_BAU",2029,"SO",0.163525439025782,5.273002384,"495155336126144"
"MBB_BAU",2029,"WO",0.0390659545120136,1.02388556941958,"495155336126144"
"MBB_BAU",2016,"AB",8.39686660137115,240.103738002183,"335231305489998"
"MBB_BAU",2016,"CT",5.24033565370536,130.839053213895,"335231305489998"
"MBB_BAU",2016,"HM",1.80978639290848,28.1461330382638,"335231305489998"
"MBB_BAU",2016,"RO",6.11588826964158,214.638205457217,"335231305489998"
"MBB_BAU",2016,"SB",1.38109789321765,36.9537642452377,"335231305489998"
"MBB_BAU",2016,"SM",12.1301649866619,357.283561763114,"335231305489998"
"MBB_BAU",2021,"AB",5.03426420158457,149.043008092808,"335231305489998"
"MBB_BAU",2021,"CT",3.22764607329086,82.7174909249267,"335231305489998"
"MBB_BAU",2021,"HM",1.10458544042337,19.3381051538653,"335231305489998"
"MBB_BAU",2021,"RO",3.87592418930937,136.203168967646,"335231305489998"
"MBB_BAU",2021,"SB",0.780356433641038,21.192834195,"335231305489998"
"MBB_BAU",2021,"SM",7.23791589424457,217.639820771011,"335231305489998"
"MBB_BAU",2031,"AB",2.21777859934496,69.3732687083034,"335231305489998"
"MBB_BAU",2031,"CT",1.37629244172985,36.8017333389818,"335231305489998"
"MBB_BAU",2031,"HM",0.546327925741204,11.3858989168803,"335231305489998"
"MBB_BAU",2031,"RO",2.14883993440821,70.8881478163193,"335231305489998"
"MBB_BAU",2031,"SB",0.322921094496816,8.76144402848187,"335231305489998"
"MBB_BAU",2031,"SM",3.23233171172894,101.130495153587,"335231305489998"
"MBB_BAU",2036,"AB",0.714753397095382,22.8419302466665,"335231305489998"
"MBB_BAU",2036,"CT",0.440218913982642,11.9256279612715,"335231305489998"
"MBB_BAU",2036,"HM",0.183025122616304,4.15875215600105,"335231305489998"
"MBB_BAU",2036,"RO",0.697433600313826,23.1380092332045,"335231305489998"
"MBB_BAU",2036,"SB",0.102578433248188,2.81203708885579,"335231305489998"
"MBB_BAU",2036,"SM",1.03724083598605,33.0376423701116,"335231305489998"
"MBB_BAU",2041,"AB",0.787958562093003,25.743643056567,"335231305489998"
"MBB_BAU",2041,"CT",0.479179929567487,13.1266945056856,"335231305489998"
"MBB_BAU",2041,"HM",0.431187412765606,10.1457575112964,"335231305489998"
"MBB_BAU",2041,"RO",0.78021959912374,26.0068332222876,"335231305489998"
"MBB_BAU",2041,"SB",0.119971601424088,3.33445986469319,"335231305489998"
"MBB_BAU",2041,"SM",1.11999588224755,36.1734236600793,"335231305489998"
"MBB_BAU",2013,"AB",0.834251881029111,21.6776037,"198434273020004"
"MBB_BAU",2013,"BB",16.64436693095,479.942151337401,"198434273020004"
"MBB_BAU",2013,"BD",10.7817802009691,358.764232002002,"198434273020004"
"MBB_BAU",2013,"SB",10.556550296784,345.324225423568,"198434273020004"
"MBB_BAU",2028,"AB",0.465588575828135,13.584491349053,"198434273020004"
"MBB_BAU",2028,"BB",8.32156436537857,245.022084097842,"198434273020004"
"MBB_BAU",2028,"BD",5.7924184029831,198.518563724471,"198434273020004"
"MBB_BAU",2028,"SB",5.22520162337735,170.486828186941,"198434273020004"
"MBB_BAU",2038,"AB",0.293426458431456,9.17454031629889,"198434273020004"
"MBB_BAU",2038,"BB",4.30412047473934,127.336636313882,"198434273020004"
"MBB_BAU",2038,"BD",3.04388493044275,105.684012713183,"198434273020004"
"MBB_BAU",2038,"SB",2.63320275265078,86.5365237715206,"198434273020004"
"MBB_BAU",2015,"CO",2.17415105863988,51.0733047067327,"221697574020004"
"MBB_BAU",2015,"HM",22.2144941262767,570.597672532151,"221697574020004"
"MBB_BAU",2015,"RM",1.25866491948759,28.4670910571187,"221697574020004"
"MBB_BAU",2015,"RO",2.99613654507863,86.0292123462476,"221697574020004"
"MBB_BAU",2015,"SB",7.8206185289068,195.292593006446,"221697574020004"
"MBB_BAU",2015,"WO",1.78382216480668,44.3751687865346,"221697574020004"
"MBB_BAU",2015,"WP",3.86515715749815,119.31059082,"221697574020004"
"MBB_BAU",2020,"CO",1.10451245631791,27.0383814223276,"221697574020004"
"MBB_BAU",2020,"HM",11.4846455870127,309.437008916171,"221697574020004"
"MBB_BAU",2020,"RM",0.666599659153439,15.927050575,"221697574020004"
"MBB_BAU",2020,"RO",1.76460507606023,52.3430626943281,"221697574020004"
"MBB_BAU",2020,"SB",3.9594919163773,100.425630178576,"221697574020004"
"MBB_BAU",2020,"WO",0.98481188400364,25.3510053342256,"221697574020004"
"MBB_BAU",2020,"WP",2.17975420923656,70.3209544570064,"221697574020004"
"MBB_BAU",2025,"CO",0.197165182597028,4.9854813823046,"221697574020004"
"MBB_BAU",2025,"HM",1.99744592971327,56.1966981422288,"221697574020004"
"MBB_BAU",2025,"RM",0.264309107632733,6.18574117940533,"221697574020004"
"MBB_BAU",2025,"RO",0.35076830012294,10.6933573538384,"221697574020004"
"MBB_BAU",2025,"SB",0.697850617226103,17.9872033963269,"221697574020004"
"MBB_BAU",2025,"WO",0.183044134660391,4.85139488811492,"221697574020004"
"MBB_BAU",2025,"WP",0.393931518976545,13.1734031475234,"221697574020004"
"MBB_BAU",2017,"BU",0.647537619375712,16.8888084402271,"433077373489998"
"MBB_BAU",2017,"HI",1.49529910761087,49.7535100359808,"433077373489998"
"MBB_BAU",2017,"RO",1.59257918490312,43.933724065,"433077373489998"
"MBB_BAU",2017,"SM",10.5371131646093,286.653278595299,"433077373489998"
"MBB_BAU",2017,"WO",2.93078646701215,97.4529896377035,"433077373489998"
"MBB_BAU",2022,"BU",0.160077319586076,4.339580779,"433077373489998"
"MBB_BAU",2022,"HI",0.345874187142066,11.5746910895336,"433077373489998"
"MBB_BAU",2022,"RO",0.380066856435569,10.7514605382277,"433077373489998"
"MBB_BAU",2022,"SM",2.32730684717356,64.9939231047755,"433077373489998"
"MBB_BAU",2022,"WO",0.658027600548688,21.9009936494964,"433077373489998"
"MBB_BAU",2020,"AB",5.30247582880349,164.340615617941,"678977041126144"
"MBB_BAU",2020,"BU",1.10364539014766,25.8072555,"678977041126144"
"MBB_BAU",2020,"HI",1.24147447816176,36.7495301803356,"678977041126144"
"MBB_BAU",2020,"RO",7.34693916680482,256.00797456,"678977041126144"
"MBB_BAU",2020,"SM",10.1736722592957,277.686073102703,"678977041126144"
"MBB_BAU",2020,"SS",1.56791757096601,40.8786910603356,"678977041126144"
"MBB_BAU",2020,"WA",0.912103698241291,16.51664352,"678977041126144"
"MBB_BAU",2020,"YP",7.86447298154779,275.002106349678,"678977041126144"
"MBB_BAU",2030,"AB",2.95567609088342,96.5366929296805,"678977041126144"
"MBB_BAU",2030,"BU",0.645835443661057,16.72830819,"678977041126144"
"MBB_BAU",2030,"HI",0.701931598706239,21.6754301241713,"678977041126144"
"MBB_BAU",2030,"RO",4.38586625653195,157.565426683767,"678977041126144"
"MBB_BAU",2030,"SM",6.39049115630236,183.058389510656,"678977041126144"
"MBB_BAU",2030,"SS",1.00640177742256,25.8183274292244,"678977041126144"
"MBB_BAU",2030,"WA",0.535575030770569,10.7113264039263,"678977041126144"
"MBB_BAU",2030,"YP",4.63029486371621,163.967360508139,"678977041126144"
"MBB_BAU",2040,"AB",1.50025379844582,51.1983097662952,"678977041126144"
"MBB_BAU",2040,"BU",0.74587295506702,18.2443336245,"678977041126144"
"MBB_BAU",2040,"HI",0.353352278408767,11.1039624720615,"678977041126144"
"MBB_BAU",2040,"RO",2.14596404947969,78.6770837970103,"678977041126144"
"MBB_BAU",2040,"SM",3.11045981644243,93.9343074380267,"678977041126144"
"MBB_BAU",2040,"SS",0.454962480760352,11.749244819078,"678977041126144"
"MBB_BAU",2040,"WA",0.282396726561123,6.24233354603393,"678977041126144"
"MBB_BAU",2040,"YP",2.18643015897277,78.0317452784452,"678977041126144"
"MBB_BAU",2045,"AB",0.723365821673253,25.1593298732719,"678977041126144"
"MBB_BAU",2045,"BU",0.403669684699724,10.3340640177855,"678977041126144"
"MBB_BAU",2045,"CT",0.162333842123287,4.21009064,"678977041126144"
"MBB_BAU",2045,"HI",0.181728582263507,5.81158171619592,"678977041126144"
"MBB_BAU",2045,"RO",1.05917231356806,39.1536198367841,"678977041126144"
"MBB_BAU",2045,"SM",1.54410928360191,47.7909169373553,"678977041126144"
"MBB_BAU",2045,"SS",0.222008692707322,5.7340326875,"678977041126144"
"MBB_BAU",2045,"WA",0.148990650353207,3.35763838216395,"678977041126144"
"MBB_BAU",2045,"YP",1.05044208637109,37.6584805384703,"678977041126144"
"MBB_BAU",2017,"BD",0.0198417653616299,0.398670678737836,"386054080489998"
"MBB_BAU",2017,"BK",0.0185812372285773,0.487264103839477,"386054080489998"
"MBB_BAU",2017,"CK",0.00832053610111859,0.171409122601408,"386054080489998"
"MBB_BAU",2017,"CO",0.0273419074959352,0.61245056629893,"386054080489998"
"MBB_BAU",2017,"RO",0.0403537123093578,1.05541799803244,"386054080489998"
"MBB_BAU",2017,"SM",0.0813040735652595,2.14742889475463,"386054080489998"
"MBB_BAU",2017,"WA",0.0151259643793155,0.165627200918411,"386054080489998"
"MBB_BAU",2017,"YP",0.0438180629954707,1.34238383704866,"386054080489998"
"MBB_BAU",2020,"BG",2.0668990855714,64.9538778714167,"657096828126144"
"MBB_BAU",2020,"HI",4.768484461749,157.382837256066,"657096828126144"
"MBB_BAU",2020,"OH",1.03360336039954,27.1932754747058,"657096828126144"
"MBB_BAU",2020,"SM",7.8241832125772,236.708231258825,"657096828126144"
"MBB_BAU",2020,"YP",1.42399023562705,36.0698371075912,"657096828126144"
"MBB_BAU",2025,"BG",0.995170763427503,31.5522481844833,"657096828126144"
"MBB_BAU",2025,"HI",2.32774786209329,78.317435648308,"657096828126144"
"MBB_BAU",2025,"OH",2.0430215858308,57.8897536013873,"657096828126144"
"MBB_BAU",2025,"SM",3.8627039846778,119.998677542593,"657096828126144"
"MBB_BAU",2025,"YP",0.746631743435443,20.2685256850061,"657096828126144"
"MBB_BAU",2030,"BG",0.552159410238598,17.5601593215668,"657096828126144"
"MBB_BAU",2030,"HI",1.27113461301945,43.4387311074877,"657096828126144"
"MBB_BAU",2030,"OH",2.141323811527,60.8660470887251,"657096828126144"
"MBB_BAU",2030,"SM",2.36002755270526,74.8933668378037,"657096828126144"
"MBB_BAU",2030,"YP",0.445854407569299,12.7492038455707,"657096828126144"
"MBB_BAU",2022,"HI",0.538649111092321,15.8773907901073,"386054036489998"
"MBB_BAU",2022,"SM",7.16783940388241,200.426053032542,"386054036489998"
"MBB_BAU",2022,"WA",1.78785473677064,53.3031016399206,"386054036489998"
"MBB_BAU",2022,"WO",2.78166544200854,74.4203012418574,"386054036489998"
"MBB_BAU",2020,"BD",9.59617604934598,295.367071802481,"678977049126144"
"MBB_BAU",2020,"MG",0.548310726887652,12.23333649,"678977049126144"
"MBB_BAU",2020,"SM",7.15717452535216,198.315963560774,"678977049126144"
"MBB_BAU",2025,"BD",4.99762684764018,155.187356746526,"678977049126144"
"MBB_BAU",2025,"MG",0.255153820241196,5.966903925,"678977049126144"
"MBB_BAU",2025,"SM",3.83281306111194,107.258580556668,"678977049126144"
"MBB_BAU",2030,"BD",0.725406611476919,21.8602652473845,"678977049126144"
"MBB_BAU",2030,"MG",0.026558577383221,0.645108223,"678977049126144"
"MBB_BAU",2030,"SM",0.421237749233408,12.0190832792217,"678977049126144"
"MBB_BAU",2035,"BD",1.54779057531805,45.9596745558537,"678977049126144"
"MBB_BAU",2035,"MG",0.0444710242392165,1.11499553231555,"678977049126144"
"MBB_BAU",2035,"SM",0.833710024386181,23.7723660709975,"678977049126144"
"MBB_BAU",2040,"BD",0.827607815963194,24.3349179951407,"678977049126144"
"MBB_BAU",2040,"MG",0.0197292817248724,0.509180268669264,"678977049126144"
"MBB_BAU",2040,"SM",0.403098015095889,11.692377917107,"678977049126144"
"MBB_BAU",2045,"BD",0.114730922487786,3.42805799040583,"678977049126144"
"MBB_BAU",2045,"MG",0.00241917745271114,0.0645572639608328,"678977049126144"
"MBB_BAU",2045,"RM",0.00338153334979993,0.0651515952107422,"678977049126144"
"MBB_BAU",2045,"SM",0.0522437766442902,1.5404425722204,"678977049126144"
"MBB_BAU",2019,"AB",4.06602147990395,105.913998326584,"495155023126144"
"MBB_BAU",2019,"BC",7.61162814473113,211.04691389077,"495155023126144"
"MBB_BAU",2019,"HI",7.61228921511569,247.757529253135,"495155023126144"
"MBB_BAU",2019,"RM",1.62259164866126,40.61598684,"495155023126144"
"MBB_BAU",2019,"SD",0.957332525302886,22.1825771155693,"495155023126144"
"MBB_BAU",2019,"SM",5.24078999054514,135.594905725429,"495155023126144"
"MBB_BAU",2024,"AB",2.28789704744021,62.3169859483677,"495155023126144"
"MBB_BAU",2024,"BC",4.57334154654145,133.812623835823,"495155023126144"
"MBB_BAU",2024,"HI",4.13513107036197,135.703917693915,"495155023126144"
"MBB_BAU",2024,"RM",1.2279209003317,30.950730625921,"495155023126144"
"MBB_BAU",2024,"SD",0.494357484823347,11.4832436080919,"495155023126144"
"MBB_BAU",2024,"SM",2.73293486333824,73.5169114430493,"495155023126144"
"MBB_BAU",2029,"AB",0.532675588856463,14.8895199709102,"495155023126144"
"MBB_BAU",2029,"BC",1.16885820645417,35.9919755385591,"495155023126144"
"MBB_BAU",2029,"HI",0.891000711362418,29.4500114944206,"495155023126144"
"MBB_BAU",2029,"RL",0.0890320202590265,2.20987521046462,"495155023126144"
"MBB_BAU",2029,"RM",0.357121310734235,8.88028593899126,"495155023126144"
"MBB_BAU",2029,"SD",0.104565947818345,2.4404736675,"495155023126144"
"MBB_BAU",2029,"SM",0.583285537785995,16.235261548988,"495155023126144"
"MBB_BAU",2018,"BC",3.21740212433478,102.306407745971,"503670512126144"
"MBB_BAU",2018,"GA",4.53107626647407,127.411124023159,"503670512126144"
"MBB_BAU",2018,"MB",0.556256619088721,11.15490481,"503670512126144"
"MBB_BAU",2018,"SM",6.73786755063179,181.984308488606,"503670512126144"
"MBB_BAU",2018,"YP",9.09838097679402,253.056980822436,"503670512126144"
"MBB_BAU",2023,"AB",0.244945999765833,5.06967007930905,"503670512126144"
"MBB_BAU",2023,"BC",1.09232646118837,35.9407495732146,"503670512126144"
"MBB_BAU",2023,"GA",1.6023349592133,45.0583691500503,"503670512126144"
"MBB_BAU",2023,"MB",0.182264715669642,3.68096504454277,"503670512126144"
"MBB_BAU",2023,"SM",2.36911084216554,66.0501732405294,"503670512126144"
"MBB_BAU",2023,"YP",3.73757029953206,105.873692792287,"503670512126144"
"MBB_BAU",2021,"BD",2.48555660588723,67.3569855025207,"386053932489998"
"MBB_BAU",2021,"CT",0.812668222425074,19.698766205269,"386053932489998"
"MBB_BAU",2021,"SM",8.73589881420563,335.404559291358,"386053932489998"
"MBB_BAU",2021,"SO",3.40973416926154,119.536818312988,"386053932489998"
"MBB_BAU",2021,"YP",7.50561568641922,259.941060965298,"386053932489998"
"MBB_BAU",2031,"BD",0.547136702582689,15.6242419611631,"386053932489998"
"MBB_BAU",2031,"CT",0.128025399388037,3.34260779717902,"386053932489998"
"MBB_BAU",2031,"SM",1.36607465089328,52.6001416121651,"386053932489998"
"MBB_BAU",2031,"SO",0.490373189547506,17.2348931713689,"386053932489998"
"MBB_BAU",2031,"YP",1.34943991683842,45.4112684101289,"386053932489998"
"MBB_BAU",2018,"BD",4.15270945534762,151.863069485219,"503670839126144"
"MBB_BAU",2018,"OH",2.69565595357874,109.792895216474,"503670839126144"
"MBB_BAU",2018,"RM",7.19422578408802,217.245627179067,"503670839126144"
"MBB_BAU",2018,"SM",12.4798612468333,370.764787264996,"503670839126144"
"MBB_BAU",2018,"YP",5.82970578196094,220.098846842491,"503670839126144"
"MBB_BAU",2023,"BD",2.56600239869696,94.1992312712141,"503670839126144"
"MBB_BAU",2023,"OH",1.53900669610265,62.798375472,"503670839126144"
"MBB_BAU",2023,"RM",4.37679148528291,135.086017816349,"503670839126144"
"MBB_BAU",2023,"SM",8.57177727885317,255.534506820079,"503670839126144"
"MBB_BAU",2023,"YP",3.75628964727222,142.034072295418,"503670839126144"
"MBB_BAU",2028,"BD",1.23113573124487,45.3334651359508,"503670839126144"
"MBB_BAU",2028,"OH",0.69485174842879,28.3591470981655,"503670839126144"
"MBB_BAU",2028,"RM",2.08360982253306,65.6296424400636,"503670839126144"
"MBB_BAU",2028,"SM",4.41258325238744,134.945451271623,"503670839126144"
"MBB_BAU",2028,"YP",1.94275622593351,73.5517194422887,"503670839126144"
"MBB_BAU",2033,"BD",0.405159732249494,14.9552898863559,"503670839126144"
"MBB_BAU",2033,"OH",0.220245551461327,9.00125744,"503670839126144"
"MBB_BAU",2033,"RM",0.686249508435289,22.0052108674735,"503670839126144"
"MBB_BAU",2033,"SM",1.58377647458737,49.3594792527628,"503670839126144"
"MBB_BAU",2033,"YP",0.673668277598627,25.5487867658279,"503670839126144"
"MBB_BAU",2043,"BD",1.8325963607955,67.9701088084108,"503670839126144"
"MBB_BAU",2043,"OH",0.908680318947065,37.2096701323125,"503670839126144"
"MBB_BAU",2043,"RM",3.26773806464052,108.412341726347,"503670839126144"
"MBB_BAU",2043,"SM",15.2340893235493,400.980696466824,"503670839126144"
"MBB_BAU",2043,"YP",3.59209735233092,136.54110426,"503670839126144"
"MBB_BAU",2018,"BK",2.23933924112766,55.5634438652833,"480976106489998"
"MBB_BAU",2018,"GA",2.96928215357866,77.0571341881549,"480976106489998"
"MBB_BAU",2018,"SM",22.642943232377,675.450347160777,"480976106489998"
"MBB_BAU",2018,"YP",8.7579420581813,383.456395261315,"480976106489998"
"MBB_BAU",2038,"BK",1.32699577326971,33.3636373864359,"480976106489998"
"MBB_BAU",2038,"GA",3.74754111216209,99.9452079073634,"480976106489998"
"MBB_BAU",2038,"SM",23.0260780664849,730.168129270323,"480976106489998"
"MBB_BAU",2038,"YP",7.29262218150103,320.60752479,"480976106489998"
"MBB_BAU",2015,"AB",9.29193851556769,201.19471851332,"221697753020004"
"MBB_BAU",2015,"BU",2.1990350695628,61.5848946603776,"221697753020004"
"MBB_BAU",2015,"HM",1.38741100538795,22.3114764812841,"221697753020004"
"MBB_BAU",2015,"SM",0.6154964030377,9.785735625,"221697753020004"
"MBB_BAU",2015,"WO",2.00226692221165,45.4058122561882,"221697753020004"
"MBB_BAU",2020,"AB",0.573637434204118,13.2383755485429,"221697753020004"
"MBB_BAU",2020,"BU",0.133192893205593,3.82536085344703,"221697753020004"
"MBB_BAU",2020,"HM",0.0905391065918381,1.65802489672022,"221697753020004"
"MBB_BAU",2020,"SM",0.0409344039041148,0.740869936838114,"221697753020004"
"MBB_BAU",2020,"WO",0.124610320120829,2.98057348911718,"221697753020004"
"MBB_BAU",2026,"HI",1.19686235622488,30.2347867211331,"749041327290487"
"MBB_BAU",2026,"RM",0.653298369132002,15.9569048709336,"749041327290487"
"MBB_BAU",2026,"SM",14.6227108692754,383.904929296124,"749041327290487"
"MBB_BAU",2026,"WE",0.648502415966945,14.44434019,"749041327290487"
"MBB_BAU",2026,"WO",6.69682834448583,183.725335005398,"749041327290487"
"MBB_BAU",2031,"HI",0.400791163678931,10.2142155743344,"749041327290487"
"MBB_BAU",2031,"RM",0.233760375592935,6.0585707375,"749041327290487"
"MBB_BAU",2031,"SM",4.98621579124338,135.157888111114,"749041327290487"
"MBB_BAU",2031,"WE",0.206364017275376,4.8482728,"749041327290487"
"MBB_BAU",2031,"WO",2.28543215241188,63.7031975296953,"749041327290487"
"MBB_BAU",2036,"HI",0.172663792489585,4.55261707400138,"749041327290487"
"MBB_BAU",2036,"RM",0.124814142827834,3.39103403165643,"749041327290487"
"MBB_BAU",2036,"SM",2.53738107020089,69.3818995280003,"749041327290487"
"MBB_BAU",2036,"WE",0.083353675781557,2.039108995,"749041327290487"
"MBB_BAU",2036,"WO",1.05096420807834,29.6346625673648,"749041327290487"
"MBB_BAU",2041,"HI",0.0836599111365945,2.26582656582538,"749041327290487"
"MBB_BAU",2041,"RM",0.0666831690126531,1.8425295519355,"749041327290487"
"MBB_BAU",2041,"SM",1.29383575466981,36.2015170992623,"749041327290487"
"MBB_BAU",2041,"WE",0.0386702420342688,0.985345347200804,"749041327290487"
"MBB_BAU",2041,"WO",0.54247999882916,15.4642493884954,"749041327290487"
"MBB_BAU",2046,"BG",0.0147382094296389,0.344086066760734,"749041327290487"
"MBB_BAU",2046,"HI",0.0135944651707464,0.374909599572503,"749041327290487"
"MBB_BAU",2046,"RM",0.0114387258036599,0.327641940056933,"749041327290487"
"MBB_BAU",2046,"SM",0.237932238873372,6.84370508807495,"749041327290487"
"MBB_BAU",2046,"WE",0.00649845117494982,0.1715159418,"749041327290487"
"MBB_BAU",2046,"WO",0.0948268410932173,2.71749783114079,"749041327290487"
"MBB_BAU",2026,"BC",2.29207045363358,68.9447334140284,"386054098489998"
"MBB_BAU",2026,"BE",0.616371313978677,11.0935878577372,"386054098489998"
"MBB_BAU",2026,"SM",13.8435360534991,407.726424829725,"386054098489998"
"MBB_BAU",2026,"WA",4.10742705026162,130.54339098519,"386054098489998"
"MBB_BAU",2026,"WN",0.98543567126878,20.041508803746,"386054098489998"
"MBB_BAU",2031,"BC",0.781591545893087,24.579254168,"386054098489998"
"MBB_BAU",2031,"BE",0.228383395975012,4.39684134046969,"386054098489998"
"MBB_BAU",2031,"SM",5.38722258710785,161.32292075174,"386054098489998"
"MBB_BAU",2031,"SS",0.221810458679651,2.71072813440746,"386054098489998"
"MBB_BAU",2031,"WA",1.46632178889782,47.1795025405091,"386054098489998"
"MBB_BAU",2031,"WN",0.335622096259978,7.00378988531034,"386054098489998"
"MBB_BAU",2036,"BC",0.0806492881167751,2.6317255523,"386054098489998"
"MBB_BAU",2036,"BE",0.0277475535766214,0.575972605197713,"386054098489998"
"MBB_BAU",2036,"SM",0.617438908865784,18.8055929189071,"386054098489998"
"MBB_BAU",2036,"SS",0.0244514338746502,0.330978112979798,"386054098489998"
"MBB_BAU",2036,"WA",0.163267233560586,5.30389207981177,"386054098489998"
"MBB_BAU",2036,"WN",0.0336578623474146,0.720021670868737,"386054098489998"
"MBB_BAU",2017,"AB",6.33694278502001,178.317173096358,"386054058489998"
"MBB_BAU",2017,"BG",0.30885028708377,6.04854304946384,"386054058489998"
"MBB_BAU",2017,"CT",0.611060850756942,12.0205215977223,"386054058489998"
"MBB_BAU",2017,"HI",0.830212596439778,27.2567241471425,"386054058489998"
"MBB_BAU",2017,"YP",1.0293616689865,26.9504712567852,"386054058489998"
"MBB_BAU",2017,"AB",1.23937270798597,30.8434198555243,"386054067489998"
"MBB_BAU",2017,"CO",1.88423423519651,49.0496128278565,"386054067489998"
"MBB_BAU",2017,"CT",4.26847035492315,156.144836539379,"386054067489998"
"MBB_BAU",2017,"HI",2.2571324142592,65.7564693281417,"386054067489998"
"MBB_BAU",2017,"RM",6.02233007347359,158.9293023202,"386054067489998"
"MBB_BAU",2017,"SM",24.7395550907226,841.125850882236,"386054067489998"
"MBB_BAU",2017,"WO",2.55888580216536,74.5382696664765,"386054067489998"
"MBB_BAU",2017,"YP",23.4429326060744,860.616873353045,"386054067489998"
"MBB_BAU",2022,"AB",0.794756087558952,20.96030466,"386054067489998"
"MBB_BAU",2022,"CO",1.11455826737494,30.4331401768544,"386054067489998"
"MBB_BAU",2022,"CT",2.64579971939615,98.1130470735069,"386054067489998"
"MBB_BAU",2022,"HI",1.27338785283776,38.1909494820841,"386054067489998"
"MBB_BAU",2022,"RM",3.53672576945278,96.6708990566004,"386054067489998"
"MBB_BAU",2022,"SM",13.8439968132034,477.736040018426,"386054067489998"
"MBB_BAU",2022,"WO",1.49049863743951,44.5137037661917,"386054067489998"
"MBB_BAU",2022,"YP",13.6906179092954,507.985468724897,"386054067489998"
"MBB_BAU",2027,"AB",0.390758141041945,10.8247915356591,"386054067489998"
"MBB_BAU",2027,"CO",0.560992999558139,15.960471917836,"386054067489998"
"MBB_BAU",2027,"CT",1.23414114231007,46.2451458475311,"386054067489998"
"MBB_BAU",2027,"HI",0.627082147855586,19.2905556075,"386054067489998"
"MBB_BAU",2027,"RM",1.63606719864428,46.5865867394051,"386054067489998"
"MBB_BAU",2027,"SM",6.15845249290091,215.285297027755,"386054067489998"
"MBB_BAU",2027,"WO",0.700523597105245,21.3969647705,"386054067489998"
"MBB_BAU",2027,"YP",6.26660402575297,234.987890161925,"386054067489998"
"MBB_BAU",2032,"AB",0.155631790502956,4.38181552356862,"386054067489998"
"MBB_BAU",2032,"CO",0.210055215923599,6.17430903492552,"386054067489998"
"MBB_BAU",2032,"CT",0.468515206266395,17.7258860945114,"386054067489998"
"MBB_BAU",2032,"HI",0.237671260475179,7.47589735738204,"386054067489998"
"MBB_BAU",2032,"RM",0.645723648618031,19.0156228628845,"386054067489998"
"MBB_BAU",2032,"SM",2.3739545365916,82.2502437655247,"386054067489998"
"MBB_BAU",2032,"WO",0.261251528611335,8.13375559807437,"386054067489998"
"MBB_BAU",2032,"YP",2.29706113868187,86.8687355541716,"386054067489998"
"MBB_BAU",2018,"CT",2.45287662062247,83.5389324676635,"480976770489998"
"MBB_BAU",2018,"HI",1.28971469949627,40.2037395458846,"480976770489998"
"MBB_BAU",2018,"SM",10.019929715928,256.28472052617,"480976770489998"
"MBB_BAU",2023,"CT",1.30544697341655,44.5561405482534,"480976770489998"
"MBB_BAU",2023,"HI",0.663100609435465,20.7445222282111,"480976770489998"
"MBB_BAU",2023,"SM",7.15704778052873,183.371716261326,"480976770489998"
"MBB_BAU",2028,"CT",0.0712572015424972,2.43237608076532,"480976770489998"
"MBB_BAU",2028,"HI",0.0320185837724737,1.00204736795412,"480976770489998"
"MBB_BAU",2028,"SM",0.449230527556926,11.7518315398214,"480976770489998"
"MBB_BAU",2033,"CT",0.521526651836937,17.8300996046744,"480976770489998"
"MBB_BAU",2033,"HI",0.198210780291211,6.23188415164465,"480976770489998"
"MBB_BAU",2033,"SM",3.60720401418496,96.9635392494282,"480976770489998"
"MBB_BAU",2038,"CT",0.940173279939187,32.1901129895363,"480976770489998"
"MBB_BAU",2038,"HI",0.31151650178692,9.82920456,"480976770489998"
"MBB_BAU",2038,"SM",7.3726237612416,202.466398195416,"480976770489998"
"MBB_BAU",2043,"CT",1.64432228945629,56.3372433714161,"480976770489998"
"MBB_BAU",2043,"HI",0.418514914976961,13.2296548244292,"480976770489998"
"MBB_BAU",2043,"SM",14.7363324951726,405.763193122961,"480976770489998"
"MBB_BAU",2017,"HI",5.31978846559318,173.685509579138,"433077376489998"
"MBB_BAU",2017,"SM",17.6882831136442,501.758164429152,"433077376489998"
"MBB_BAU",2017,"SS",7.31911758996329,206.711632010029,"433077376489998"
"MBB_BAU",2017,"WO",3.28530149811624,96.49195474,"433077376489998"
"MBB_BAU",2027,"HI",1.12969508453788,37.8957253758284,"433077376489998"
"MBB_BAU",2027,"SM",3.98087537201,119.024132381986,"433077376489998"
"MBB_BAU",2027,"SS",1.44523955571387,41.1885866657359,"433077376489998"
"MBB_BAU",2027,"WO",0.768865507841492,23.4986467396292,"433077376489998"
"MBB_BAU",2025,"AB",1.48519447352438,50.214529,"657097344126144"
"MBB_BAU",2025,"HI",0.800116204400271,26.7014362202467,"657097344126144"
"MBB_BAU",2025,"SM",1.70604089315673,51.7688780948337,"657097344126144"
"MBB_BAU",2025,"WO",2.36928205906939,75.2433662522379,"657097344126144"
"MBB_BAU",2018,"AS",1.84790355629005,38.7760497837443,"495155248126144"
"MBB_BAU",2018,"BO",3.07759564843419,84.3731468256313,"495155248126144"
"MBB_BAU",2018,"CO",2.28892817037958,61.9884325643687,"495155248126144"
"MBB_BAU",2018,"HI",2.39169248014656,56.9551860512938,"495155248126144"
"MBB_BAU",2018,"RM",6.70835766192074,135.765269102403,"495155248126144"
"MBB_BAU",2018,"SM",2.79816510703155,56.5578220985587,"495155248126144"
"MBB_BAU",2018,"WO",1.84940558101327,47.68341048,"495155248126144"
"MBB_BAU",2023,"AS",0.557409276726122,11.7717848823077,"495155248126144"
"MBB_BAU",2023,"BO",0.965530648007145,27.4985747021335,"495155248126144"
"MBB_BAU",2023,"CO",0.699603295948673,19.3458573149678,"495155248126144"
"MBB_BAU",2023,"HI",0.678634359582971,16.9385581662404,"495155248126144"
"MBB_BAU",2023,"RM",2.40217885244231,51.7871743730877,"495155248126144"
"MBB_BAU",2023,"SM",1.82293063840324,39.6086003933702,"495155248126144"
"MBB_BAU",2023,"WO",0.56257838090868,14.9233171745814,"495155248126144"
"MBB_BAU",2028,"AS",0.318100906980503,6.89315880529078,"495155248126144"
"MBB_BAU",2028,"BO",0.623825127190471,18.336625370914,"495155248126144"
"MBB_BAU",2028,"CO",0.462077075916004,13.0007450889105,"495155248126144"
"MBB_BAU",2028,"HI",0.400026340612535,10.4218341903883,"495155248126144"
"MBB_BAU",2028,"RM",1.68968761063885,37.6928462142889,"495155248126144"
"MBB_BAU",2028,"SM",1.55852008602284,35.6210144624534,"495155248126144"
"MBB_BAU",2028,"WO",0.342698247168538,9.30897266567423,"495155248126144"
"MBB_BAU",2033,"AS",0.457455532790053,10.0767314980485,"495155248126144"
"MBB_BAU",2033,"BO",1.02559697370542,30.9179178565962,"495155248126144"
"MBB_BAU",2033,"CO",0.731227010806358,20.8849802366024,"495155248126144"
"MBB_BAU",2033,"HI",0.574163694778503,15.5425249974351,"495155248126144"
"MBB_BAU",2033,"RM",2.50722988782538,59.3873217182753,"495155248126144"
"MBB_BAU",2033,"SM",3.12348221506868,75.4314627804628,"495155248126144"
"MBB_BAU",2033,"SS",0.065993928817609,1.01394880641556,"495155248126144"
"MBB_BAU",2033,"WO",0.525591647593798,14.548321464397,"495155248126144"
"MBB_BAU",2038,"AS",0.442862421424412,9.75464547593444,"495155248126144"
"MBB_BAU",2038,"BO",1.05468837722485,32.4452049113668,"495155248126144"
"MBB_BAU",2038,"CO",0.794288851884211,22.9769732266122,"495155248126144"
"MBB_BAU",2038,"HI",0.548001926180698,15.2907829048761,"495155248126144"
"MBB_BAU",2038,"RM",2.57772935059918,64.1634701446627,"495155248126144"
"MBB_BAU",2038,"SM",3.85822090746735,98.5149410307663,"495155248126144"
"MBB_BAU",2038,"SS",0.054385436103222,0.865690742483473,"495155248126144"
"MBB_BAU",2038,"WO",0.530289393453129,14.931302197,"495155248126144"
"MBB_BAU",2043,"AS",0.382209714999508,8.49933187105373,"495155248126144"
"MBB_BAU",2043,"BO",1.03853782648191,32.5260645485067,"495155248126144"
"MBB_BAU",2043,"CO",0.753276058008459,22.0215988,"495155248126144"
"MBB_BAU",2043,"HI",0.462381164356489,13.1563057088382,"495155248126144"
"MBB_BAU",2043,"RM",2.4177152216012,62.6602143551009,"495155248126144"
"MBB_BAU",2043,"SM",4.24156311446835,113.034460398932,"495155248126144"
"MBB_BAU",2043,"SS",0.0394233758873916,0.6367577314,"495155248126144"
"MBB_BAU",2043,"WO",0.489286274665357,13.9505809989873,"495155248126144"
"MBB_BAU",2016,"BD",1.4149140323846,38.9598720069801,"274682907489998"
"MBB_BAU",2016,"BK",2.08746768029219,53.5111475317227,"274682907489998"
"MBB_BAU",2016,"CO",1.72076757534521,47.8783946658614,"274682907489998"
"MBB_BAU",2016,"HI",3.85218472034794,144.261047735857,"274682907489998"
"MBB_BAU",2016,"RO",0.958864634022257,27.2249685341386,"274682907489998"
"MBB_BAU",2016,"SM",10.8344187038652,338.434533549307,"274682907489998"
"MBB_BAU",2025,"HI",0.104723700192828,2.61714926552263,"657096813126144"
"MBB_BAU",2025,"MB",0.0376578266633891,0.471529180651048,"657096813126144"
"MBB_BAU",2025,"OH",0.0376789768675081,0.634264741486562,"657096813126144"
"MBB_BAU",2025,"RL",0.093579031991215,2.97878966797912,"657096813126144"
"MBB_BAU",2025,"SM",0.70866785365878,19.644538544852,"657096813126144"
"MBB_BAU",2045,"HI",1.5187355682758,42.7034621717313,"657096813126144"
"MBB_BAU",2045,"MB",0.505578666885075,6.91239148318966,"657096813126144"
"MBB_BAU",2045,"OH",0.300942105129521,5.22585188562238,"657096813126144"
"MBB_BAU",2045,"RL",1.83517725231219,60.6891288,"657096813126144"
"MBB_BAU",2045,"SM",44.1730293245126,1184.01110179438,"657096813126144"
"MBB_BAU",2045,"YP",0.162281134957143,3.58616294320115,"657096813126144"
"MBB_BAU",2025,"AB",11.8226582876198,400.694433422965,"291609452489998"
"MBB_BAU",2025,"CO",0.563116393222625,14.7000729518976,"291609452489998"
"MBB_BAU",2025,"RM",2.19980090438792,50.5614286634226,"291609452489998"
"MBB_BAU",2025,"SM",0.74966038373529,23.0413328524344,"291609452489998"
"MBB_BAU",2025,"WA",1.30797516202583,43.2018131602944,"291609452489998"
"MBB_BAU",2025,"YP",1.52863842931094,51.2521196999149,"291609452489998"
"MBB_BAU",2030,"AB",5.84951921611878,202.788902997274,"291609452489998"
"MBB_BAU",2030,"CO",0.298863594846233,8.276124,"291609452489998"
"MBB_BAU",2030,"RM",1.43586170244888,34.7036045340057,"291609452489998"
"MBB_BAU",2030,"SD",0.277896569819911,5.05550744646822,"291609452489998"
"MBB_BAU",2030,"SM",0.408792512768992,13.0269363210557,"291609452489998"
"MBB_BAU",2030,"WA",0.661580344494408,22.2961422853534,"291609452489998"
"MBB_BAU",2030,"YP",0.852244192028009,29.807913062,"291609452489998"
"MBB_BAU",2035,"AB",3.13008570584002,109.405509173103,"291609452489998"
"MBB_BAU",2035,"CO",0.156755523353878,4.57023474043265,"291609452489998"
"MBB_BAU",2035,"RM",0.753422966634259,19.3102774973623,"291609452489998"
"MBB_BAU",2035,"SD",0.140003283162814,2.62190926868872,"291609452489998"
"MBB_BAU",2035,"SM",0.20473470790252,6.69893700233247,"291609452489998"
"MBB_BAU",2035,"WA",0.326748669384848,11.1809727683913,"291609452489998"
"MBB_BAU",2035,"YP",0.422442571723124,15.2349773539876,"291609452489998"
"MBB_BAU",2040,"AB",2.23781935615196,79.830011998159,"291609452489998"
"MBB_BAU",2040,"CO",0.108704301533177,3.283940788,"291609452489998"
"MBB_BAU",2040,"RM",0.63885085416558,17.0611231560916,"291609452489998"
"MBB_BAU",2040,"SD",0.100221070485584,1.91743549086873,"291609452489998"
"MBB_BAU",2040,"SM",0.162664035888622,5.38313983364998,"291609452489998"
"MBB_BAU",2040,"WA",0.242521573720962,8.41691640798928,"291609452489998"
"MBB_BAU",2040,"YP",0.329667624675937,12.234173776031,"291609452489998"
"MBB_BAU",2032,"AB",0.458140071368244,11.3095651022675,"387484893489998"
"MBB_BAU",2032,"BC",0.937976126449914,28.5917018832836,"387484893489998"
"MBB_BAU",2032,"BE",0.575197446857266,12.747823515,"387484893489998"
"MBB_BAU",2032,"HB",2.78655410331777,61.8960943558749,"387484893489998"
"MBB_BAU",2032,"MB",0.516757434137812,7.910224205,"387484893489998"
"MBB_BAU",2032,"RL",0.760763365216683,18.5702050116552,"387484893489998"
"MBB_BAU",2032,"SM",6.26084750404018,198.551884992743,"387484893489998"
"MBB_BAU",2032,"WN",2.16023944159406,71.6963207755873,"387484893489998"
"MBB_BAU",2032,"YP",0.461191172890955,11.6900310619909,"387484893489998"
"MBB_BAU",2037,"AB",0.147572143837042,3.81377928262001,"387484893489998"
"MBB_BAU",2037,"BC",0.32990049142866,10.5265748427763,"387484893489998"
"MBB_BAU",2037,"BE",0.206016196292259,4.85535318821283,"387484893489998"
"MBB_BAU",2037,"HB",0.897364987819177,20.1880211113248,"387484893489998"
"MBB_BAU",2037,"MB",0.178668166888729,2.78089807583263,"387484893489998"
"MBB_BAU",2037,"RL",0.25808092628337,6.57632631904298,"387484893489998"
"MBB_BAU",2037,"SM",2.09467258890579,67.9738553807467,"387484893489998"
"MBB_BAU",2037,"WN",0.673881794230782,22.4305971114715,"387484893489998"
"MBB_BAU",2037,"YP",0.153924166919866,4.19135090945205,"387484893489998"
"MBB_BAU",2042,"AB",0.0398906264259492,1.10071245875207,"387484893489998"
"MBB_BAU",2042,"BC",0.0844434265321818,2.80941645161756,"387484893489998"
"MBB_BAU",2042,"BE",0.0573464100620332,1.42071383720769,"387484893489998"
"MBB_BAU",2042,"HB",0.210848496072805,4.79540644966243,"387484893489998"
"MBB_BAU",2042,"MB",0.0408312244394416,0.638973236,"387484893489998"
"MBB_BAU",2042,"RL",0.0643833156515348,1.6579293578528,"387484893489998"
"MBB_BAU",2042,"SM",0.536155743973212,17.780695306239,"387484893489998"
"MBB_BAU",2042,"WN",0.157574176907736,5.24449450350937,"387484893489998"
"MBB_BAU",2042,"YP",0.0383395415510885,1.10986967125449,"387484893489998"
"MBB_BAU",2032,"RM",2.07960083676329,51.5609679016683,"433033799489998"
"MBB_BAU",2032,"WA",13.774330481337,403.85914997984,"433033799489998"
"MBB_BAU",2032,"WN",1.2211419834197,33.6330939097073,"433033799489998"
"MBB_BAU",2037,"RM",1.30786773282816,34.0317158744388,"433033799489998"
"MBB_BAU",2037,"WA",8.56878137844818,257.434635605185,"433033799489998"
"MBB_BAU",2037,"WN",0.695703565725307,19.1883430049228,"433033799489998"
"MBB_BAU",2042,"RM",0.867281305582836,23.0996407238389,"433033799489998"
"MBB_BAU",2042,"WA",6.00235209016509,182.689939789777,"433033799489998"
"MBB_BAU",2042,"WN",0.425955238072775,11.7716115825464,"433033799489998"
"MBB_BAU",2017,"AE",3.35602646380714,78.7413826166027,"387485116489998"
"MBB_BAU",2017,"BK",1.84600188487588,40.4849581859781,"387485116489998"
"MBB_BAU",2017,"HB",6.71468580334605,163.425503175927,"387485116489998"
"MBB_BAU",2017,"MB",2.59301210076176,53.85613548,"387485116489998"
"MBB_BAU",2017,"OH",2.52858032446905,79.1124371923507,"387485116489998"
"MBB_BAU",2017,"SM",17.0947361955075,423.234934438114,"387485116489998"
"MBB_BAU",2017,"SS",8.47570575406086,201.681939046338,"387485116489998"
"MBB_BAU",2017,"WA",1.13808930324349,28.78517586,"387485116489998"
"MBB_BAU",2017,"WN",5.61599835536816,136.497439762989,"387485116489998"
"MBB_BAU",2022,"AE",2.01906216967676,49.423644467695,"387485116489998"
"MBB_BAU",2022,"BK",0.983803265408955,21.7361873690653,"387485116489998"
"MBB_BAU",2022,"HB",4.14145575458352,101.87800800812,"387485116489998"
"MBB_BAU",2022,"MB",1.51523073500528,31.5139284699468,"387485116489998"
"MBB_BAU",2022,"OH",1.42542323262728,44.7205498648928,"387485116489998"
"MBB_BAU",2022,"SM",12.0029579866537,310.533755901212,"387485116489998"
"MBB_BAU",2022,"SS",4.8950590160687,117.081404804289,"387485116489998"
"MBB_BAU",2022,"WA",0.682912284292999,17.9968354224181,"387485116489998"
"MBB_BAU",2022,"WN",3.27604747528449,80.785243035517,"387485116489998"
"MBB_BAU",2027,"AE",1.1385921750636,28.8593466186674,"387485116489998"
"MBB_BAU",2027,"BK",0.85526917509679,18.254894558918,"387485116489998"
"MBB_BAU",2027,"HB",2.3479405351054,57.7719213181556,"387485116489998"
"MBB_BAU",2027,"MB",0.808349778928594,16.8481041932775,"387485116489998"
"MBB_BAU",2027,"OH",0.74167417652793,23.262723675,"387485116489998"
"MBB_BAU",2027,"SM",7.92169939966324,212.609774396222,"387485116489998"
"MBB_BAU",2027,"SS",2.66020821802522,63.7537023847483,"387485116489998"
"MBB_BAU",2027,"WA",0.363142938149916,9.96178711711648,"387485116489998"
"MBB_BAU",2027,"WN",1.80543431580331,45.0221493612698,"387485116489998"
"MBB_BAU",2032,"AE",0.432321320525649,11.3269982437326,"387485116489998"
"MBB_BAU",2032,"BK",0.312790978631337,6.68148241476708,"387485116489998"
"MBB_BAU",2032,"HB",0.919875652302522,22.645871346467,"387485116489998"
"MBB_BAU",2032,"MB",0.307033358501332,6.405034675,"387485116489998"
"MBB_BAU",2032,"OH",0.276188729654988,8.68015936359652,"387485116489998"
"MBB_BAU",2032,"SM",3.48410602227134,96.8477170526337,"387485116489998"
"MBB_BAU",2032,"SS",0.990520735152636,23.7229764484436,"387485116489998"
"MBB_BAU",2032,"WA",0.13902094169393,3.85179314441833,"387485116489998"
"MBB_BAU",2032,"WN",0.67798116762992,17.0190998866129,"387485116489998"
"MBB_BAU",2017,"AB",2.3331525127631,81.76380352,"433077715489998"
"MBB_BAU",2017,"BD",15.5574002027897,511.8844610446,"433077715489998"
"MBB_BAU",2017,"BU",0.828063060536028,21.9471257776642,"433077715489998"
"MBB_BAU",2017,"HI",4.79809530635172,168.476479375227,"433077715489998"
"MBB_BAU",2017,"SM",11.7438039654902,372.025286866057,"433077715489998"
"MBB_BAU",2027,"AB",1.10519688301585,39.9424813815408,"433077715489998"
"MBB_BAU",2027,"BD",8.10060454792703,274.253359683011,"433077715489998"
"MBB_BAU",2027,"BU",0.497956107122689,14.4102916461133,"433077715489998"
"MBB_BAU",2027,"HI",2.41902873261493,85.0402735444888,"433077715489998"
"MBB_BAU",2027,"SM",5.9809842540792,195.253237896465,"433077715489998"
"MBB_BAU",2027,"YP",0.459074604736736,10.5908422459674,"433077715489998"
"MBB_BAU",2032,"AB",0.211004507228396,7.73189803000016,"433077715489998"
"MBB_BAU",2032,"BD",1.61223597044205,55.2340688181392,"433077715489998"
"MBB_BAU",2032,"BU",0.105496487661667,3.14328076302686,"433077715489998"
"MBB_BAU",2032,"HI",0.460222711768753,16.2367841600261,"433077715489998"
"MBB_BAU",2032,"SM",1.1931167158693,39.4225868594688,"433077715489998"
"MBB_BAU",2032,"YP",0.0973548605889998,2.37999034790017,"433077715489998"
"MBB_BAU",2017,"BC",4.40166900387885,119.622268174302,"433077683489998"
"MBB_BAU",2017,"GA",3.07727868445948,97.5872424458852,"433077683489998"
"MBB_BAU",2017,"RL",1.63006032474529,40.29918002582,"433077683489998"
"MBB_BAU",2017,"SM",23.7685611109422,762.326163917015,"433077683489998"
"MBB_BAU",2017,"SO",5.16751390289023,203.47135412,"433077683489998"
"MBB_BAU",2017,"YP",4.6022812617571,135.713191739159,"433077683489998"
"MBB_BAU",2022,"BC",2.29989852216538,65.7461638796483,"433077683489998"
"MBB_BAU",2022,"GA",1.53288468958031,48.764455792,"433077683489998"
"MBB_BAU",2022,"RL",0.80870308661157,20.6410957204232,"433077683489998"
"MBB_BAU",2022,"SM",12.5164474471659,409.519542844629,"433077683489998"
"MBB_BAU",2022,"SO",2.95959890457938,116.851878127006,"433077683489998"
"MBB_BAU",2022,"YP",2.48405065296057,75.8484025251563,"433077683489998"
"MBB_BAU",2024,"AB",4.34701590181031,113.82050901182,"495155081126144"
"MBB_BAU",2024,"GA",0.991611360817294,22.6071848988699,"495155081126144"
"MBB_BAU",2024,"JU",0.611744982917633,10.7243955125,"495155081126144"
"MBB_BAU",2024,"SM",4.99866334652754,136.995745345109,"495155081126144"
"MBB_BAU",2015,"AB",8.5730045731685,263.196516095054,"291609880489998"
"MBB_BAU",2015,"RM",1.6761137237138,52.9844128220216,"291609880489998"
"MBB_BAU",2015,"YP",0.852395429546699,21.4170711508606,"291609880489998"
"MBB_BAU",2020,"AB",5.82553569388442,184.5324351311,"291609880489998"
"MBB_BAU",2020,"RM",1.04282267031951,33.4169297728528,"291609880489998"
"MBB_BAU",2020,"YP",1.15063050184698,27.7867101392259,"291609880489998"
"MBB_BAU",2016,"AB",2.87046527008262,78.3365923400852,"386054297489998"
"MBB_BAU",2016,"BD",8.73148597476355,261.92792091127,"386054297489998"
"MBB_BAU",2016,"GA",1.87396529885614,63.668631555,"386054297489998"
"MBB_BAU",2016,"RO",9.42653070482035,374.113652065272,"386054297489998"
"MBB_BAU",2016,"SM",4.56385577287663,159.413377843369,"386054297489998"
"MBB_BAU",2016,"WO",0.844321750887187,17.5693164855767,"386054297489998"
"MBB_BAU",2016,"YP",3.98854947451233,157.801496828796,"386054297489998"
"MBB_BAU",2021,"AB",1.3525204369566,38.4195957685066,"386054297489998"
"MBB_BAU",2021,"BD",4.02471725766734,119.795511271194,"386054297489998"
"MBB_BAU",2021,"GA",0.783547126143394,26.7042596302418,"386054297489998"
"MBB_BAU",2021,"RO",4.24969559811468,168.765194675422,"386054297489998"
"MBB_BAU",2021,"SM",1.98626423627808,69.9040370212022,"386054297489998"
"MBB_BAU",2021,"WO",0.334188736120156,7.28595292826058,"386054297489998"
"MBB_BAU",2021,"YP",1.71617056043445,68.0134902024517,"386054297489998"
"MBB_BAU",2016,"AB",0.14288899460132,3.48080016,"386054030489998"
"MBB_BAU",2016,"BC",0.166758552395965,3.80065726315199,"386054030489998"
"MBB_BAU",2016,"RM",0.293094817816837,7.88354155125187,"386054030489998"
"MBB_BAU",2016,"SM",0.935777091646584,26.7551235237059,"386054030489998"
"MBB_BAU",2016,"SY",0.0758980452764896,1.73098808785133,"386054030489998"
"MBB_BAU",2016,"WO",0.152740566922054,3.51843058252109,"386054030489998"
"MBB_BAU",2016,"YP",0.0741434179114368,1.52402608749752,"386054030489998"
"MBB_BAU",2020,"AB",11.2833818713532,409.157044890341,"657097212126144"
"MBB_BAU",2020,"BC",2.08640431652582,60.405612870558,"657097212126144"
"MBB_BAU",2020,"RM",7.12621267987102,259.525800546565,"657097212126144"
"MBB_BAU",2020,"RO",1.0682491995879,43.9578214040035,"657097212126144"
"MBB_BAU",2020,"SM",2.76668252013705,81.0102789417668,"657097212126144"
"MBB_BAU",2020,"YP",3.9396451658663,151.814574845438,"657097212126144"
"MBB_BAU",2025,"AB",6.35520212590591,234.356620040085,"657097212126144"
"MBB_BAU",2025,"BC",1.22364196362264,37.3999545893236,"657097212126144"
"MBB_BAU",2025,"RM",4.20850801356914,156.806423072321,"657097212126144"
"MBB_BAU",2025,"RO",0.667605564733713,27.3204300384978,"657097212126144"
"MBB_BAU",2025,"SM",1.58611851646854,47.836514212909,"657097212126144"
"MBB_BAU",2025,"YP",2.97120566534795,110.172088404862,"657097212126144"
"MBB_BAU",2030,"AB",3.98099110506794,149.040261039419,"657097212126144"
"MBB_BAU",2030,"BC",0.769729869197092,24.8929941280377,"657097212126144"
"MBB_BAU",2030,"BD",0.261802747732282,3.1118881730241,"657097212126144"
"MBB_BAU",2030,"BE",0.592297851265463,12.2436304295166,"657097212126144"
"MBB_BAU",2030,"RM",2.83887630871385,108.380148823086,"657097212126144"
"MBB_BAU",2030,"RO",0.448088219489438,18.5429724255,"657097212126144"
"MBB_BAU",2030,"SM",0.998628070177464,30.8934595547879,"657097212126144"
"MBB_BAU",2030,"YP",1.91576055619248,72.3921494884845,"657097212126144"
"MBB_BAU",2045,"AB",3.66646025454194,142.780488083,"657097212126144"
"MBB_BAU",2045,"BC",0.695497600128181,25.5075496355044,"657097212126144"
"MBB_BAU",2045,"BD",0.271464529182865,4.20654303410925,"657097212126144"
"MBB_BAU",2045,"BE",0.997549948493934,24.8036827744075,"657097212126144"
"MBB_BAU",2045,"RM",2.6550691812385,105.965417023367,"657097212126144"
"MBB_BAU",2045,"RO",0.419772522563089,17.7093428608645,"657097212126144"
"MBB_BAU",2045,"SM",1.05183875633992,34.7084863741455,"657097212126144"
"MBB_BAU",2045,"YP",4.35283613876592,153.094804187158,"657097212126144"
"MBB_BAU",2018,"AB",3.80698340229419,117.607624651224,"503670802126144"
"MBB_BAU",2018,"BC",4.11132333489165,99.9238742547708,"503670802126144"
"MBB_BAU",2018,"RM",8.78310260953649,244.376726114885,"503670802126144"
"MBB_BAU",2018,"SD",3.20213775686326,70.0958558828595,"503670802126144"
"MBB_BAU",2018,"SM",21.579794940035,616.80080220441,"503670802126144"
"MBB_BAU",2023,"AB",2.57792670290108,81.6441985534539,"503670802126144"
"MBB_BAU",2023,"BC",3.28509078293286,82.34680625405,"503670802126144"
"MBB_BAU",2023,"RM",5.92349153885979,168.915182627467,"503670802126144"
"MBB_BAU",2023,"SD",2.00321491017336,43.9639472734332,"503670802126144"
"MBB_BAU",2023,"SM",14.8383215742232,435.101131180629,"503670802126144"
"MBB_BAU",2038,"AB",1.71624875173735,58.0692729144085,"503670802126144"
"MBB_BAU",2038,"BC",1.94446584631668,57.0598659000719,"503670802126144"
"MBB_BAU",2038,"BG",0.621476585623621,15.03147272,"503670802126144"
"MBB_BAU",2038,"RM",3.84179043315337,117.358098409317,"503670802126144"
"MBB_BAU",2038,"SD",0.99772438513013,21.9973499072614,"503670802126144"
"MBB_BAU",2038,"SM",9.41051431981302,292.919051233077,"503670802126144"
"MBB_BAU",2018,"BC",0.931085632898707,29.0411228806712,"495155073126144"
"MBB_BAU",2018,"HI",1.17840530449663,35.0387511074692,"495155073126144"
"MBB_BAU",2018,"OH",3.62612088862176,109.219872821034,"495155073126144"
"MBB_BAU",2018,"SM",6.5967112463941,178.350376511678,"495155073126144"
"MBB_BAU",2018,"YP",8.87621611997083,298.302785269438,"495155073126144"
"MBB_BAU",2023,"BC",0.588680395404233,19.0329886787817,"495155073126144"
"MBB_BAU",2023,"HI",0.748297234791374,22.2392441055,"495155073126144"
"MBB_BAU",2023,"OH",4.04414673276752,116.311602818493,"495155073126144"
"MBB_BAU",2023,"SM",4.05906496537884,113.890699995633,"495155073126144"
"MBB_BAU",2023,"YP",7.9509597132885,272.048754331376,"495155073126144"
