"Stand_CN","StandID","Year","FOR","name","m3_ha","ID","TOTAL","tC_ha_100","tC_ac_100"
"198434273020004","MBB_BAU",2013,"MBB","hard_pulp",61.5723361210584,"MBB_hard_pulp",0.086896593,5.35042623197081,2.16616446638494
"198434273020004","MBB_BAU",2013,"MBB","soft_pulp",0,"MBB_soft_pulp",0.019591182,0,0
"198434273020004","MBB_BAU",2013,"MBB","hard_saw",22.757964993875,"MBB_hard_saw",0.058759811,1.33725372178471,0.541398267929033
"198434273020004","MBB_BAU",2013,"MBB","soft_saw",0,"MBB_soft_saw",0.056478352,0,0
"198434273020004","MBB_BAU",2028,"MBB","hard_pulp",21.1664707421821,"MBB_hard_pulp",0.086896593,1.8392941933298,0.744653519566723
"198434273020004","MBB_BAU",2028,"MBB","soft_pulp",0,"MBB_soft_pulp",0.019591182,0,0
"198434273020004","MBB_BAU",2028,"MBB","hard_saw",22.7303076355196,"MBB_hard_saw",0.058759811,1.33562858063499,0.540740316046553
"198434273020004","MBB_BAU",2028,"MBB","soft_saw",0,"MBB_soft_saw",0.056478352,0,0
"198434273020004","MBB_BAU",2038,"MBB","hard_pulp",8.33536715528281,"MBB_hard_pulp",0.086896593,0.724315007198178,0.293244942185497
"198434273020004","MBB_BAU",2038,"MBB","soft_pulp",0,"MBB_soft_pulp",0.019591182,0,0
"198434273020004","MBB_BAU",2038,"MBB","hard_saw",14.6569655388577,"MBB_hard_saw",0.058759811,0.86124052489679,0.348680374452142
"198434273020004","MBB_BAU",2038,"MBB","soft_saw",0,"MBB_soft_saw",0.056478352,0,0
"221697518020004","MBB_BAU",2014,"MBB","hard_pulp",18.0953741986726,"MBB_hard_pulp",0.086896593,1.57242636692476,0.636609865151723
"221697518020004","MBB_BAU",2014,"MBB","soft_pulp",1.8023282714422,"MBB_soft_pulp",0.019591182,0.0353097411895696,0.0142954417771537
"221697518020004","MBB_BAU",2014,"MBB","hard_saw",42.6935529734591,"MBB_hard_saw",0.058759811,2.50866510363895,1.01565388811293
"221697518020004","MBB_BAU",2014,"MBB","soft_saw",0,"MBB_soft_saw",0.056478352,0,0
"221697518020004","MBB_BAU",2019,"MBB","hard_pulp",6.29199836519228,"MBB_hard_pulp",0.086896593,0.546753221096779,0.221357579391408
"221697518020004","MBB_BAU",2019,"MBB","soft_pulp",0.727080420015142,"MBB_soft_pulp",0.019591182,0.0142443648371531,0.00576694932678262
"221697518020004","MBB_BAU",2019,"MBB","hard_saw",19.5032352491386,"MBB_hard_saw",0.058759811,1.14600641712792,0.463970209363531
"221697518020004","MBB_BAU",2019,"MBB","soft_saw",0,"MBB_soft_saw",0.056478352,0,0
"221697521020004","MBB_BAU",2014,"MBB","hard_pulp",8.85996740558322,"MBB_hard_pulp",0.086896593,0.76990098163623,0.311700802281875
"221697521020004","MBB_BAU",2014,"MBB","soft_pulp",0,"MBB_soft_pulp",0.019591182,0,0
"221697521020004","MBB_BAU",2014,"MBB","hard_saw",15.2535284180444,"MBB_hard_saw",0.058759811,0.89629444692742,0.362872245719603
"221697521020004","MBB_BAU",2014,"MBB","soft_saw",0,"MBB_soft_saw",0.056478352,0,0
"221697521020004","MBB_BAU",2019,"MBB","hard_pulp",6.08992872960261,"MBB_hard_pulp",0.086896593,0.529194058215285,0.214248606564893
"221697521020004","MBB_BAU",2019,"MBB","soft_pulp",0,"MBB_soft_pulp",0.019591182,0,0
"221697521020004","MBB_BAU",2019,"MBB","hard_saw",11.4290056802501,"MBB_hard_saw",0.058759811,0.671566213689422,0.271889155339847
"221697521020004","MBB_BAU",2019,"MBB","soft_saw",0,"MBB_soft_saw",0.056478352,0,0
"221697521020004","MBB_BAU",2024,"MBB","hard_pulp",1.71148990909324,"MBB_hard_pulp",0.086896593,0.148722642054083,0.0602115959733128
"221697521020004","MBB_BAU",2024,"MBB","soft_pulp",0,"MBB_soft_pulp",0.019591182,0,0
"221697521020004","MBB_BAU",2024,"MBB","hard_saw",4.07739945454751,"MBB_hard_saw",0.058759811,0.239587221320715,0.0969988750286295
"221697521020004","MBB_BAU",2024,"MBB","soft_saw",0,"MBB_soft_saw",0.056478352,0,0
"221697521020004","MBB_BAU",2029,"MBB","hard_pulp",1.06657090985414,"MBB_hard_pulp",0.086896593,0.0926813782592345,0.0375228252061678
"221697521020004","MBB_BAU",2029,"MBB","soft_pulp",0,"MBB_soft_pulp",0.019591182,0,0
"221697521020004","MBB_BAU",2029,"MBB","hard_saw",3.353375626728,"MBB_hard_saw",0.058759811,0.197043718038544,0.0797747846309895
"221697521020004","MBB_BAU",2029,"MBB","soft_saw",0,"MBB_soft_saw",0.056478352,0,0
"221697521020004","MBB_BAU",2034,"MBB","hard_pulp",0.201876393525951,"MBB_hard_pulp",0.086896593,0.0175423708045324,0.00710217441479043
"221697521020004","MBB_BAU",2034,"MBB","soft_pulp",0,"MBB_soft_pulp",0.019591182,0,0
"221697521020004","MBB_BAU",2034,"MBB","hard_saw",0.804542060817967,"MBB_hard_saw",0.058759811,0.0472747394352142,0.0191395706215442
"221697521020004","MBB_BAU",2034,"MBB","soft_saw",0,"MBB_soft_saw",0.056478352,0,0
"221697521020004","MBB_BAU",2039,"MBB","hard_pulp",1.12886677620393,"MBB_hard_pulp",0.086896593,0.0980946768030146,0.0397144440498035
"221697521020004","MBB_BAU",2039,"MBB","soft_pulp",0,"MBB_soft_pulp",0.019591182,0,0
"221697521020004","MBB_BAU",2039,"MBB","hard_saw",6.28896094893319,"MBB_hard_saw",0.058759811,0.369538156745695,0.149610589775585
"221697521020004","MBB_BAU",2039,"MBB","soft_saw",0,"MBB_soft_saw",0.056478352,0,0
"221697574020004","MBB_BAU",2015,"MBB","hard_pulp",7.10047337379581,"MBB_hard_pulp",0.086896593,0.617006944870071,0.24980038253849
"221697574020004","MBB_BAU",2015,"MBB","soft_pulp",4.80196961288573,"MBB_soft_pulp",0.019591182,0.094076260644514,0.0380875549168073
"221697574020004","MBB_BAU",2015,"MBB","hard_saw",21.2428596761977,"MBB_hard_saw",0.058759811,1.2482264196729,0.505354825778501
"221697574020004","MBB_BAU",2015,"MBB","soft_saw",43.4519702614389,"MBB_soft_saw",0.056478352,2.45409567151908,0.993561000615011
"221697574020004","MBB_BAU",2020,"MBB","hard_pulp",3.63217833547343,"MBB_hard_pulp",0.086896593,0.315623922521052,0.127782964583422
"221697574020004","MBB_BAU",2020,"MBB","soft_pulp",2.57303021041142,"MBB_soft_pulp",0.019591182,0.0504087031436684,0.0204083818395419
"221697574020004","MBB_BAU",2020,"MBB","hard_saw",11.8310783707993,"MBB_hard_saw",0.058759811,0.695191928994356,0.281454222264921
"221697574020004","MBB_BAU",2020,"MBB","soft_saw",23.9882082973983,"MBB_soft_saw",0.056478352,1.35481447206978,0.548507883429062
"221697574020004","MBB_BAU",2025,"MBB","hard_pulp",0.846659241759267,"MBB_hard_pulp",0.086896593,0.0735718035408436,0.0297861552796938
"221697574020004","MBB_BAU",2025,"MBB","soft_pulp",0.327420632354292,"MBB_soft_pulp",0.019591182,0.00641455719900802,0.00259698672024616
"221697574020004","MBB_BAU",2025,"MBB","hard_saw",2.2799948188437,"MBB_hard_saw",0.058759811,0.133972064636235,0.0542397022818766
"221697574020004","MBB_BAU",2025,"MBB","soft_saw",4.52450081071865,"MBB_soft_saw",0.056478352,0.255536349412053,0.103456011907714
"221697753020004","MBB_BAU",2015,"MBB","hard_pulp",7.74785245727867,"MBB_hard_pulp",0.086896593,0.673261981604194,0.27257570105433
"221697753020004","MBB_BAU",2015,"MBB","soft_pulp",0.839578759546161,"MBB_soft_pulp",0.019591182,0.0164483402816031,0.0066592470775721
"221697753020004","MBB_BAU",2015,"MBB","hard_saw",14.4918598383254,"MBB_hard_saw",0.058759811,0.851538945138491,0.34475260936781
"221697753020004","MBB_BAU",2015,"MBB","soft_saw",0.720942692109147,"MBB_soft_saw",0.056478352,0.040717655136768,0.0164848806221733
"221697753020004","MBB_BAU",2020,"MBB","hard_pulp",0.519039439225893,"MBB_hard_pulp",0.086896593,0.0451027589013607,0.0182602262758545
"221697753020004","MBB_BAU",2020,"MBB","soft_pulp",0.0597904294703043,"MBB_soft_pulp",0.019591182,0.00117136518561089,0.000474236917251374
"221697753020004","MBB_BAU",2020,"MBB","hard_saw",0.934728939806766,"MBB_hard_saw",0.058759811,0.054924495839276,0.0222366379916097
"221697753020004","MBB_BAU",2020,"MBB","soft_saw",0.0561760517655254,"MBB_soft_saw",0.056478352,0.00317273082558357,0.00128450640711885
"221697964020004","MBB_BAU",2014,"MBB","hard_pulp",20.5732001620471,"MBB_hard_pulp",0.086896593,1.78774100118894,0.723781781857869
"221697964020004","MBB_BAU",2014,"MBB","soft_pulp",0,"MBB_soft_pulp",0.019591182,0,0
"221697964020004","MBB_BAU",2014,"MBB","hard_saw",49.301680479009,"MBB_hard_saw",0.058759811,2.89695742692896,1.17285725786597
"221697964020004","MBB_BAU",2014,"MBB","soft_saw",0,"MBB_soft_saw",0.056478352,0,0
"221697964020004","MBB_BAU",2019,"MBB","hard_pulp",10.3573680466055,"MBB_hard_pulp",0.086896593,0.900019995697084,0.364380565059548
"221697964020004","MBB_BAU",2019,"MBB","soft_pulp",0,"MBB_soft_pulp",0.019591182,0,0
"221697964020004","MBB_BAU",2019,"MBB","hard_saw",35.519212861406,"MBB_hard_saw",0.058759811,2.08710223460498,0.844980661783394
"221697964020004","MBB_BAU",2019,"MBB","soft_saw",0,"MBB_soft_saw",0.056478352,0,0
"221697964020004","MBB_BAU",2024,"MBB","hard_pulp",1.67261631418606,"MBB_hard_pulp",0.086896593,0.145344659098986,0.0588439915380509
"221697964020004","MBB_BAU",2024,"MBB","soft_pulp",0,"MBB_soft_pulp",0.019591182,0,0
"221697964020004","MBB_BAU",2024,"MBB","hard_saw",6.78451919851244,"MBB_hard_saw",0.058759811,0.398657065830462,0.161399621793709
"221697964020004","MBB_BAU",2024,"MBB","soft_saw",0,"MBB_soft_saw",0.056478352,0,0
"221698042020004","MBB_BAU",2024,"MBB","hard_pulp",25.9894678662274,"MBB_hard_pulp",0.086896593,2.25839621145814,0.914330449983054
"221698042020004","MBB_BAU",2024,"MBB","soft_pulp",0,"MBB_soft_pulp",0.019591182,0,0
"221698042020004","MBB_BAU",2024,"MBB","hard_saw",12.7067857006231,"MBB_hard_saw",0.058759811,0.746648326186116,0.302286771735269
"221698042020004","MBB_BAU",2024,"MBB","soft_saw",0,"MBB_soft_saw",0.056478352,0,0
"221698042020004","MBB_BAU",2029,"MBB","hard_pulp",20.6220026333786,"MBB_hard_pulp",0.086896593,1.79198176967763,0.725498692177179
"221698042020004","MBB_BAU",2029,"MBB","soft_pulp",0,"MBB_soft_pulp",0.019591182,0,0
"221698042020004","MBB_BAU",2029,"MBB","hard_saw",15.2565808134891,"MBB_hard_saw",0.058759811,0.896473805106846,0.362944860367144
"221698042020004","MBB_BAU",2029,"MBB","soft_saw",0,"MBB_soft_saw",0.056478352,0,0
"221698042020004","MBB_BAU",2034,"MBB","hard_pulp",8.88469310284524,"MBB_hard_pulp",0.086896593,0.77204956048785,0.312570672262288
"221698042020004","MBB_BAU",2034,"MBB","soft_pulp",0,"MBB_soft_pulp",0.019591182,0,0
"221698042020004","MBB_BAU",2034,"MBB","hard_saw",12.6832088211194,"MBB_hard_saw",0.058759811,0.745262953202509,0.301725891984821
"221698042020004","MBB_BAU",2034,"MBB","soft_saw",0,"MBB_soft_saw",0.056478352,0,0
"221698042020004","MBB_BAU",2039,"MBB","hard_pulp",4.4965029931388,"MBB_hard_pulp",0.086896593,0.390730790518064,0.158190603448609
"221698042020004","MBB_BAU",2039,"MBB","soft_pulp",0,"MBB_soft_pulp",0.019591182,0,0
"221698042020004","MBB_BAU",2039,"MBB","hard_saw",8.98623615122939,"MBB_hard_saw",0.058759811,0.528029537847607,0.21377714082899
"221698042020004","MBB_BAU",2039,"MBB","soft_saw",0,"MBB_soft_saw",0.056478352,0,0
"221698164020004","MBB_BAU",2015,"MBB","hard_pulp",25.0984723167675,"MBB_hard_pulp",0.086896593,2.18097173383191,0.882984507624256
"221698164020004","MBB_BAU",2015,"MBB","soft_pulp",0,"MBB_soft_pulp",0.019591182,0,0
"221698164020004","MBB_BAU",2015,"MBB","hard_saw",51.1907946321156,"MBB_hard_saw",0.058759811,3.00796141752293,1.21779814474612
"221698164020004","MBB_BAU",2015,"MBB","soft_saw",0,"MBB_soft_saw",0.056478352,0,0
"221698164020004","MBB_BAU",2025,"MBB","hard_pulp",7.69916966340289,"MBB_hard_pulp",0.086896593,0.669031612678668,0.270863001084481
"221698164020004","MBB_BAU",2025,"MBB","soft_pulp",0,"MBB_soft_pulp",0.019591182,0,0
"221698164020004","MBB_BAU",2025,"MBB","hard_saw",22.3251914715657,"MBB_hard_saw",0.058759811,1.31182403140801,0.531102846723892
"221698164020004","MBB_BAU",2025,"MBB","soft_saw",0,"MBB_soft_saw",0.056478352,0,0
"221698164020004","MBB_BAU",2030,"MBB","hard_pulp",2.68544977102375,"MBB_hard_pulp",0.086896593,0.233356435774594,0.0944762897872852
"221698164020004","MBB_BAU",2030,"MBB","soft_pulp",0,"MBB_soft_pulp",0.019591182,0,0
"221698164020004","MBB_BAU",2030,"MBB","hard_saw",8.64621957389502,"MBB_hard_saw",0.058759811,0.508050228026572,0.205688351427762
"221698164020004","MBB_BAU",2030,"MBB","soft_saw",0,"MBB_soft_saw",0.056478352,0,0
"221698172020004","MBB_BAU",2014,"MBB","hard_pulp",4.37147893733594,"MBB_hard_pulp",0.086896593,0.379866626025754,0.15379215628573
"221698172020004","MBB_BAU",2014,"MBB","soft_pulp",0,"MBB_soft_pulp",0.019591182,0,0
"221698172020004","MBB_BAU",2014,"MBB","hard_saw",10.4577521557711,"MBB_hard_saw",0.058759811,0.61449554015795,0.248783619497146
"221698172020004","MBB_BAU",2014,"MBB","soft_saw",0,"MBB_soft_saw",0.056478352,0,0
"221698172020004","MBB_BAU",2019,"MBB","hard_pulp",6.96876517885501,"MBB_hard_pulp",0.086896593,0.605561951459536,0.245166781967423
"221698172020004","MBB_BAU",2019,"MBB","soft_pulp",0,"MBB_soft_pulp",0.019591182,0,0
"221698172020004","MBB_BAU",2019,"MBB","hard_saw",13.4076486341395,"MBB_hard_saw",0.058759811,0.787830899696443,0.318959878419613
"221698172020004","MBB_BAU",2019,"MBB","soft_saw",0,"MBB_soft_saw",0.056478352,0,0
"221698172020004","MBB_BAU",2024,"MBB","hard_pulp",9.6653505891441,"MBB_hard_pulp",0.086896593,0.839886036347165,0.340034832529216
"221698172020004","MBB_BAU",2024,"MBB","soft_pulp",0,"MBB_soft_pulp",0.019591182,0,0
"221698172020004","MBB_BAU",2024,"MBB","hard_saw",17.4634231981862,"MBB_hard_saw",0.058759811,1.02614744653844,0.415444310339449
"221698172020004","MBB_BAU",2024,"MBB","soft_saw",0,"MBB_soft_saw",0.056478352,0,0
"221698172020004","MBB_BAU",2029,"MBB","hard_pulp",10.0437856670205,"MBB_hard_pulp",0.086896593,0.872770755286316,0.353348483921585
"221698172020004","MBB_BAU",2029,"MBB","soft_pulp",0,"MBB_soft_pulp",0.019591182,0,0
"221698172020004","MBB_BAU",2029,"MBB","hard_saw",19.5375604678853,"MBB_hard_saw",0.058759811,1.14802336049401,0.464786785625107
"221698172020004","MBB_BAU",2029,"MBB","soft_saw",0,"MBB_soft_saw",0.056478352,0,0
"221698172020004","MBB_BAU",2034,"MBB","hard_pulp",8.90455371924057,"MBB_hard_pulp",0.086896593,0.773775380387484,0.313269384772261
"221698172020004","MBB_BAU",2034,"MBB","soft_pulp",0,"MBB_soft_pulp",0.019591182,0,0
"221698172020004","MBB_BAU",2034,"MBB","hard_saw",18.5801053403459,"MBB_hard_saw",0.058759811,1.09176347815882,0.442009505327456
"221698172020004","MBB_BAU",2034,"MBB","soft_saw",0,"MBB_soft_saw",0.056478352,0,0
"221698172020004","MBB_BAU",2039,"MBB","hard_pulp",8.52915967119472,"MBB_hard_pulp",0.086896593,0.741154916579822,0.300062719263086
"221698172020004","MBB_BAU",2039,"MBB","soft_pulp",0,"MBB_soft_pulp",0.019591182,0,0
"221698172020004","MBB_BAU",2039,"MBB","hard_saw",17.7214127922846,"MBB_hard_saw",0.058759811,1.04130686632762,0.421581727258147
"221698172020004","MBB_BAU",2039,"MBB","soft_saw",0,"MBB_soft_saw",0.056478352,0,0
"274682907489998","MBB_BAU",2016,"MBB","hard_pulp",13.6357067783068,"MBB_hard_pulp",0.086896593,1.18489646218186,0.479715166875248
"274682907489998","MBB_BAU",2016,"MBB","soft_pulp",0,"MBB_soft_pulp",0.019591182,0,0
"274682907489998","MBB_BAU",2016,"MBB","hard_saw",31.845829554692,"MBB_hard_saw",0.058759811,1.87125492577192,0.757593087357051
"274682907489998","MBB_BAU",2016,"MBB","soft_saw",0,"MBB_soft_saw",0.056478352,0,0
"274683015489998","MBB_BAU",2021,"MBB","hard_pulp",9.35133232208536,"MBB_hard_pulp",0.086896593,0.812598918799996,0.328987416518217
"274683015489998","MBB_BAU",2021,"MBB","soft_pulp",0,"MBB_soft_pulp",0.019591182,0,0
"274683015489998","MBB_BAU",2021,"MBB","hard_saw",23.263685338396,"MBB_hard_saw",0.058759811,1.36696975364762,0.553429050059765
"274683015489998","MBB_BAU",2021,"MBB","soft_saw",0,"MBB_soft_saw",0.056478352,0,0
"274683356489998","MBB_BAU",2016,"MBB","hard_pulp",18.1085494904477,"MBB_hard_pulp",0.086896593,1.5735712548918,0.637073382547285
"274683356489998","MBB_BAU",2016,"MBB","soft_pulp",0,"MBB_soft_pulp",0.019591182,0,0
"274683356489998","MBB_BAU",2016,"MBB","hard_saw",68.3548695152257,"MBB_hard_saw",0.058759811,4.01651921364433,1.62612113912726
"274683356489998","MBB_BAU",2016,"MBB","soft_saw",0,"MBB_soft_saw",0.056478352,0,0
"274683356489998","MBB_BAU",2021,"MBB","hard_pulp",7.38464729490321,"MBB_hard_pulp",0.086896593,0.641700690433755,0.259797850378038
"274683356489998","MBB_BAU",2021,"MBB","soft_pulp",0,"MBB_soft_pulp",0.019591182,0,0
"274683356489998","MBB_BAU",2021,"MBB","hard_saw",33.5427605328827,"MBB_hard_saw",0.058759811,1.97096626933045,0.797962052360504
"274683356489998","MBB_BAU",2021,"MBB","soft_saw",0,"MBB_soft_saw",0.056478352,0,0
"291609162489998","MBB_BAU",2020,"MBB","hard_pulp",2.82364928318636,"MBB_hard_pulp",0.086896593,0.245365502535787,0.0993382601359463
"291609162489998","MBB_BAU",2020,"MBB","soft_pulp",0,"MBB_soft_pulp",0.019591182,0,0
"291609162489998","MBB_BAU",2020,"MBB","hard_saw",3.55935449342366,"MBB_hard_saw",0.058759811,0.209146997315575,0.0846748976986134
"291609162489998","MBB_BAU",2020,"MBB","soft_saw",0,"MBB_soft_saw",0.056478352,0,0
"291609308489998","MBB_BAU",2030,"MBB","hard_pulp",18.9933167213753,"MBB_hard_pulp",0.086896593,1.65045451285745,0.668200207634594
"291609308489998","MBB_BAU",2030,"MBB","soft_pulp",0,"MBB_soft_pulp",0.019591182,0,0
"291609308489998","MBB_BAU",2030,"MBB","hard_saw",22.5042733457452,"MBB_hard_saw",0.058759811,1.32234684848832,0.535363096553977
"291609308489998","MBB_BAU",2030,"MBB","soft_saw",0,"MBB_soft_saw",0.056478352,0,0
"291609308489998","MBB_BAU",2040,"MBB","hard_pulp",18.3597883168516,"MBB_hard_pulp",0.086896593,1.59540305293561,0.645912167180407
"291609308489998","MBB_BAU",2040,"MBB","soft_pulp",0,"MBB_soft_pulp",0.019591182,0,0
"291609308489998","MBB_BAU",2040,"MBB","hard_saw",22.8568231964029,"MBB_hard_saw",0.058759811,1.34306261108105,0.543750044972084
"291609308489998","MBB_BAU",2040,"MBB","soft_saw",0,"MBB_soft_saw",0.056478352,0,0
"291609445489998","MBB_BAU",2025,"MBB","hard_pulp",2.5885909239486,"MBB_hard_pulp",0.086896593,0.224939731961855,0.0910687173934638
"291609445489998","MBB_BAU",2025,"MBB","soft_pulp",0.0340435991457637,"MBB_soft_pulp",0.019591182,0.000666954346799702,0.000270022002752916
"291609445489998","MBB_BAU",2025,"MBB","hard_saw",4.40417595278273,"MBB_hard_saw",0.058759811,0.258788546596258,0.104772690929659
"291609445489998","MBB_BAU",2025,"MBB","soft_saw",0.496064005272674,"MBB_soft_saw",0.056478352,0.0280168775043199,0.0113428653863643
"291609452489998","MBB_BAU",2025,"MBB","hard_pulp",8.01104255272117,"MBB_hard_pulp",0.086896593,0.696132304209493,0.281834940975503
"291609452489998","MBB_BAU",2025,"MBB","soft_pulp",0,"MBB_soft_pulp",0.019591182,0,0
"291609452489998","MBB_BAU",2025,"MBB","hard_saw",32.7970194116958,"MBB_hard_saw",0.058759811,1.92714666199457,0.780221320645577
"291609452489998","MBB_BAU",2025,"MBB","soft_saw",0,"MBB_soft_saw",0.056478352,0,0
"291609452489998","MBB_BAU",2030,"MBB","hard_pulp",4.87879953044323,"MBB_hard_pulp",0.086896593,0.423951057125516,0.171640104099399
"291609452489998","MBB_BAU",2030,"MBB","soft_pulp",0,"MBB_soft_pulp",0.019591182,0,0
"291609452489998","MBB_BAU",2030,"MBB","hard_saw",17.2199064672293,"MBB_hard_saw",0.058759811,1.01183844945207,0.409651194110151
"291609452489998","MBB_BAU",2030,"MBB","soft_saw",0,"MBB_soft_saw",0.056478352,0,0
"291609452489998","MBB_BAU",2035,"MBB","hard_pulp",2.74627372209625,"MBB_hard_pulp",0.086896593,0.238641829895593,0.0966161254638029
"291609452489998","MBB_BAU",2035,"MBB","soft_pulp",0,"MBB_soft_pulp",0.019591182,0,0
"291609452489998","MBB_BAU",2035,"MBB","hard_saw",9.07561234734837,"MBB_hard_saw",0.058759811,0.533281266239457,0.215903346655651
"291609452489998","MBB_BAU",2035,"MBB","soft_saw",0,"MBB_soft_saw",0.056478352,0,0
"291609452489998","MBB_BAU",2040,"MBB","hard_pulp",1.86936321968841,"MBB_hard_pulp",0.086896593,0.162441294870433,0.0657657064252765
"291609452489998","MBB_BAU",2040,"MBB","soft_pulp",0,"MBB_soft_pulp",0.019591182,0,0
"291609452489998","MBB_BAU",2040,"MBB","hard_saw",7.09214718202675,"MBB_hard_saw",0.058759811,0.416733228000075,0.168717906072905
"291609452489998","MBB_BAU",2040,"MBB","soft_saw",0,"MBB_soft_saw",0.056478352,0,0
"291609563489998","MBB_BAU",2016,"MBB","hard_pulp",5.66491490970777,"MBB_hard_pulp",0.086896593,0.492261805288508,0.19929627744474
"291609563489998","MBB_BAU",2016,"MBB","soft_pulp",0,"MBB_soft_pulp",0.019591182,0,0
"291609563489998","MBB_BAU",2016,"MBB","hard_saw",28.8801362892614,"MBB_hard_saw",0.058759811,1.69699135001124,0.687041032393215
"291609563489998","MBB_BAU",2016,"MBB","soft_saw",0,"MBB_soft_saw",0.056478352,0,0
"291609563489998","MBB_BAU",2021,"MBB","hard_pulp",4.61849269673085,"MBB_hard_pulp",0.086896593,0.401331280141293,0.162482299652345
"291609563489998","MBB_BAU",2021,"MBB","soft_pulp",0,"MBB_soft_pulp",0.019591182,0,0
"291609563489998","MBB_BAU",2021,"MBB","hard_saw",17.9085701830793,"MBB_hard_saw",0.058759811,1.05230419923798,0.426034088760314
"291609563489998","MBB_BAU",2021,"MBB","soft_saw",0,"MBB_soft_saw",0.056478352,0,0
"291609563489998","MBB_BAU",2026,"MBB","hard_pulp",0.863757193181262,"MBB_hard_pulp",0.086896593,0.0750575572666945,0.0303876750067589
"291609563489998","MBB_BAU",2026,"MBB","soft_pulp",0,"MBB_soft_pulp",0.019591182,0,0
"291609563489998","MBB_BAU",2026,"MBB","hard_saw",2.87481501445632,"MBB_hard_saw",0.058759811,0.168923586909415,0.068390116157658
"291609563489998","MBB_BAU",2026,"MBB","soft_saw",0,"MBB_soft_saw",0.056478352,0,0
"291609580489998","MBB_BAU",2016,"MBB","hard_pulp",14.2373767011268,"MBB_hard_pulp",0.086896593,1.2371795285855,0.500882400237043
"291609580489998","MBB_BAU",2016,"MBB","soft_pulp",0,"MBB_soft_pulp",0.019591182,0,0
"291609580489998","MBB_BAU",2016,"MBB","hard_saw",59.4762271310387,"MBB_hard_saw",0.058759811,3.49481186521291,1.41490358915502
"291609580489998","MBB_BAU",2016,"MBB","soft_saw",0,"MBB_soft_saw",0.056478352,0,0
"291609580489998","MBB_BAU",2021,"MBB","hard_pulp",10.1395364672882,"MBB_hard_pulp",0.086896593,0.881091173606596,0.356717074334654
"291609580489998","MBB_BAU",2021,"MBB","soft_pulp",0,"MBB_soft_pulp",0.019591182,0,0
"291609580489998","MBB_BAU",2021,"MBB","hard_saw",37.4446408768289,"MBB_hard_saw",0.058759811,2.20024002088534,0.890785433556819
"291609580489998","MBB_BAU",2021,"MBB","soft_saw",0,"MBB_soft_saw",0.056478352,0,0
"291609580489998","MBB_BAU",2026,"MBB","hard_pulp",2.17719021758154,"MBB_hard_pulp",0.086896593,0.189190412220765,0.0765953085914028
"291609580489998","MBB_BAU",2026,"MBB","soft_pulp",0,"MBB_soft_pulp",0.019591182,0,0
"291609580489998","MBB_BAU",2026,"MBB","hard_saw",8.32421851664939,"MBB_hard_saw",0.058759811,0.489129506761019,0.198028140389076
"291609580489998","MBB_BAU",2026,"MBB","soft_saw",0,"MBB_soft_saw",0.056478352,0,0
"291609600489998","MBB_BAU",2016,"MBB","hard_pulp",1.28095357784738,"MBB_hard_pulp",0.086896593,0.111310501706097,0.0450649804478127
"291609600489998","MBB_BAU",2016,"MBB","soft_pulp",0,"MBB_soft_pulp",0.019591182,0,0
"291609600489998","MBB_BAU",2016,"MBB","hard_saw",4.38506299464496,"MBB_hard_saw",0.058759811,0.257665472788432,0.104318005177503
"291609600489998","MBB_BAU",2016,"MBB","soft_saw",0,"MBB_soft_saw",0.056478352,0,0
"291609600489998","MBB_BAU",2021,"MBB","hard_pulp",0.266761062782261,"MBB_hard_pulp",0.086896593,0.0231806275008376,0.00938486943353748
"291609600489998","MBB_BAU",2021,"MBB","soft_pulp",0,"MBB_soft_pulp",0.019591182,0,0
"291609600489998","MBB_BAU",2021,"MBB","hard_saw",0.761219298401285,"MBB_hard_saw",0.058759811,0.0447291021036121,0.0181089482200859
"291609600489998","MBB_BAU",2021,"MBB","soft_saw",0,"MBB_soft_saw",0.056478352,0,0
"291609682489998","MBB_BAU",2015,"MBB","hard_pulp",9.75243748647459,"MBB_hard_pulp",0.086896593,0.847453591020125,0.343098619846205
"291609682489998","MBB_BAU",2015,"MBB","soft_pulp",6.03357203749064,"MBB_soft_pulp",0.019591182,0.11820480789659,0.0478561975289838
"291609682489998","MBB_BAU",2015,"MBB","hard_saw",34.4487262017114,"MBB_hard_saw",0.058759811,2.02420064080331,0.819514429475025
"291609682489998","MBB_BAU",2015,"MBB","soft_saw",1.75844702587104,"MBB_soft_saw",0.056478352,0.0993141901004977,0.0402081741297561
"291609682489998","MBB_BAU",2020,"MBB","hard_pulp",2.75555825049959,"MBB_hard_pulp",0.086896593,0.239448623781455,0.0969427626645568
"291609682489998","MBB_BAU",2020,"MBB","soft_pulp",1.5092203212728,"MBB_soft_pulp",0.019591182,0.0295674099921539,0.0119706113328558
"291609682489998","MBB_BAU",2020,"MBB","hard_saw",10.5250932578342,"MBB_hard_saw",0.058759811,0.618452490587712,0.250385623719721
"291609682489998","MBB_BAU",2020,"MBB","soft_saw",0.626353368103123,"MBB_soft_saw",0.056478352,0.0353754060001137,0.0143220267206938
"291609727489998","MBB_BAU",2016,"MBB","hard_pulp",23.870253798745,"MBB_hard_pulp",0.086896593,2.07424372915625,0.839774789132085
"291609727489998","MBB_BAU",2016,"MBB","soft_pulp",0.136737749142416,"MBB_soft_pulp",0.019591182,0.00267885412971942,0.00108455632782163
"291609727489998","MBB_BAU",2016,"MBB","hard_saw",78.4417076763422,"MBB_hard_saw",0.058759811,4.60921991757912,1.86608093829114
"291609727489998","MBB_BAU",2016,"MBB","soft_saw",17.8670258795788,"MBB_soft_saw",0.056478352,1.00910017681996,0.408542581708486
"291609727489998","MBB_BAU",2021,"MBB","hard_pulp",13.4656816328512,"MBB_hard_pulp",0.086896593,1.17012185631744,0.473733545067791
"291609727489998","MBB_BAU",2021,"MBB","soft_pulp",0.0752085669593682,"MBB_soft_pulp",0.019591182,0.00147342472326017,0.000596528228040554
"291609727489998","MBB_BAU",2021,"MBB","hard_saw",45.3061659443753,"MBB_hard_saw",0.058759811,2.66218174802613,1.07780637571908
"291609727489998","MBB_BAU",2021,"MBB","soft_saw",9.53644651607359,"MBB_soft_saw",0.056478352,0.538602783163978,0.218057806948979
"291609727489998","MBB_BAU",2026,"MBB","hard_pulp",4.44635661173073,"MBB_hard_pulp",0.086896593,0.386373240822424,0.156426413288431
"291609727489998","MBB_BAU",2026,"MBB","soft_pulp",0.02242471619892,"MBB_soft_pulp",0.019591182,0.00043932669635139,0.000177865059251575
"291609727489998","MBB_BAU",2026,"MBB","hard_saw",15.4558997530738,"MBB_hard_saw",0.058759811,0.908185748325562,0.367686537783628
"291609727489998","MBB_BAU",2026,"MBB","soft_saw",3.08115587118331,"MBB_soft_saw",0.056478352,0.174018605859558,0.0704528768662177
"291609727489998","MBB_BAU",2031,"MBB","hard_pulp",1.14773384966538,"MBB_hard_pulp",0.086896593,0.0997341612066955,0.0403782029176905
"291609727489998","MBB_BAU",2031,"MBB","soft_pulp",0.00593229547245198,"MBB_soft_pulp",0.019591182,0.000116220680278583,4.70529069953776e-05
"291609727489998","MBB_BAU",2031,"MBB","hard_saw",4.71168500699446,"MBB_hard_saw",0.058759811,0.276857720502528,0.11208814595244
"291609727489998","MBB_BAU",2031,"MBB","soft_saw",0.867894845416611,"MBB_soft_saw",0.056478352,0.049017270578425,0.0198450488171761
"291609727489998","MBB_BAU",2036,"MBB","hard_pulp",0.571762783047936,"MBB_hard_pulp",0.086896593,0.0496842378510638,0.0201150760530623
"291609727489998","MBB_BAU",2036,"MBB","soft_pulp",0.00274026836702563,"MBB_soft_pulp",0.019591182,5.36850963072419e-05,2.17348568045514e-05
"291609727489998","MBB_BAU",2036,"MBB","hard_saw",2.48194468620842,"MBB_hard_saw",0.058759811,0.145838600674061,0.0590439678842353
"291609727489998","MBB_BAU",2036,"MBB","soft_saw",0.427755908534311,"MBB_soft_saw",0.056478352,0.0241589487722806,0.00978095091995167
"291609727489998","MBB_BAU",2041,"MBB","hard_pulp",1.03421200817063,"MBB_hard_pulp",0.086896593,0.0898694999497155,0.0363844129351075
"291609727489998","MBB_BAU",2041,"MBB","soft_pulp",0.0829445673604377,"MBB_soft_pulp",0.019591182,0.00162498211506959,0.000657887495979593
"291609727489998","MBB_BAU",2041,"MBB","hard_saw",4.16523858178424,"MBB_hard_saw",0.058759811,0.24474863183555,0.099088514913178
"291609727489998","MBB_BAU",2041,"MBB","soft_saw",0.708642129009809,"MBB_soft_saw",0.056478352,0.0400229396042454,0.0162036192729738
"291609728489998","MBB_BAU",2016,"MBB","hard_pulp",4.21050995519875,"MBB_hard_pulp",0.086896593,0.365878969899354,0.148129137611074
"291609728489998","MBB_BAU",2016,"MBB","soft_pulp",0,"MBB_soft_pulp",0.019591182,0,0
"291609728489998","MBB_BAU",2016,"MBB","hard_saw",10.7118311837075,"MBB_hard_saw",0.058759811,0.629425175818557,0.254828006404274
"291609728489998","MBB_BAU",2016,"MBB","soft_saw",0,"MBB_soft_saw",0.056478352,0,0
"291609728489998","MBB_BAU",2021,"MBB","hard_pulp",1.82913059260144,"MBB_hard_pulp",0.086896593,0.158945216649136,0.0643502901413506
"291609728489998","MBB_BAU",2021,"MBB","soft_pulp",0,"MBB_soft_pulp",0.019591182,0,0
"291609728489998","MBB_BAU",2021,"MBB","hard_saw",4.42244939794913,"MBB_hard_saw",0.058759811,0.259862290780555,0.105207405174314
"291609728489998","MBB_BAU",2021,"MBB","soft_saw",0,"MBB_soft_saw",0.056478352,0,0
"291609728489998","MBB_BAU",2036,"MBB","hard_pulp",8.36536588169887,"MBB_hard_pulp",0.086896593,0.726921794318073,0.294300321586264
"291609728489998","MBB_BAU",2036,"MBB","soft_pulp",0,"MBB_soft_pulp",0.019591182,0,0
"291609728489998","MBB_BAU",2036,"MBB","hard_saw",24.1800151350616,"MBB_hard_saw",0.058759811,1.42081311931336,0.575227983527676
"291609728489998","MBB_BAU",2036,"MBB","soft_saw",0,"MBB_soft_saw",0.056478352,0,0
"291609728489998","MBB_BAU",2041,"MBB","hard_pulp",4.66562762090728,"MBB_hard_pulp",0.086896593,0.405427144463539,0.164140544317222
"291609728489998","MBB_BAU",2041,"MBB","soft_pulp",0,"MBB_soft_pulp",0.019591182,0,0
"291609728489998","MBB_BAU",2041,"MBB","hard_saw",14.9189369505736,"MBB_hard_saw",0.058759811,0.876633915536622,0.354912516411588
"291609728489998","MBB_BAU",2041,"MBB","soft_saw",0,"MBB_soft_saw",0.056478352,0,0
"291609758489998","MBB_BAU",2015,"MBB","hard_pulp",5.17315347209556,"MBB_hard_pulp",0.086896593,0.449529411791224,0.181995713275799
"291609758489998","MBB_BAU",2015,"MBB","soft_pulp",0,"MBB_soft_pulp",0.019591182,0,0
"291609758489998","MBB_BAU",2015,"MBB","hard_saw",12.6148423926506,"MBB_hard_saw",0.058759811,0.741245754786938,0.300099495865157
"291609758489998","MBB_BAU",2015,"MBB","soft_saw",0,"MBB_soft_saw",0.056478352,0,0
"291609878489998","MBB_BAU",2016,"MBB","hard_pulp",3.23405794853312,"MBB_hard_pulp",0.086896593,0.281028617292098,0.113776768134452
"291609878489998","MBB_BAU",2016,"MBB","soft_pulp",0,"MBB_soft_pulp",0.019591182,0,0
"291609878489998","MBB_BAU",2016,"MBB","hard_saw",3.69630588975393,"MBB_hard_saw",0.058759811,0.217194235480128,0.0879328888583512
"291609878489998","MBB_BAU",2016,"MBB","soft_saw",0,"MBB_soft_saw",0.056478352,0,0
"291609878489998","MBB_BAU",2036,"MBB","hard_pulp",1.33774098787908,"MBB_hard_pulp",0.086896593,0.116245134163146,0.0470628073535004
"291609878489998","MBB_BAU",2036,"MBB","soft_pulp",0,"MBB_soft_pulp",0.019591182,0,0
"291609878489998","MBB_BAU",2036,"MBB","hard_saw",6.92271305667279,"MBB_hard_saw",0.058759811,0.406777310817325,0.164687170371387
"291609878489998","MBB_BAU",2036,"MBB","soft_saw",0,"MBB_soft_saw",0.056478352,0,0
"291609878489998","MBB_BAU",2041,"MBB","hard_pulp",1.24922172171898,"MBB_hard_pulp",0.086896593,0.108553111518973,0.0439486281453333
"291609878489998","MBB_BAU",2041,"MBB","soft_pulp",0,"MBB_soft_pulp",0.019591182,0,0
"291609878489998","MBB_BAU",2041,"MBB","hard_saw",9.32003560915935,"MBB_hard_saw",0.058759811,0.547643530907474,0.221718028707479
"291609878489998","MBB_BAU",2041,"MBB","soft_saw",0,"MBB_soft_saw",0.056478352,0,0
"291609880489998","MBB_BAU",2015,"MBB","hard_pulp",6.02025519147665,"MBB_hard_pulp",0.086896593,0.523139665129884,0.211797435275257
"291609880489998","MBB_BAU",2015,"MBB","soft_pulp",0,"MBB_soft_pulp",0.019591182,0,0
"291609880489998","MBB_BAU",2015,"MBB","hard_saw",17.5922081783892,"MBB_hard_saw",0.058759811,1.03371482763481,0.418508027382512
"291609880489998","MBB_BAU",2015,"MBB","soft_saw",0,"MBB_soft_saw",0.056478352,0,0
"291609880489998","MBB_BAU",2020,"MBB","hard_pulp",4.87406296473628,"MBB_hard_pulp",0.086896593,0.423539465703062,0.171473467895976
"291609880489998","MBB_BAU",2020,"MBB","soft_pulp",0,"MBB_soft_pulp",0.019591182,0,0
"291609880489998","MBB_BAU",2020,"MBB","hard_saw",12.3133435644613,"MBB_hard_saw",0.058759811,0.72352974062581,0.292927020496279
"291609880489998","MBB_BAU",2020,"MBB","soft_saw",0,"MBB_soft_saw",0.056478352,0,0
"291609881489998","MBB_BAU",2016,"MBB","hard_pulp",4.66567628435951,"MBB_hard_pulp",0.086896593,0.405431373151741,0.164142256336737
"291609881489998","MBB_BAU",2016,"MBB","soft_pulp",0,"MBB_soft_pulp",0.019591182,0,0
"291609881489998","MBB_BAU",2016,"MBB","hard_saw",8.08551888392966,"MBB_hard_saw",0.058759811,0.475103561456638,0.19234962002293
"291609881489998","MBB_BAU",2016,"MBB","soft_saw",0,"MBB_soft_saw",0.056478352,0,0
"291609881489998","MBB_BAU",2021,"MBB","hard_pulp",4.01605846575565,"MBB_hard_pulp",0.086896593,0.348981797962973,0.141288177312944
"291609881489998","MBB_BAU",2021,"MBB","soft_pulp",0,"MBB_soft_pulp",0.019591182,0,0
"291609881489998","MBB_BAU",2021,"MBB","hard_saw",7.05701939536402,"MBB_hard_saw",0.058759811,0.414669125894924,0.167882237204423
"291609881489998","MBB_BAU",2021,"MBB","soft_saw",0,"MBB_soft_saw",0.056478352,0,0
"291609881489998","MBB_BAU",2026,"MBB","hard_pulp",0.883118377566081,"MBB_hard_pulp",0.086896593,0.07673997822618,0.0310688170956194
"291609881489998","MBB_BAU",2026,"MBB","soft_pulp",0,"MBB_soft_pulp",0.019591182,0,0
"291609881489998","MBB_BAU",2026,"MBB","hard_saw",1.81609346170751,"MBB_hard_saw",0.058759811,0.106713308568269,0.043203768651121
"291609881489998","MBB_BAU",2026,"MBB","soft_saw",0,"MBB_soft_saw",0.056478352,0,0
"291609881489998","MBB_BAU",2036,"MBB","hard_pulp",0.00888708848596325,"MBB_hard_pulp",0.086896593,0.000772257711119735,0.000312654943773172
"291609881489998","MBB_BAU",2036,"MBB","soft_pulp",0,"MBB_soft_pulp",0.019591182,0,0
"291609881489998","MBB_BAU",2036,"MBB","hard_saw",0.0251489027401904,"MBB_hard_saw",0.058759811,0.00147774477187097,0.00059827723557529
"291609881489998","MBB_BAU",2036,"MBB","soft_saw",0,"MBB_soft_saw",0.056478352,0,0
"291609881489998","MBB_BAU",2041,"MBB","hard_pulp",0.738123171246809,"MBB_hard_pulp",0.086896593,0.0641403887957033,0.0259677687431997
"291609881489998","MBB_BAU",2041,"MBB","soft_pulp",0,"MBB_soft_pulp",0.019591182,0,0
"291609881489998","MBB_BAU",2041,"MBB","hard_saw",2.34731538890396,"MBB_hard_saw",0.058759811,0.137927808609388,0.0558412180604811
"291609881489998","MBB_BAU",2041,"MBB","soft_saw",0,"MBB_soft_saw",0.056478352,0,0
"335231305489998","MBB_BAU",2016,"MBB","hard_pulp",22.9692955462434,"MBB_hard_pulp",0.086896593,1.99595352657862,0.808078350841548
"335231305489998","MBB_BAU",2016,"MBB","soft_pulp",1.96861218145734,"MBB_soft_pulp",0.019591182,0.0385674395343479,0.0156143479896145
"335231305489998","MBB_BAU",2016,"MBB","hard_saw",45.5616917486698,"MBB_hard_saw",0.058759811,2.6771963959921,1.0838851805636
"335231305489998","MBB_BAU",2016,"MBB","soft_saw",0,"MBB_soft_saw",0.056478352,0,0
"335231305489998","MBB_BAU",2021,"MBB","hard_pulp",11.2137778443581,"MBB_hard_pulp",0.086896593,0.974439089333605,0.394509752766642
"335231305489998","MBB_BAU",2021,"MBB","soft_pulp",1.35255629327298,"MBB_soft_pulp",0.019591182,0.0264981765067564,0.0107280066828973
"335231305489998","MBB_BAU",2021,"MBB","hard_saw",31.22710138412,"MBB_hard_saw",0.058759811,1.83489857540873,0.742873917169526
"335231305489998","MBB_BAU",2021,"MBB","soft_saw",0,"MBB_soft_saw",0.056478352,0,0
"335231305489998","MBB_BAU",2031,"MBB","hard_pulp",3.74214319722062,"MBB_hard_pulp",0.086896593,0.325179494356599,0.131651617148421
"335231305489998","MBB_BAU",2031,"MBB","soft_pulp",0.0963432355605066,"MBB_soft_pulp",0.019591182,0.00188747786233476,0.000764161077868323
"335231305489998","MBB_BAU",2031,"MBB","hard_saw",16.3282260808084,"MBB_hard_saw",0.058759811,0.959443478473573,0.388438655252459
"335231305489998","MBB_BAU",2031,"MBB","soft_saw",0.700015513761853,"MBB_soft_saw",0.056478352,0.0395357225917028,0.016006365421742
"335231305489998","MBB_BAU",2036,"MBB","hard_pulp",1.0757319465538,"MBB_hard_pulp",0.086896593,0.0934774411367835,0.0378451178691431
"335231305489998","MBB_BAU",2036,"MBB","soft_pulp",0.0289098612221305,"MBB_soft_pulp",0.019591182,0.0005663783527975,0.000229302976841093
"335231305489998","MBB_BAU",2036,"MBB","hard_saw",5.48174864490731,"MBB_hard_saw",0.058759811,0.32210651432426,0.130407495677838
"335231305489998","MBB_BAU",2036,"MBB","soft_saw",0.261963849309818,"MBB_soft_saw",0.056478352,0.0147952864925948,0.00598999453141491
"335231305489998","MBB_BAU",2041,"MBB","hard_pulp",0.841569827218515,"MBB_hard_pulp",0.086896593,0.0731295507568877,0.0296071055695901
"335231305489998","MBB_BAU",2041,"MBB","soft_pulp",0.390569151991885,"MBB_soft_pulp",0.019591182,0.00765171134025868,0.00309785884220999
"335231305489998","MBB_BAU",2041,"MBB","hard_saw",6.45938654913474,"MBB_hard_saw",0.058759811,0.379552332803099,0.153664912066032
"335231305489998","MBB_BAU",2041,"MBB","soft_saw",0.319050951050254,"MBB_soft_saw",0.056478352,0.018019471919351,0.00729533276087085
"335231747489998","MBB_BAU",2016,"MBB","hard_pulp",27.9931969539207,"MBB_hard_pulp",0.086896593,2.43251344247368,0.98482325606222
"335231747489998","MBB_BAU",2016,"MBB","soft_pulp",3.28905583924405,"MBB_soft_pulp",0.019591182,0.064436491554793,0.0260876484027502
"335231747489998","MBB_BAU",2016,"MBB","hard_saw",56.0298550193127,"MBB_hard_saw",0.058759811,3.29230369129222,1.33291647420737
"335231747489998","MBB_BAU",2016,"MBB","soft_saw",3.49190504986738,"MBB_soft_saw",0.056478352,0.197217042556987,0.0798449565008046
"335231747489998","MBB_BAU",2021,"MBB","hard_pulp",15.6852941016286,"MBB_hard_pulp",0.086896593,1.36299861763452,0.55182130268604
"335231747489998","MBB_BAU",2021,"MBB","soft_pulp",1.30637327924219,"MBB_soft_pulp",0.019591182,0.0255933966735706,0.0103616990581258
"335231747489998","MBB_BAU",2021,"MBB","hard_saw",37.1941626377895,"MBB_hard_saw",0.058759811,2.18552196689977,0.884826707246871
"335231747489998","MBB_BAU",2021,"MBB","soft_saw",3.01777278732114,"MBB_soft_saw",0.056478352,0.170438833738344,0.0690035764122851
"335231747489998","MBB_BAU",2026,"MBB","hard_pulp",7.72921205171626,"MBB_hard_pulp",0.086896593,0.671642193868683,0.271919916546026
"335231747489998","MBB_BAU",2026,"MBB","soft_pulp",1.40978299577273,"MBB_soft_pulp",0.019591182,0.0276193152506888,0.011181909008376
"335231747489998","MBB_BAU",2026,"MBB","hard_saw",21.8840574774902,"MBB_hard_saw",0.058759811,1.28590308129046,0.520608534935408
"335231747489998","MBB_BAU",2026,"MBB","soft_saw",1.76306409887759,"MBB_soft_saw",0.056478352,0.0995749547749714,0.0403137468724581
"335231747489998","MBB_BAU",2036,"MBB","hard_pulp",4.04795187589445,"MBB_hard_pulp",0.086896593,0.351753226643187,0.142410213215865
"335231747489998","MBB_BAU",2036,"MBB","soft_pulp",0.693778510709857,"MBB_soft_pulp",0.019591182,0.0135919410710058,0.00550281015020476
"335231747489998","MBB_BAU",2036,"MBB","hard_saw",11.8413737358467,"MBB_hard_saw",0.058759811,0.695796882698717,0.281699142793003
"335231747489998","MBB_BAU",2036,"MBB","soft_saw",0.941256846810935,"MBB_soft_saw",0.056478352,0.0531606355165981,0.021522524500647
"335231747489998","MBB_BAU",2041,"MBB","hard_pulp",0.853336050433365,"MBB_hard_pulp",0.086896593,0.0741519954667356,0.0300210507962492
"335231747489998","MBB_BAU",2041,"MBB","soft_pulp",0.11402395189523,"MBB_soft_pulp",0.019591182,0.0022338639939387,0.000904398378112834
"335231747489998","MBB_BAU",2041,"MBB","hard_saw",2.80399148792594,"MBB_hard_saw",0.058759811,0.164762009876137,0.0667052671563307
"335231747489998","MBB_BAU",2041,"MBB","soft_saw",0.27045370767477,"MBB_soft_saw",0.056478352,0.0152747797017608,0.00618412133674525
"335232165489998","MBB_BAU",2016,"MBB","hard_pulp",9.46190112509718,"MBB_hard_pulp",0.086896593,0.822206971073811,0.332877316224215
"335232165489998","MBB_BAU",2016,"MBB","soft_pulp",0.533900111390684,"MBB_soft_pulp",0.019591182,0.0104597342520752,0.00423471022351221
"335232165489998","MBB_BAU",2016,"MBB","hard_saw",68.8286534619284,"MBB_hard_saw",0.058759811,4.04435866880741,1.63739217360624
"335232165489998","MBB_BAU",2016,"MBB","soft_saw",16.1504854882395,"MBB_soft_saw",0.056478352,0.912152804375683,0.369292633350479
"335232165489998","MBB_BAU",2021,"MBB","hard_pulp",8.47581526809247,"MBB_hard_pulp",0.086896593,0.736519469694617,0.298186020119278
"335232165489998","MBB_BAU",2021,"MBB","soft_pulp",0.311779996582815,"MBB_soft_pulp",0.019591182,0.0061081386570133,0.00247293063036976
"335232165489998","MBB_BAU",2021,"MBB","hard_saw",44.537368372229,"MBB_hard_saw",0.058759811,2.61700734798955,1.05951714493504
"335232165489998","MBB_BAU",2021,"MBB","soft_saw",10.2696759750082,"MBB_soft_saw",0.056478352,0.580014374642455,0.234823633458484
"386053932489998","MBB_BAU",2021,"MBB","hard_pulp",7.14477208096768,"MBB_hard_pulp",0.086896593,0.620856351597612,0.251358846800652
"386053932489998","MBB_BAU",2021,"MBB","soft_pulp",0,"MBB_soft_pulp",0.019591182,0,0
"386053932489998","MBB_BAU",2021,"MBB","hard_saw",48.94482601799,"MBB_hard_saw",0.058759811,2.87598872624497,1.16436790536234
"386053932489998","MBB_BAU",2021,"MBB","soft_saw",0,"MBB_soft_saw",0.056478352,0,0
"386053932489998","MBB_BAU",2031,"MBB","hard_pulp",1.38352691978367,"MBB_hard_pulp",0.086896593,0.120223775652985,0.0486735933817755
"386053932489998","MBB_BAU",2031,"MBB","soft_pulp",0,"MBB_soft_pulp",0.019591182,0,0
"386053932489998","MBB_BAU",2031,"MBB","hard_saw",8.0036825932931,"MBB_hard_saw",0.058759811,0.470294876485893,0.190402784002386
"386053932489998","MBB_BAU",2031,"MBB","soft_saw",0,"MBB_soft_saw",0.056478352,0,0
"386053995489998","MBB_BAU",2016,"MBB","hard_pulp",16.0277708110327,"MBB_hard_pulp",0.086896593,1.39275867686359,0.563869909661371
"386053995489998","MBB_BAU",2016,"MBB","soft_pulp",0,"MBB_soft_pulp",0.019591182,0,0
"386053995489998","MBB_BAU",2016,"MBB","hard_saw",46.981233349486,"MBB_hard_saw",0.058759811,2.7606083921627,1.11765521949907
"386053995489998","MBB_BAU",2016,"MBB","soft_saw",0,"MBB_soft_saw",0.056478352,0,0
"386053995489998","MBB_BAU",2026,"MBB","hard_pulp",3.40797292802652,"MBB_hard_pulp",0.086896593,0.296141236481738,0.119895237441999
"386053995489998","MBB_BAU",2026,"MBB","soft_pulp",0,"MBB_soft_pulp",0.019591182,0,0
"386053995489998","MBB_BAU",2026,"MBB","hard_saw",11.7354483188943,"MBB_hard_saw",0.058759811,0.689572725218495,0.279179240979148
"386053995489998","MBB_BAU",2026,"MBB","soft_saw",0,"MBB_soft_saw",0.056478352,0,0
"386054030489998","MBB_BAU",2016,"MBB","hard_pulp",0.918552726320555,"MBB_hard_pulp",0.086896593,0.0798191024081177,0.032315426076161
"386054030489998","MBB_BAU",2016,"MBB","soft_pulp",0,"MBB_soft_pulp",0.019591182,0,0
"386054030489998","MBB_BAU",2016,"MBB","hard_saw",2.48719930108644,"MBB_hard_saw",0.058759811,0.146147360851172,0.0591689720045229
"386054030489998","MBB_BAU",2016,"MBB","soft_saw",0,"MBB_soft_saw",0.056478352,0,0
"386054036489998","MBB_BAU",2022,"MBB","hard_pulp",5.58569491016832,"MBB_hard_pulp",0.086896593,0.485377857231068,0.196509253939704
"386054036489998","MBB_BAU",2022,"MBB","soft_pulp",0,"MBB_soft_pulp",0.019591182,0,0
"386054036489998","MBB_BAU",2022,"MBB","hard_saw",18.4764183559768,"MBB_hard_saw",0.058759811,1.08567085055413,0.439542854475355
"386054036489998","MBB_BAU",2022,"MBB","soft_saw",0,"MBB_soft_saw",0.056478352,0,0
"386054058489998","MBB_BAU",2017,"MBB","hard_pulp",3.18091105675596,"MBB_hard_pulp",0.086896593,0.276410333468122,0.11190701759843
"386054058489998","MBB_BAU",2017,"MBB","soft_pulp",0,"MBB_soft_pulp",0.019591182,0,0
"386054058489998","MBB_BAU",2017,"MBB","hard_saw",14.3462314610696,"MBB_hard_saw",0.058759811,0.842981849214704,0.341288198062633
"386054058489998","MBB_BAU",2017,"MBB","soft_saw",0,"MBB_soft_saw",0.056478352,0,0
"386054062489998","MBB_BAU",2017,"MBB","hard_pulp",9.43022272688966,"MBB_hard_pulp",0.086896593,0.819454226197881,0.331762844614527
"386054062489998","MBB_BAU",2017,"MBB","soft_pulp",0,"MBB_soft_pulp",0.019591182,0,0
"386054062489998","MBB_BAU",2017,"MBB","hard_saw",38.2898625598728,"MBB_hard_saw",0.058759811,2.2499050872341,0.910892747868058
"386054062489998","MBB_BAU",2017,"MBB","soft_saw",0,"MBB_soft_saw",0.056478352,0,0
"386054062489998","MBB_BAU",2022,"MBB","hard_pulp",4.07754715458403,"MBB_hard_pulp",0.086896593,0.354324955530197,0.14345139900008
"386054062489998","MBB_BAU",2022,"MBB","soft_pulp",0,"MBB_soft_pulp",0.019591182,0,0
"386054062489998","MBB_BAU",2022,"MBB","hard_saw",14.5131446455634,"MBB_hard_saw",0.058759811,0.852789636388969,0.345258962100797
"386054062489998","MBB_BAU",2022,"MBB","soft_saw",0,"MBB_soft_saw",0.056478352,0,0
"386054067489998","MBB_BAU",2017,"MBB","hard_pulp",25.4527544413977,"MBB_hard_pulp",0.086896593,2.21175764342307,0.895448438632824
"386054067489998","MBB_BAU",2017,"MBB","soft_pulp",0,"MBB_soft_pulp",0.019591182,0,0
"386054067489998","MBB_BAU",2017,"MBB","hard_saw",131.009043277087,"MBB_hard_saw",0.058759811,7.69806662225244,3.11662616285524
"386054067489998","MBB_BAU",2017,"MBB","soft_saw",0,"MBB_soft_saw",0.056478352,0,0
"386054067489998","MBB_BAU",2022,"MBB","hard_pulp",11.7587555538807,"MBB_hard_pulp",0.086896593,1.02179579555206,0.413682508320673
"386054067489998","MBB_BAU",2022,"MBB","soft_pulp",0,"MBB_soft_pulp",0.019591182,0,0
"386054067489998","MBB_BAU",2022,"MBB","hard_saw",80.1879628327301,"MBB_hard_saw",0.058759811,4.71182954052624,1.90762329575961
"386054067489998","MBB_BAU",2022,"MBB","soft_saw",0,"MBB_soft_saw",0.056478352,0,0
"386054067489998","MBB_BAU",2027,"MBB","hard_pulp",5.3356846741161,"MBB_hard_pulp",0.086896593,0.463652819503004,0.187713692106479
"386054067489998","MBB_BAU",2027,"MBB","soft_pulp",0,"MBB_soft_pulp",0.019591182,0,0
"386054067489998","MBB_BAU",2027,"MBB","hard_saw",37.3696739417587,"MBB_hard_saw",0.058759811,2.19583497794937,0.889002015364116
"386054067489998","MBB_BAU",2027,"MBB","soft_saw",0,"MBB_soft_saw",0.056478352,0,0
"386054067489998","MBB_BAU",2032,"MBB","hard_pulp",1.92827941457958,"MBB_hard_pulp",0.086896593,0.167560911479,0.0678384256999999
"386054067489998","MBB_BAU",2032,"MBB","soft_pulp",0,"MBB_soft_pulp",0.019591182,0,0
"386054067489998","MBB_BAU",2032,"MBB","hard_saw",14.3002281616953,"MBB_hard_saw",0.058759811,0.840278704038096,0.340193807302873
"386054067489998","MBB_BAU",2032,"MBB","soft_saw",0,"MBB_soft_saw",0.056478352,0,0
"386054080489998","MBB_BAU",2017,"MBB","hard_pulp",0.137534034462949,"MBB_hard_pulp",0.086896593,0.0119512390163748,0.00483855830622463
"386054080489998","MBB_BAU",2017,"MBB","soft_pulp",0,"MBB_soft_pulp",0.019591182,0,0
"386054080489998","MBB_BAU",2017,"MBB","hard_saw",0.308745034409575,"MBB_hard_saw",0.058759811,0.0181417998690951,0.00734485824659721
"386054080489998","MBB_BAU",2017,"MBB","soft_saw",0,"MBB_soft_saw",0.056478352,0,0
"386054085489998","MBB_BAU",2016,"MBB","hard_pulp",21.5019595113897,"MBB_hard_pulp",0.086896593,1.86844702436371,0.756456285167492
"386054085489998","MBB_BAU",2016,"MBB","soft_pulp",0,"MBB_soft_pulp",0.019591182,0,0
"386054085489998","MBB_BAU",2016,"MBB","hard_saw",32.5252429292223,"MBB_hard_saw",0.058759811,1.91117712725019,0.773755921963639
"386054085489998","MBB_BAU",2016,"MBB","soft_saw",0,"MBB_soft_saw",0.056478352,0,0
"386054085489998","MBB_BAU",2021,"MBB","hard_pulp",7.97913964395012,"MBB_hard_pulp",0.086896593,0.693360050130499,0.280712570903036
"386054085489998","MBB_BAU",2021,"MBB","soft_pulp",0,"MBB_soft_pulp",0.019591182,0,0
"386054085489998","MBB_BAU",2021,"MBB","hard_saw",11.858645288777,"MBB_hard_saw",0.058759811,0.696811755884574,0.282110022625334
"386054085489998","MBB_BAU",2021,"MBB","soft_saw",0,"MBB_soft_saw",0.056478352,0,0
"386054098489998","MBB_BAU",2026,"MBB","hard_pulp",12.3995595925298,"MBB_hard_pulp",0.086896593,1.07747948329131,0.436226511453971
"386054098489998","MBB_BAU",2026,"MBB","soft_pulp",0,"MBB_soft_pulp",0.019591182,0,0
"386054098489998","MBB_BAU",2026,"MBB","hard_saw",32.2482393509513,"MBB_hard_saw",0.058759811,1.89490044934466,0.767166173823749
"386054098489998","MBB_BAU",2026,"MBB","soft_saw",0,"MBB_soft_saw",0.056478352,0,0
"386054098489998","MBB_BAU",2031,"MBB","hard_pulp",4.28474570768737,"MBB_hard_pulp",0.086896593,0.372329803869406,0.15074081128316
"386054098489998","MBB_BAU",2031,"MBB","soft_pulp",0,"MBB_soft_pulp",0.019591182,0,0
"386054098489998","MBB_BAU",2031,"MBB","hard_saw",13.0045644364304,"MBB_hard_saw",0.058759811,0.764145748421974,0.309370748348977
"386054098489998","MBB_BAU",2031,"MBB","soft_saw",0,"MBB_soft_saw",0.056478352,0,0
"386054098489998","MBB_BAU",2036,"MBB","hard_pulp",0.484046738084129,"MBB_hard_pulp",0.086896593,0.0420620123922741,0.0170291548146859
"386054098489998","MBB_BAU",2036,"MBB","soft_pulp",0,"MBB_soft_pulp",0.019591182,0,0
"386054098489998","MBB_BAU",2036,"MBB","hard_saw",1.50009617866048,"MBB_hard_saw",0.058759811,0.0881453679399122,0.0356863837813409
"386054098489998","MBB_BAU",2036,"MBB","soft_saw",0,"MBB_soft_saw",0.056478352,0,0
"386054140489998","MBB_BAU",2016,"MBB","hard_pulp",15.4293202404316,"MBB_hard_pulp",0.086896593,1.34075536119945,0.542815935708278
"386054140489998","MBB_BAU",2016,"MBB","soft_pulp",0,"MBB_soft_pulp",0.019591182,0,0
"386054140489998","MBB_BAU",2016,"MBB","hard_saw",43.7744422838272,"MBB_hard_saw",0.058759811,2.5721779552281,1.04136759320976
"386054140489998","MBB_BAU",2016,"MBB","soft_saw",0,"MBB_soft_saw",0.056478352,0,0
"386054140489998","MBB_BAU",2021,"MBB","hard_pulp",9.74741808656442,"MBB_hard_pulp",0.086896593,0.847017422269027,0.342922033307298
"386054140489998","MBB_BAU",2021,"MBB","soft_pulp",0,"MBB_soft_pulp",0.019591182,0,0
"386054140489998","MBB_BAU",2021,"MBB","hard_saw",23.7850566532348,"MBB_hard_saw",0.058759811,1.39760543356837,0.56583215933942
"386054140489998","MBB_BAU",2021,"MBB","soft_saw",0,"MBB_soft_saw",0.056478352,0,0
"386054297489998","MBB_BAU",2016,"MBB","hard_pulp",12.4462613635466,"MBB_hard_pulp",0.086896593,1.08153770807973,0.437869517441186
"386054297489998","MBB_BAU",2016,"MBB","soft_pulp",0,"MBB_soft_pulp",0.019591182,0,0
"386054297489998","MBB_BAU",2016,"MBB","hard_saw",65.3879702859519,"MBB_hard_saw",0.058759811,3.84218477567615,1.55554039501059
"386054297489998","MBB_BAU",2016,"MBB","soft_saw",0,"MBB_soft_saw",0.056478352,0,0
"386054297489998","MBB_BAU",2021,"MBB","hard_pulp",5.72596055187527,"MBB_hard_pulp",0.086896593,0.497566463610361,0.201443912392859
"386054297489998","MBB_BAU",2021,"MBB","soft_pulp",0,"MBB_soft_pulp",0.019591182,0,0
"386054297489998","MBB_BAU",2021,"MBB","hard_saw",29.1675388265218,"MBB_hard_saw",0.058759811,1.71387906878158,0.693878165498615
"386054297489998","MBB_BAU",2021,"MBB","soft_saw",0,"MBB_soft_saw",0.056478352,0,0
"386054386489998","MBB_BAU",2017,"MBB","hard_pulp",11.0573821584314,"MBB_hard_pulp",0.086896593,0.960848837066671,0.389007626342782
"386054386489998","MBB_BAU",2017,"MBB","soft_pulp",0,"MBB_soft_pulp",0.019591182,0,0
"386054386489998","MBB_BAU",2017,"MBB","hard_saw",22.6764154846138,"MBB_hard_saw",0.058759811,1.33246188803338,0.539458254264526
"386054386489998","MBB_BAU",2017,"MBB","soft_saw",0,"MBB_soft_saw",0.056478352,0,0
"386054386489998","MBB_BAU",2022,"MBB","hard_pulp",8.33664196476133,"MBB_hard_pulp",0.086896593,0.724425783798586,0.293289791011573
"386054386489998","MBB_BAU",2022,"MBB","soft_pulp",0,"MBB_soft_pulp",0.019591182,0,0
"386054386489998","MBB_BAU",2022,"MBB","hard_saw",15.6823482412814,"MBB_hard_saw",0.058759811,0.921491818693877,0.373073610807238
"386054386489998","MBB_BAU",2022,"MBB","soft_saw",0,"MBB_soft_saw",0.056478352,0,0
"386054386489998","MBB_BAU",2027,"MBB","hard_pulp",2.88418423134312,"MBB_hard_pulp",0.086896593,0.250625783288041,0.101467928456697
"386054386489998","MBB_BAU",2027,"MBB","soft_pulp",0,"MBB_soft_pulp",0.019591182,0,0
"386054386489998","MBB_BAU",2027,"MBB","hard_saw",5.92536094548586,"MBB_hard_saw",0.058759811,0.34817308926353,0.14096076488402
"386054386489998","MBB_BAU",2027,"MBB","soft_saw",0,"MBB_soft_saw",0.056478352,0,0
"386054386489998","MBB_BAU",2032,"MBB","hard_pulp",1.01055979838294,"MBB_hard_pulp",0.086896593,0.0878142035022448,0.0355523091102206
"386054386489998","MBB_BAU",2032,"MBB","soft_pulp",0,"MBB_soft_pulp",0.019591182,0,0
"386054386489998","MBB_BAU",2032,"MBB","hard_saw",1.95846756724732,"MBB_hard_saw",0.058759811,0.115079184101082,0.0465907627939604
"386054386489998","MBB_BAU",2032,"MBB","soft_saw",0,"MBB_soft_saw",0.056478352,0,0
"386054386489998","MBB_BAU",2037,"MBB","hard_pulp",1.90331472769468,"MBB_hard_pulp",0.086896593,0.165391565243391,0.066960147871818
"386054386489998","MBB_BAU",2037,"MBB","soft_pulp",0,"MBB_soft_pulp",0.019591182,0,0
"386054386489998","MBB_BAU",2037,"MBB","hard_saw",3.64324913013036,"MBB_hard_saw",0.058759811,0.214076630312374,0.0866707005313257
"386054386489998","MBB_BAU",2037,"MBB","soft_saw",0,"MBB_soft_saw",0.056478352,0,0
"386054386489998","MBB_BAU",2042,"MBB","hard_pulp",4.21108228920043,"MBB_hard_pulp",0.086896593,0.365928703774158,0.14814927278306
"386054386489998","MBB_BAU",2042,"MBB","soft_pulp",0,"MBB_soft_pulp",0.019591182,0,0
"386054386489998","MBB_BAU",2042,"MBB","hard_saw",7.53570643809155,"MBB_hard_saw",0.058759811,0.442796686053742,0.179269913382082
"386054386489998","MBB_BAU",2042,"MBB","soft_saw",0,"MBB_soft_saw",0.056478352,0,0
"387484846489998","MBB_BAU",2017,"MBB","hard_pulp",7.4390609932794,"MBB_hard_pulp",0.086896593,0.646429055435176,0.261712168192379
"387484846489998","MBB_BAU",2017,"MBB","soft_pulp",0,"MBB_soft_pulp",0.019591182,0,0
"387484846489998","MBB_BAU",2017,"MBB","hard_saw",15.0050921529208,"MBB_hard_saw",0.058759811,0.881696378943207,0.35696209673814
"387484846489998","MBB_BAU",2017,"MBB","soft_saw",0,"MBB_soft_saw",0.056478352,0,0
"387484846489998","MBB_BAU",2022,"MBB","hard_pulp",1.78715100731714,"MBB_hard_pulp",0.086896593,0.155297333712378,0.0628734144584526
"387484846489998","MBB_BAU",2022,"MBB","soft_pulp",0,"MBB_soft_pulp",0.019591182,0,0
"387484846489998","MBB_BAU",2022,"MBB","hard_saw",3.4666649288612,"MBB_hard_saw",0.058759811,0.203700576020212,0.082469868834094
"387484846489998","MBB_BAU",2022,"MBB","soft_saw",0,"MBB_soft_saw",0.056478352,0,0
"387484893489998","MBB_BAU",2032,"MBB","hard_pulp",7.94627510832724,"MBB_hard_pulp",0.086896593,0.690504233954343,0.279556370022001
"387484893489998","MBB_BAU",2032,"MBB","soft_pulp",0,"MBB_soft_pulp",0.019591182,0,0
"387484893489998","MBB_BAU",2032,"MBB","hard_saw",21.6368931397792,"MBB_hard_saw",0.058759811,1.27137975152062,0.514728644340332
"387484893489998","MBB_BAU",2032,"MBB","soft_saw",0,"MBB_soft_saw",0.056478352,0,0
"387484893489998","MBB_BAU",2037,"MBB","hard_pulp",2.67865709978547,"MBB_hard_pulp",0.086896593,0.232766175786619,0.0942373181322343
"387484893489998","MBB_BAU",2037,"MBB","soft_pulp",0,"MBB_soft_pulp",0.019591182,0,0
"387484893489998","MBB_BAU",2037,"MBB","hard_saw",7.34668044710166,"MBB_hard_saw",0.058759811,0.431689554549089,0.174773099007728
"387484893489998","MBB_BAU",2037,"MBB","soft_saw",0,"MBB_soft_saw",0.056478352,0,0
"387484893489998","MBB_BAU",2042,"MBB","hard_pulp",0.577709654385852,"MBB_hard_pulp",0.086896593,0.050201000709338,0.0203242917851571
"387484893489998","MBB_BAU",2042,"MBB","soft_pulp",0,"MBB_soft_pulp",0.019591182,0,0
"387484893489998","MBB_BAU",2042,"MBB","hard_saw",1.97926468893508,"MBB_hard_saw",0.058759811,0.116301219040799,0.0470855137817001
"387484893489998","MBB_BAU",2042,"MBB","soft_saw",0,"MBB_soft_saw",0.056478352,0,0
"387485116489998","MBB_BAU",2017,"MBB","hard_pulp",24.6143173615419,"MBB_hard_pulp",0.086896593,2.13890031773874,0.865951545643216
"387485116489998","MBB_BAU",2017,"MBB","soft_pulp",0,"MBB_soft_pulp",0.019591182,0,0
"387485116489998","MBB_BAU",2017,"MBB","hard_saw",59.7237958667455,"MBB_hard_saw",0.058759811,3.50935895733254,1.42079310013463
"387485116489998","MBB_BAU",2017,"MBB","soft_saw",0,"MBB_soft_saw",0.056478352,0,0
"387485116489998","MBB_BAU",2022,"MBB","hard_pulp",14.7577782127747,"MBB_hard_pulp",0.086896593,1.28240064693975,0.519190545319735
"387485116489998","MBB_BAU",2022,"MBB","soft_pulp",0,"MBB_soft_pulp",0.019591182,0,0
"387485116489998","MBB_BAU",2022,"MBB","hard_saw",39.49452484056,"MBB_hard_saw",0.058759811,2.32069081516611,0.939550937314214
"387485116489998","MBB_BAU",2022,"MBB","soft_saw",0,"MBB_soft_saw",0.056478352,0,0
"387485116489998","MBB_BAU",2027,"MBB","hard_pulp",8.01961376853549,"MBB_hard_pulp",0.086896593,0.696877113661625,0.282136483263816
"387485116489998","MBB_BAU",2027,"MBB","soft_pulp",0,"MBB_soft_pulp",0.019591182,0,0
"387485116489998","MBB_BAU",2027,"MBB","hard_saw",25.2971261995157,"MBB_hard_saw",0.058759811,1.48645435432669,0.601803382318498
"387485116489998","MBB_BAU",2027,"MBB","soft_saw",0,"MBB_soft_saw",0.056478352,0,0
"387485116489998","MBB_BAU",2032,"MBB","hard_pulp",2.28010444644044,"MBB_hard_pulp",0.086896593,0.198133308079825,0.0802159142023582
"387485116489998","MBB_BAU",2032,"MBB","soft_pulp",0,"MBB_soft_pulp",0.019591182,0,0
"387485116489998","MBB_BAU",2032,"MBB","hard_saw",11.5112458258799,"MBB_hard_saw",0.058759811,0.676398629103239,0.273845598827222
"387485116489998","MBB_BAU",2032,"MBB","soft_saw",0,"MBB_soft_saw",0.056478352,0,0
"387485117489998","MBB_BAU",2017,"MBB","hard_pulp",5.67766930396527,"MBB_hard_pulp",0.086896593,0.493370118695263,0.199744987326017
"387485117489998","MBB_BAU",2017,"MBB","soft_pulp",0,"MBB_soft_pulp",0.019591182,0,0
"387485117489998","MBB_BAU",2017,"MBB","hard_saw",38.2413504673821,"MBB_hard_saw",0.058759811,2.24705452584813,0.909738674432442
"387485117489998","MBB_BAU",2017,"MBB","soft_saw",0,"MBB_soft_saw",0.056478352,0,0
"387485117489998","MBB_BAU",2027,"MBB","hard_pulp",2.71906144358736,"MBB_hard_pulp",0.086896593,0.236277175605403,0.0956587755487463
"387485117489998","MBB_BAU",2027,"MBB","soft_pulp",0,"MBB_soft_pulp",0.019591182,0,0
"387485117489998","MBB_BAU",2027,"MBB","hard_saw",23.5778897206823,"MBB_hard_saw",0.058759811,1.38543234376613,0.560903782901268
"387485117489998","MBB_BAU",2027,"MBB","soft_saw",0,"MBB_soft_saw",0.056478352,0,0
"387485117489998","MBB_BAU",2032,"MBB","hard_pulp",2.83358591047622,"MBB_hard_pulp",0.086896593,0.246228961593187,0.099687838701695
"387485117489998","MBB_BAU",2032,"MBB","soft_pulp",0,"MBB_soft_pulp",0.019591182,0,0
"387485117489998","MBB_BAU",2032,"MBB","hard_saw",16.2033415712108,"MBB_hard_saw",0.058759811,0.952105288292791,0.385467728053761
"387485117489998","MBB_BAU",2032,"MBB","soft_saw",0,"MBB_soft_saw",0.056478352,0,0
"387485117489998","MBB_BAU",2037,"MBB","hard_pulp",0.925794307710512,"MBB_hard_pulp",0.086896593,0.0804483711588371,0.0325701907525656
"387485117489998","MBB_BAU",2037,"MBB","soft_pulp",0,"MBB_soft_pulp",0.019591182,0,0
"387485117489998","MBB_BAU",2037,"MBB","hard_saw",5.26224889969887,"MBB_hard_saw",0.058759811,0.309208750781263,0.12518572906124
"387485117489998","MBB_BAU",2037,"MBB","soft_saw",0,"MBB_soft_saw",0.056478352,0,0
"387485117489998","MBB_BAU",2042,"MBB","hard_pulp",1.53965762617953,"MBB_hard_pulp",0.086896593,0.133791002101469,0.0541663976119306
"387485117489998","MBB_BAU",2042,"MBB","soft_pulp",0,"MBB_soft_pulp",0.019591182,0,0
"387485117489998","MBB_BAU",2042,"MBB","hard_saw",6.57205025430299,"MBB_hard_saw",0.058759811,0.386172430825346,0.156345113694472
"387485117489998","MBB_BAU",2042,"MBB","soft_saw",0,"MBB_soft_saw",0.056478352,0,0
"387485143489998","MBB_BAU",2017,"MBB","hard_pulp",9.41000066994147,"MBB_hard_pulp",0.086896593,0.817696998345631,0.331051416334264
"387485143489998","MBB_BAU",2017,"MBB","soft_pulp",0,"MBB_soft_pulp",0.019591182,0,0
"387485143489998","MBB_BAU",2017,"MBB","hard_saw",47.4580524099768,"MBB_hard_saw",0.058759811,2.78862619003833,1.1289984575054
"387485143489998","MBB_BAU",2017,"MBB","soft_saw",0,"MBB_soft_saw",0.056478352,0,0
"387485143489998","MBB_BAU",2022,"MBB","hard_pulp",7.13583552946911,"MBB_hard_pulp",0.086896593,0.620079795719217,0.251044451708185
"387485143489998","MBB_BAU",2022,"MBB","soft_pulp",0,"MBB_soft_pulp",0.019591182,0,0
"387485143489998","MBB_BAU",2022,"MBB","hard_saw",26.3462530152922,"MBB_hard_saw",0.058759811,1.54810084773675,0.626761476816499
"387485143489998","MBB_BAU",2022,"MBB","soft_saw",0,"MBB_soft_saw",0.056478352,0,0
"433033799489998","MBB_BAU",2032,"MBB","hard_pulp",14.7655735865247,"MBB_hard_pulp",0.086896593,1.28307803835979,0.519464792858214
"433033799489998","MBB_BAU",2032,"MBB","soft_pulp",0,"MBB_soft_pulp",0.019591182,0,0
"433033799489998","MBB_BAU",2032,"MBB","hard_saw",19.4400527708931,"MBB_hard_saw",0.058759811,1.1422938266477,0.462467136294617
"433033799489998","MBB_BAU",2032,"MBB","soft_saw",0,"MBB_soft_saw",0.056478352,0,0
"433033799489998","MBB_BAU",2037,"MBB","hard_pulp",8.40404344474874,"MBB_hard_pulp",0.086896593,0.730282742772649,0.295661029462611
"433033799489998","MBB_BAU",2037,"MBB","soft_pulp",0,"MBB_soft_pulp",0.019591182,0,0
"433033799489998","MBB_BAU",2037,"MBB","hard_saw",13.323936557257,"MBB_hard_saw",0.058759811,0.78291199388041,0.316968418575065
"433033799489998","MBB_BAU",2037,"MBB","soft_saw",0,"MBB_soft_saw",0.056478352,0,0
"433033799489998","MBB_BAU",2042,"MBB","hard_pulp",4.25050335738682,"MBB_hard_pulp",0.086896593,0.369354260291976,0.149536137770031
"433033799489998","MBB_BAU",2042,"MBB","soft_pulp",0,"MBB_soft_pulp",0.019591182,0,0
"433033799489998","MBB_BAU",2042,"MBB","hard_saw",10.9662801485618,"MBB_hard_saw",0.058759811,0.64437654890254,0.260881193887668
"433033799489998","MBB_BAU",2042,"MBB","soft_saw",0,"MBB_soft_saw",0.056478352,0,0
"433034010489998","MBB_BAU",2027,"MBB","hard_pulp",9.24439283188688,"MBB_hard_pulp",0.086896593,0.803306241444592,0.325225198965422
"433034010489998","MBB_BAU",2027,"MBB","soft_pulp",0.0744198713440887,"MBB_soft_pulp",0.019591182,0.00145797324391863,0.000590272568388108
"433034010489998","MBB_BAU",2027,"MBB","hard_saw",17.2531035932011,"MBB_hard_saw",0.058759811,1.01378910629992,0.410440933724663
"433034010489998","MBB_BAU",2027,"MBB","soft_saw",3.23312445359708,"MBB_soft_saw",0.056478352,0.182601540950064,0.0739277493724954
"433034010489998","MBB_BAU",2032,"MBB","hard_pulp",8.22510318153965,"MBB_hard_pulp",0.086896593,0.714733443549256,0.289365766619132
"433034010489998","MBB_BAU",2032,"MBB","soft_pulp",0.0454340069593137,"MBB_soft_pulp",0.019591182,0.00089010589932918,0.000360366760862016
"433034010489998","MBB_BAU",2032,"MBB","hard_saw",15.3340214888876,"MBB_hard_saw",0.058759811,0.901024204556973,0.364787127351001
"433034010489998","MBB_BAU",2032,"MBB","soft_saw",2.36825002643825,"MBB_soft_saw",0.056478352,0.133754858617189,0.0541517646223437
"433034010489998","MBB_BAU",2037,"MBB","hard_pulp",3.3716753086598,"MBB_hard_pulp",0.086896593,0.29298709702476,0.118618257904761
"433034010489998","MBB_BAU",2037,"MBB","soft_pulp",0.0173978140237569,"MBB_soft_pulp",0.019591182,0.000340843740941573,0.000137993417385252
"433034010489998","MBB_BAU",2037,"MBB","hard_saw",7.00925373501071,"MBB_hard_saw",0.058759811,0.411862424720274,0.166745920939382
"433034010489998","MBB_BAU",2037,"MBB","soft_saw",0.963404777146907,"MBB_soft_saw",0.056478352,0.0544115141221846,0.0220289530859047
"433034010489998","MBB_BAU",2042,"MBB","hard_pulp",23.4984947962477,"MBB_hard_pulp",0.086896593,2.04193913842215,0.82669600745836
"433034010489998","MBB_BAU",2042,"MBB","soft_pulp",0.0532438701287722,"MBB_soft_pulp",0.019591182,0.00104311035007714,0.000422311882622323
"433034010489998","MBB_BAU",2042,"MBB","hard_saw",26.6045491735659,"MBB_hard_saw",0.058759811,1.56327828117894,0.63290618671212
"433034010489998","MBB_BAU",2042,"MBB","soft_saw",3.10809866856475,"MBB_soft_saw",0.056478352,0.175540290653931,0.0710689435845875
"433034221489998","MBB_BAU",2017,"MBB","hard_pulp",6.22026431374494,"MBB_hard_pulp",0.086896593,0.540519776423918,0.218833917580534
"433034221489998","MBB_BAU",2017,"MBB","soft_pulp",0,"MBB_soft_pulp",0.019591182,0,0
"433034221489998","MBB_BAU",2017,"MBB","hard_saw",8.05681104022739,"MBB_hard_saw",0.058759811,0.473416693986475,0.191666677727318
"433034221489998","MBB_BAU",2017,"MBB","soft_saw",0,"MBB_soft_saw",0.056478352,0,0
"433034221489998","MBB_BAU",2022,"MBB","hard_pulp",2.88961061171966,"MBB_hard_pulp",0.086896593,0.251097317255084,0.101658832896795
"433034221489998","MBB_BAU",2022,"MBB","soft_pulp",0,"MBB_soft_pulp",0.019591182,0,0
"433034221489998","MBB_BAU",2022,"MBB","hard_saw",3.55306176619533,"MBB_hard_saw",0.058759811,0.208777237852964,0.0845251975113214
"433034221489998","MBB_BAU",2022,"MBB","soft_saw",0,"MBB_soft_saw",0.056478352,0,0
"433077287489998","MBB_BAU",2028,"MBB","hard_pulp",8.45969765458145,"MBB_hard_pulp",0.086896593,0.735118903993219,0.297618989470939
"433077287489998","MBB_BAU",2028,"MBB","soft_pulp",0,"MBB_soft_pulp",0.019591182,0,0
"433077287489998","MBB_BAU",2028,"MBB","hard_saw",19.4142391864467,"MBB_hard_saw",0.058759811,1.1407770253044,0.461853046681944
"433077287489998","MBB_BAU",2028,"MBB","soft_saw",0,"MBB_soft_saw",0.056478352,0,0
"433077287489998","MBB_BAU",2033,"MBB","hard_pulp",5.85594092213635,"MBB_hard_pulp",0.086896593,0.508861314942927,0.206016726697541
"433077287489998","MBB_BAU",2033,"MBB","soft_pulp",0,"MBB_soft_pulp",0.019591182,0,0
"433077287489998","MBB_BAU",2033,"MBB","hard_saw",11.7295189833916,"MBB_hard_saw",0.058759811,0.689224318585004,0.279038185661945
"433077287489998","MBB_BAU",2033,"MBB","soft_saw",0,"MBB_soft_saw",0.056478352,0,0
"433077287489998","MBB_BAU",2038,"MBB","hard_pulp",4.54705533413854,"MBB_hard_pulp",0.086896593,0.395123616719116,0.159969075594784
"433077287489998","MBB_BAU",2038,"MBB","soft_pulp",0,"MBB_soft_pulp",0.019591182,0,0
"433077287489998","MBB_BAU",2038,"MBB","hard_saw",10.88730123311,"MBB_hard_saw",0.058759811,0.639735762757608,0.259002333100246
"433077287489998","MBB_BAU",2038,"MBB","soft_saw",0,"MBB_soft_saw",0.056478352,0,0
"433077287489998","MBB_BAU",2043,"MBB","hard_pulp",1.07353921043062,"MBB_hard_pulp",0.086896593,0.0932868998383305,0.0377679756430488
"433077287489998","MBB_BAU",2043,"MBB","soft_pulp",0,"MBB_soft_pulp",0.019591182,0,0
"433077287489998","MBB_BAU",2043,"MBB","hard_saw",3.56190133247264,"MBB_hard_saw",0.058759811,0.20929664909674,0.0847354854642674
"433077287489998","MBB_BAU",2043,"MBB","soft_saw",0,"MBB_soft_saw",0.056478352,0,0
"433077373489998","MBB_BAU",2017,"MBB","hard_pulp",11.9800716152122,"MBB_hard_pulp",0.086896593,1.04102740725794,0.42146858593439
"433077373489998","MBB_BAU",2017,"MBB","soft_pulp",0,"MBB_soft_pulp",0.019591182,0,0
"433077373489998","MBB_BAU",2017,"MBB","hard_saw",22.6192682521038,"MBB_hard_saw",0.058759811,1.32910392745192,0.538098756053408
"433077373489998","MBB_BAU",2017,"MBB","soft_saw",0,"MBB_soft_saw",0.056478352,0,0
"433077373489998","MBB_BAU",2022,"MBB","hard_pulp",2.45338087620446,"MBB_hard_pulp",0.086896593,0.213190439473523,0.0863119188151913
"433077373489998","MBB_BAU",2022,"MBB","soft_pulp",0,"MBB_soft_pulp",0.019591182,0,0
"433077373489998","MBB_BAU",2022,"MBB","hard_saw",5.48933995754895,"MBB_hard_saw",0.058759811,0.322552578420324,0.130588088429281
"433077373489998","MBB_BAU",2022,"MBB","soft_saw",0,"MBB_soft_saw",0.056478352,0,0
"433077376489998","MBB_BAU",2017,"MBB","hard_pulp",31.1005685997471,"MBB_hard_pulp",0.086896593,2.7025334516808,1.09414309784648
"433077376489998","MBB_BAU",2017,"MBB","soft_pulp",0,"MBB_soft_pulp",0.019591182,0,0
"433077376489998","MBB_BAU",2017,"MBB","hard_saw",37.348511643694,"MBB_hard_saw",0.058759811,2.19459148531476,0.88849857705051
"433077376489998","MBB_BAU",2017,"MBB","soft_saw",0,"MBB_soft_saw",0.056478352,0,0
"433077376489998","MBB_BAU",2027,"MBB","hard_pulp",5.94238399185645,"MBB_hard_pulp",0.086896593,0.516372923190065,0.209057863639703
"433077376489998","MBB_BAU",2027,"MBB","soft_pulp",0,"MBB_soft_pulp",0.019591182,0,0
"433077376489998","MBB_BAU",2027,"MBB","hard_saw",9.55737999234996,"MBB_hard_saw",0.058759811,0.561589842005665,0.227364308504318
"433077376489998","MBB_BAU",2027,"MBB","soft_saw",0,"MBB_soft_saw",0.056478352,0,0
"433077383489998","MBB_BAU",2017,"MBB","hard_pulp",21.1140219562651,"MBB_hard_pulp",0.086896593,1.83473657252663,0.742808328958151
"433077383489998","MBB_BAU",2017,"MBB","soft_pulp",0,"MBB_soft_pulp",0.019591182,0,0
"433077383489998","MBB_BAU",2017,"MBB","hard_saw",76.9377844044791,"MBB_hard_saw",0.058759811,4.52084967036594,1.83030351026961
"433077383489998","MBB_BAU",2017,"MBB","soft_saw",0,"MBB_soft_saw",0.056478352,0,0
"433077383489998","MBB_BAU",2022,"MBB","hard_pulp",10.8111145180149,"MBB_hard_pulp",0.086896593,0.939449018148332,0.380343732043859
"433077383489998","MBB_BAU",2022,"MBB","soft_pulp",0,"MBB_soft_pulp",0.019591182,0,0
"433077383489998","MBB_BAU",2022,"MBB","hard_saw",47.9286571180131,"MBB_hard_saw",0.058759811,2.81627883373825,1.14019385981306
"433077383489998","MBB_BAU",2022,"MBB","soft_saw",0,"MBB_soft_saw",0.056478352,0,0
"433077383489998","MBB_BAU",2027,"MBB","hard_pulp",1.39842572603804,"MBB_hard_pulp",0.086896593,0.121518431156257,0.0491977454073914
"433077383489998","MBB_BAU",2027,"MBB","soft_pulp",0,"MBB_soft_pulp",0.019591182,0,0
"433077383489998","MBB_BAU",2027,"MBB","hard_saw",6.67568523024661,"MBB_hard_saw",0.058759811,0.392262002424782,0.158810527297483
"433077383489998","MBB_BAU",2027,"MBB","soft_saw",0,"MBB_soft_saw",0.056478352,0,0
"433077406489998","MBB_BAU",2017,"MBB","hard_pulp",22.2962217534642,"MBB_hard_pulp",0.086896593,1.93746570714852,0.78439907172005
"433077406489998","MBB_BAU",2017,"MBB","soft_pulp",0,"MBB_soft_pulp",0.019591182,0,0
"433077406489998","MBB_BAU",2017,"MBB","hard_saw",19.6463973449202,"MBB_hard_saw",0.058759811,1.15441859481841,0.467375949319195
"433077406489998","MBB_BAU",2017,"MBB","soft_saw",0,"MBB_soft_saw",0.056478352,0,0
"433077406489998","MBB_BAU",2022,"MBB","hard_pulp",9.89091421318605,"MBB_hard_pulp",0.086896593,0.859486746781143,0.347970342826374
"433077406489998","MBB_BAU",2022,"MBB","soft_pulp",0,"MBB_soft_pulp",0.019591182,0,0
"433077406489998","MBB_BAU",2022,"MBB","hard_saw",8.54231975807465,"MBB_hard_saw",0.058759811,0.501945094486032,0.203216637443738
"433077406489998","MBB_BAU",2022,"MBB","soft_saw",0,"MBB_soft_saw",0.056478352,0,0
"433077406489998","MBB_BAU",2042,"MBB","hard_pulp",3.11284138525846,"MBB_hard_pulp",0.086896593,0.270495310928361,0.109512271630915
"433077406489998","MBB_BAU",2042,"MBB","soft_pulp",0.0246604646746065,"MBB_soft_pulp",0.019591182,0.000483127651644786,0.000195598239532302
"433077406489998","MBB_BAU",2042,"MBB","hard_saw",6.81042883584033,"MBB_hard_saw",0.058759811,0.400179511222928,0.162015996446529
"433077406489998","MBB_BAU",2042,"MBB","soft_saw",0,"MBB_soft_saw",0.056478352,0,0
"433077581489998","MBB_BAU",2022,"MBB","hard_pulp",11.2571664927507,"MBB_hard_pulp",0.086896593,0.978209415053794,0.396036200426637
"433077581489998","MBB_BAU",2022,"MBB","soft_pulp",0,"MBB_soft_pulp",0.019591182,0,0
"433077581489998","MBB_BAU",2022,"MBB","hard_saw",18.9754101652331,"MBB_hard_saw",0.058759811,1.11499151495658,0.45141356880833
"433077581489998","MBB_BAU",2022,"MBB","soft_saw",0,"MBB_soft_saw",0.056478352,0,0
"433077630489998","MBB_BAU",2022,"MBB","hard_pulp",11.523337663484,"MBB_hard_pulp",0.086896593,1.00133878294534,0.405400316981917
"433077630489998","MBB_BAU",2022,"MBB","soft_pulp",0,"MBB_soft_pulp",0.019591182,0,0
"433077630489998","MBB_BAU",2022,"MBB","hard_saw",34.1972359470988,"MBB_hard_saw",0.058759811,2.00942312097393,0.813531627924668
"433077630489998","MBB_BAU",2022,"MBB","soft_saw",0,"MBB_soft_saw",0.056478352,0,0
"433077630489998","MBB_BAU",2032,"MBB","hard_pulp",9.74861497324438,"MBB_hard_pulp",0.086896593,0.847121427643723,0.342964140746447
"433077630489998","MBB_BAU",2032,"MBB","soft_pulp",0,"MBB_soft_pulp",0.019591182,0,0
"433077630489998","MBB_BAU",2032,"MBB","hard_saw",31.6666468119915,"MBB_hard_saw",0.058759811,1.86072618167637,0.753330437925657
"433077630489998","MBB_BAU",2032,"MBB","soft_saw",0,"MBB_soft_saw",0.056478352,0,0
"433077683489998","MBB_BAU",2017,"MBB","hard_pulp",14.8467604191726,"MBB_hard_pulp",0.086896593,1.29013289751335,0.52232101113901
"433077683489998","MBB_BAU",2017,"MBB","soft_pulp",0,"MBB_soft_pulp",0.019591182,0,0
"433077683489998","MBB_BAU",2017,"MBB","hard_saw",80.2065153850332,"MBB_hard_saw",0.058759811,4.71291968499314,1.90806464979479
"433077683489998","MBB_BAU",2017,"MBB","soft_saw",0,"MBB_soft_saw",0.056478352,0,0
"433077683489998","MBB_BAU",2022,"MBB","hard_pulp",7.7414417643567,"MBB_hard_pulp",0.086896593,0.672704914230506,0.272350167704658
"433077683489998","MBB_BAU",2022,"MBB","soft_pulp",0,"MBB_soft_pulp",0.019591182,0,0
"433077683489998","MBB_BAU",2022,"MBB","hard_saw",43.8322004032249,"MBB_hard_saw",0.058759811,2.57557181140762,1.04274162405167
"433077683489998","MBB_BAU",2022,"MBB","soft_saw",0,"MBB_soft_saw",0.056478352,0,0
"433077715489998","MBB_BAU",2017,"MBB","hard_pulp",15.0794884379606,"MBB_hard_pulp",0.086896593,1.31035616944167,0.530508570624157
"433077715489998","MBB_BAU",2017,"MBB","soft_pulp",0,"MBB_soft_pulp",0.019591182,0,0
"433077715489998","MBB_BAU",2017,"MBB","hard_saw",65.7808891600755,"MBB_hard_saw",0.058759811,3.86527261445798,1.56488769816113
"433077715489998","MBB_BAU",2017,"MBB","soft_saw",0,"MBB_soft_saw",0.056478352,0,0
"433077715489998","MBB_BAU",2027,"MBB","hard_pulp",7.13433271857921,"MBB_hard_pulp",0.086896593,0.619949206572961,0.250991581608486
"433077715489998","MBB_BAU",2027,"MBB","soft_pulp",0,"MBB_soft_pulp",0.019591182,0,0
"433077715489998","MBB_BAU",2027,"MBB","hard_saw",36.1944086101604,"MBB_hard_saw",0.058759811,2.1267766091898,0.861043161615302
"433077715489998","MBB_BAU",2027,"MBB","soft_saw",0,"MBB_soft_saw",0.056478352,0,0
"433077715489998","MBB_BAU",2032,"MBB","hard_pulp",1.211255691835,"MBB_hard_pulp",0.086896593,0.10525399287232,0.0426129525798866
"433077715489998","MBB_BAU",2032,"MBB","soft_pulp",0,"MBB_soft_pulp",0.019591182,0,0
"433077715489998","MBB_BAU",2032,"MBB","hard_saw",7.47201399973951,"MBB_hard_saw",0.058759811,0.439054130414048,0.177754708669655
"433077715489998","MBB_BAU",2032,"MBB","soft_saw",0,"MBB_soft_saw",0.056478352,0,0
"473337993489998","MBB_BAU",2018,"MBB","hard_pulp",7.26268655425192,"MBB_hard_pulp",0.086896593,0.631102717591402,0.255507173113928
"473337993489998","MBB_BAU",2018,"MBB","soft_pulp",0,"MBB_soft_pulp",0.019591182,0,0
"473337993489998","MBB_BAU",2018,"MBB","hard_saw",50.8794528162088,"MBB_hard_saw",0.058759811,2.98966703126384,1.21039151063314
"473337993489998","MBB_BAU",2018,"MBB","soft_saw",0,"MBB_soft_saw",0.056478352,0,0
"473337993489998","MBB_BAU",2023,"MBB","hard_pulp",2.33232392509172,"MBB_hard_pulp",0.086896593,0.202671002862858,0.0820530375962987
"473337993489998","MBB_BAU",2023,"MBB","soft_pulp",0,"MBB_soft_pulp",0.019591182,0,0
"473337993489998","MBB_BAU",2023,"MBB","hard_saw",15.0927336276958,"MBB_hard_saw",0.058759811,0.88684617543675,0.359047034589777
"473337993489998","MBB_BAU",2023,"MBB","soft_saw",0,"MBB_soft_saw",0.056478352,0,0
"473338299489998","MBB_BAU",2018,"MBB","hard_pulp",33.4777705129638,"MBB_hard_pulp",0.086896593,2.90910419881242,1.17777497927628
"473338299489998","MBB_BAU",2018,"MBB","soft_pulp",0,"MBB_soft_pulp",0.019591182,0,0
"473338299489998","MBB_BAU",2018,"MBB","hard_saw",92.5420811298512,"MBB_hard_saw",0.058759811,5.43775519673672,2.20152032256547
"473338299489998","MBB_BAU",2018,"MBB","soft_saw",0,"MBB_soft_saw",0.056478352,0,0
"473338299489998","MBB_BAU",2023,"MBB","hard_pulp",1.56912363690928,"MBB_hard_pulp",0.086896593,0.136351498043186,0.0552030356450145
"473338299489998","MBB_BAU",2023,"MBB","soft_pulp",0,"MBB_soft_pulp",0.019591182,0,0
"473338299489998","MBB_BAU",2023,"MBB","hard_saw",6.21591333024346,"MBB_hard_saw",0.058759811,0.365245892477486,0.147872830962545
"473338299489998","MBB_BAU",2023,"MBB","soft_saw",0,"MBB_soft_saw",0.056478352,0,0
"480976106489998","MBB_BAU",2018,"MBB","hard_pulp",20.3428351417283,"MBB_hard_pulp",0.086896593,1.76772306577686,0.715677354565531
"480976106489998","MBB_BAU",2018,"MBB","soft_pulp",0,"MBB_soft_pulp",0.019591182,0,0
"480976106489998","MBB_BAU",2018,"MBB","hard_saw",62.9956182947885,"MBB_hard_saw",0.058759811,3.70161062482991,1.49862778333195
"480976106489998","MBB_BAU",2018,"MBB","soft_saw",0,"MBB_soft_saw",0.056478352,0,0
"480976106489998","MBB_BAU",2038,"MBB","hard_pulp",11.6481864645813,"MBB_hard_pulp",0.086896593,1.01218771840083,0.409792598542846
"480976106489998","MBB_BAU",2038,"MBB","soft_pulp",0,"MBB_soft_pulp",0.019591182,0,0
"480976106489998","MBB_BAU",2038,"MBB","hard_saw",71.1696971194413,"MBB_hard_saw",0.058759811,4.18191795166561,1.69308419095774
"480976106489998","MBB_BAU",2038,"MBB","soft_saw",0,"MBB_soft_saw",0.056478352,0,0
"480976345489998","MBB_BAU",2017,"MBB","hard_pulp",12.3399015456161,"MBB_hard_pulp",0.086896593,1.07229540226947,0.434127693226507
"480976345489998","MBB_BAU",2017,"MBB","soft_pulp",0,"MBB_soft_pulp",0.019591182,0,0
"480976345489998","MBB_BAU",2017,"MBB","hard_saw",70.712314945152,"MBB_hard_saw",0.058759811,4.1550422615496,1.68220334475692
"480976345489998","MBB_BAU",2017,"MBB","soft_saw",0,"MBB_soft_saw",0.056478352,0,0
"480976345489998","MBB_BAU",2042,"MBB","hard_pulp",6.88967878674739,"MBB_hard_pulp",0.086896593,0.598689613432721,0.242384458879644
"480976345489998","MBB_BAU",2042,"MBB","soft_pulp",0,"MBB_soft_pulp",0.019591182,0,0
"480976345489998","MBB_BAU",2042,"MBB","hard_saw",62.3288291064634,"MBB_hard_saw",0.058759811,3.66243021814709,1.48276527050489
"480976345489998","MBB_BAU",2042,"MBB","soft_saw",0,"MBB_soft_saw",0.056478352,0,0
"480976770489998","MBB_BAU",2018,"MBB","hard_pulp",5.50457375497027,"MBB_hard_pulp",0.086896593,0.478328705224133,0.193655346244588
"480976770489998","MBB_BAU",2018,"MBB","soft_pulp",0,"MBB_soft_pulp",0.019591182,0,0
"480976770489998","MBB_BAU",2018,"MBB","hard_saw",21.075509314491,"MBB_hard_saw",0.058759811,1.23839294404823,0.501373661557988
"480976770489998","MBB_BAU",2018,"MBB","soft_saw",0,"MBB_soft_saw",0.056478352,0,0
"480976770489998","MBB_BAU",2023,"MBB","hard_pulp",4.45154265840781,"MBB_hard_pulp",0.086896593,0.386823890609802,0.156608862595061
"480976770489998","MBB_BAU",2023,"MBB","soft_pulp",0,"MBB_soft_pulp",0.019591182,0,0
"480976770489998","MBB_BAU",2023,"MBB","hard_saw",12.9412364455728,"MBB_hard_saw",0.058759811,0.760424607648168,0.30786421362274
"480976770489998","MBB_BAU",2023,"MBB","soft_saw",0,"MBB_soft_saw",0.056478352,0,0
"480976770489998","MBB_BAU",2028,"MBB","hard_pulp",0.265066857703342,"MBB_hard_pulp",0.086896593,0.0230334068516362,0.00932526593183653
"480976770489998","MBB_BAU",2028,"MBB","soft_pulp",0,"MBB_soft_pulp",0.019591182,0,0
"480976770489998","MBB_BAU",2028,"MBB","hard_saw",0.797098467832367,"MBB_hard_saw",0.058759811,0.0468373553182194,0.0189624920316678
"480976770489998","MBB_BAU",2028,"MBB","soft_saw",0,"MBB_soft_saw",0.056478352,0,0
"480976770489998","MBB_BAU",2033,"MBB","hard_pulp",1.81709794857476,"MBB_hard_pulp",0.086896593,0.157899620878436,0.0639269720155611
"480976770489998","MBB_BAU",2033,"MBB","soft_pulp",0,"MBB_soft_pulp",0.019591182,0,0
"480976770489998","MBB_BAU",2033,"MBB","hard_saw",6.64773516126889,"MBB_hard_saw",0.058759811,0.390619661654215,0.158145612005755
"480976770489998","MBB_BAU",2033,"MBB","soft_saw",0,"MBB_soft_saw",0.056478352,0,0
"480976770489998","MBB_BAU",2038,"MBB","hard_pulp",3.26813772430835,"MBB_hard_pulp",0.086896593,0.283990033697169,0.114975722144603
"480976770489998","MBB_BAU",2038,"MBB","soft_pulp",0,"MBB_soft_pulp",0.019591182,0,0
"480976770489998","MBB_BAU",2038,"MBB","hard_saw",13.8318154931912,"MBB_hard_saw",0.058759811,0.812754864166788,0.329050552294246
"480976770489998","MBB_BAU",2038,"MBB","soft_saw",0,"MBB_soft_saw",0.056478352,0,0
"480976770489998","MBB_BAU",2043,"MBB","hard_pulp",6.77519000319118,"MBB_hard_pulp",0.086896593,0.588740928204972,0.23835665109513
"480976770489998","MBB_BAU",2043,"MBB","soft_pulp",0,"MBB_soft_pulp",0.019591182,0,0
"480976770489998","MBB_BAU",2043,"MBB","hard_saw",26.4706063806788,"MBB_hard_saw",0.058759811,1.55540782798408,0.629719768414607
"480976770489998","MBB_BAU",2043,"MBB","soft_saw",0,"MBB_soft_saw",0.056478352,0,0
"480976796489998","MBB_BAU",2023,"MBB","hard_pulp",10.2475799933221,"MBB_hard_pulp",0.086896593,0.890479787914651,0.360518132758968
"480976796489998","MBB_BAU",2023,"MBB","soft_pulp",0,"MBB_soft_pulp",0.019591182,0,0
"480976796489998","MBB_BAU",2023,"MBB","hard_saw",41.2994767222809,"MBB_hard_saw",0.058759811,2.42674944660012,0.982489654493977
"480976796489998","MBB_BAU",2023,"MBB","soft_saw",0,"MBB_soft_saw",0.056478352,0,0
"480976801489998","MBB_BAU",2018,"MBB","hard_pulp",25.503886043864,"MBB_hard_pulp",0.086896593,2.21620080547203,0.897247289664791
"480976801489998","MBB_BAU",2018,"MBB","soft_pulp",0,"MBB_soft_pulp",0.019591182,0,0
"480976801489998","MBB_BAU",2018,"MBB","hard_saw",80.1508686396088,"MBB_hard_saw",0.058759811,4.70964989274924,1.9067408472669
"480976801489998","MBB_BAU",2018,"MBB","soft_saw",0,"MBB_soft_saw",0.056478352,0,0
"480976801489998","MBB_BAU",2023,"MBB","hard_pulp",13.1914833224555,"MBB_hard_pulp",0.086896593,1.1462949573377,0.464087027262229
"480976801489998","MBB_BAU",2023,"MBB","soft_pulp",0,"MBB_soft_pulp",0.019591182,0,0
"480976801489998","MBB_BAU",2023,"MBB","hard_saw",53.0122106639887,"MBB_hard_saw",0.058759811,3.11498747930816,1.26112853413286
"480976801489998","MBB_BAU",2023,"MBB","soft_saw",0,"MBB_soft_saw",0.056478352,0,0
"480976801489998","MBB_BAU",2028,"MBB","hard_pulp",7.24907669294602,"MBB_hard_pulp",0.086896593,0.629920067012716,0.255028367211626
"480976801489998","MBB_BAU",2028,"MBB","soft_pulp",0,"MBB_soft_pulp",0.019591182,0,0
"480976801489998","MBB_BAU",2028,"MBB","hard_saw",30.8381946009698,"MBB_hard_saw",0.058759811,1.81204648633421,0.733622059244618
"480976801489998","MBB_BAU",2028,"MBB","soft_saw",0,"MBB_soft_saw",0.056478352,0,0
"480976801489998","MBB_BAU",2038,"MBB","hard_pulp",3.13336950832719,"MBB_hard_pulp",0.086896593,0.272279134883718,0.110234467564258
"480976801489998","MBB_BAU",2038,"MBB","soft_pulp",0,"MBB_soft_pulp",0.019591182,0,0
"480976801489998","MBB_BAU",2038,"MBB","hard_saw",15.0501977799732,"MBB_hard_saw",0.058759811,0.884346777063846,0.358035132414513
"480976801489998","MBB_BAU",2038,"MBB","soft_saw",0,"MBB_soft_saw",0.056478352,0,0
"480976801489998","MBB_BAU",2043,"MBB","hard_pulp",0.465974487254387,"MBB_hard_pulp",0.086896593,0.0404915953673282,0.016393358448311
"480976801489998","MBB_BAU",2043,"MBB","soft_pulp",0,"MBB_soft_pulp",0.019591182,0,0
"480976801489998","MBB_BAU",2043,"MBB","hard_saw",2.62098818477348,"MBB_hard_saw",0.058759811,0.154008770370523,0.0623517288949485
"480976801489998","MBB_BAU",2043,"MBB","soft_saw",0,"MBB_soft_saw",0.056478352,0,0
"495155023126144","MBB_BAU",2019,"MBB","hard_pulp",13.8761447504526,"MBB_hard_pulp",0.086896593,1.20578970278916,0.488173968740553
"495155023126144","MBB_BAU",2019,"MBB","soft_pulp",0,"MBB_soft_pulp",0.019591182,0,0
"495155023126144","MBB_BAU",2019,"MBB","hard_saw",39.4978445668622,"MBB_hard_saw",0.058759811,2.3208858816562,0.939629911601699
"495155023126144","MBB_BAU",2019,"MBB","soft_saw",0,"MBB_soft_saw",0.056478352,0,0
"495155023126144","MBB_BAU",2024,"MBB","hard_pulp",8.11372786598668,"MBB_hard_pulp",0.086896593,0.705055308083403,0.285447493151175
"495155023126144","MBB_BAU",2024,"MBB","soft_pulp",0,"MBB_soft_pulp",0.019591182,0,0
"495155023126144","MBB_BAU",2024,"MBB","hard_saw",23.2054536786184,"MBB_hard_saw",0.058759811,1.36354807232487,0.552043753977681
"495155023126144","MBB_BAU",2024,"MBB","soft_saw",0,"MBB_soft_saw",0.056478352,0,0
"495155023126144","MBB_BAU",2029,"MBB","hard_pulp",1.72991727535627,"MBB_hard_pulp",0.086896593,0.150323917400303,0.0608598855871671
"495155023126144","MBB_BAU",2029,"MBB","soft_pulp",0,"MBB_soft_pulp",0.019591182,0,0
"495155023126144","MBB_BAU",2029,"MBB","hard_saw",5.97057533320304,"MBB_hard_saw",0.058759811,0.350829878140272,0.142036387911041
"495155023126144","MBB_BAU",2029,"MBB","soft_saw",0,"MBB_soft_saw",0.056478352,0,0
"495155059126144","MBB_BAU",2019,"MBB","hard_pulp",1.97444634665684,"MBB_hard_pulp",0.086896593,0.171572660585777,0.0694626156217719
"495155059126144","MBB_BAU",2019,"MBB","soft_pulp",1.12715378903796,"MBB_soft_pulp",0.019591182,0.0220822750230323,0.00894019231701714
"495155059126144","MBB_BAU",2019,"MBB","hard_saw",4.82854925619696,"MBB_hard_saw",0.058759811,0.283724641698324,0.114868275991224
"495155059126144","MBB_BAU",2019,"MBB","soft_saw",4.2608712542406,"MBB_soft_saw",0.056478352,0.240646986523682,0.097427929766673
"495155059126144","MBB_BAU",2024,"MBB","hard_pulp",1.64868951428038,"MBB_hard_pulp",0.086896593,0.14326550170579,0.0580022274112511
"495155059126144","MBB_BAU",2024,"MBB","soft_pulp",0.747049889370845,"MBB_soft_pulp",0.019591182,0.0146355903457441,0.00592534022094902
"495155059126144","MBB_BAU",2024,"MBB","hard_saw",3.58397002849238,"MBB_hard_saw",0.058759811,0.210593401503877,0.0852604864388165
"495155059126144","MBB_BAU",2024,"MBB","soft_saw",3.42547017712556,"MBB_soft_saw",0.056478352,0.1934649104292,0.0783258746676922
"495155059126144","MBB_BAU",2029,"MBB","hard_pulp",0.519029858565909,"MBB_hard_pulp",0.086896593,0.0451019263746494,0.0182598892205058
"495155059126144","MBB_BAU",2029,"MBB","soft_pulp",0.2351107282849,"MBB_soft_pulp",0.019591182,0.00460609706798203,0.00186481662671337
"495155059126144","MBB_BAU",2029,"MBB","hard_saw",1.37806441522578,"MBB_hard_saw",0.058759811,0.0809748045844922,0.0327833216941264
"495155059126144","MBB_BAU",2029,"MBB","soft_saw",1.11705626175881,"MBB_soft_saw",0.056478352,0.0630894967554184,0.0255423063787119
"495155063126144","MBB_BAU",2024,"MBB","hard_pulp",15.2116105000914,"MBB_hard_pulp",0.086896593,1.32183712650097,0.53515673137691
"495155063126144","MBB_BAU",2024,"MBB","soft_pulp",0,"MBB_soft_pulp",0.019591182,0,0
"495155063126144","MBB_BAU",2024,"MBB","hard_saw",34.5147202446239,"MBB_hard_saw",0.058759811,2.02807843829197,0.821084387972459
"495155063126144","MBB_BAU",2024,"MBB","soft_saw",0,"MBB_soft_saw",0.056478352,0,0
"495155063126144","MBB_BAU",2029,"MBB","hard_pulp",5.10914810989133,"MBB_hard_pulp",0.086896593,0.443967563881946,0.179743952988642
"495155063126144","MBB_BAU",2029,"MBB","soft_pulp",0,"MBB_soft_pulp",0.019591182,0,0
"495155063126144","MBB_BAU",2029,"MBB","hard_saw",17.9463848410077,"MBB_hard_saw",0.058759811,1.05452618139088,0.42693367667647
"495155063126144","MBB_BAU",2029,"MBB","soft_saw",0,"MBB_soft_saw",0.056478352,0,0
"495155063126144","MBB_BAU",2034,"MBB","hard_pulp",1.64573139954966,"MBB_hard_pulp",0.086896593,0.143008451613987,0.0578981585481728
"495155063126144","MBB_BAU",2034,"MBB","soft_pulp",0,"MBB_soft_pulp",0.019591182,0,0
"495155063126144","MBB_BAU",2034,"MBB","hard_saw",6.37291881940376,"MBB_hard_saw",0.058759811,0.374471505346508,0.15160789690142
"495155063126144","MBB_BAU",2034,"MBB","soft_saw",0,"MBB_soft_saw",0.056478352,0,0
"495155063126144","MBB_BAU",2039,"MBB","hard_pulp",1.53749674559888,"MBB_hard_pulp",0.086896593,0.13360322894113,0.0540903760895264
"495155063126144","MBB_BAU",2039,"MBB","soft_pulp",0,"MBB_soft_pulp",0.019591182,0,0
"495155063126144","MBB_BAU",2039,"MBB","hard_saw",6.19097167231907,"MBB_hard_saw",0.058759811,0.363780325371823,0.147279483956204
"495155063126144","MBB_BAU",2039,"MBB","soft_saw",0,"MBB_soft_saw",0.056478352,0,0
"495155063126144","MBB_BAU",2044,"MBB","hard_pulp",2.3034089854075,"MBB_hard_pulp",0.086896593,0.200158393117498,0.0810357866872462
"495155063126144","MBB_BAU",2044,"MBB","soft_pulp",0,"MBB_soft_pulp",0.019591182,0,0
"495155063126144","MBB_BAU",2044,"MBB","hard_saw",7.81741493571711,"MBB_hard_saw",0.058759811,0.459349824131314,0.185971588717131
"495155063126144","MBB_BAU",2044,"MBB","soft_saw",0,"MBB_soft_saw",0.056478352,0,0
"495155073126144","MBB_BAU",2018,"MBB","hard_pulp",17.9828337296936,"MBB_hard_pulp",0.086896593,1.56264698359586,0.632650600646096
"495155073126144","MBB_BAU",2018,"MBB","soft_pulp",0,"MBB_soft_pulp",0.019591182,0,0
"495155073126144","MBB_BAU",2018,"MBB","hard_saw",27.4765269393201,"MBB_hard_saw",0.058759811,1.61451552989086,0.653650012101562
"495155073126144","MBB_BAU",2018,"MBB","soft_saw",0,"MBB_soft_saw",0.056478352,0,0
"495155073126144","MBB_BAU",2023,"MBB","hard_pulp",11.7174244967539,"MBB_hard_pulp",0.086896593,1.01820426750265,0.41222844838164
"495155073126144","MBB_BAU",2023,"MBB","soft_pulp",0,"MBB_soft_pulp",0.019591182,0,0
"495155073126144","MBB_BAU",2023,"MBB","hard_saw",26.2979777614153,"MBB_hard_saw",0.058759811,1.54526420294297,0.625613037628731
"495155073126144","MBB_BAU",2023,"MBB","soft_saw",0,"MBB_soft_saw",0.056478352,0,0
"495155081126144","MBB_BAU",2024,"MBB","hard_pulp",3.99965402357423,"MBB_hard_pulp",0.086896593,0.347556307827342,0.140711055800543
"495155081126144","MBB_BAU",2024,"MBB","soft_pulp",0.0660080775499501,"MBB_soft_pulp",0.019591182,0.00129317626075119,0.000523553142004529
"495155081126144","MBB_BAU",2024,"MBB","hard_saw",15.1242772277693,"MBB_hard_saw",0.058759811,0.888699671415329,0.359797437819971
"495155081126144","MBB_BAU",2024,"MBB","soft_saw",0.68408344002984,"MBB_soft_saw",0.056478352,0.0386359053233762,0.015642066932541
"495155127126144","MBB_BAU",2019,"MBB","hard_pulp",15.4486415819222,"MBB_hard_pulp",0.086896593,1.34243431994717,0.543495676091971
"495155127126144","MBB_BAU",2019,"MBB","soft_pulp",0,"MBB_soft_pulp",0.019591182,0,0
"495155127126144","MBB_BAU",2019,"MBB","hard_saw",36.3416860828174,"MBB_hard_saw",0.058759811,2.13543060564768,0.864546803905943
"495155127126144","MBB_BAU",2019,"MBB","soft_saw",0,"MBB_soft_saw",0.056478352,0,0
"495155127126144","MBB_BAU",2024,"MBB","hard_pulp",10.4673547338866,"MBB_hard_pulp",0.086896593,0.909577464097165,0.368249985464439
"495155127126144","MBB_BAU",2024,"MBB","soft_pulp",0,"MBB_soft_pulp",0.019591182,0,0
"495155127126144","MBB_BAU",2024,"MBB","hard_saw",25.1555801524402,"MBB_hard_saw",0.058759811,1.47813713535274,0.598436087187343
"495155127126144","MBB_BAU",2024,"MBB","soft_saw",0,"MBB_soft_saw",0.056478352,0,0
"495155127126144","MBB_BAU",2029,"MBB","hard_pulp",0.380966728470925,"MBB_hard_pulp",0.086896593,0.0331047107504795,0.0134027169030281
"495155127126144","MBB_BAU",2029,"MBB","soft_pulp",0,"MBB_soft_pulp",0.019591182,0,0
"495155127126144","MBB_BAU",2029,"MBB","hard_saw",0.923875324008441,"MBB_hard_saw",0.058759811,0.0542867394262998,0.0219784370146963
"495155127126144","MBB_BAU",2029,"MBB","soft_saw",0,"MBB_soft_saw",0.056478352,0,0
"495155221126144","MBB_BAU",2019,"MBB","hard_pulp",9.7391604794638,"MBB_hard_pulp",0.086896593,0.846299864345651,0.342631524026579
"495155221126144","MBB_BAU",2019,"MBB","soft_pulp",0,"MBB_soft_pulp",0.019591182,0,0
"495155221126144","MBB_BAU",2019,"MBB","hard_saw",25.9579547564315,"MBB_hard_saw",0.058759811,1.52528451543447,0.617524095317597
"495155221126144","MBB_BAU",2019,"MBB","soft_saw",0,"MBB_soft_saw",0.056478352,0,0
"495155221126144","MBB_BAU",2024,"MBB","hard_pulp",6.93090599636806,"MBB_hard_pulp",0.086896593,0.602272117487654,0.243834865379617
"495155221126144","MBB_BAU",2024,"MBB","soft_pulp",0,"MBB_soft_pulp",0.019591182,0,0
"495155221126144","MBB_BAU",2024,"MBB","hard_saw",16.9781040557667,"MBB_hard_saw",0.058759811,0.997630185455186,0.403898860508173
"495155221126144","MBB_BAU",2024,"MBB","soft_saw",0,"MBB_soft_saw",0.056478352,0,0
"495155227126144","MBB_BAU",2019,"MBB","hard_pulp",7.07206101898226,"MBB_hard_pulp",0.086896593,0.614538008037666,0.248800812970715
"495155227126144","MBB_BAU",2019,"MBB","soft_pulp",0,"MBB_soft_pulp",0.019591182,0,0
"495155227126144","MBB_BAU",2019,"MBB","hard_saw",44.8359922442542,"MBB_hard_saw",0.058759811,2.63455443026984,1.0666212268299
"495155227126144","MBB_BAU",2019,"MBB","soft_saw",0,"MBB_soft_saw",0.056478352,0,0
"495155227126144","MBB_BAU",2024,"MBB","hard_pulp",0.462518962448288,"MBB_hard_pulp",0.086896593,0.0401913220346512,0.0162717902974296
"495155227126144","MBB_BAU",2024,"MBB","soft_pulp",0,"MBB_soft_pulp",0.019591182,0,0
"495155227126144","MBB_BAU",2024,"MBB","hard_saw",4.20066547685967,"MBB_hard_saw",0.058759811,0.246830309494499,0.0999312993904855
"495155227126144","MBB_BAU",2024,"MBB","soft_saw",0,"MBB_soft_saw",0.056478352,0,0
"495155248126144","MBB_BAU",2018,"MBB","hard_pulp",12.5043176315272,"MBB_hard_pulp",0.086896593,1.08658259996954,0.439911983793338
"495155248126144","MBB_BAU",2018,"MBB","soft_pulp",0,"MBB_soft_pulp",0.019591182,0,0
"495155248126144","MBB_BAU",2018,"MBB","hard_saw",21.2149356187572,"MBB_hard_saw",0.058759811,1.24658560733534,0.504690529285564
"495155248126144","MBB_BAU",2018,"MBB","soft_saw",0,"MBB_soft_saw",0.056478352,0,0
"495155248126144","MBB_BAU",2023,"MBB","hard_pulp",4.348629836595,"MBB_hard_pulp",0.086896593,0.377881117018252,0.152988306485122
"495155248126144","MBB_BAU",2023,"MBB","soft_pulp",0,"MBB_soft_pulp",0.019591182,0,0
"495155248126144","MBB_BAU",2023,"MBB","hard_saw",8.37209132220066,"MBB_hard_saw",0.058759811,0.491942503767251,0.199167005573786
"495155248126144","MBB_BAU",2023,"MBB","soft_saw",0,"MBB_soft_saw",0.056478352,0,0
"495155248126144","MBB_BAU",2028,"MBB","hard_pulp",3.03581545478947,"MBB_hard_pulp",0.086896593,0.263802019997951,0.106802437246134
"495155248126144","MBB_BAU",2028,"MBB","soft_pulp",0,"MBB_soft_pulp",0.019591182,0,0
"495155248126144","MBB_BAU",2028,"MBB","hard_saw",6.14590592726567,"MBB_hard_saw",0.058759811,0.36113227070991,0.146207397048547
"495155248126144","MBB_BAU",2028,"MBB","soft_saw",0,"MBB_soft_saw",0.056478352,0,0
"495155248126144","MBB_BAU",2033,"MBB","hard_pulp",3.98628735288121,"MBB_hard_pulp",0.086896593,0.346394789684366,0.140240805540229
"495155248126144","MBB_BAU",2033,"MBB","soft_pulp",0,"MBB_soft_pulp",0.019591182,0,0
"495155248126144","MBB_BAU",2033,"MBB","hard_saw",11.9468489080763,"MBB_hard_saw",0.058759811,0.701994583884118,0.284208333556323
"495155248126144","MBB_BAU",2033,"MBB","soft_saw",0,"MBB_soft_saw",0.056478352,0,0
"495155248126144","MBB_BAU",2038,"MBB","hard_pulp",3.95149240295445,"MBB_hard_pulp",0.086896593,0.343371227082125,0.139016691126366
"495155248126144","MBB_BAU",2038,"MBB","soft_pulp",0,"MBB_soft_pulp",0.019591182,0,0
"495155248126144","MBB_BAU",2038,"MBB","hard_saw",14.1596408153723,"MBB_hard_saw",0.058759811,0.832017818139163,0.336849319084681
"495155248126144","MBB_BAU",2038,"MBB","soft_saw",0,"MBB_soft_saw",0.056478352,0,0
"495155248126144","MBB_BAU",2043,"MBB","hard_pulp",2.68231802111027,"MBB_hard_pulp",0.086896593,0.233084297376985,0.0943661122983744
"495155248126144","MBB_BAU",2043,"MBB","soft_pulp",0,"MBB_soft_pulp",0.019591182,0,0
"495155248126144","MBB_BAU",2043,"MBB","hard_saw",15.9563431199914,"MBB_hard_saw",0.058759811,0.937591705981844,0.379591783798317
"495155248126144","MBB_BAU",2043,"MBB","soft_saw",0,"MBB_soft_saw",0.056478352,0,0
"495155281126144","MBB_BAU",2024,"MBB","hard_pulp",15.8983173677966,"MBB_hard_pulp",0.086896593,1.38150961369425,0.559315633074597
"495155281126144","MBB_BAU",2024,"MBB","soft_pulp",0,"MBB_soft_pulp",0.019591182,0,0
"495155281126144","MBB_BAU",2024,"MBB","hard_saw",29.8616743861781,"MBB_hard_saw",0.058759811,1.75466634307537,0.710391232014318
"495155281126144","MBB_BAU",2024,"MBB","soft_saw",0,"MBB_soft_saw",0.056478352,0,0
"495155299126144","MBB_BAU",2019,"MBB","hard_pulp",9.06093722149827,"MBB_hard_pulp",0.086896593,0.787364573935086,0.318771082564812
"495155299126144","MBB_BAU",2019,"MBB","soft_pulp",0,"MBB_soft_pulp",0.019591182,0,0
"495155299126144","MBB_BAU",2019,"MBB","hard_saw",33.6362963919237,"MBB_hard_saw",0.058759811,1.97646241872942,0.800187214060494
"495155299126144","MBB_BAU",2019,"MBB","soft_saw",0,"MBB_soft_saw",0.056478352,0,0
"495155299126144","MBB_BAU",2024,"MBB","hard_pulp",2.39086012543889,"MBB_hard_pulp",0.086896593,0.207757599240192,0.0841123883563532
"495155299126144","MBB_BAU",2024,"MBB","soft_pulp",0,"MBB_soft_pulp",0.019591182,0,0
"495155299126144","MBB_BAU",2024,"MBB","hard_saw",9.37895849207366,"MBB_hard_saw",0.058759811,0.551105828371093,0.223119768571293
"495155299126144","MBB_BAU",2024,"MBB","soft_saw",0,"MBB_soft_saw",0.056478352,0,0
"495155299126144","MBB_BAU",2044,"MBB","hard_pulp",0.32013411770623,"MBB_hard_pulp",0.086896593,0.0278185641317324,0.0112625765715516
"495155299126144","MBB_BAU",2044,"MBB","soft_pulp",0,"MBB_soft_pulp",0.019591182,0,0
"495155299126144","MBB_BAU",2044,"MBB","hard_saw",1.37695549608823,"MBB_hard_saw",0.058759811,0.0809096447055557,0.0327569411763383
"495155299126144","MBB_BAU",2044,"MBB","soft_saw",0,"MBB_soft_saw",0.056478352,0,0
"495155336126144","MBB_BAU",2019,"MBB","hard_pulp",6.84087483592054,"MBB_hard_pulp",0.086896593,0.594448716380929,0.240667496510497
"495155336126144","MBB_BAU",2019,"MBB","soft_pulp",0,"MBB_soft_pulp",0.019591182,0,0
"495155336126144","MBB_BAU",2019,"MBB","hard_saw",25.6322708129598,"MBB_hard_saw",0.058759811,1.50614738847033,0.609776270635762
"495155336126144","MBB_BAU",2019,"MBB","soft_saw",0,"MBB_soft_saw",0.056478352,0,0
"495155336126144","MBB_BAU",2024,"MBB","hard_pulp",3.53813768122258,"MBB_hard_pulp",0.086896593,0.307452110063162,0.12447453848711
"495155336126144","MBB_BAU",2024,"MBB","soft_pulp",0,"MBB_soft_pulp",0.019591182,0,0
"495155336126144","MBB_BAU",2024,"MBB","hard_saw",12.0874955470748,"MBB_hard_saw",0.058759811,0.710258953809455,0.28755423231152
"495155336126144","MBB_BAU",2024,"MBB","soft_saw",0,"MBB_soft_saw",0.056478352,0,0
"495155336126144","MBB_BAU",2029,"MBB","hard_pulp",0.948329807249907,"MBB_hard_pulp",0.086896593,0.0824066292903636,0.0333630078098638
"495155336126144","MBB_BAU",2029,"MBB","soft_pulp",0,"MBB_soft_pulp",0.019591182,0,0
"495155336126144","MBB_BAU",2029,"MBB","hard_saw",2.32105512873557,"MBB_hard_saw",0.058759811,0.136384760685083,0.0552165023016529
"495155336126144","MBB_BAU",2029,"MBB","soft_saw",0,"MBB_soft_saw",0.056478352,0,0
"495155369126144","MBB_BAU",2019,"MBB","hard_pulp",15.6671148839711,"MBB_hard_pulp",0.086896593,1.36141890555668,0.551181743140356
"495155369126144","MBB_BAU",2019,"MBB","soft_pulp",0,"MBB_soft_pulp",0.019591182,0,0
"495155369126144","MBB_BAU",2019,"MBB","hard_saw",65.2844950004992,"MBB_hard_saw",0.058759811,3.83610458745978,1.55307878034809
"495155369126144","MBB_BAU",2019,"MBB","soft_saw",0,"MBB_soft_saw",0.056478352,0,0
"495155369126144","MBB_BAU",2029,"MBB","hard_pulp",6.21846059864744,"MBB_hard_pulp",0.086896593,0.540363039727203,0.218770461428017
"495155369126144","MBB_BAU",2029,"MBB","soft_pulp",0,"MBB_soft_pulp",0.019591182,0,0
"495155369126144","MBB_BAU",2029,"MBB","hard_saw",31.0129189797609,"MBB_hard_saw",0.058759811,1.82231325780906,0.73777864688626
"495155369126144","MBB_BAU",2029,"MBB","soft_saw",0,"MBB_soft_saw",0.056478352,0,0
"503670426126144","MBB_BAU",2018,"MBB","hard_pulp",11.7681458588227,"MBB_hard_pulp",0.086896593,1.02261178105875,0.414012866825407
"503670426126144","MBB_BAU",2018,"MBB","soft_pulp",0,"MBB_soft_pulp",0.019591182,0,0
"503670426126144","MBB_BAU",2018,"MBB","hard_saw",39.3711067154238,"MBB_hard_saw",0.058759811,2.31343878945913,0.936614894517868
"503670426126144","MBB_BAU",2018,"MBB","soft_saw",0,"MBB_soft_saw",0.056478352,0,0
"503670426126144","MBB_BAU",2028,"MBB","hard_pulp",1.11212343328927,"MBB_hard_pulp",0.086896593,0.0966397373483005,0.039125399736154
"503670426126144","MBB_BAU",2028,"MBB","soft_pulp",0,"MBB_soft_pulp",0.019591182,0,0
"503670426126144","MBB_BAU",2028,"MBB","hard_saw",5.39913070224797,"MBB_hard_saw",0.058759811,0.317251899628388,0.128442064626878
"503670426126144","MBB_BAU",2028,"MBB","soft_saw",0,"MBB_soft_saw",0.056478352,0,0
"503670512126144","MBB_BAU",2018,"MBB","hard_pulp",7.85261182330542,"MBB_hard_pulp",0.086896593,0.682365213596759,0.27626122007966
"503670512126144","MBB_BAU",2018,"MBB","soft_pulp",0,"MBB_soft_pulp",0.019591182,0,0
"503670512126144","MBB_BAU",2018,"MBB","hard_saw",39.4225144824178,"MBB_hard_saw",0.058759811,2.31645950013163,0.937837854304305
"503670512126144","MBB_BAU",2018,"MBB","soft_saw",0,"MBB_soft_saw",0.056478352,0,0
"503670512126144","MBB_BAU",2023,"MBB","hard_pulp",3.21719139609088,"MBB_hard_pulp",0.086896593,0.279562971349211,0.113183389210207
"503670512126144","MBB_BAU",2023,"MBB","soft_pulp",0,"MBB_soft_pulp",0.019591182,0,0
"503670512126144","MBB_BAU",2023,"MBB","hard_saw",15.0849275827886,"MBB_hard_saw",0.058759811,0.886387493713342,0.358861333487183
"503670512126144","MBB_BAU",2023,"MBB","soft_saw",0,"MBB_soft_saw",0.056478352,0,0
"503670553126144","MBB_BAU",2018,"MBB","hard_pulp",16.1661871808784,"MBB_hard_pulp",0.086896593,1.40478658781861,0.568739509238303
"503670553126144","MBB_BAU",2018,"MBB","soft_pulp",0,"MBB_soft_pulp",0.019591182,0,0
"503670553126144","MBB_BAU",2018,"MBB","hard_saw",28.8805252476731,"MBB_hard_saw",0.058759811,1.697014205134,0.687050285479352
"503670553126144","MBB_BAU",2018,"MBB","soft_saw",0,"MBB_soft_saw",0.056478352,0,0
"503670553126144","MBB_BAU",2023,"MBB","hard_pulp",12.682727687612,"MBB_hard_pulp",0.086896593,1.10208582600025,0.44618859352237
"503670553126144","MBB_BAU",2023,"MBB","soft_pulp",0,"MBB_soft_pulp",0.019591182,0,0
"503670553126144","MBB_BAU",2023,"MBB","hard_saw",26.5862429025504,"MBB_hard_saw",0.058759811,1.56220260815396,0.632470691560306
"503670553126144","MBB_BAU",2023,"MBB","soft_saw",0,"MBB_soft_saw",0.056478352,0,0
"503670553126144","MBB_BAU",2028,"MBB","hard_pulp",5.21407629101622,"MBB_hard_pulp",0.086896593,0.453085465331386,0.183435411065338
"503670553126144","MBB_BAU",2028,"MBB","soft_pulp",0,"MBB_soft_pulp",0.019591182,0,0
"503670553126144","MBB_BAU",2028,"MBB","hard_saw",15.1094497912194,"MBB_hard_saw",0.058759811,0.887828414046043,0.359444702042932
"503670553126144","MBB_BAU",2028,"MBB","soft_saw",0,"MBB_soft_saw",0.056478352,0,0
"503670553126144","MBB_BAU",2033,"MBB","hard_pulp",0.710858189884657,"MBB_hard_pulp",0.086896593,0.0617711548071237,0.0250085646992404
"503670553126144","MBB_BAU",2033,"MBB","soft_pulp",0,"MBB_soft_pulp",0.019591182,0,0
"503670553126144","MBB_BAU",2033,"MBB","hard_saw",2.41490240090247,"MBB_hard_saw",0.058759811,0.141899208660475,0.0574490723321763
"503670553126144","MBB_BAU",2033,"MBB","soft_saw",0,"MBB_soft_saw",0.056478352,0,0
"503670756126144","MBB_BAU",2019,"MBB","hard_pulp",7.46806424455467,"MBB_hard_pulp",0.086896593,0.64894933915692,0.262732525974461
"503670756126144","MBB_BAU",2019,"MBB","soft_pulp",0,"MBB_soft_pulp",0.019591182,0,0
"503670756126144","MBB_BAU",2019,"MBB","hard_saw",40.6642332492654,"MBB_hard_saw",0.058759811,2.38942266018675,0.967377595217308
"503670756126144","MBB_BAU",2019,"MBB","soft_saw",0,"MBB_soft_saw",0.056478352,0,0
"503670756126144","MBB_BAU",2029,"MBB","hard_pulp",0.144587688388102,"MBB_hard_pulp",0.086896593,0.0125641775106717,0.00508671154278208
"503670756126144","MBB_BAU",2029,"MBB","soft_pulp",0,"MBB_soft_pulp",0.019591182,0,0
"503670756126144","MBB_BAU",2029,"MBB","hard_saw",1.08844695370425,"MBB_hard_saw",0.058759811,0.0639569372831875,0.0258934968757844
"503670756126144","MBB_BAU",2029,"MBB","soft_saw",0,"MBB_soft_saw",0.056478352,0,0
"503670802126144","MBB_BAU",2018,"MBB","hard_pulp",13.6947275387167,"MBB_hard_pulp",0.086896593,1.19002516517776,0.481791564849295
"503670802126144","MBB_BAU",2018,"MBB","soft_pulp",0,"MBB_soft_pulp",0.019591182,0,0
"503670802126144","MBB_BAU",2018,"MBB","hard_saw",66.6556098923567,"MBB_hard_saw",0.058759811,3.91667103936461,1.58569677707069
"503670802126144","MBB_BAU",2018,"MBB","soft_saw",0,"MBB_soft_saw",0.056478352,0,0
"503670802126144","MBB_BAU",2023,"MBB","hard_pulp",10.5654489439135,"MBB_hard_pulp",0.086896593,0.918101516741535,0.371701018923698
"503670802126144","MBB_BAU",2023,"MBB","soft_pulp",0,"MBB_soft_pulp",0.019591182,0,0
"503670802126144","MBB_BAU",2023,"MBB","hard_saw",46.2258879992266,"MBB_hard_saw",0.058759811,2.71622444214172,1.09968600896426
"503670802126144","MBB_BAU",2023,"MBB","soft_saw",0,"MBB_soft_saw",0.056478352,0,0
"503670802126144","MBB_BAU",2038,"MBB","hard_pulp",5.07188956559329,"MBB_hard_pulp",0.086896593,0.440729923322307,0.178433167336966
"503670802126144","MBB_BAU",2038,"MBB","soft_pulp",0,"MBB_soft_pulp",0.019591182,0,0
"503670802126144","MBB_BAU",2038,"MBB","hard_saw",34.2662535979566,"MBB_hard_saw",0.058759811,2.013478585094,0.815173516232389
"503670802126144","MBB_BAU",2038,"MBB","soft_saw",0,"MBB_soft_saw",0.056478352,0,0
"503670839126144","MBB_BAU",2018,"MBB","hard_pulp",12.264185104199,"MBB_hard_pulp",0.086896593,1.06571590147624,0.431463927723176
"503670839126144","MBB_BAU",2018,"MBB","soft_pulp",0,"MBB_soft_pulp",0.019591182,0,0
"503670839126144","MBB_BAU",2018,"MBB","hard_saw",62.5579175383541,"MBB_hard_saw",0.058759811,3.67589141110727,1.48821514619728
"503670839126144","MBB_BAU",2018,"MBB","soft_saw",0,"MBB_soft_saw",0.056478352,0,0
"503670839126144","MBB_BAU",2023,"MBB","hard_pulp",8.25401738453265,"MBB_hard_pulp",0.086896593,0.717245989278658,0.290382991610793
"503670839126144","MBB_BAU",2023,"MBB","soft_pulp",0,"MBB_soft_pulp",0.019591182,0,0
"503670839126144","MBB_BAU",2023,"MBB","hard_saw",39.9820130242602,"MBB_hard_saw",0.058759811,2.34933552870507,0.951147987329987
"503670839126144","MBB_BAU",2023,"MBB","soft_saw",0,"MBB_soft_saw",0.056478352,0,0
"503670839126144","MBB_BAU",2028,"MBB","hard_pulp",4.15112647855104,"MBB_hard_pulp",0.086896593,0.360718748098173,0.146039978987115
"503670839126144","MBB_BAU",2028,"MBB","soft_pulp",0,"MBB_soft_pulp",0.019591182,0,0
"503670839126144","MBB_BAU",2028,"MBB","hard_saw",20.1762493934961,"MBB_hard_saw",0.058759811,1.1855526010507,0.479980810141983
"503670839126144","MBB_BAU",2028,"MBB","soft_saw",0,"MBB_soft_saw",0.056478352,0,0
"503670839126144","MBB_BAU",2033,"MBB","hard_pulp",1.11267022911709,"MBB_hard_pulp",0.086896593,0.0966872520428046,0.0391446364545767
"503670839126144","MBB_BAU",2033,"MBB","soft_pulp",0,"MBB_soft_pulp",0.019591182,0,0
"503670839126144","MBB_BAU",2033,"MBB","hard_saw",7.34128689935002,"MBB_hard_saw",0.058759811,0.431372630702583,0.174644789758131
"503670839126144","MBB_BAU",2033,"MBB","soft_saw",0,"MBB_soft_saw",0.056478352,0,0
"503670839126144","MBB_BAU",2043,"MBB","hard_pulp",13.1054316638114,"MBB_hard_pulp",0.086896593,1.13881736137953,0.461059660477543
"503670839126144","MBB_BAU",2043,"MBB","soft_pulp",0,"MBB_soft_pulp",0.019591182,0,0
"503670839126144","MBB_BAU",2043,"MBB","hard_saw",39.4293877129048,"MBB_hard_saw",0.058759811,2.31686336985601,0.938001364314173
"503670839126144","MBB_BAU",2043,"MBB","soft_saw",0,"MBB_soft_saw",0.056478352,0,0
"535844125126144","MBB_BAU",2034,"MBB","hard_pulp",9.92917934485883,"MBB_hard_pulp",0.086896593,0.862811856354205,0.349316541034091
"535844125126144","MBB_BAU",2034,"MBB","soft_pulp",3.21007573376967,"MBB_soft_pulp",0.019591182,0.0628891779340651,0.0254612056413219
"535844125126144","MBB_BAU",2034,"MBB","hard_saw",14.2759713362555,"MBB_hard_saw",0.058759811,0.838853377559788,0.339616752048497
"535844125126144","MBB_BAU",2034,"MBB","soft_saw",0.98334146221696,"MBB_soft_saw",0.056478352,0.0555375052392842,0.0224848199349329
"535844125126144","MBB_BAU",2044,"MBB","hard_pulp",10.6187591738257,"MBB_hard_pulp",0.086896593,0.922733994092948,0.373576515827104
"535844125126144","MBB_BAU",2044,"MBB","soft_pulp",2.30777884790998,"MBB_soft_pulp",0.019591182,0.0452121154251548,0.0183045001721274
"535844125126144","MBB_BAU",2044,"MBB","hard_saw",17.9238644697052,"MBB_hard_saw",0.058759811,1.05320288862949,0.426397930619227
"535844125126144","MBB_BAU",2044,"MBB","soft_saw",1.63702068662802,"MBB_soft_saw",0.056478352,0.0924562305706589,0.0374316722958133
"535844304126144","MBB_BAU",2028,"MBB","hard_pulp",7.31214391569869,"MBB_hard_pulp",0.086896593,0.635400393799895,0.257247122995909
"535844304126144","MBB_BAU",2028,"MBB","soft_pulp",0,"MBB_soft_pulp",0.019591182,0,0
"535844304126144","MBB_BAU",2028,"MBB","hard_saw",19.2499570481216,"MBB_hard_saw",0.058759811,1.13112383790574,0.457944873646049
"535844304126144","MBB_BAU",2028,"MBB","soft_saw",0,"MBB_soft_saw",0.056478352,0,0
"535844308126144","MBB_BAU",2019,"MBB","hard_pulp",6.59859559939376,"MBB_hard_pulp",0.086896593,0.573395476172111,0.232143917478587
"535844308126144","MBB_BAU",2019,"MBB","soft_pulp",0,"MBB_soft_pulp",0.019591182,0,0
"535844308126144","MBB_BAU",2019,"MBB","hard_saw",61.7932514869015,"MBB_hard_saw",0.058759811,3.6309597784458,1.47002420179992
"535844308126144","MBB_BAU",2019,"MBB","soft_saw",0,"MBB_soft_saw",0.056478352,0,0
"535844308126144","MBB_BAU",2034,"MBB","hard_pulp",6.18335307203482,"MBB_hard_pulp",0.086896593,0.537312315275909,0.217535350314133
"535844308126144","MBB_BAU",2034,"MBB","soft_pulp",0,"MBB_soft_pulp",0.019591182,0,0
"535844308126144","MBB_BAU",2034,"MBB","hard_saw",48.1052163803803,"MBB_hard_saw",0.058759811,2.82665342262525,1.14439409822885
"535844308126144","MBB_BAU",2034,"MBB","soft_saw",0,"MBB_soft_saw",0.056478352,0,0
"651720233126144","MBB_BAU",2020,"MBB","hard_pulp",3.15526934327796,"MBB_hard_pulp",0.086896593,0.274182155928202,0.111004921428422
"651720233126144","MBB_BAU",2020,"MBB","soft_pulp",0,"MBB_soft_pulp",0.019591182,0,0
"651720233126144","MBB_BAU",2020,"MBB","hard_saw",9.88679280767353,"MBB_hard_saw",0.058759811,0.580946076775056,0.235200840799618
"651720233126144","MBB_BAU",2020,"MBB","soft_saw",0,"MBB_soft_saw",0.056478352,0,0
"657096813126144","MBB_BAU",2025,"MBB","hard_pulp",0.509457276983471,"MBB_hard_pulp",0.086896593,0.0442701016489209,0.0179231180764862
"657096813126144","MBB_BAU",2025,"MBB","soft_pulp",0,"MBB_soft_pulp",0.019591182,0,0
"657096813126144","MBB_BAU",2025,"MBB","hard_saw",1.33326800056989,"MBB_hard_saw",0.058759811,0.0783425757258346,0.031717641994265
"657096813126144","MBB_BAU",2025,"MBB","soft_saw",0,"MBB_soft_saw",0.056478352,0,0
"657096813126144","MBB_BAU",2045,"MBB","hard_pulp",29.6908653712385,"MBB_hard_pulp",0.086896593,2.5800350439823,1.04454860080255
"657096813126144","MBB_BAU",2045,"MBB","soft_pulp",0,"MBB_soft_pulp",0.019591182,0,0
"657096813126144","MBB_BAU",2045,"MBB","hard_saw",61.453230563966,"MBB_hard_saw",0.058759811,3.61098021327806,1.46193530901946
"657096813126144","MBB_BAU",2045,"MBB","soft_saw",0,"MBB_soft_saw",0.056478352,0,0
"657096828126144","MBB_BAU",2020,"MBB","hard_pulp",9.64779544323154,"MBB_hard_pulp",0.086896593,0.838360553977746,0.339417228331071
"657096828126144","MBB_BAU",2020,"MBB","soft_pulp",0,"MBB_soft_pulp",0.019591182,0,0
"657096828126144","MBB_BAU",2020,"MBB","hard_saw",26.8837595650923,"MBB_hard_saw",0.058759811,1.57968463101427,0.639548433609015
"657096828126144","MBB_BAU",2020,"MBB","soft_saw",0,"MBB_soft_saw",0.056478352,0,0
"657096828126144","MBB_BAU",2025,"MBB","hard_pulp",7.86868838079659,"MBB_hard_pulp",0.086896593,0.68376221166991,0.276826806344093
"657096828126144","MBB_BAU",2025,"MBB","soft_pulp",0,"MBB_soft_pulp",0.019591182,0,0
"657096828126144","MBB_BAU",2025,"MBB","hard_saw",13.6754788479946,"MBB_hard_saw",0.058759811,0.803568552442659,0.325331397750064
"657096828126144","MBB_BAU",2025,"MBB","soft_saw",0,"MBB_soft_saw",0.056478352,0,0
"657096828126144","MBB_BAU",2030,"MBB","hard_pulp",6.40048925532882,"MBB_hard_pulp",0.086896593,0.556180709821181,0.225174376445822
"657096828126144","MBB_BAU",2030,"MBB","soft_pulp",0,"MBB_soft_pulp",0.019591182,0,0
"657096828126144","MBB_BAU",2030,"MBB","hard_saw",8.25299910098881,"MBB_hard_saw",0.058759811,0.484944667357272,0.196333873423997
"657096828126144","MBB_BAU",2030,"MBB","soft_saw",0,"MBB_soft_saw",0.056478352,0,0
"657096862126144","MBB_BAU",2019,"MBB","hard_pulp",16.8537518386188,"MBB_hard_pulp",0.086896593,1.46453361404346,0.592928588681561
"657096862126144","MBB_BAU",2019,"MBB","soft_pulp",1.01101692272674,"MBB_soft_pulp",0.019591182,0.0198070165382195,0.00801903503571639
"657096862126144","MBB_BAU",2019,"MBB","hard_saw",32.9779142264915,"MBB_hard_saw",0.058759811,1.93777600712285,0.784524699240021
"657096862126144","MBB_BAU",2019,"MBB","soft_saw",0,"MBB_soft_saw",0.056478352,0,0
"657096862126144","MBB_BAU",2024,"MBB","hard_pulp",4.95104078614108,"MBB_hard_pulp",0.086896593,0.430228576119701,0.174181609765061
"657096862126144","MBB_BAU",2024,"MBB","soft_pulp",0.210372952467528,"MBB_soft_pulp",0.019591182,0.00412145479966868,0.0016686051820521
"657096862126144","MBB_BAU",2024,"MBB","hard_saw",9.84574541051634,"MBB_hard_saw",0.058759811,0.578534139476058,0.234224347966015
"657096862126144","MBB_BAU",2024,"MBB","soft_saw",0,"MBB_soft_saw",0.056478352,0,0
"657096938126144","MBB_BAU",2021,"MBB","hard_pulp",8.86926409327537,"MBB_hard_pulp",0.086896593,0.770708832122864,0.31202786725622
"657096938126144","MBB_BAU",2021,"MBB","soft_pulp",0,"MBB_soft_pulp",0.019591182,0,0
"657096938126144","MBB_BAU",2021,"MBB","hard_saw",37.912197846761,"MBB_hard_saw",0.058759811,2.22771358007028,0.901908332012261
"657096938126144","MBB_BAU",2021,"MBB","soft_saw",0,"MBB_soft_saw",0.056478352,0,0
"657096938126144","MBB_BAU",2026,"MBB","hard_pulp",2.55663333435158,"MBB_hard_pulp",0.086896593,0.222162726305382,0.0899444236054178
"657096938126144","MBB_BAU",2026,"MBB","soft_pulp",0,"MBB_soft_pulp",0.019591182,0,0
"657096938126144","MBB_BAU",2026,"MBB","hard_saw",16.1303109108427,"MBB_hard_saw",0.058759811,0.947814020492354,0.383730372668969
"657096938126144","MBB_BAU",2026,"MBB","soft_saw",0,"MBB_soft_saw",0.056478352,0,0
"657097053126144","MBB_BAU",2025,"MBB","hard_pulp",18.5459638356414,"MBB_hard_pulp",0.086896593,1.61158107121845,0.652461972153219
"657097053126144","MBB_BAU",2025,"MBB","soft_pulp",0,"MBB_soft_pulp",0.019591182,0,0
"657097053126144","MBB_BAU",2025,"MBB","hard_saw",20.8085327898704,"MBB_hard_saw",0.058759811,1.22270545392009,0.495022450979792
"657097053126144","MBB_BAU",2025,"MBB","soft_saw",0,"MBB_soft_saw",0.056478352,0,0
"657097053126144","MBB_BAU",2030,"MBB","hard_pulp",2.87654842881862,"MBB_hard_pulp",0.086896593,0.249962258063841,0.101199294762689
"657097053126144","MBB_BAU",2030,"MBB","soft_pulp",0,"MBB_soft_pulp",0.019591182,0,0
"657097053126144","MBB_BAU",2030,"MBB","hard_saw",5.87398168847694,"MBB_hard_saw",0.058759811,0.345154053832366,0.139738483332942
"657097053126144","MBB_BAU",2030,"MBB","soft_saw",0,"MBB_soft_saw",0.056478352,0,0
"657097147126144","MBB_BAU",2020,"MBB","hard_pulp",10.2111728762098,"MBB_hard_pulp",0.086896593,0.887316133476642,0.359237301002689
"657097147126144","MBB_BAU",2020,"MBB","soft_pulp",0,"MBB_soft_pulp",0.019591182,0,0
"657097147126144","MBB_BAU",2020,"MBB","hard_saw",42.9614428700443,"MBB_hard_saw",0.058759811,2.5244062633311,1.02202682725956
"657097147126144","MBB_BAU",2020,"MBB","soft_saw",0,"MBB_soft_saw",0.056478352,0,0
"657097147126144","MBB_BAU",2025,"MBB","hard_pulp",4.87471836861503,"MBB_hard_pulp",0.086896593,0.423596418067164,0.171496525533265
"657097147126144","MBB_BAU",2025,"MBB","soft_pulp",0,"MBB_soft_pulp",0.019591182,0,0
"657097147126144","MBB_BAU",2025,"MBB","hard_saw",19.9653697302192,"MBB_hard_saw",0.058759811,1.1731613518928,0.474964110078058
"657097147126144","MBB_BAU",2025,"MBB","soft_saw",0,"MBB_soft_saw",0.056478352,0,0
"657097179126144","MBB_BAU",2030,"MBB","hard_pulp",18.7859201547997,"MBB_hard_pulp",0.086896593,1.63243245782212,0.660903829077783
"657097179126144","MBB_BAU",2030,"MBB","soft_pulp",0.664144320053014,"MBB_soft_pulp",0.019591182,0.0130113722484248,0.0052677620438967
"657097179126144","MBB_BAU",2030,"MBB","hard_saw",23.0777080307476,"MBB_hard_saw",0.058759811,1.35604176219991,0.549004762024256
"657097179126144","MBB_BAU",2030,"MBB","soft_saw",0,"MBB_soft_saw",0.056478352,0,0
"657097179126144","MBB_BAU",2035,"MBB","hard_pulp",8.08791111558805,"MBB_hard_pulp",0.086896593,0.702811920431431,0.284539239041065
"657097179126144","MBB_BAU",2035,"MBB","soft_pulp",0.251009557005597,"MBB_soft_pulp",0.019591182,0.00491757391503603,0.00199092061337491
"657097179126144","MBB_BAU",2035,"MBB","hard_saw",10.8884153659253,"MBB_hard_saw",0.058759811,0.639801228991265,0.259028837648285
"657097179126144","MBB_BAU",2035,"MBB","soft_saw",0,"MBB_soft_saw",0.056478352,0,0
"657097179126144","MBB_BAU",2040,"MBB","hard_pulp",1.8985366795191,"MBB_hard_pulp",0.086896593,0.164976369135743,0.0667920522816772
"657097179126144","MBB_BAU",2040,"MBB","soft_pulp",0.175395710993844,"MBB_soft_pulp",0.019591182,0.0034362092960998,0.00139117785267198
"657097179126144","MBB_BAU",2040,"MBB","hard_saw",5.79120915234474,"MBB_hard_saw",0.058759811,0.340290355253247,0.137769374596456
"657097179126144","MBB_BAU",2040,"MBB","soft_saw",0,"MBB_soft_saw",0.056478352,0,0
"657097179126144","MBB_BAU",2045,"MBB","hard_pulp",1.1771281505405,"MBB_hard_pulp",0.086896593,0.10228842580636,0.0414123181402269
"657097179126144","MBB_BAU",2045,"MBB","soft_pulp",0.121065249694848,"MBB_soft_pulp",0.019591182,0.0023718113406472,0.0009602475063349
"657097179126144","MBB_BAU",2045,"MBB","hard_saw",4.53059242250386,"MBB_hard_saw",0.058759811,0.266216754464359,0.107780062536178
"657097179126144","MBB_BAU",2045,"MBB","soft_saw",0,"MBB_soft_saw",0.056478352,0,0
"657097212126144","MBB_BAU",2020,"MBB","hard_pulp",9.41250370198067,"MBB_hard_pulp",0.086896593,0.817914503302008,0.331139475021056
"657097212126144","MBB_BAU",2020,"MBB","soft_pulp",0,"MBB_soft_pulp",0.019591182,0,0
"657097212126144","MBB_BAU",2020,"MBB","hard_saw",60.9406834903705,"MBB_hard_saw",0.058759811,3.58086304410499,1.44974212311943
"657097212126144","MBB_BAU",2020,"MBB","soft_saw",0,"MBB_soft_saw",0.056478352,0,0
"657097212126144","MBB_BAU",2025,"MBB","hard_pulp",5.0346538045465,"MBB_hard_pulp",0.086896593,0.437494262549578,0.177123183218453
"657097212126144","MBB_BAU",2025,"MBB","soft_pulp",0,"MBB_soft_pulp",0.019591182,0,0
"657097212126144","MBB_BAU",2025,"MBB","hard_saw",37.9025172597484,"MBB_hard_saw",0.058759811,2.22714475060705,0.901678036683017
"657097212126144","MBB_BAU",2025,"MBB","soft_saw",0,"MBB_soft_saw",0.056478352,0,0
"657097212126144","MBB_BAU",2030,"MBB","hard_pulp",3.7550849524757,"MBB_hard_pulp",0.086896593,0.326304088795705,0.132106918540771
"657097212126144","MBB_BAU",2030,"MBB","soft_pulp",0,"MBB_soft_pulp",0.019591182,0,0
"657097212126144","MBB_BAU",2030,"MBB","hard_saw",25.5856381750826,"MBB_hard_saw",0.058759811,1.50340726348224,0.608666908292404
"657097212126144","MBB_BAU",2030,"MBB","soft_saw",0,"MBB_soft_saw",0.056478352,0,0
"657097212126144","MBB_BAU",2045,"MBB","hard_pulp",8.32979494778959,"MBB_hard_pulp",0.086896593,0.723830801351529,0.293048907429769
"657097212126144","MBB_BAU",2045,"MBB","soft_pulp",0,"MBB_soft_pulp",0.019591182,0,0
"657097212126144","MBB_BAU",2045,"MBB","hard_saw",27.2553153748866,"MBB_hard_saw",0.058759811,1.60151718017373,0.648387522337543
"657097212126144","MBB_BAU",2045,"MBB","soft_saw",0,"MBB_soft_saw",0.056478352,0,0
"657097344126144","MBB_BAU",2025,"MBB","hard_pulp",2.96727476566165,"MBB_hard_pulp",0.086896593,0.257846067630871,0.104391120498328
"657097344126144","MBB_BAU",2025,"MBB","soft_pulp",0,"MBB_soft_pulp",0.019591182,0,0
"657097344126144","MBB_BAU",2025,"MBB","hard_saw",11.2959832439286,"MBB_hard_saw",0.058759811,0.66374984047241,0.268724631770206
"657097344126144","MBB_BAU",2025,"MBB","soft_saw",0,"MBB_soft_saw",0.056478352,0,0
"678976319126144","MBB_BAU",2019,"MBB","hard_pulp",16.8773196903062,"MBB_hard_pulp",0.086896593,1.46658158005942,0.593757724720414
"678976319126144","MBB_BAU",2019,"MBB","soft_pulp",0,"MBB_soft_pulp",0.019591182,0,0
"678976319126144","MBB_BAU",2019,"MBB","hard_saw",45.6369455374827,"MBB_hard_saw",0.058759811,2.68161829439978,1.08567542283392
"678976319126144","MBB_BAU",2019,"MBB","soft_saw",0,"MBB_soft_saw",0.056478352,0,0
"678976324126144","MBB_BAU",2020,"MBB","hard_pulp",9.73902139577682,"MBB_hard_pulp",0.086896593,0.84628777844711,0.342626630950247
"678976324126144","MBB_BAU",2020,"MBB","soft_pulp",0,"MBB_soft_pulp",0.019591182,0,0
"678976324126144","MBB_BAU",2020,"MBB","hard_saw",15.3702800414927,"MBB_hard_saw",0.058759811,0.903154750255182,0.365649696459588
"678976324126144","MBB_BAU",2020,"MBB","soft_saw",0,"MBB_soft_saw",0.056478352,0,0
"678976324126144","MBB_BAU",2025,"MBB","hard_pulp",5.66367969236176,"MBB_hard_pulp",0.086896593,0.492154469109525,0.199252821501832
"678976324126144","MBB_BAU",2025,"MBB","soft_pulp",0,"MBB_soft_pulp",0.019591182,0,0
"678976324126144","MBB_BAU",2025,"MBB","hard_saw",9.30555890008035,"MBB_hard_saw",0.058759811,0.546792882218089,0.221373636525542
"678976324126144","MBB_BAU",2025,"MBB","soft_saw",0,"MBB_soft_saw",0.056478352,0,0
"678976324126144","MBB_BAU",2030,"MBB","hard_pulp",2.23962239485298,"MBB_hard_pulp",0.086896593,0.194615555719225,0.0787917229632488
"678976324126144","MBB_BAU",2030,"MBB","soft_pulp",0,"MBB_soft_pulp",0.019591182,0,0
"678976324126144","MBB_BAU",2030,"MBB","hard_saw",5.21053217052113,"MBB_hard_saw",0.058759811,0.306169885549241,0.123955419250705
"678976324126144","MBB_BAU",2030,"MBB","soft_saw",0,"MBB_soft_saw",0.056478352,0,0
"678976324126144","MBB_BAU",2045,"MBB","hard_pulp",2.68086871879275,"MBB_hard_pulp",0.086896593,0.232958357943365,0.0943151246734272
"678976324126144","MBB_BAU",2045,"MBB","soft_pulp",0,"MBB_soft_pulp",0.019591182,0,0
"678976324126144","MBB_BAU",2045,"MBB","hard_saw",9.52394971898602,"MBB_hard_saw",0.058759811,0.559625485461122,0.226569022453895
"678976324126144","MBB_BAU",2045,"MBB","soft_saw",0,"MBB_soft_saw",0.056478352,0,0
"678976594126144","MBB_BAU",2020,"MBB","hard_pulp",6.97981547476554,"MBB_hard_pulp",0.086896593,0.606522184525803,0.245555540293847
"678976594126144","MBB_BAU",2020,"MBB","soft_pulp",0.66984793629565,"MBB_soft_pulp",0.019591182,0.0131231128322925,0.00531300114667712
"678976594126144","MBB_BAU",2020,"MBB","hard_saw",12.2984082644532,"MBB_hard_saw",0.058759811,0.722652145220106,0.292571718712594
"678976594126144","MBB_BAU",2020,"MBB","soft_saw",0.66984793629565,"MBB_soft_saw",0.056478352,0.0378319075325793,0.0153165617540807
"678976594126144","MBB_BAU",2025,"MBB","hard_pulp",1.63351541551969,"MBB_hard_pulp",0.086896593,0.14194692422164,0.0574683903731337
"678976594126144","MBB_BAU",2025,"MBB","soft_pulp",0.144033304567835,"MBB_soft_pulp",0.019591182,0.00282178268384989,0.00114242213921048
"678976594126144","MBB_BAU",2025,"MBB","hard_saw",2.55590572544282,"MBB_hard_saw",0.058759811,0.150184537360838,0.0608034564213919
"678976594126144","MBB_BAU",2025,"MBB","soft_saw",0.342304900628742,"MBB_soft_saw",0.056478352,0.0193328166690351,0.00782705128301016
"678976594126144","MBB_BAU",2040,"MBB","hard_pulp",6.76385126359322,"MBB_hard_pulp",0.086896593,0.587755630364995,0.237957745087043
"678976594126144","MBB_BAU",2040,"MBB","soft_pulp",7.32261295794936,"MBB_soft_pulp",0.019591182,0.143458643174744,0.0580804223379531
"678976594126144","MBB_BAU",2040,"MBB","hard_saw",14.0056333394108,"MBB_hard_saw",0.058759811,0.822968367959079,0.333185574072502
"678976594126144","MBB_BAU",2040,"MBB","soft_saw",4.86159789059118,"MBB_soft_saw",0.056478352,0.274575036947266,0.111163982569743
"678976594126144","MBB_BAU",2045,"MBB","hard_pulp",3.42765088380231,"MBB_hard_pulp",0.086896593,0.29785118379586,0.120587523803992
"678976594126144","MBB_BAU",2045,"MBB","soft_pulp",1.14450510908674,"MBB_soft_pulp",0.019591182,0.0224222078920482,0.00907781696034339
"678976594126144","MBB_BAU",2045,"MBB","hard_saw",7.57911989650598,"MBB_hard_saw",0.058759811,0.445347652665031,0.180302693386652
"678976594126144","MBB_BAU",2045,"MBB","soft_saw",6.55692626283018,"MBB_soft_saw",0.056478352,0.370324389510168,0.149928902635695
"678976827126144","MBB_BAU",2019,"MBB","hard_pulp",17.5221343477322,"MBB_hard_pulp",0.086896593,1.52261377690621,0.616442824658384
"678976827126144","MBB_BAU",2019,"MBB","soft_pulp",0,"MBB_soft_pulp",0.019591182,0,0
"678976827126144","MBB_BAU",2019,"MBB","hard_saw",74.0953121397158,"MBB_hard_saw",0.058759811,4.3538265373157,1.76268280862984
"678976827126144","MBB_BAU",2019,"MBB","soft_saw",0,"MBB_soft_saw",0.056478352,0,0
"678976827126144","MBB_BAU",2024,"MBB","hard_pulp",11.6179370803831,"MBB_hard_pulp",0.086896593,1.00955914997366,0.408728400799052
"678976827126144","MBB_BAU",2024,"MBB","soft_pulp",0,"MBB_soft_pulp",0.019591182,0,0
"678976827126144","MBB_BAU",2024,"MBB","hard_saw",52.6659686260006,"MBB_hard_saw",0.058759811,3.09464236259573,1.2528916447756
"678976827126144","MBB_BAU",2024,"MBB","soft_saw",0,"MBB_soft_saw",0.056478352,0,0
"678976827126144","MBB_BAU",2029,"MBB","hard_pulp",2.0832653986316,"MBB_hard_pulp",0.086896593,0.181028665455873,0.0732909576744423
"678976827126144","MBB_BAU",2029,"MBB","soft_pulp",0,"MBB_soft_pulp",0.019591182,0,0
"678976827126144","MBB_BAU",2029,"MBB","hard_saw",11.0377347005321,"MBB_hard_saw",0.058759811,0.648575204871407,0.262581054603808
"678976827126144","MBB_BAU",2029,"MBB","soft_saw",0,"MBB_soft_saw",0.056478352,0,0
"678976841126144","MBB_BAU",2020,"MBB","hard_pulp",0.776208544469888,"MBB_hard_pulp",0.086896593,0.0674498779719223,0.0273076429036122
"678976841126144","MBB_BAU",2020,"MBB","soft_pulp",0,"MBB_soft_pulp",0.019591182,0,0
"678976841126144","MBB_BAU",2020,"MBB","hard_saw",1.6490774124355,"MBB_hard_saw",0.058759811,0.0968994770790793,0.0392305575218944
"678976841126144","MBB_BAU",2020,"MBB","soft_saw",0,"MBB_soft_saw",0.056478352,0,0
"678977041126144","MBB_BAU",2020,"MBB","hard_pulp",23.2776037905823,"MBB_hard_pulp",0.086896593,2.02274446260549,0.818924883645948
"678977041126144","MBB_BAU",2020,"MBB","soft_pulp",0,"MBB_soft_pulp",0.019591182,0,0
"678977041126144","MBB_BAU",2020,"MBB","hard_saw",53.1688210135574,"MBB_hard_saw",0.058759811,3.12418987384946,1.26485419993905
"678977041126144","MBB_BAU",2020,"MBB","soft_saw",0,"MBB_soft_saw",0.056478352,0,0
"678977041126144","MBB_BAU",2030,"MBB","hard_pulp",12.3660497060454,"MBB_hard_pulp",0.086896593,1.07456758832399,0.435047606608904
"678977041126144","MBB_BAU",2030,"MBB","soft_pulp",0,"MBB_soft_pulp",0.019591182,0,0
"678977041126144","MBB_BAU",2030,"MBB","hard_saw",34.9193956352863,"MBB_hard_saw",0.058759811,2.05185708776365,0.83071137156423
"678977041126144","MBB_BAU",2030,"MBB","soft_saw",0,"MBB_soft_saw",0.056478352,0,0
"678977041126144","MBB_BAU",2040,"MBB","hard_pulp",4.08737152810464,"MBB_hard_pulp",0.086896593,0.355178660117497,0.143797028387651
"678977041126144","MBB_BAU",2040,"MBB","soft_pulp",0,"MBB_soft_pulp",0.019591182,0,0
"678977041126144","MBB_BAU",2040,"MBB","hard_saw",20.335258771215,"MBB_hard_saw",0.058759811,1.19489596203269,0.483763547381654
"678977041126144","MBB_BAU",2040,"MBB","soft_saw",0,"MBB_soft_saw",0.056478352,0,0
"678977041126144","MBB_BAU",2045,"MBB","hard_pulp",2.149339227017,"MBB_hard_pulp",0.086896593,0.186770256029031,0.0756154882708628
"678977041126144","MBB_BAU",2045,"MBB","soft_pulp",0,"MBB_soft_pulp",0.019591182,0,0
"678977041126144","MBB_BAU",2045,"MBB","hard_saw",10.3850471314946,"MBB_hard_saw",0.058759811,0.610223406672717,0.247054010798671
"678977041126144","MBB_BAU",2045,"MBB","soft_saw",0,"MBB_soft_saw",0.056478352,0,0
"678977049126144","MBB_BAU",2020,"MBB","hard_pulp",12.7869221225102,"MBB_hard_pulp",0.086896593,1.11113996740247,0.449854237814765
"678977049126144","MBB_BAU",2020,"MBB","soft_pulp",0,"MBB_soft_pulp",0.019591182,0,0
"678977049126144","MBB_BAU",2020,"MBB","hard_saw",22.5981565692963,"MBB_hard_saw",0.058759811,1.32786340896026,0.537596521846259
"678977049126144","MBB_BAU",2020,"MBB","soft_saw",0,"MBB_soft_saw",0.056478352,0,0
"678977049126144","MBB_BAU",2025,"MBB","hard_pulp",6.34572151399845,"MBB_hard_pulp",0.086896593,0.551421579693267,0.223247603114683
"678977049126144","MBB_BAU",2025,"MBB","soft_pulp",0,"MBB_soft_pulp",0.019591182,0,0
"678977049126144","MBB_BAU",2025,"MBB","hard_saw",12.4277557584587,"MBB_hard_saw",0.058759811,0.730252579521193,0.295648817619916
"678977049126144","MBB_BAU",2025,"MBB","soft_saw",0,"MBB_soft_saw",0.056478352,0,0
"678977049126144","MBB_BAU",2030,"MBB","hard_pulp",0.911065555322748,"MBB_hard_pulp",0.086896593,0.0791684927571998,0.0320520213591902
"678977049126144","MBB_BAU",2030,"MBB","soft_pulp",0,"MBB_soft_pulp",0.019591182,0,0
"678977049126144","MBB_BAU",2030,"MBB","hard_saw",1.50366282043939,"MBB_hard_saw",0.058759811,0.0883549431367456,0.0357712320391683
"678977049126144","MBB_BAU",2030,"MBB","soft_saw",0,"MBB_soft_saw",0.056478352,0,0
"678977049126144","MBB_BAU",2035,"MBB","hard_pulp",1.90765189964347,"MBB_hard_pulp",0.086896593,0.165768450708996,0.067112733080565
"678977049126144","MBB_BAU",2035,"MBB","soft_pulp",0,"MBB_soft_pulp",0.019591182,0,0
"678977049126144","MBB_BAU",2035,"MBB","hard_saw",3.0475701272502,"MBB_hard_saw",0.058759811,0.179074644686468,0.0724998561483675
"678977049126144","MBB_BAU",2035,"MBB","soft_saw",0,"MBB_soft_saw",0.056478352,0,0
"678977049126144","MBB_BAU",2040,"MBB","hard_pulp",0.969167309589051,"MBB_hard_pulp",0.086896593,0.0842173372502647,0.0340960879555728
"678977049126144","MBB_BAU",2040,"MBB","soft_pulp",0,"MBB_soft_pulp",0.019591182,0,0
"678977049126144","MBB_BAU",2040,"MBB","hard_saw",1.58628682613531,"MBB_hard_saw",0.058759811,0.0932099140955005,0.0377368073261135
"678977049126144","MBB_BAU",2040,"MBB","soft_saw",0,"MBB_soft_saw",0.056478352,0,0
"678977049126144","MBB_BAU",2045,"MBB","hard_pulp",0.120025101858507,"MBB_hard_pulp",0.086896593,0.0104297724259823,0.00422257992954747
"678977049126144","MBB_BAU",2045,"MBB","soft_pulp",0,"MBB_soft_pulp",0.019591182,0,0
"678977049126144","MBB_BAU",2045,"MBB","hard_saw",0.236556640923976,"MBB_hard_saw",0.058759811,0.0139000235114877,0.0056275398831934
"678977049126144","MBB_BAU",2045,"MBB","soft_saw",0,"MBB_soft_saw",0.056478352,0,0
"734248029290487","MBB_BAU",2026,"MBB","hard_pulp",11.2342292909421,"MBB_hard_pulp",0.086896593,0.976216250363676,0.395229251159383
"734248029290487","MBB_BAU",2026,"MBB","soft_pulp",0,"MBB_soft_pulp",0.019591182,0,0
"734248029290487","MBB_BAU",2026,"MBB","hard_saw",61.4299118428671,"MBB_hard_saw",0.058759811,3.60961000963353,1.46138057070184
"734248029290487","MBB_BAU",2026,"MBB","soft_saw",0,"MBB_soft_saw",0.056478352,0,0
"734248029290487","MBB_BAU",2041,"MBB","hard_pulp",10.9767602610644,"MBB_hard_pulp",0.086896593,0.95384306886429,0.386171282941008
"734248029290487","MBB_BAU",2041,"MBB","soft_pulp",0,"MBB_soft_pulp",0.019591182,0,0
"734248029290487","MBB_BAU",2041,"MBB","hard_saw",53.3481565403827,"MBB_hard_saw",0.058759811,3.1347275955113,1.26912048401267
"734248029290487","MBB_BAU",2041,"MBB","soft_saw",0,"MBB_soft_saw",0.056478352,0,0
"734248035290487","MBB_BAU",2021,"MBB","hard_pulp",1.38297622822416,"MBB_hard_pulp",0.086896593,0.12017592243267,0.0486542196083685
"734248035290487","MBB_BAU",2021,"MBB","soft_pulp",0,"MBB_soft_pulp",0.019591182,0,0
"734248035290487","MBB_BAU",2021,"MBB","hard_saw",11.7869080741156,"MBB_hard_saw",0.058759811,0.692596490709406,0.280403437534173
"734248035290487","MBB_BAU",2021,"MBB","soft_saw",0,"MBB_soft_saw",0.056478352,0,0
"734248143290487","MBB_BAU",2026,"MBB","hard_pulp",1.84904937035326,"MBB_hard_pulp",0.086896593,0.160676090572493,0.0650510488147746
"734248143290487","MBB_BAU",2026,"MBB","soft_pulp",0,"MBB_soft_pulp",0.019591182,0,0
"734248143290487","MBB_BAU",2026,"MBB","hard_saw",5.42576677430012,"MBB_hard_saw",0.058759811,0.318817030187955,0.129075720723868
"734248143290487","MBB_BAU",2026,"MBB","soft_saw",0,"MBB_soft_saw",0.056478352,0,0
"734248143290487","MBB_BAU",2031,"MBB","hard_pulp",1.82310742298877,"MBB_hard_pulp",0.086896593,0.158421823730734,0.0641383901743862
"734248143290487","MBB_BAU",2031,"MBB","soft_pulp",0,"MBB_soft_pulp",0.019591182,0,0
"734248143290487","MBB_BAU",2031,"MBB","hard_saw",6.98726251074638,"MBB_hard_saw",0.058759811,0.410570224538843,0.166222762971191
"734248143290487","MBB_BAU",2031,"MBB","soft_saw",0,"MBB_soft_saw",0.056478352,0,0
"734248143290487","MBB_BAU",2036,"MBB","hard_pulp",0.589004010522269,"MBB_hard_pulp",0.086896593,0.0511824417777213,0.0207216363472556
"734248143290487","MBB_BAU",2036,"MBB","soft_pulp",0,"MBB_soft_pulp",0.019591182,0,0
"734248143290487","MBB_BAU",2036,"MBB","hard_saw",2.70077269406792,"MBB_hard_saw",0.058759811,0.158696893057392,0.0642497542742477
"734248143290487","MBB_BAU",2036,"MBB","soft_saw",0,"MBB_soft_saw",0.056478352,0,0
"734248143290487","MBB_BAU",2041,"MBB","hard_pulp",0.688370273204602,"MBB_hard_pulp",0.086896593,0.0598170314639591,0.0242174216453276
"734248143290487","MBB_BAU",2041,"MBB","soft_pulp",0,"MBB_soft_pulp",0.019591182,0,0
"734248143290487","MBB_BAU",2041,"MBB","hard_saw",3.12553512947214,"MBB_hard_saw",0.058759811,0.183655853481644,0.0743545965512727
"734248143290487","MBB_BAU",2041,"MBB","soft_saw",0,"MBB_soft_saw",0.056478352,0,0
"734248143290487","MBB_BAU",2046,"MBB","hard_pulp",1.52921313120343,"MBB_hard_pulp",0.086896593,0.13288341107244,0.0537989518511902
"734248143290487","MBB_BAU",2046,"MBB","soft_pulp",0,"MBB_soft_pulp",0.019591182,0,0
"734248143290487","MBB_BAU",2046,"MBB","hard_saw",7.53064769326943,"MBB_hard_saw",0.058759811,0.442499435164097,0.179149568892347
"734248143290487","MBB_BAU",2046,"MBB","soft_saw",0,"MBB_soft_saw",0.056478352,0,0
"749041030290487","MBB_BAU",2027,"MBB","hard_pulp",9.44872467237667,"MBB_hard_pulp",0.086896593,0.821061982224573,0.332413757985657
"749041030290487","MBB_BAU",2027,"MBB","soft_pulp",0,"MBB_soft_pulp",0.019591182,0,0
"749041030290487","MBB_BAU",2027,"MBB","hard_saw",12.2959559815464,"MBB_hard_saw",0.058759811,0.722508049539985,0.292513380380561
"749041030290487","MBB_BAU",2027,"MBB","soft_saw",0,"MBB_soft_saw",0.056478352,0,0
"749041179290487","MBB_BAU",2027,"MBB","hard_pulp",18.9570000702084,"MBB_hard_pulp",0.086896593,1.64729871960187,0.666922558543266
"749041179290487","MBB_BAU",2027,"MBB","soft_pulp",0,"MBB_soft_pulp",0.019591182,0,0
"749041179290487","MBB_BAU",2027,"MBB","hard_saw",25.8620162256891,"MBB_hard_saw",0.058759811,1.51964718550042,0.615241775506245
"749041179290487","MBB_BAU",2027,"MBB","soft_saw",0,"MBB_soft_saw",0.056478352,0,0
"749041179290487","MBB_BAU",2032,"MBB","hard_pulp",8.33291455966801,"MBB_hard_pulp",0.086896593,0.724101884995245,0.293158657892812
"749041179290487","MBB_BAU",2032,"MBB","soft_pulp",0,"MBB_soft_pulp",0.019591182,0,0
"749041179290487","MBB_BAU",2032,"MBB","hard_saw",18.3264062945971,"MBB_hard_saw",0.058759811,1.07685617017974,0.435974157967505
"749041179290487","MBB_BAU",2032,"MBB","soft_saw",0,"MBB_soft_saw",0.056478352,0,0
"749041179290487","MBB_BAU",2037,"MBB","hard_pulp",2.24265583891715,"MBB_hard_pulp",0.086896593,0.194879151673457,0.0788984419730595
"749041179290487","MBB_BAU",2037,"MBB","soft_pulp",0,"MBB_soft_pulp",0.019591182,0,0
"749041179290487","MBB_BAU",2037,"MBB","hard_saw",9.97720065854842,"MBB_hard_saw",0.058759811,0.586258425005381,0.237351589071004
"749041179290487","MBB_BAU",2037,"MBB","soft_saw",0,"MBB_soft_saw",0.056478352,0,0
"749041179290487","MBB_BAU",2042,"MBB","hard_pulp",2.43267428087972,"MBB_hard_pulp",0.086896593,0.211391106887172,0.0855834440838754
"749041179290487","MBB_BAU",2042,"MBB","soft_pulp",0,"MBB_soft_pulp",0.019591182,0,0
"749041179290487","MBB_BAU",2042,"MBB","hard_saw",11.4006273895498,"MBB_hard_saw",0.058759811,0.669898710691367,0.271214052911485
"749041179290487","MBB_BAU",2042,"MBB","soft_saw",0,"MBB_soft_saw",0.056478352,0,0
"749041179290487","MBB_BAU",2047,"MBB","hard_pulp",1.42782208137479,"MBB_hard_pulp",0.086896593,0.124072874281638,0.0502319329075457
"749041179290487","MBB_BAU",2047,"MBB","soft_pulp",0,"MBB_soft_pulp",0.019591182,0,0
"749041179290487","MBB_BAU",2047,"MBB","hard_saw",8.18057099867221,"MBB_hard_saw",0.058759811,0.48068880575406,0.194610852532008
"749041179290487","MBB_BAU",2047,"MBB","soft_saw",0,"MBB_soft_saw",0.056478352,0,0
"749041327290487","MBB_BAU",2026,"MBB","hard_pulp",21.8155318256245,"MBB_hard_pulp",0.086896593,1.89569539012984,0.767488012198317
"749041327290487","MBB_BAU",2026,"MBB","soft_pulp",0,"MBB_soft_pulp",0.019591182,0,0
"749041327290487","MBB_BAU",2026,"MBB","hard_saw",22.1270119685027,"MBB_hard_saw",0.058759811,1.30017904126395,0.526388275815366
"749041327290487","MBB_BAU",2026,"MBB","soft_saw",0,"MBB_soft_saw",0.056478352,0,0
"749041327290487","MBB_BAU",2031,"MBB","hard_pulp",5.09194894925814,"MBB_hard_pulp",0.086896593,0.442473015420462,0.179138872639863
"749041327290487","MBB_BAU",2031,"MBB","soft_pulp",0,"MBB_soft_pulp",0.019591182,0,0
"749041327290487","MBB_BAU",2031,"MBB","hard_saw",10.2941621472266,"MBB_hard_saw",0.058759811,0.604883022174389,0.244891911811493
"749041327290487","MBB_BAU",2031,"MBB","soft_saw",0,"MBB_soft_saw",0.056478352,0,0
"749041327290487","MBB_BAU",2036,"MBB","hard_pulp",2.66177705227786,"MBB_hard_pulp",0.086896593,0.231299357168529,0.0936434644406999
"749041327290487","MBB_BAU",2036,"MBB","soft_pulp",0,"MBB_soft_pulp",0.019591182,0,0
"749041327290487","MBB_BAU",2036,"MBB","hard_saw",4.96191296417922,"MBB_hard_saw",0.058759811,0.29156106797362,0.118040918207944
"749041327290487","MBB_BAU",2036,"MBB","soft_saw",0,"MBB_soft_saw",0.056478352,0,0
"749041327290487","MBB_BAU",2041,"MBB","hard_pulp",1.1684550349074,"MBB_hard_pulp",0.086896593,0.101534761607149,0.0411071909340684
"749041327290487","MBB_BAU",2041,"MBB","soft_pulp",0,"MBB_soft_pulp",0.019591182,0,0
"749041327290487","MBB_BAU",2041,"MBB","hard_saw",2.80144661633746,"MBB_hard_saw",0.058759811,0.164612473702579,0.066644726195376
"749041327290487","MBB_BAU",2041,"MBB","soft_saw",0,"MBB_soft_saw",0.056478352,0,0
"749041327290487","MBB_BAU",2046,"MBB","hard_pulp",0.182626038195343,"MBB_hard_pulp",0.086896593,0.0158695805122632,0.00642493138148307
"749041327290487","MBB_BAU",2046,"MBB","soft_pulp",0,"MBB_soft_pulp",0.019591182,0,0
"749041327290487","MBB_BAU",2046,"MBB","hard_saw",0.571309588455672,"MBB_hard_saw",0.058759811,0.0335700434401431,0.0135911107045114
"749041327290487","MBB_BAU",2046,"MBB","soft_saw",0,"MBB_soft_saw",0.056478352,0,0
"749041470290487","MBB_BAU",2021,"MBB","hard_pulp",13.9056543142898,"MBB_hard_pulp",0.086896593,1.20835398334754,0.4892121390071
"749041470290487","MBB_BAU",2021,"MBB","soft_pulp",0,"MBB_soft_pulp",0.019591182,0,0
"749041470290487","MBB_BAU",2021,"MBB","hard_saw",79.6243278819128,"MBB_hard_saw",0.058759811,4.67871045734323,1.89421476005799
"749041470290487","MBB_BAU",2021,"MBB","soft_saw",0,"MBB_soft_saw",0.056478352,0,0
"749041470290487","MBB_BAU",2026,"MBB","hard_pulp",8.34305644316678,"MBB_hard_pulp",0.086896593,0.724983180117891,0.293515457537608
"749041470290487","MBB_BAU",2026,"MBB","soft_pulp",0,"MBB_soft_pulp",0.019591182,0,0
"749041470290487","MBB_BAU",2026,"MBB","hard_saw",50.496037038106,"MBB_hard_saw",0.058759811,2.96713759260811,1.20127028040814
"749041470290487","MBB_BAU",2026,"MBB","soft_saw",0,"MBB_soft_saw",0.056478352,0,0
"749041470290487","MBB_BAU",2031,"MBB","hard_pulp",4.85801868834165,"MBB_hard_pulp",0.086896593,0.422145272747218,0.170909017306566
"749041470290487","MBB_BAU",2031,"MBB","soft_pulp",0,"MBB_soft_pulp",0.019591182,0,0
"749041470290487","MBB_BAU",2031,"MBB","hard_saw",32.0565327156182,"MBB_hard_saw",0.058759811,1.88363580368504,0.762605588536454
"749041470290487","MBB_BAU",2031,"MBB","soft_saw",0,"MBB_soft_saw",0.056478352,0,0
"749041470290487","MBB_BAU",2036,"MBB","hard_pulp",5.87902318945845,"MBB_hard_pulp",0.086896593,0.510867085331933,0.206828779486612
"749041470290487","MBB_BAU",2036,"MBB","soft_pulp",0,"MBB_soft_pulp",0.019591182,0,0
"749041470290487","MBB_BAU",2036,"MBB","hard_saw",28.8930264817733,"MBB_hard_saw",0.058759811,1.69774877528699,0.687347682302427
"749041470290487","MBB_BAU",2036,"MBB","soft_saw",0,"MBB_soft_saw",0.056478352,0,0
"749041470290487","MBB_BAU",2046,"MBB","hard_pulp",3.32871922121104,"MBB_hard_pulp",0.086896593,0.289254359376852,0.117107028087794
"749041470290487","MBB_BAU",2046,"MBB","soft_pulp",0,"MBB_soft_pulp",0.019591182,0,0
"749041470290487","MBB_BAU",2046,"MBB","hard_saw",18.0385976065315,"MBB_hard_saw",0.058759811,1.05994458606484,0.429127362779288
"749041470290487","MBB_BAU",2046,"MBB","soft_saw",0,"MBB_soft_saw",0.056478352,0,0
