"CaseID","StandID","Year","Age","Tpa","BA","SDI","CCF","TopHt","QMD","MCuFt","SCuFt","SBdFt","RTpa","RMCuFt","RSCuFt","RSBdFt","ATBA","ATSDI","ATCCF","ATTopHt","ATQMD","PrdLen","Acc","Mort","MAI","ForTyp","SizeCls","StkCls","Stand_CN"
"74c7f1f0-7250-4e4b-8b75-57540dfe2e38","MBB_GROW",2016,65,2601,96,166,195,87,2.59633541107178,2648,1903,10092,0,0,0,0,96,166,195,87,2.59633541107178,5,17,419,40.7384605407715,520,1,2,"291609563489998"
"74c7f1f0-7250-4e4b-8b75-57540dfe2e38","MBB_GROW",2021,70,1017,30,67,79,73,2.32612752914429,638,319,1763,0,0,0,0,30,67,79,73,2.32612752914429,5,12,72,9.11428546905518,520,3,3,"291609563489998"
"74c7f1f0-7250-4e4b-8b75-57540dfe2e38","MBB_GROW",2026,75,772,28,75,92,68,2.56641340255737,342,58,316,0,0,0,0,28,75,92,68,2.56641340255737,5,17,13,4.55999994277954,520,3,3,"291609563489998"
"74c7f1f0-7250-4e4b-8b75-57540dfe2e38","MBB_GROW",2031,80,720,37,99,126,70,3.06996655464172,364,10,55,0,0,0,0,37,99,126,70,3.06996655464172,5,21,2,4.55000019073486,520,3,2,"291609563489998"
"74c7f1f0-7250-4e4b-8b75-57540dfe2e38","MBB_GROW",2036,85,698,48,122,159,74,3.54080510139465,456,103,437,0,0,0,0,48,122,159,74,3.54080510139465,5,55,1,5.36470603942871,520,3,2,"291609563489998"
"74c7f1f0-7250-4e4b-8b75-57540dfe2e38","MBB_GROW",2041,90,680,61,149,193,77,4.05955600738525,725,151,650,0,0,0,0,61,149,193,77,4.05955600738525,5,38,1,8.05555534362793,520,3,3,"291609563489998"
"74c7f1f0-7250-4e4b-8b75-57540dfe2e38","MBB_GROW",2046,95,663,72,168,216,80,4.44937515258789,913,266,1178,0,0,0,0,72,168,216,80,4.44937515258789,0,0,0,9.6105260848999,520,3,3,"291609563489998"
"e64b57e9-6032-4215-9442-6810619f6474","MBB_GROW",2016,69,1707,130,208,216,81,3.73091411590576,3492,2677,15594,0,0,0,0,130,208,216,81,3.73091411590576,5,29,415,50.6086959838867,997,1,2,"291609580489998"
"e64b57e9-6032-4215-9442-6810619f6474","MBB_GROW",2021,74,831,61,111,111,77,3.6816577911377,1565,1032,5511,0,0,0,0,61,111,111,77,3.6816577911377,5,27,66,21.1486492156982,503,1,3,"291609580489998"
"e64b57e9-6032-4215-9442-6810619f6474","MBB_GROW",2026,79,690,60,118,121,78,3.98467755317688,1370,819,4326,0,0,0,0,60,118,121,78,3.98467755317688,5,26,15,17.3417720794678,503,1,3,"291609580489998"
"e64b57e9-6032-4215-9442-6810619f6474","MBB_GROW",2031,84,654,70,142,152,80,4.42039918899536,1422,821,4484,0,0,0,0,70,142,152,80,4.42039918899536,5,29,7,16.9285717010498,801,1,3,"291609580489998"
"e64b57e9-6032-4215-9442-6810619f6474","MBB_GROW",2036,89,633,80,164,180,82,4.82159948348999,1537,1053,5604,0,0,0,0,80,164,180,82,4.82159948348999,5,53,5,17.2696628570557,801,1,3,"291609580489998"
"e64b57e9-6032-4215-9442-6810619f6474","MBB_GROW",2041,94,616,92,186,207,83,5.24680233001709,1774,1235,6583,0,0,0,0,92,186,207,83,5.24680233001709,5,76,2,18.8723411560059,801,1,2,"291609580489998"
"e64b57e9-6032-4215-9442-6810619f6474","MBB_GROW",2046,99,608,106,210,232,84,5.65267562866211,2141,1561,8144,0,0,0,0,106,210,232,84,5.65267562866211,0,0,0,21.6262626647949,801,1,2,"291609580489998"
"0e67380b-216b-485e-a7d5-f2a368cabe47","MBB_GROW",2016,65,4140,67,131,151,77,1.72005844116211,1495,806,4308,0,0,0,0,67,131,151,77,1.72005844116211,5,25,182,23,506,1,3,"291609583489998"
"0e67380b-216b-485e-a7d5-f2a368cabe47","MBB_GROW",2021,70,2292,52,137,158,72,2.04391264915466,712,135,741,0,0,0,0,52,137,158,72,2.04391264915466,5,23,31,10.1714286804199,511,2,3,"291609583489998"
"0e67380b-216b-485e-a7d5-f2a368cabe47","MBB_GROW",2026,75,1995,74,205,251,74,2.61456823348999,674,22,125,0,0,0,0,74,205,251,74,2.61456823348999,5,26,7,8.98666667938232,801,3,1,"291609583489998"
"0e67380b-216b-485e-a7d5-f2a368cabe47","MBB_GROW",2031,80,1811,98,260,336,76,3.14487242698669,766,4,21,0,0,0,0,98,260,336,76,3.14487242698669,5,24,3,9.57499980926514,801,3,1,"291609583489998"
"0e67380b-216b-485e-a7d5-f2a368cabe47","MBB_GROW",2036,85,1660,117,301,404,79,3.59634447097778,869,227,1021,0,0,0,0,117,301,404,79,3.59634447097778,5,65,3,10.2235298156738,801,3,2,"291609583489998"
"0e67380b-216b-485e-a7d5-f2a368cabe47","MBB_GROW",2041,90,1539,139,341,457,81,4.06661605834961,1179,524,2463,0,0,0,0,139,341,457,81,4.06661605834961,5,51,9,13.1000003814697,801,3,1,"291609583489998"
"0e67380b-216b-485e-a7d5-f2a368cabe47","MBB_GROW",2046,95,1339,150,354,461,83,4.5312123298645,1390,639,3015,0,0,0,0,150,354,461,83,4.5312123298645,0,0,0,14.6315793991089,801,3,1,"291609583489998"
"51475370-321a-477a-b8d0-f48b628a5e2a","MBB_GROW",2016,85,2088,99,195,244,65,2.95426845550537,1846,1165,6114,0,0,0,0,99,195,244,65,2.95426845550537,5,71,9,21.7176475524902,520,1,2,"291609600489998"
"51475370-321a-477a-b8d0-f48b628a5e2a","MBB_GROW",2021,90,1783,117,235,293,69,3.46606755256653,2157,1384,7334,0,0,0,0,117,235,293,69,3.46606755256653,5,68,21,23.966667175293,520,1,2,"291609600489998"
"51475370-321a-477a-b8d0-f48b628a5e2a","MBB_GROW",2026,95,1592,137,284,359,73,3.96572637557983,2393,1516,8069,0,0,0,0,137,284,359,73,3.96572637557983,5,68,18,25.189474105835,520,1,2,"291609600489998"
"51475370-321a-477a-b8d0-f48b628a5e2a","MBB_GROW",2031,100,1463,156,326,423,77,4.42702913284302,2645,1731,9406,0,0,0,0,156,326,423,77,4.42702913284302,5,64,29,26.4500007629395,503,1,1,"291609600489998"
"51475370-321a-477a-b8d0-f48b628a5e2a","MBB_GROW",2036,105,1292,169,347,458,81,4.89950132369995,2817,2034,11133,0,0,0,0,169,347,458,81,4.89950132369995,5,79,40,26.8285713195801,801,1,1,"291609600489998"
"51475370-321a-477a-b8d0-f48b628a5e2a","MBB_GROW",2041,110,1100,173,347,457,84,5.37232732772827,3015,2144,11749,0,0,0,0,173,347,457,84,5.37232732772827,5,65,42,27.4090900421143,801,1,1,"291609600489998"
"51475370-321a-477a-b8d0-f48b628a5e2a","MBB_GROW",2046,115,955,176,345,448,87,5.81535053253174,3133,2380,13487,0,0,0,0,176,345,448,87,5.81535053253174,0,0,0,27.2434787750244,801,1,1,"291609600489998"
"0ceb84dd-6e2e-4650-a04e-6c347054c4e2","MBB_GROW",2015,35,1452,67,129,147,66,2.91516423225403,1435,881,4644,0,0,0,0,67,129,147,66,2.91516423225403,5,29,167,41,520,1,3,"291609445489998"
"0ceb84dd-6e2e-4650-a04e-6c347054c4e2","MBB_GROW",2020,40,692,42,88,100,60,3.3220899105072,747,242,1205,0,0,0,0,42,88,100,60,3.3220899105072,5,27,29,18.6749992370605,503,2,4,"291609445489998"
"0ceb84dd-6e2e-4650-a04e-6c347054c4e2","MBB_GROW",2025,45,580,46,102,116,63,3.80567169189453,734,145,652,0,0,0,0,46,102,116,63,3.80567169189453,5,30,6,16.3111114501953,503,2,3,"291609445489998"
"0ceb84dd-6e2e-4650-a04e-6c347054c4e2","MBB_GROW",2030,50,553,55,121,140,66,4.26018619537354,857,139,620,0,0,0,0,55,121,140,66,4.26018619537354,5,34,2,17.1399993896484,503,2,3,"291609445489998"
"0ceb84dd-6e2e-4650-a04e-6c347054c4e2","MBB_GROW",2035,55,540,67,144,172,69,4.76015520095825,1019,249,1069,0,0,0,0,67,144,172,69,4.76015520095825,5,36,1,18.5272731781006,503,2,3,"291609445489998"
"0ceb84dd-6e2e-4650-a04e-6c347054c4e2","MBB_GROW",2040,60,529,77,162,195,72,5.16903591156006,1193,398,1806,0,0,0,0,77,162,195,72,5.16903591156006,5,75,2,19.8833332061768,503,1,2,"291609445489998"
"0ceb84dd-6e2e-4650-a04e-6c347054c4e2","MBB_GROW",2045,65,518,89,182,216,74,5.61082553863525,1560,697,3224,0,0,0,0,89,182,216,74,5.61082553863525,0,0,0,24,503,2,2,"291609445489998"
"7fce6c1f-4ed8-4da9-8456-c1201fe022eb","MBB_GROW",2015,56,789,78,131,148,86,4.25359153747559,2213,1639,8370,0,0,0,0,78,131,148,86,4.25359153747559,5,29,298,39.5178565979004,520,1,2,"291609452489998"
"7fce6c1f-4ed8-4da9-8456-c1201fe022eb","MBB_GROW",2020,61,335,35,65,74,75,4.38265085220337,872,524,2566,0,0,0,0,35,65,74,75,4.38265085220337,5,36,46,14.2950820922852,520,1,4,"291609452489998"
"7fce6c1f-4ed8-4da9-8456-c1201fe022eb","MBB_GROW",2025,66,262,37,71,84,75,5.05180358886719,824,437,2173,0,0,0,0,37,71,84,75,5.05180358886719,5,39,9,12.4848480224609,520,2,4,"291609452489998"
"7fce6c1f-4ed8-4da9-8456-c1201fe022eb","MBB_GROW",2030,71,246,44,85,107,79,5.7360372543335,975,504,2621,0,0,0,0,44,85,107,79,5.7360372543335,5,49,3,13.7323942184448,520,1,4,"291609452489998"
"7fce6c1f-4ed8-4da9-8456-c1201fe022eb","MBB_GROW",2035,76,239,54,100,129,82,6.41876173019409,1209,769,3997,0,0,0,0,54,100,129,82,6.41876173019409,5,63,2,15.9078950881958,520,1,4,"291609452489998"
"7fce6c1f-4ed8-4da9-8456-c1201fe022eb","MBB_GROW",2040,81,232,64,115,148,85,7.11763000488281,1516,1131,6041,0,0,0,0,64,115,148,85,7.11763000488281,5,84,2,18.7160491943359,520,1,3,"291609452489998"
"7fce6c1f-4ed8-4da9-8456-c1201fe022eb","MBB_GROW",2045,86,226,74,128,164,88,7.71722173690796,1927,1324,7410,0,0,0,0,74,128,164,88,7.71722173690796,0,0,0,22.4069766998291,520,1,3,"291609452489998"
"caa415e9-01d8-48df-9ba3-7d452903d98c","MBB_GROW",2015,25,9141,164,294,313,80,1.81178069114685,3665,2323,12768,0,0,0,0,164,294,313,80,1.81178069114685,5,54,265,146.600006103516,503,1,1,"291609682489998"
"caa415e9-01d8-48df-9ba3-7d452903d98c","MBB_GROW",2020,30,5271,136,291,309,78,2.17104172706604,2613,1649,9020,0,0,0,0,136,291,309,78,2.17104172706604,5,46,95,87.0999984741211,801,1,2,"291609682489998"
"caa415e9-01d8-48df-9ba3-7d452903d98c","MBB_GROW",2025,35,3032,146,336,391,81,2.96619391441345,2367,1560,8311,0,0,0,0,146,336,391,81,2.96619391441345,5,47,48,67.6285705566406,801,1,1,"291609682489998"
"caa415e9-01d8-48df-9ba3-7d452903d98c","MBB_GROW",2030,40,2007,151,340,424,84,3.71460580825806,2363,1594,8687,0,0,0,0,151,340,424,84,3.71460580825806,5,51,29,59.0750007629395,801,1,1,"291609682489998"
"caa415e9-01d8-48df-9ba3-7d452903d98c","MBB_GROW",2035,45,1551,156,338,432,86,4.294837474823,2476,1851,10181,0,0,0,0,156,338,432,86,4.294837474823,5,60,14,55.0222206115723,801,1,1,"291609682489998"
"caa415e9-01d8-48df-9ba3-7d452903d98c","MBB_GROW",2040,50,1378,164,345,439,88,4.67178964614868,2703,2040,11475,0,0,0,0,164,345,439,88,4.67178964614868,5,71,17,54.060001373291,801,1,1,"291609682489998"
"caa415e9-01d8-48df-9ba3-7d452903d98c","MBB_GROW",2045,55,1221,169,346,436,89,5.03849935531616,2974,2358,13184,0,0,0,0,169,346,436,89,5.03849935531616,0,0,0,54.0727272033691,801,1,1,"291609682489998"
"de496343-c58b-4bdd-89e2-23db09d32658","MBB_GROW",2016,65,5151,92,196,226,76,1.80718648433685,1518,739,3515,0,0,0,0,92,196,226,76,1.80718648433685,5,93,8,23.3538455963135,801,1,2,"291609878489998"
"de496343-c58b-4bdd-89e2-23db09d32658","MBB_GROW",2021,70,3251,121,262,295,80,2.61039519309998,1942,1247,5903,0,0,0,0,121,262,295,80,2.61039519309998,5,121,7,27.7428569793701,801,1,2,"291609878489998"
"de496343-c58b-4bdd-89e2-23db09d32658","MBB_GROW",2026,75,2752,158,353,405,81,3.24672174453735,2509,1745,8467,0,0,0,0,158,353,405,81,3.24672174453735,5,106,34,33.4533348083496,801,1,1,"291609878489998"
"de496343-c58b-4bdd-89e2-23db09d32658","MBB_GROW",2031,80,1780,166,347,404,82,4.13541269302368,2871,2088,10472,0,0,0,0,166,347,404,82,4.13541269302368,5,106,35,35.8875007629395,801,1,1,"291609878489998"
"de496343-c58b-4bdd-89e2-23db09d32658","MBB_GROW",2036,85,1262,171,336,391,85,4.98382711410522,3224,2524,12952,0,0,0,0,171,336,391,85,4.98382711410522,5,106,36,37.9294128417969,801,1,1,"291609878489998"
"de496343-c58b-4bdd-89e2-23db09d32658","MBB_GROW",2041,90,945,175,324,375,86,5.81933450698853,3575,2947,15752,0,0,0,0,175,324,375,86,5.81933450698853,5,111,50,39.7222213745117,801,1,1,"291609878489998"
"de496343-c58b-4bdd-89e2-23db09d32658","MBB_GROW",2046,95,671,174,302,342,90,6.88529634475708,3881,3323,17906,0,0,0,0,174,302,342,90,6.88529634475708,0,0,0,40.8526306152344,801,1,1,"291609878489998"
"2e411bab-5701-4ac9-86c1-7afb030e0d86","MBB_GROW",2015,70,3453,91,169,202,83,2.1965754032135,2159,1487,8016,0,0,0,0,91,169,202,83,2.1965754032135,5,52,271,30.8428573608398,506,1,2,"291609880489998"
"2e411bab-5701-4ac9-86c1-7afb030e0d86","MBB_GROW",2020,75,1338,58,125,154,75,2.8296115398407,1063,521,2895,0,0,0,0,58,125,154,75,2.8296115398407,5,77,52,14.1733331680298,511,2,3,"291609880489998"
"2e411bab-5701-4ac9-86c1-7afb030e0d86","MBB_GROW",2025,80,998,68,152,180,73,3.53570103645325,1190,488,2579,0,0,0,0,68,152,180,73,3.53570103645325,5,61,15,14.875,803,2,3,"291609880489998"
"2e411bab-5701-4ac9-86c1-7afb030e0d86","MBB_GROW",2030,85,926,85,189,216,74,4.10339164733887,1419,570,2988,0,0,0,0,85,189,216,74,4.10339164733887,5,94,2,16.6941184997559,803,2,3,"291609880489998"
"2e411bab-5701-4ac9-86c1-7afb030e0d86","MBB_GROW",2035,90,918,112,241,268,75,4.73130416870117,1881,787,3875,0,0,0,0,112,241,268,75,4.73130416870117,5,105,37,20.8999996185303,803,2,2,"291609880489998"
"2e411bab-5701-4ac9-86c1-7afb030e0d86","MBB_GROW",2040,95,842,128,266,292,75,5.28128719329834,2220,908,4691,0,0,0,0,128,266,292,75,5.28128719329834,5,86,37,23.3684215545654,801,2,2,"291609880489998"
"2e411bab-5701-4ac9-86c1-7afb030e0d86","MBB_GROW",2045,100,785,145,295,321,76,5.8218502998352,2466,1056,5380,0,0,0,0,145,295,321,76,5.8218502998352,0,0,0,24.6599998474121,801,1,2,"291609880489998"
"ed5d257a-266e-47bf-994e-330dcec00d3e","MBB_GROW",2016,61,2169,102,207,267,62,2.93650412559509,1747,977,4596,0,0,0,0,102,207,267,62,2.93650412559509,5,36,173,28.6393451690674,520,1,2,"291609881489998"
"ed5d257a-266e-47bf-994e-330dcec00d3e","MBB_GROW",2021,66,1799,73,165,214,63,2.72309613227844,1063,390,1621,0,0,0,0,73,165,214,63,2.72309613227844,5,45,33,16.1060600280762,506,2,3,"291609881489998"
"ed5d257a-266e-47bf-994e-330dcec00d3e","MBB_GROW",2026,71,1706,86,206,257,64,3.03900027275085,1122,307,1416,0,0,0,0,86,206,257,64,3.03900027275085,5,40,12,15.8028173446655,506,2,2,"291609881489998"
"ed5d257a-266e-47bf-994e-330dcec00d3e","MBB_GROW",2031,76,1549,101,242,298,66,3.46277928352356,1261,318,1449,0,0,0,0,101,242,298,66,3.46277928352356,5,43,7,16.5921058654785,503,2,2,"291609881489998"
"ed5d257a-266e-47bf-994e-330dcec00d3e","MBB_GROW",2036,81,1440,116,272,335,66,3.85086917877197,1440,434,2053,0,0,0,0,116,272,335,66,3.85086917877197,5,48,6,17.7777786254883,503,2,2,"291609881489998"
"ed5d257a-266e-47bf-994e-330dcec00d3e","MBB_GROW",2041,86,1357,131,298,365,67,4.2043604850769,1650,634,2824,0,0,0,0,131,298,365,67,4.2043604850769,5,77,6,19.1860466003418,503,2,2,"291609881489998"
"ed5d257a-266e-47bf-994e-330dcec00d3e","MBB_GROW",2046,91,1291,145,322,391,68,4.53862428665161,2004,887,4220,0,0,0,0,145,322,391,68,4.53862428665161,0,0,0,22.0219783782959,506,2,1,"291609881489998"
"c81cbcbe-2e4f-4be9-8104-6eb333cfc280","MBB_GROW",2016,63,1761,173,272,250,92,4.23796701431274,4933,3803,19908,0,0,0,0,173,272,250,92,4.23796701431274,5,109,76,78.3015899658203,801,1,1,"291609727489998"
"c81cbcbe-2e4f-4be9-8104-6eb333cfc280","MBB_GROW",2021,68,1531,186,311,287,93,4.71358966827393,5098,4095,21711,0,0,0,0,186,311,287,93,4.71358966827393,5,99,68,74.970588684082,801,1,1,"291609727489998"
"c81cbcbe-2e4f-4be9-8104-6eb333cfc280","MBB_GROW",2026,73,1310,202,352,341,94,5.32190561294556,5252,4310,23750,0,0,0,0,202,352,341,94,5.32190561294556,5,88,88,71.9452056884766,801,1,1,"291609727489998"
"c81cbcbe-2e4f-4be9-8104-6eb333cfc280","MBB_GROW",2031,78,1055,202,346,337,95,5.91951513290405,5250,4390,24492,0,0,0,0,202,346,337,95,5.91951513290405,5,82,75,67.3076934814453,801,1,1,"291609727489998"
"c81cbcbe-2e4f-4be9-8104-6eb333cfc280","MBB_GROW",2036,83,890,202,341,334,96,6.44371509552002,5285,4568,25683,0,0,0,0,202,341,334,96,6.44371509552002,5,86,76,63.6746978759766,801,1,1,"291609727489998"
"c81cbcbe-2e4f-4be9-8104-6eb333cfc280","MBB_GROW",2041,88,760,202,335,329,97,6.9716854095459,5333,4661,26810,0,0,0,0,202,335,329,97,6.9716854095459,5,79,78,60.6022720336914,801,1,1,"291609727489998"
"c81cbcbe-2e4f-4be9-8104-6eb333cfc280","MBB_GROW",2046,93,654,201,330,321,98,7.51871109008789,5337,4761,27946,0,0,0,0,201,330,321,98,7.51871109008789,0,0,0,57.3870964050293,801,1,1,"291609727489998"
"30f0bc6d-0fe9-4ae5-ac62-7b5ea32519b6","MBB_GROW",2016,55,2820,109,212,234,76,2.65731620788574,2271,1403,7284,0,0,0,0,109,212,234,76,2.65731620788574,5,127,19,41.2909088134766,801,1,2,"291609728489998"
"30f0bc6d-0fe9-4ae5-ac62-7b5ea32519b6","MBB_GROW",2021,60,2370,135,270,292,80,3.22855949401855,2810,1740,9225,0,0,0,0,135,270,292,80,3.22855949401855,5,136,30,46.8333320617676,801,1,2,"291609728489998"
"30f0bc6d-0fe9-4ae5-ac62-7b5ea32519b6","MBB_GROW",2026,65,1879,165,334,365,83,4.01851415634155,3341,2329,12498,0,0,0,0,165,334,365,83,4.01851415634155,5,166,78,51.4000015258789,801,1,1,"291609728489998"
"30f0bc6d-0fe9-4ae5-ac62-7b5ea32519b6","MBB_GROW",2031,70,1153,177,332,361,86,5.30006313323975,3779,2637,14815,0,0,0,0,177,332,361,86,5.30006313323975,5,157,115,53.9857139587402,801,1,1,"291609728489998"
"30f0bc6d-0fe9-4ae5-ac62-7b5ea32519b6","MBB_GROW",2036,75,766,176,310,334,86,6.49404144287109,3989,2736,15429,0,0,0,0,176,310,334,86,6.49404144287109,5,126,93,53.1866683959961,801,1,1,"291609728489998"
"30f0bc6d-0fe9-4ae5-ac62-7b5ea32519b6","MBB_GROW",2041,80,577,175,294,311,86,7.46339464187622,4152,3747,20576,0,0,0,0,175,294,311,86,7.46339464187622,5,148,112,51.9000015258789,805,1,1,"291609728489998"
"30f0bc6d-0fe9-4ae5-ac62-7b5ea32519b6","MBB_GROW",2046,85,419,175,279,287,86,8.74359130859375,4336,4025,22862,0,0,0,0,175,279,287,86,8.74359130859375,0,0,0,51.0117645263672,805,1,1,"291609728489998"
"368f449f-3deb-4d14-ae12-3cf4eba73429","MBB_GROW",2015,60,2301,89,180,217,77,2.66337609291077,1697,821,4098,0,0,0,0,89,180,217,77,2.66337609291077,5,51,116,28.283332824707,520,2,2,"291609162489998"
"368f449f-3deb-4d14-ae12-3cf4eba73429","MBB_GROW",2020,65,1577,77,164,184,82,2.98362421989441,1376,659,3072,0,0,0,0,77,164,184,82,2.98362421989441,5,87,20,21.1692314147949,801,1,2,"291609162489998"
"368f449f-3deb-4d14-ae12-3cf4eba73429","MBB_GROW",2025,70,1466,95,211,231,86,3.44700407981873,1711,779,3811,0,0,0,0,95,211,231,86,3.44700407981873,5,77,12,24.4428577423096,801,1,2,"291609162489998"
"368f449f-3deb-4d14-ae12-3cf4eba73429","MBB_GROW",2030,75,1317,113,249,278,89,3.97236728668213,2035,1203,5732,0,0,0,0,113,249,278,89,3.97236728668213,5,89,8,27.1333332061768,801,1,2,"291609162489998"
"368f449f-3deb-4d14-ae12-3cf4eba73429","MBB_GROW",2035,80,1217,132,282,321,92,4.45880794525146,2441,1461,7235,0,0,0,0,132,282,321,92,4.45880794525146,5,89,8,30.5125007629395,801,2,2,"291609162489998"
"368f449f-3deb-4d14-ae12-3cf4eba73429","MBB_GROW",2040,85,1138,151,315,358,94,4.93497848510742,2848,1747,9189,0,0,0,0,151,315,358,94,4.93497848510742,5,82,7,33.5058822631836,801,1,1,"291609162489998"
"368f449f-3deb-4d14-ae12-3cf4eba73429","MBB_GROW",2045,90,1081,165,335,383,96,5.28246212005615,3221,2036,10668,0,0,0,0,165,335,383,96,5.28246212005615,0,0,0,35.7888870239258,801,1,1,"291609162489998"
"9d0b9c9e-7a74-4d4e-97e3-1c2d92621d19","MBB_GROW",2015,69,357,68,130,144,82,5.90719890594482,1556,735,3462,0,0,0,0,68,130,144,82,5.90719890594482,5,53,6,22.550724029541,801,2,3,"291609308489998"
"9d0b9c9e-7a74-4d4e-97e3-1c2d92621d19","MBB_GROW",2020,74,347,77,145,158,82,6.38216781616211,1795,926,4442,0,0,0,0,77,145,158,82,6.38216781616211,5,60,6,24.2567558288574,801,2,2,"291609308489998"
"9d0b9c9e-7a74-4d4e-97e3-1c2d92621d19","MBB_GROW",2025,79,338,88,162,174,82,6.89664459228516,2062,1069,5231,0,0,0,0,88,162,174,82,6.89664459228516,5,81,7,26.1012649536133,801,2,2,"291609308489998"
"9d0b9c9e-7a74-4d4e-97e3-1c2d92621d19","MBB_GROW",2030,84,329,100,183,195,83,7.47914791107178,2429,1219,6205,0,0,0,0,100,183,195,83,7.47914791107178,5,86,9,28.9166660308838,801,1,2,"291609308489998"
"9d0b9c9e-7a74-4d4e-97e3-1c2d92621d19","MBB_GROW",2035,89,320,113,200,211,86,8.04119777679443,2814,1500,7768,0,0,0,0,113,200,211,86,8.04119777679443,5,103,19,31.617977142334,801,1,2,"291609308489998"
"9d0b9c9e-7a74-4d4e-97e3-1c2d92621d19","MBB_GROW",2040,94,303,125,215,224,87,8.70267963409424,3232,1752,9489,0,0,0,0,125,215,224,87,8.70267963409424,5,89,21,34.3829803466797,801,1,2,"291609308489998"
"9d0b9c9e-7a74-4d4e-97e3-1c2d92621d19","MBB_GROW",2045,99,289,136,228,236,87,9.30690097808838,3575,2405,12708,0,0,0,0,136,228,236,87,9.30690097808838,0,0,0,36.1111106872559,801,1,1,"291609308489998"
"2e748969-90ef-4d8d-a441-10bfaf766914","MBB_GROW",2016,60,7740,64,149,155,66,1.22821164131165,833,169,684,0,0,0,0,64,149,155,66,1.22821164131165,5,35,6,13.8833332061768,503,2,3,"291609223489998"
"2e748969-90ef-4d8d-a441-10bfaf766914","MBB_GROW",2021,65,5131,92,250,234,72,1.80845975875854,980,480,2031,0,0,0,0,92,250,234,72,1.80845975875854,5,39,18,15.0769233703613,503,1,2,"291609223489998"
"2e748969-90ef-4d8d-a441-10bfaf766914","MBB_GROW",2026,70,2863,115,303,314,76,2.71612024307251,1084,593,2530,0,0,0,0,115,303,314,76,2.71612024307251,5,72,12,15.4857139587402,503,1,2,"291609223489998"
"2e748969-90ef-4d8d-a441-10bfaf766914","MBB_GROW",2031,75,1957,123,305,337,80,3.38952922821045,1384,790,3495,0,0,0,0,123,305,337,80,3.38952922821045,5,50,16,18.453332901001,801,3,2,"291609223489998"
"2e748969-90ef-4d8d-a441-10bfaf766914","MBB_GROW",2036,80,1500,128,304,346,86,3.95487785339355,1555,899,4216,0,0,0,0,128,304,346,86,3.95487785339355,5,73,15,19.4375,801,3,1,"291609223489998"
"2e748969-90ef-4d8d-a441-10bfaf766914","MBB_GROW",2041,85,1229,133,303,349,89,4.46260356903076,1841,1040,5128,0,0,0,0,133,303,349,89,4.46260356903076,5,78,17,21.6588230133057,801,3,1,"291609223489998"
"2e748969-90ef-4d8d-a441-10bfaf766914","MBB_GROW",2046,90,1021,139,303,350,92,5.0028076171875,2145,1202,5847,0,0,0,0,139,303,350,92,5.0028076171875,0,0,0,23.8333339691162,801,1,1,"291609223489998"
"314ea7f6-96b7-4089-a481-702c47a163eb","MBB_GROW",2015,54,4776,103,206,253,83,1.98449242115021,2068,1345,6534,0,0,0,0,103,206,253,83,1.98449242115021,5,57,17,38.2962951660156,520,1,2,"291609758489998"
"314ea7f6-96b7-4089-a481-702c47a163eb","MBB_GROW",2020,59,3044,114,231,274,84,2.62176966667175,2272,1495,7614,0,0,0,0,114,231,274,84,2.62176966667175,5,59,16,38.5084762573242,520,1,2,"291609758489998"
"314ea7f6-96b7-4089-a481-702c47a163eb","MBB_GROW",2025,64,2665,136,290,343,85,3.05991077423096,2491,1728,8628,0,0,0,0,136,290,343,85,3.05991077423096,5,61,34,38.921875,503,1,1,"291609758489998"
"314ea7f6-96b7-4089-a481-702c47a163eb","MBB_GROW",2030,69,2069,148,316,385,85,3.61764478683472,2623,1803,9149,0,0,0,0,148,316,385,85,3.61764478683472,5,52,35,38.0144920349121,503,1,1,"291609758489998"
"314ea7f6-96b7-4089-a481-702c47a163eb","MBB_GROW",2035,74,1616,152,318,393,85,4.15512466430664,2707,2041,10355,0,0,0,0,152,318,393,85,4.15512466430664,5,65,29,36.5810813903809,503,1,1,"291609758489998"
"314ea7f6-96b7-4089-a481-702c47a163eb","MBB_GROW",2040,79,1335,156,317,396,86,4.62497329711914,2890,2180,11446,0,0,0,0,156,317,396,86,4.62497329711914,5,77,25,36.5822792053223,503,1,1,"291609758489998"
"314ea7f6-96b7-4089-a481-702c47a163eb","MBB_GROW",2045,84,1153,160,316,393,86,5.04670143127441,3147,2351,12422,0,0,0,0,160,316,393,86,5.04670143127441,0,0,0,37.4642868041992,801,1,1,"291609758489998"
"21915393-6306-4fd2-a4d4-ff985d8973d4","MBB_GROW",2017,66,258,88,144,155,74,7.88696336746216,2063,1378,7656,0,0,0,0,88,144,155,74,7.88696336746216,5,55,71,31.2575759887695,801,1,2,"433077630489998"
"21915393-6306-4fd2-a4d4-ff985d8973d4","MBB_GROW",2022,71,234,83,137,144,74,8.08857822418213,1983,1397,7871,0,0,0,0,83,137,144,74,8.08857822418213,5,54,6,27.9295768737793,805,1,2,"433077630489998"
"21915393-6306-4fd2-a4d4-ff985d8973d4","MBB_GROW",2027,76,227,93,151,156,76,8.65096282958984,2226,1573,8992,0,0,0,0,93,151,156,76,8.65096282958984,5,60,6,29.2894744873047,805,1,2,"433077630489998"
"21915393-6306-4fd2-a4d4-ff985d8973d4","MBB_GROW",2032,81,221,104,168,173,78,9.27839279174805,2495,1913,10943,0,0,0,0,104,168,173,78,9.27839279174805,5,78,7,30.80246925354,805,1,2,"433077630489998"
"21915393-6306-4fd2-a4d4-ff985d8973d4","MBB_GROW",2037,86,215,115,183,186,80,9.89021587371826,2850,2228,12769,0,0,0,0,115,183,186,80,9.89021587371826,5,81,9,33.139533996582,805,1,2,"433077630489998"
"21915393-6306-4fd2-a4d4-ff985d8973d4","MBB_GROW",2042,91,209,124,196,196,82,10.4421892166138,3213,2459,14007,0,0,0,0,124,196,196,82,10.4421892166138,5,86,4,35.3076934814453,805,1,1,"433077630489998"
"21915393-6306-4fd2-a4d4-ff985d8973d4","MBB_GROW",2047,96,206,135,211,209,84,10.9726781845093,3621,2704,15879,0,0,0,0,135,211,209,84,10.9726781845093,0,0,0,37.71875,805,1,1,"433077630489998"
"0395dbb7-90e9-4097-8095-80cebb303cd1","MBB_GROW",2019,61,3600,111,193,236,80,2.38078427314758,2626,1830,10194,0,0,0,0,111,193,236,80,2.38078427314758,5,35,251,43.0491790771484,520,1,2,"495155336126144"
"0395dbb7-90e9-4097-8095-80cebb303cd1","MBB_GROW",2024,66,1763,66,128,136,78,2.61814832687378,1549,1099,5778,0,0,0,0,66,128,136,78,2.61814832687378,5,43,40,23.4696960449219,503,1,3,"495155336126144"
"0395dbb7-90e9-4097-8095-80cebb303cd1","MBB_GROW",2029,71,1518,76,162,174,79,3.0206298828125,1565,1117,5848,0,0,0,0,76,162,174,79,3.0206298828125,5,44,14,22.0422534942627,503,1,3,"495155336126144"
"0395dbb7-90e9-4097-8095-80cebb303cd1","MBB_GROW",2034,76,1387,91,200,227,81,3.47376084327698,1711,1237,6733,0,0,0,0,91,200,227,81,3.47376084327698,5,46,10,22.5131587982178,503,1,2,"495155336126144"
"0395dbb7-90e9-4097-8095-80cebb303cd1","MBB_GROW",2039,81,1272,107,233,276,82,3.9351077079773,1890,1458,7940,0,0,0,0,107,233,276,82,3.9351077079773,5,39,7,23.3333339691162,503,1,2,"495155336126144"
"0395dbb7-90e9-4097-8095-80cebb303cd1","MBB_GROW",2044,86,1193,121,258,312,84,4.30840444564819,2049,1591,8932,0,0,0,0,121,258,312,84,4.30840444564819,5,42,7,23.8255805969238,801,1,2,"495155336126144"
"0395dbb7-90e9-4097-8095-80cebb303cd1","MBB_GROW",2049,91,1123,135,282,344,85,4.69149303436279,2225,1742,9758,0,0,0,0,135,282,344,85,4.69149303436279,0,0,0,24.4505500793457,801,1,1,"495155336126144"
"aa6eb168-f7a4-42ac-85e3-2272a069e550","MBB_GROW",2019,75,1515,55,105,139,83,2.57085728645325,1321,686,3842,0,0,0,0,55,105,139,83,2.57085728645325,5,18,168,17.6133327484131,997,1,3,"495155347126144"
"aa6eb168-f7a4-42ac-85e3-2272a069e550","MBB_GROW",2024,80,619,28,63,79,74,2.89971137046814,571,112,627,0,0,0,0,28,63,79,74,2.89971137046814,5,17,28,7.13749980926514,997,2,3,"495155347126144"
"aa6eb168-f7a4-42ac-85e3-2272a069e550","MBB_GROW",2029,85,474,30,70,85,75,3.41195154190063,519,129,603,0,0,0,0,30,70,85,75,3.41195154190063,5,21,5,6.10588216781616,801,3,3,"495155347126144"
"aa6eb168-f7a4-42ac-85e3-2272a069e550","MBB_GROW",2034,90,442,37,85,105,78,3.91483330726624,599,136,646,0,0,0,0,37,85,105,78,3.91483330726624,5,23,1,6.65555572509766,801,3,3,"495155347126144"
"aa6eb168-f7a4-42ac-85e3-2272a069e550","MBB_GROW",2039,95,427,45,101,126,81,4.3879919052124,708,275,1301,0,0,0,0,45,101,126,81,4.3879919052124,5,24,1,7.45263147354126,801,3,3,"495155347126144"
"aa6eb168-f7a4-42ac-85e3-2272a069e550","MBB_GROW",2044,100,415,52,115,145,84,4.79544353485107,824,423,1897,0,0,0,0,52,115,145,84,4.79544353485107,5,28,1,8.23999977111816,801,1,3,"495155347126144"
"aa6eb168-f7a4-42ac-85e3-2272a069e550","MBB_GROW",2049,105,404,61,131,169,86,5.27363300323486,959,482,2327,0,0,0,0,61,131,169,86,5.27363300323486,0,0,0,9.13333320617676,801,1,3,"495155347126144"
"332290c9-657d-47a5-a10c-4ba5fc26a6fb","MBB_GROW",2019,75,2139,117,183,199,92,3.16029453277588,3479,2695,14730,0,0,0,0,117,183,199,92,3.16029453277588,5,16,521,46.3866653442383,997,1,2,"495155369126144"
"332290c9-657d-47a5-a10c-4ba5fc26a6fb","MBB_GROW",2024,80,1028,37,71,77,70,2.578449010849,954,679,3672,0,0,0,0,37,71,77,70,2.578449010849,5,20,86,11.9250001907349,997,1,4,"495155369126144"
"332290c9-657d-47a5-a10c-4ba5fc26a6fb","MBB_GROW",2029,85,841,33,76,85,61,2.6930980682373,626,390,2149,0,0,0,0,33,76,85,61,2.6930980682373,5,18,15,7.36470603942871,801,3,3,"495155369126144"
"332290c9-657d-47a5-a10c-4ba5fc26a6fb","MBB_GROW",2034,90,797,44,103,120,63,3.17434620857239,642,468,2491,0,0,0,0,44,103,120,63,3.17434620857239,5,18,3,7.13333320617676,801,3,3,"495155369126144"
"332290c9-657d-47a5-a10c-4ba5fc26a6fb","MBB_GROW",2039,95,774,56,130,154,65,3.64158010482788,717,498,2619,0,0,0,0,56,130,154,65,3.64158010482788,5,70,1,7.54736852645874,801,3,2,"495155369126144"
"332290c9-657d-47a5-a10c-4ba5fc26a6fb","MBB_GROW",2044,100,755,70,159,191,69,4.12466335296631,1060,553,3033,0,0,0,0,70,159,191,69,4.12466335296631,5,53,1,10.6000003814697,801,3,2,"495155369126144"
"332290c9-657d-47a5-a10c-4ba5fc26a6fb","MBB_GROW",2049,105,737,86,190,225,72,4.62747859954834,1321,821,4339,0,0,0,0,86,190,225,72,4.62747859954834,0,0,0,12.5809526443481,801,2,2,"495155369126144"
"1e2b892a-5930-4813-825e-fdf2f3aef71e","MBB_GROW",2017,65,4029,128,241,267,77,2.41650581359863,2617,1124,5166,0,0,0,0,128,241,267,77,2.41650581359863,5,70,18,40.2615394592285,706,2,1,"433077406489998"
"1e2b892a-5930-4813-825e-fdf2f3aef71e","MBB_GROW",2022,70,2238,134,257,271,78,3.31520867347717,2877,1231,5826,0,0,0,0,134,257,271,78,3.31520867347717,5,72,20,41.0999984741211,706,1,1,"433077406489998"
"1e2b892a-5930-4813-825e-fdf2f3aef71e","MBB_GROW",2027,75,1997,156,314,335,78,3.7846987247467,3137,1700,8043,0,0,0,0,156,314,335,78,3.7846987247467,5,72,60,41.8266677856445,706,1,1,"433077406489998"
"1e2b892a-5930-4813-825e-fdf2f3aef71e","MBB_GROW",2032,80,1386,159,314,341,78,4.58889865875244,3200,2196,10656,0,0,0,0,159,314,341,78,4.58889865875244,5,83,41,40,801,1,1,"433077406489998"
"1e2b892a-5930-4813-825e-fdf2f3aef71e","MBB_GROW",2037,85,1103,166,319,351,82,5.26086330413818,3405,2462,12072,0,0,0,0,166,319,351,82,5.26086330413818,5,77,52,40.0588226318359,801,1,1,"433077406489998"
"1e2b892a-5930-4813-825e-fdf2f3aef71e","MBB_GROW",2042,90,855,169,312,343,82,6.01209545135498,3531,2722,13676,0,0,0,0,169,312,343,82,6.01209545135498,5,68,48,39.2333335876465,801,1,1,"433077406489998"
"1e2b892a-5930-4813-825e-fdf2f3aef71e","MBB_GROW",2047,95,692,168,302,329,84,6.67655086517334,3634,2876,14628,0,0,0,0,168,302,329,84,6.67655086517334,0,0,0,38.2526321411133,801,1,1,"433077406489998"
"5781fa24-d658-4d30-bf9f-5ea03479c56f","MBB_GROW",2020,50,1668,93,165,163,94,3.19654703140259,2696,1637,7728,0,0,0,0,93,165,163,94,3.19654703140259,5,110,7,53.9199981689453,805,1,2,"657096828126144"
"5781fa24-d658-4d30-bf9f-5ea03479c56f","MBB_GROW",2025,55,1171,114,211,200,96,4.23040533065796,3213,1830,9114,0,0,0,0,114,211,200,96,4.23040533065796,5,108,16,58.4181823730469,805,1,2,"657096828126144"
"5781fa24-d658-4d30-bf9f-5ea03479c56f","MBB_GROW",2030,60,1083,138,263,248,98,4.84029531478882,3673,2150,10752,0,0,0,0,138,263,248,98,4.84029531478882,5,103,17,61.216667175293,805,1,1,"657096828126144"
"5781fa24-d658-4d30-bf9f-5ea03479c56f","MBB_GROW",2035,65,1006,159,302,287,100,5.38956499099731,4102,2565,12897,0,0,0,0,159,302,287,100,5.38956499099731,5,100,13,63.1076927185059,805,1,1,"657096828126144"
"5781fa24-d658-4d30-bf9f-5ea03479c56f","MBB_GROW",2040,70,956,177,330,314,101,5.82407093048096,4538,2960,15498,0,0,0,0,177,330,314,101,5.82407093048096,5,87,10,64.8285751342773,805,1,1,"657096828126144"
"5781fa24-d658-4d30-bf9f-5ea03479c56f","MBB_GROW",2045,75,921,191,351,335,102,6.16647911071777,4921,3577,18536,0,0,0,0,191,351,335,102,6.16647911071777,5,89,39,65.6133346557617,805,1,1,"657096828126144"
"5781fa24-d658-4d30-bf9f-5ea03479c56f","MBB_GROW",2050,80,807,194,347,331,104,6.63766956329346,5172,3965,20946,0,0,0,0,194,347,331,104,6.63766956329346,0,0,0,64.6500015258789,805,1,1,"657096828126144"
"71fb96ff-e293-442e-b9eb-fb4dd2fcea53","MBB_GROW",2020,65,6420,66,145,163,70,1.3717577457428,1036,241,1225,0,0,0,0,66,145,163,70,1.3717577457428,5,75,11,15.9384613037109,801,2,3,"657096860126144"
"71fb96ff-e293-442e-b9eb-fb4dd2fcea53","MBB_GROW",2025,70,3499,89,213,229,70,2.15639185905457,1355,373,1796,0,0,0,0,89,213,229,70,2.15639185905457,5,75,12,19.3571434020996,801,2,2,"657096860126144"
"71fb96ff-e293-442e-b9eb-fb4dd2fcea53","MBB_GROW",2030,75,2653,125,309,366,76,2.94064903259277,1669,522,2498,0,0,0,0,125,309,366,76,2.94064903259277,5,68,18,22.2533340454102,801,2,2,"657096860126144"
"71fb96ff-e293-442e-b9eb-fb4dd2fcea53","MBB_GROW",2035,80,1721,134,310,387,80,3.77414059638977,1917,641,3128,0,0,0,0,134,310,387,80,3.77414059638977,5,74,16,23.9624996185303,801,2,1,"657096860126144"
"71fb96ff-e293-442e-b9eb-fb4dd2fcea53","MBB_GROW",2040,85,1251,140,306,386,82,4.52294778823853,2206,898,4231,0,0,0,0,140,306,386,82,4.52294778823853,5,69,15,25.9529418945312,801,2,1,"657096860126144"
"71fb96ff-e293-442e-b9eb-fb4dd2fcea53","MBB_GROW",2045,90,992,145,303,386,85,5.16905736923218,2477,1108,5253,0,0,0,0,145,303,386,85,5.16905736923218,5,86,13,27.5222225189209,801,2,1,"657096860126144"
"71fb96ff-e293-442e-b9eb-fb4dd2fcea53","MBB_GROW",2050,95,830,149,301,382,89,5.73096704483032,2838,1316,6426,0,0,0,0,149,301,382,89,5.73096704483032,0,0,0,29.8736839294434,801,1,1,"657096860126144"
"285a2b72-4583-4feb-8209-0f06b7d36ea8","MBB_GROW",2019,72,7200,122,230,234,92,1.76508617401123,3123,1898,8934,0,0,0,0,122,230,234,92,1.76508617401123,5,44,303,43.375,503,1,2,"657096862126144"
"285a2b72-4583-4feb-8209-0f06b7d36ea8","MBB_GROW",2024,77,4744,89,213,197,97,1.85321009159088,1824,1073,5417,0,0,0,0,89,213,197,97,1.85321009159088,5,36,71,23.6883125305176,503,1,2,"657096862126144"
"285a2b72-4583-4feb-8209-0f06b7d36ea8","MBB_GROW",2029,82,3498,112,293,308,96,2.42467904090881,1652,1103,5587,0,0,0,0,112,293,308,96,2.42467904090881,5,27,35,20.1463413238525,503,1,2,"657096862126144"
"285a2b72-4583-4feb-8209-0f06b7d36ea8","MBB_GROW",2034,87,2394,122,309,359,95,3.05552506446838,1613,1100,5700,0,0,0,0,122,309,359,95,3.05552506446838,5,39,26,18.5402297973633,801,3,2,"657096862126144"
"285a2b72-4583-4feb-8209-0f06b7d36ea8","MBB_GROW",2039,92,1774,128,311,380,95,3.64268183708191,1679,1256,6514,0,0,0,0,128,311,380,95,3.64268183708191,5,51,27,18.25,801,3,2,"657096862126144"
"285a2b72-4583-4feb-8209-0f06b7d36ea8","MBB_GROW",2044,97,1372,134,311,376,95,4.23528623580933,1798,1322,7078,0,0,0,0,134,311,376,95,4.23528623580933,5,66,17,18.5360832214355,801,3,2,"657096862126144"
"285a2b72-4583-4feb-8209-0f06b7d36ea8","MBB_GROW",2049,102,1204,142,318,381,96,4.64936065673828,2040,1444,7924,0,0,0,0,142,318,381,96,4.64936065673828,0,0,0,20,801,3,1,"657096862126144"
"621f389c-167d-4b6a-b308-5f15edc49641","MBB_GROW",2021,50,5289,105,184,205,84,1.90773868560791,2627,2036,10614,0,0,0,0,105,184,205,84,1.90773868560791,5,24,312,52.5400009155273,503,1,2,"657096938126144"
"621f389c-167d-4b6a-b308-5f15edc49641","MBB_GROW",2026,55,2493,59,129,135,73,2.0880880355835,1184,966,4821,0,0,0,0,59,129,135,73,2.0880880355835,5,26,53,21.5272731781006,503,1,3,"657096938126144"
"621f389c-167d-4b6a-b308-5f15edc49641","MBB_GROW",2031,60,2040,72,174,197,69,2.53496670722961,1047,872,4584,0,0,0,0,72,174,197,69,2.53496670722961,5,41,12,17.4500007629395,503,1,3,"657096938126144"
"621f389c-167d-4b6a-b308-5f15edc49641","MBB_GROW",2036,65,1839,88,217,262,68,2.96252751350403,1192,912,4775,0,0,0,0,88,217,262,68,2.96252751350403,5,23,5,18.3384609222412,503,1,3,"657096938126144"
"621f389c-167d-4b6a-b308-5f15edc49641","MBB_GROW",2041,70,1713,103,251,318,68,3.31969738006592,1278,977,5173,0,0,0,0,103,251,318,68,3.31969738006592,5,36,3,18.2571430206299,503,1,2,"657096938126144"
"621f389c-167d-4b6a-b308-5f15edc49641","MBB_GROW",2046,75,1622,118,280,365,69,3.64769458770752,1443,1115,6038,0,0,0,0,118,280,365,69,3.64769458770752,5,27,6,19.2399997711182,503,3,2,"657096938126144"
"621f389c-167d-4b6a-b308-5f15edc49641","MBB_GROW",2051,80,1494,128,298,396,69,3.96896600723267,1551,1193,6597,0,0,0,0,128,298,396,69,3.96896600723267,0,0,0,19.3875007629395,503,3,2,"657096938126144"
"13b91406-b62c-4409-8543-5260ed264856","MBB_GROW",2020,65,2577,77,153,167,82,2.33674645423889,1429,960,4386,0,0,0,0,77,153,167,82,2.33674645423889,5,105,2,21.9846153259277,801,1,2,"657096813126144"
"13b91406-b62c-4409-8543-5260ed264856","MBB_GROW",2025,70,1174,99,194,207,84,3.9293327331543,1942,1238,6049,0,0,0,0,99,194,207,84,3.9293327331543,5,133,5,27.7428569793701,801,1,2,"657096813126144"
"13b91406-b62c-4409-8543-5260ed264856","MBB_GROW",2030,75,1064,127,248,262,86,4.67042398452759,2581,1697,8458,0,0,0,0,127,248,262,86,4.67042398452759,5,154,7,34.4133338928223,801,1,1,"657096813126144"
"13b91406-b62c-4409-8543-5260ed264856","MBB_GROW",2035,80,969,159,302,320,89,5.47960901260376,3317,2196,10998,0,0,0,0,159,302,320,89,5.47960901260376,5,156,39,41.4625015258789,801,1,1,"657096813126144"
"13b91406-b62c-4409-8543-5260ed264856","MBB_GROW",2040,85,621,169,298,314,91,7.06044912338257,3904,2692,14221,0,0,0,0,169,298,314,91,7.06044912338257,5,151,68,45.9294128417969,801,1,1,"657096813126144"
"13b91406-b62c-4409-8543-5260ed264856","MBB_GROW",2045,90,344,168,276,285,92,9.47695159912109,4316,3034,16879,0,0,0,0,168,276,285,92,9.47695159912109,5,140,81,47.9555549621582,801,1,1,"657096813126144"
"13b91406-b62c-4409-8543-5260ed264856","MBB_GROW",2050,95,228,168,262,266,93,11.6218376159668,4616,3246,18565,0,0,0,0,168,262,266,93,11.6218376159668,0,0,0,48.5894737243652,801,1,1,"657096813126144"
"6a6522bf-5336-4ad6-b6a8-15785e9812ca","MBB_GROW",2021,55,1419,81,149,157,81,3.23321485519409,1939,728,3288,0,0,0,0,81,149,157,81,3.23321485519409,5,78,2,35.2545471191406,801,2,2,"749041327290487"
"6a6522bf-5336-4ad6-b6a8-15785e9812ca","MBB_GROW",2026,60,1168,99,188,192,82,3.93382000923157,2322,1104,5037,0,0,0,0,99,188,192,82,3.93382000923157,5,84,7,38.7000007629395,801,1,2,"749041327290487"
"6a6522bf-5336-4ad6-b6a8-15785e9812ca","MBB_GROW",2031,65,1067,124,245,249,83,4.60895776748657,2706,1689,7854,0,0,0,0,124,245,249,83,4.60895776748657,5,92,6,41.6307678222656,801,1,2,"749041327290487"
"6a6522bf-5336-4ad6-b6a8-15785e9812ca","MBB_GROW",2036,70,998,147,289,300,84,5.20300054550171,3138,2002,9692,0,0,0,0,147,289,300,84,5.20300054550171,5,93,6,44.8285713195801,801,1,1,"749041327290487"
"6a6522bf-5336-4ad6-b6a8-15785e9812ca","MBB_GROW",2041,75,940,168,322,339,85,5.71777772903442,3576,2311,11425,0,0,0,0,168,322,339,85,5.71777772903442,5,79,28,47.6800003051758,801,1,1,"749041327290487"
"6a6522bf-5336-4ad6-b6a8-15785e9812ca","MBB_GROW",2046,80,730,171,314,332,87,6.54349231719971,3831,2735,13491,0,0,0,0,171,314,332,87,6.54349231719971,5,89,32,47.8875007629395,801,1,1,"749041327290487"
"6a6522bf-5336-4ad6-b6a8-15785e9812ca","MBB_GROW",2051,85,565,170,302,318,89,7.43810510635376,4115,3124,15931,0,0,0,0,170,302,318,89,7.43810510635376,0,0,0,48.4117660522461,801,1,1,"749041327290487"
"18ae30f3-3dc2-4a6d-85a0-66b3fc4127f2","MBB_GROW",2017,71,4083,145,234,259,98,2.55001544952393,4171,3483,19212,0,0,0,0,145,234,259,98,2.55001544952393,5,103,79,58.7464790344238,801,1,1,"433077683489998"
"18ae30f3-3dc2-4a6d-85a0-66b3fc4127f2","MBB_GROW",2022,76,2442,152,257,276,99,3.37259483337402,4291,3603,20313,0,0,0,0,152,257,276,99,3.37259483337402,5,89,52,56.4605255126953,801,1,1,"433077683489998"
"18ae30f3-3dc2-4a6d-85a0-66b3fc4127f2","MBB_GROW",2027,81,1891,172,316,364,101,4.08608436584473,4475,3785,21747,0,0,0,0,172,316,364,101,4.08608436584473,5,93,85,55.2469139099121,801,1,1,"433077683489998"
"18ae30f3-3dc2-4a6d-85a0-66b3fc4127f2","MBB_GROW",2032,86,1204,173,309,364,102,5.12774705886841,4519,3807,22539,0,0,0,0,173,309,364,102,5.12774705886841,5,99,71,52.5465126037598,801,1,1,"433077683489998"
"18ae30f3-3dc2-4a6d-85a0-66b3fc4127f2","MBB_GROW",2037,91,827,171,292,341,103,6.16706037521362,4656,4061,24124,0,0,0,0,171,292,341,103,6.16706037521362,5,70,51,51.1648368835449,801,1,1,"433077683489998"
"18ae30f3-3dc2-4a6d-85a0-66b3fc4127f2","MBB_GROW",2042,96,643,171,282,324,104,6.97904968261719,4747,4233,25230,0,0,0,0,171,282,324,104,6.97904968261719,5,81,52,49.4479179382324,801,1,1,"433077683489998"
"18ae30f3-3dc2-4a6d-85a0-66b3fc4127f2","MBB_GROW",2047,101,506,170,270,303,104,7.85011100769043,4894,4393,27012,0,0,0,0,170,270,303,104,7.85011100769043,0,0,0,48.4554443359375,801,1,1,"433077683489998"
"42561e0e-728c-478c-b31f-7dd98047f8bd","MBB_GROW",2017,59,10107,122,235,268,90,1.4881763458252,2751,1700,8442,0,0,0,0,122,235,268,90,1.4881763458252,5,66,9,46.6271171569824,801,1,1,"433077373489998"
"42561e0e-728c-478c-b31f-7dd98047f8bd","MBB_GROW",2022,64,5802,132,270,296,91,2.03950572013855,3037,1902,9540,0,0,0,0,132,270,296,91,2.03950572013855,5,53,35,47.453125,801,1,1,"433077373489998"
"42561e0e-728c-478c-b31f-7dd98047f8bd","MBB_GROW",2027,69,3999,146,318,361,92,2.58868312835693,3124,2087,10556,0,0,0,0,146,318,361,92,2.58868312835693,5,57,48,45.2753639221191,801,1,1,"433077373489998"
"42561e0e-728c-478c-b31f-7dd98047f8bd","MBB_GROW",2032,74,2391,147,308,362,93,3.35507583618164,3170,2235,11440,0,0,0,0,147,308,362,93,3.35507583618164,5,63,26,42.8378372192383,801,1,1,"433077373489998"
"42561e0e-728c-478c-b31f-7dd98047f8bd","MBB_GROW",2037,79,1852,151,308,368,94,3.86832332611084,3357,2361,12645,0,0,0,0,151,308,368,94,3.86832332611084,5,55,24,42.4936714172363,801,1,1,"433077373489998"
"42561e0e-728c-478c-b31f-7dd98047f8bd","MBB_GROW",2042,84,1500,154,305,366,94,4.33824300765991,3512,2565,13581,0,0,0,0,154,305,366,94,4.33824300765991,5,50,21,41.8095245361328,801,1,1,"433077373489998"
"42561e0e-728c-478c-b31f-7dd98047f8bd","MBB_GROW",2047,89,1264,157,304,365,95,4.77230262756348,3659,2761,14647,0,0,0,0,157,304,365,95,4.77230262756348,0,0,0,41.1123580932617,801,1,1,"433077373489998"
"78cf8398-2938-4af9-bec5-4d43c6dd4866","MBB_GROW",2017,67,2574,113,195,189,89,2.83615517616272,3182,1610,7830,0,0,0,0,113,195,189,89,2.83615517616272,5,58,10,47.4925384521484,801,1,2,"433077376489998"
"78cf8398-2938-4af9-bec5-4d43c6dd4866","MBB_GROW",2022,72,1241,121,216,205,91,4.23251247406006,3422,1853,9208,0,0,0,0,121,216,205,91,4.23251247406006,5,66,28,47.5277786254883,805,1,1,"433077376489998"
"78cf8398-2938-4af9-bec5-4d43c6dd4866","MBB_GROW",2027,77,1092,137,257,257,92,4.78971910476685,3611,2109,10584,0,0,0,0,137,257,257,92,4.78971910476685,5,73,23,46.8961029052734,805,1,1,"433077376489998"
"78cf8398-2938-4af9-bec5-4d43c6dd4866","MBB_GROW",2032,82,982,153,291,311,94,5.34836626052856,3861,2295,11555,0,0,0,0,153,291,311,94,5.34836626052856,5,71,14,47.0853652954102,805,1,1,"433077376489998"
"78cf8398-2938-4af9-bec5-4d43c6dd4866","MBB_GROW",2037,87,921,168,318,352,95,5.7829647064209,4148,2905,14649,0,0,0,0,168,318,352,95,5.7829647064209,5,60,50,47.6781616210938,805,1,1,"433077376489998"
"78cf8398-2938-4af9-bec5-4d43c6dd4866","MBB_GROW",2042,92,722,167,307,347,97,6.50912427902222,4199,3107,16020,0,0,0,0,167,307,347,97,6.50912427902222,5,73,42,45.6413040161133,805,1,1,"433077376489998"
"78cf8398-2938-4af9-bec5-4d43c6dd4866","MBB_GROW",2047,97,589,165,293,330,98,7.17179012298584,4352,3306,17253,0,0,0,0,165,293,330,98,7.17179012298584,0,0,0,44.8659782409668,805,1,1,"433077376489998"
"befbb67d-d15e-47a5-9115-d371e0a52c28","MBB_GROW",2017,77,2238,148,236,244,93,3.4869921207428,4249,3236,17250,0,0,0,0,148,236,244,93,3.4869921207428,5,33,486,55.1818199157715,520,1,1,"433077383489998"
"befbb67d-d15e-47a5-9115-d371e0a52c28","MBB_GROW",2022,82,1894,80,154,157,83,2.7881715297699,1988,1233,6424,0,0,0,0,80,154,157,83,2.7881715297699,5,36,84,24.2439022064209,801,1,2,"433077383489998"
"befbb67d-d15e-47a5-9115-d371e0a52c28","MBB_GROW",2027,87,1782,91,206,222,86,3.0622227191925,1744,1055,5257,0,0,0,0,91,206,222,86,3.0622227191925,5,30,18,20.0459766387939,801,1,2,"433077383489998"
"befbb67d-d15e-47a5-9115-d371e0a52c28","MBB_GROW",2032,92,1614,108,251,290,89,3.50881767272949,1805,1160,5758,0,0,0,0,108,251,290,89,3.50881767272949,5,33,5,19.6195659637451,801,1,2,"433077383489998"
"befbb67d-d15e-47a5-9115-d371e0a52c28","MBB_GROW",2037,97,1507,125,287,347,91,3.89792609214783,1946,1249,6348,0,0,0,0,125,287,347,91,3.89792609214783,5,43,4,20.0618553161621,801,1,2,"433077383489998"
"befbb67d-d15e-47a5-9115-d371e0a52c28","MBB_GROW",2042,102,1380,138,310,386,94,4.27616739273071,2143,1453,7433,0,0,0,0,138,310,386,94,4.27616739273071,5,42,8,21.0098037719727,801,1,1,"433077383489998"
"befbb67d-d15e-47a5-9115-d371e0a52c28","MBB_GROW",2047,107,1159,138,302,380,97,4.677330493927,2312,1659,8488,0,0,0,0,138,302,380,97,4.677330493927,0,0,0,21.6074771881104,801,1,1,"433077383489998"
"a6947f1e-5d33-48e2-92df-723fe606252e","MBB_GROW",2017,62,2208,82,151,166,79,2.60525178909302,1877,953,4578,0,0,0,0,82,151,166,79,2.60525178909302,5,55,40,30.2741928100586,801,1,2,"433077581489998"
"a6947f1e-5d33-48e2-92df-723fe606252e","MBB_GROW",2022,67,1514,88,170,181,80,3.26355481147766,1952,1125,5510,0,0,0,0,88,170,181,80,3.26355481147766,5,81,3,29.1343288421631,801,1,2,"433077581489998"
"a6947f1e-5d33-48e2-92df-723fe606252e","MBB_GROW",2027,72,1450,109,220,233,82,3.71013331413269,2339,1423,7144,0,0,0,0,109,220,233,82,3.71013331413269,5,82,10,32.4861106872559,801,1,2,"433077581489998"
"a6947f1e-5d33-48e2-92df-723fe606252e","MBB_GROW",2032,77,1282,128,258,281,84,4.27172660827637,2700,1732,8628,0,0,0,0,128,258,281,84,4.27172660827637,5,85,6,35.0649337768555,801,1,1,"433077581489998"
"a6947f1e-5d33-48e2-92df-723fe606252e","MBB_GROW",2037,82,1196,146,292,324,87,4.73723411560059,3093,2065,10432,0,0,0,0,146,292,324,87,4.73723411560059,5,76,6,37.7195129394531,801,1,1,"433077581489998"
"a6947f1e-5d33-48e2-92df-723fe606252e","MBB_GROW",2042,87,1126,161,316,356,89,5.12349796295166,3446,2427,12495,0,0,0,0,161,316,356,89,5.12349796295166,5,70,13,39.6091957092285,801,1,1,"433077581489998"
"a6947f1e-5d33-48e2-92df-723fe606252e","MBB_GROW",2047,92,996,169,324,365,90,5.58258390426636,3731,2663,14247,0,0,0,0,169,324,365,90,5.58258390426636,0,0,0,40.5543479919434,801,1,1,"433077581489998"
"c0186e14-20c0-47c8-9b19-4fdb8bb0d969","MBB_GROW",2022,85,1401,77,139,159,75,3.17212510108948,1734,982,4710,0,0,0,0,77,139,159,75,3.17212510108948,5,115,1,20.3999996185303,801,2,3,"749041179290487"
"c0186e14-20c0-47c8-9b19-4fdb8bb0d969","MBB_GROW",2027,90,1380,100,180,195,77,3.63661575317383,2303,1258,6508,0,0,0,0,100,180,195,77,3.63661575317383,5,102,8,25.588888168335,801,1,2,"749041179290487"
"c0186e14-20c0-47c8-9b19-4fdb8bb0d969","MBB_GROW",2032,95,1269,125,234,250,80,4.24995803833008,2775,1774,8917,0,0,0,0,125,234,250,80,4.24995803833008,5,122,14,29.2105255126953,801,1,2,"749041179290487"
"c0186e14-20c0-47c8-9b19-4fdb8bb0d969","MBB_GROW",2037,100,1105,148,272,293,82,4.95024967193604,3315,2457,12554,0,0,0,0,148,272,293,82,4.95024967193604,5,127,11,33.1500015258789,801,1,1,"749041179290487"
"c0186e14-20c0-47c8-9b19-4fdb8bb0d969","MBB_GROW",2042,105,1013,169,304,325,84,5.52630996704102,3891,3083,16089,0,0,0,0,169,304,325,84,5.52630996704102,5,121,43,37.0571441650391,801,1,1,"749041179290487"
"c0186e14-20c0-47c8-9b19-4fdb8bb0d969","MBB_GROW",2047,110,737,175,297,312,86,6.59019136428833,4280,3690,19650,0,0,0,0,175,297,312,86,6.59019136428833,5,107,56,38.9090919494629,801,1,1,"749041179290487"
"c0186e14-20c0-47c8-9b19-4fdb8bb0d969","MBB_GROW",2052,115,506,174,279,287,87,7.93366813659668,4534,4021,21701,0,0,0,0,174,279,287,87,7.93366813659668,0,0,0,39.4260864257812,801,1,1,"749041179290487"
"6f26ab30-87b3-4f81-b754-916f23430554","MBB_GROW",2020,60,1863,82,152,160,89,2.83939409255981,2113,1045,4770,0,0,0,0,82,152,160,89,2.83939409255981,5,61,42,35.216667175293,801,1,2,"657097053126144"
"6f26ab30-87b3-4f81-b754-916f23430554","MBB_GROW",2025,65,1469,89,170,173,89,3.32640218734741,2205,1009,4755,0,0,0,0,89,170,173,89,3.32640218734741,5,73,9,33.9230766296387,801,1,2,"657097053126144"
"6f26ab30-87b3-4f81-b754-916f23430554","MBB_GROW",2030,70,1436,109,218,217,90,3.72413897514343,2529,1539,7204,0,0,0,0,109,218,217,90,3.72413897514343,5,76,15,36.1285705566406,801,1,2,"657097053126144"
"6f26ab30-87b3-4f81-b754-916f23430554","MBB_GROW",2035,75,1288,127,255,257,91,4.2451057434082,2837,1842,8784,0,0,0,0,127,255,257,91,4.2451057434082,5,88,9,37.8266677856445,801,1,2,"657097053126144"
"6f26ab30-87b3-4f81-b754-916f23430554","MBB_GROW",2040,80,1205,144,284,288,93,4.67793416976929,3231,2358,11691,0,0,0,0,144,284,288,93,4.67793416976929,5,73,9,40.3875007629395,801,1,1,"657097053126144"
"6f26ab30-87b3-4f81-b754-916f23430554","MBB_GROW",2045,85,1134,158,306,312,95,5.04781293869019,3552,2710,13722,0,0,0,0,158,306,312,95,5.04781293869019,5,83,8,41.7882347106934,801,1,1,"657097053126144"
"6f26ab30-87b3-4f81-b754-916f23430554","MBB_GROW",2050,90,1077,171,326,332,96,5.39147758483887,3925,2965,15214,0,0,0,0,171,326,332,96,5.39147758483887,0,0,0,43.6111106872559,801,1,1,"657097053126144"
"e13f1580-66eb-40c1-90b6-9c8cc0b3f187","MBB_GROW",2019,60,663,101,196,198,62,5.28127384185791,1774,1141,5346,0,0,0,0,101,196,198,62,5.28127384185791,5,48,44,29.5666675567627,402,1,2,"495155059126144"
"e13f1580-66eb-40c1-90b6-9c8cc0b3f187","MBB_GROW",2024,65,348,95,177,169,62,7.08907127380371,1792,1241,5761,0,0,0,0,95,177,169,62,7.08907127380371,5,64,6,27.5692310333252,402,1,2,"495155059126144"
"e13f1580-66eb-40c1-90b6-9c8cc0b3f187","MBB_GROW",2029,70,340,106,194,190,64,7.55589771270752,2081,1380,6795,0,0,0,0,106,194,190,64,7.55589771270752,5,67,10,29.7285709381104,402,1,2,"495155059126144"
"e13f1580-66eb-40c1-90b6-9c8cc0b3f187","MBB_GROW",2034,75,328,116,210,208,66,8.05490112304688,2367,1614,7924,0,0,0,0,116,210,208,66,8.05490112304688,5,76,16,31.5599994659424,402,1,2,"495155059126144"
"e13f1580-66eb-40c1-90b6-9c8cc0b3f187","MBB_GROW",2039,80,313,125,223,221,67,8.5684700012207,2667,1755,8971,0,0,0,0,125,223,221,67,8.5684700012207,5,110,18,33.3375015258789,402,1,2,"495155059126144"
"e13f1580-66eb-40c1-90b6-9c8cc0b3f187","MBB_GROW",2044,85,298,136,237,236,69,9.14285659790039,3126,1943,9940,0,0,0,0,136,237,236,69,9.14285659790039,5,99,19,36.7764701843262,402,1,2,"495155059126144"
"e13f1580-66eb-40c1-90b6-9c8cc0b3f187","MBB_GROW",2049,90,285,146,250,246,70,9.6771764755249,3525,2253,11735,0,0,0,0,146,250,246,70,9.6771764755249,0,0,0,39.1666679382324,402,1,1,"495155059126144"
"2962d217-4aac-45e6-a12a-6fda9684efc9","MBB_GROW",2019,48,1113,88,155,161,86,3.79898762702942,2299,1484,7086,0,0,0,0,88,155,161,86,3.79898762702942,5,70,63,47.8958320617676,503,1,2,"495155063126144"
"2962d217-4aac-45e6-a12a-6fda9684efc9","MBB_GROW",2024,53,860,90,166,173,88,4.3737678527832,2333,1419,6712,0,0,0,0,90,166,173,88,4.3737678527832,5,74,15,44.0188674926758,503,1,2,"495155063126144"
"2962d217-4aac-45e6-a12a-6fda9684efc9","MBB_GROW",2029,58,837,103,195,206,91,4.75732707977295,2631,1827,8906,0,0,0,0,103,195,206,91,4.75732707977295,5,78,12,45.3620681762695,503,1,2,"495155063126144"
"2962d217-4aac-45e6-a12a-6fda9684efc9","MBB_GROW",2034,63,797,117,221,238,93,5.19568109512329,2965,2170,10724,0,0,0,0,117,221,238,93,5.19568109512329,5,76,11,47.0634918212891,503,1,2,"495155063126144"
"2962d217-4aac-45e6-a12a-6fda9684efc9","MBB_GROW",2039,68,760,128,238,258,97,5.55207681655884,3289,2431,12191,0,0,0,0,128,238,258,97,5.55207681655884,5,76,11,48.3676452636719,503,1,2,"495155063126144"
"2962d217-4aac-45e6-a12a-6fda9684efc9","MBB_GROW",2044,73,727,138,254,276,99,5.9049015045166,3614,2673,13575,0,0,0,0,138,254,276,99,5.9049015045166,5,86,10,49.5068511962891,503,1,2,"495155063126144"
"2962d217-4aac-45e6-a12a-6fda9684efc9","MBB_GROW",2049,78,700,149,268,291,101,6.2426495552063,3993,2947,15426,0,0,0,0,149,268,291,101,6.2426495552063,0,0,0,51.1923065185547,503,1,1,"495155063126144"
"177b9a98-b04a-4f22-8726-34be0e344de7","MBB_GROW",2018,44,4638,99,180,176,94,1.97854769229889,2715,1493,6978,0,0,0,0,99,180,176,94,1.97854769229889,5,144,7,61.7045440673828,801,1,2,"495155073126144"
"177b9a98-b04a-4f22-8726-34be0e344de7","MBB_GROW",2023,49,4444,129,257,221,97,2.30452275276184,3397,2303,11455,0,0,0,0,129,257,221,97,2.30452275276184,5,131,33,69.326530456543,801,1,2,"495155073126144"
"177b9a98-b04a-4f22-8726-34be0e344de7","MBB_GROW",2028,54,3723,174,379,330,99,2.92666387557983,3890,2804,15018,0,0,0,0,174,379,330,99,2.92666387557983,5,133,66,72.0370407104492,801,1,2,"495155073126144"
"177b9a98-b04a-4f22-8726-34be0e344de7","MBB_GROW",2033,59,2506,187,389,350,100,3.69965767860413,4225,3268,18450,0,0,0,0,187,389,350,100,3.69965767860413,5,118,51,71.6101684570312,801,1,1,"495155073126144"
"177b9a98-b04a-4f22-8726-34be0e344de7","MBB_GROW",2038,64,1931,196,388,355,101,4.31621789932251,4561,3652,20982,0,0,0,0,196,388,355,101,4.31621789932251,5,101,37,71.265625,801,1,1,"495155073126144"
"177b9a98-b04a-4f22-8726-34be0e344de7","MBB_GROW",2043,69,1633,203,387,356,102,4.78018140792847,4881,4082,24178,0,0,0,0,203,387,356,102,4.78018140792847,5,101,41,70.739128112793,801,1,1,"495155073126144"
"177b9a98-b04a-4f22-8726-34be0e344de7","MBB_GROW",2048,74,1377,208,379,350,102,5.261794090271,5184,4388,26414,0,0,0,0,208,379,350,102,5.261794090271,0,0,0,70.0540542602539,801,1,1,"495155073126144"
"642d1fb0-0e8b-42d5-8634-9f06337d33bf","MBB_GROW",2019,82,4665,79,142,150,67,1.76123869419098,1643,1237,6330,0,0,0,0,79,142,150,67,1.76123869419098,5,41,133,20.036584854126,520,1,2,"495155081126144"
"642d1fb0-0e8b-42d5-8634-9f06337d33bf","MBB_GROW",2024,87,1714,64,135,140,68,2.61608362197876,1181,817,4291,0,0,0,0,64,135,140,68,2.61608362197876,5,43,21,13.5747127532959,801,1,3,"495155081126144"
"642d1fb0-0e8b-42d5-8634-9f06337d33bf","MBB_GROW",2029,92,1639,89,207,229,71,3.16161704063416,1289,871,4756,0,0,0,0,89,207,229,71,3.16161704063416,5,46,8,14.0108699798584,801,1,2,"495155081126144"
"642d1fb0-0e8b-42d5-8634-9f06337d33bf","MBB_GROW",2034,97,1472,111,256,301,75,3.72297477722168,1478,959,5206,0,0,0,0,111,256,301,75,3.72297477722168,5,66,4,15.2371129989624,801,1,2,"495155081126144"
"642d1fb0-0e8b-42d5-8634-9f06337d33bf","MBB_GROW",2039,102,1349,131,296,360,80,4.21992921829224,1785,1351,7221,0,0,0,0,131,296,360,80,4.21992921829224,5,71,12,17.5,801,3,1,"495155081126144"
"642d1fb0-0e8b-42d5-8634-9f06337d33bf","MBB_GROW",2044,107,1096,137,295,360,84,4.78344297409058,2076,1531,8182,0,0,0,0,137,295,360,84,4.78344297409058,5,74,14,19.4018688201904,801,1,1,"495155081126144"
"642d1fb0-0e8b-42d5-8634-9f06337d33bf","MBB_GROW",2049,112,912,143,296,361,86,5.35920810699463,2376,1699,9218,0,0,0,0,143,296,361,86,5.35920810699463,0,0,0,21.2142848968506,801,1,1,"495155081126144"
"be1e2081-e059-4ba4-9bac-a8b6398c8b63","MBB_GROW",2018,55,1914,85,168,220,88,2.8611273765564,1779,1177,5718,0,0,0,0,85,168,220,88,2.8611273765564,5,73,3,32.3454551696777,801,1,2,"495155022126144"
"be1e2081-e059-4ba4-9bac-a8b6398c8b63","MBB_GROW",2023,60,1423,99,200,237,90,3.57715725898743,2129,1468,7318,0,0,0,0,99,200,237,90,3.57715725898743,5,93,6,35.4833335876465,801,1,2,"495155022126144"
"be1e2081-e059-4ba4-9bac-a8b6398c8b63","MBB_GROW",2028,65,1283,125,257,290,93,4.22105503082275,2568,1705,8645,0,0,0,0,125,257,290,93,4.22105503082275,5,96,8,39.5076904296875,801,1,2,"495155022126144"
"be1e2081-e059-4ba4-9bac-a8b6398c8b63","MBB_GROW",2033,70,1171,146,296,337,95,4.78326988220215,3010,2012,10612,0,0,0,0,146,296,337,95,4.78326988220215,5,104,5,43,801,1,1,"495155022126144"
"be1e2081-e059-4ba4-9bac-a8b6398c8b63","MBB_GROW",2038,75,1117,166,330,378,97,5.21869945526123,3505,2411,12880,0,0,0,0,166,330,378,97,5.21869945526123,5,125,15,46.7333335876465,801,1,1,"495155022126144"
"be1e2081-e059-4ba4-9bac-a8b6398c8b63","MBB_GROW",2043,80,988,181,348,393,99,5.79586362838745,4054,2733,15034,0,0,0,0,181,348,393,99,5.79586362838745,5,131,31,50.6749992370605,801,1,1,"495155022126144"
"be1e2081-e059-4ba4-9bac-a8b6398c8b63","MBB_GROW",2048,85,816,187,344,381,101,6.48249387741089,4553,2995,16731,0,0,0,0,187,344,381,101,6.48249387741089,0,0,0,53.5647048950195,801,1,1,"495155022126144"
"2c991874-f05b-4240-a4a9-c3b8635d2b18","MBB_GROW",2020,95,2865,128,212,231,71,2.85651636123657,2922,2204,12224,0,0,0,0,128,212,231,71,2.85651636123657,5,52,322,30.7578945159912,997,1,1,"657097147126144"
"2c991874-f05b-4240-a4a9-c3b8635d2b18","MBB_GROW",2025,100,1987,75,150,162,71,2.62605047225952,1574,1036,5869,0,0,0,0,75,150,162,71,2.62605047225952,5,41,57,15.7399997711182,503,1,3,"657097147126144"
"2c991874-f05b-4240-a4a9-c3b8635d2b18","MBB_GROW",2030,105,1791,88,203,237,73,3.00277352333069,1492,915,5300,0,0,0,0,88,203,237,73,3.00277352333069,5,53,18,14.2095241546631,503,1,2,"657097147126144"
"2c991874-f05b-4240-a4a9-c3b8635d2b18","MBB_GROW",2035,110,1594,109,251,316,76,3.53601121902466,1669,1073,6263,0,0,0,0,109,251,316,76,3.53601121902466,5,73,10,15.1727275848389,801,1,2,"657097147126144"
"2c991874-f05b-4240-a4a9-c3b8635d2b18","MBB_GROW",2040,115,1442,136,305,392,80,4.15486526489258,1985,1287,7361,0,0,0,0,136,305,392,80,4.15486526489258,5,72,20,17.2608699798584,801,1,1,"657097147126144"
"2c991874-f05b-4240-a4a9-c3b8635d2b18","MBB_GROW",2045,120,1151,144,309,393,83,4.79630661010742,2243,1435,8292,0,0,0,0,144,309,393,83,4.79630661010742,5,128,18,18.6916675567627,801,1,1,"657097147126144"
"2c991874-f05b-4240-a4a9-c3b8635d2b18","MBB_GROW",2050,125,966,150,309,388,86,5.33132362365723,2790,1544,9193,0,0,0,0,150,309,388,86,5.33132362365723,0,0,0,22.3199996948242,801,3,1,"657097147126144"
"5b4b316a-29a9-4df7-b56f-298c3768c98c","MBB_GROW",2020,78,933,147,234,256,104,5.37666463851929,4334,3592,21594,0,0,0,0,147,234,256,104,5.37666463851929,5,92,301,55.5641021728516,506,1,2,"657097212126144"
"5b4b316a-29a9-4df7-b56f-298c3768c98c","MBB_GROW",2025,83,684,118,209,245,106,5.61485958099365,3290,2516,14377,0,0,0,0,118,209,245,106,5.61485958099365,5,126,51,39.6385536193848,506,1,2,"657097212126144"
"5b4b316a-29a9-4df7-b56f-298c3768c98c","MBB_GROW",2030,88,658,130,234,267,109,6.0218825340271,3664,2795,16136,0,0,0,0,130,234,267,109,6.0218825340271,5,122,21,41.6363639831543,801,1,2,"657097212126144"
"5b4b316a-29a9-4df7-b56f-298c3768c98c","MBB_GROW",2035,93,630,146,260,290,111,6.51311922073364,4170,3062,17867,0,0,0,0,146,260,290,111,6.51311922073364,5,107,12,44.8387107849121,801,1,2,"657097212126144"
"5b4b316a-29a9-4df7-b56f-298c3768c98c","MBB_GROW",2040,98,612,159,283,311,113,6.90819215774536,4642,3279,19692,0,0,0,0,159,283,311,113,6.90819215774536,5,120,14,47.3673477172852,801,1,2,"657097212126144"
"5b4b316a-29a9-4df7-b56f-298c3768c98c","MBB_GROW",2045,103,594,172,301,330,114,7.27950143814087,5171,3592,21258,0,0,0,0,172,301,330,114,7.27950143814087,5,117,15,50.2038841247559,801,1,1,"657097212126144"
"5b4b316a-29a9-4df7-b56f-298c3768c98c","MBB_GROW",2050,108,576,184,319,346,116,7.65160846710205,5682,3855,23286,0,0,0,0,184,319,346,116,7.65160846710205,0,0,0,52.6111106872559,801,1,1,"657097212126144"
"dc8a1294-c260-4339-974b-2d508e591a07","MBB_GROW",2019,83,2532,106,183,190,84,2.76562118530273,2666,1750,8736,0,0,0,0,106,183,190,84,2.76562118530273,5,56,52,32.1204833984375,801,1,2,"495155127126144"
"dc8a1294-c260-4339-974b-2d508e591a07","MBB_GROW",2024,88,1550,109,199,200,83,3.59366703033447,2686,1786,9197,0,0,0,0,109,199,200,83,3.59366703033447,5,65,11,30.5227279663086,801,1,2,"495155127126144"
"dc8a1294-c260-4339-974b-2d508e591a07","MBB_GROW",2029,93,1450,128,245,248,85,4.01795053482056,2953,1989,10405,0,0,0,0,128,245,248,85,4.01795053482056,5,71,18,31.7526874542236,801,1,2,"495155127126144"
"dc8a1294-c260-4339-974b-2d508e591a07","MBB_GROW",2034,98,1311,146,284,297,86,4.52453231811523,3220,2191,11866,0,0,0,0,146,284,297,86,4.52453231811523,5,98,15,32.8571434020996,801,1,1,"495155127126144"
"dc8a1294-c260-4339-974b-2d508e591a07","MBB_GROW",2039,103,1207,164,315,334,89,4.98553800582886,3637,2468,13354,0,0,0,0,164,315,334,89,4.98553800582886,5,96,24,35.3106803894043,801,1,1,"495155127126144"
"dc8a1294-c260-4339-974b-2d508e591a07","MBB_GROW",2044,108,1088,179,337,355,90,5.48886632919312,3994,2877,15603,0,0,0,0,179,337,355,90,5.48886632919312,5,89,59,36.9814796447754,801,1,1,"495155127126144"
"dc8a1294-c260-4339-974b-2d508e591a07","MBB_GROW",2049,113,859,178,322,338,91,6.15970134735107,4143,3138,17498,0,0,0,0,178,322,338,91,6.15970134735107,0,0,0,36.6637153625488,801,1,1,"495155127126144"
"3a159f5a-52cc-4b09-a159-844fba1f5656","MBB_GROW",2020,78,4182,68,127,147,79,1.72883605957031,1683,757,4032,0,0,0,0,68,127,147,79,1.72883605957031,5,37,38,21.5769233703613,801,1,2,"657097002126144"
"3a159f5a-52cc-4b09-a159-844fba1f5656","MBB_GROW",2025,83,3907,77,171,171,81,1.89561760425568,1674,919,4795,0,0,0,0,77,171,171,81,1.89561760425568,5,41,10,20.1686744689941,801,1,2,"657097002126144"
"3a159f5a-52cc-4b09-a159-844fba1f5656","MBB_GROW",2030,88,3406,109,274,264,85,2.42244863510132,1828,1096,5605,0,0,0,0,109,274,264,85,2.42244863510132,5,36,4,20.7727279663086,801,1,2,"657097002126144"
"3a159f5a-52cc-4b09-a159-844fba1f5656","MBB_GROW",2035,93,3026,137,346,344,88,2.88270545005798,1988,1185,6170,0,0,0,0,137,346,344,88,2.88270545005798,5,38,4,21.3763446807861,801,1,1,"657097002126144"
"3a159f5a-52cc-4b09-a159-844fba1f5656","MBB_GROW",2040,98,2570,150,368,379,91,3.27615785598755,2158,1275,6834,0,0,0,0,150,368,379,91,3.27615785598755,5,57,6,22.0204086303711,801,1,1,"657097002126144"
"3a159f5a-52cc-4b09-a159-844fba1f5656","MBB_GROW",2045,103,2037,153,357,377,94,3.70785903930664,2411,1377,7346,0,0,0,0,153,357,377,94,3.70785903930664,5,54,4,23.4077663421631,801,1,1,"657097002126144"
"3a159f5a-52cc-4b09-a159-844fba1f5656","MBB_GROW",2050,108,1817,159,362,387,96,4.00862216949463,2661,1593,8330,0,0,0,0,159,362,387,96,4.00862216949463,0,0,0,24.6388893127441,801,1,1,"657097002126144"
"e2b1d552-8b64-40ff-89ff-7a06123843a0","MBB_GROW",2020,60,1107,68,124,131,79,3.35403752326965,1639,628,2844,0,0,0,0,68,124,131,79,3.35403752326965,5,91,2,27.3166675567627,805,2,3,"657097179126144"
"e2b1d552-8b64-40ff-89ff-7a06123843a0","MBB_GROW",2025,65,1004,84,156,160,83,3.92707800865173,2081,951,4399,0,0,0,0,84,156,160,83,3.92707800865173,5,97,5,32.0153846740723,805,1,2,"657097179126144"
"e2b1d552-8b64-40ff-89ff-7a06123843a0","MBB_GROW",2030,70,960,112,220,237,85,4.62361097335815,2540,1334,6442,0,0,0,0,112,220,237,85,4.62361097335815,5,96,13,36.2857131958008,805,1,2,"657097179126144"
"e2b1d552-8b64-40ff-89ff-7a06123843a0","MBB_GROW",2035,75,858,136,265,303,89,5.38521909713745,2958,1693,8376,0,0,0,0,136,265,303,89,5.38521909713745,5,102,8,39.439998626709,805,1,1,"657097179126144"
"e2b1d552-8b64-40ff-89ff-7a06123843a0","MBB_GROW",2040,80,804,159,304,353,91,6.02207183837891,3428,2297,11502,0,0,0,0,159,304,353,91,6.02207183837891,5,133,10,42.8499984741211,805,1,1,"657097179126144"
"e2b1d552-8b64-40ff-89ff-7a06123843a0","MBB_GROW",2045,85,748,174,321,368,95,6.53911399841309,4046,2995,15405,0,0,0,0,174,321,368,95,6.53911399841309,5,110,38,47.5999984741211,805,1,1,"657097179126144"
"e2b1d552-8b64-40ff-89ff-7a06123843a0","MBB_GROW",2050,90,590,175,305,340,97,7.36874103546143,4405,3519,18475,0,0,0,0,175,305,340,97,7.36874103546143,0,0,0,48.9444427490234,805,1,1,"657097179126144"
"6592a1d2-deb0-459c-be10-6f86fb3be401","MBB_GROW",2019,64,2181,128,234,279,89,3.28493785858154,3135,2169,10410,0,0,0,0,128,234,279,89,3.28493785858154,5,79,93,48.984375,503,1,2,"495155023126144"
"6592a1d2-deb0-459c-be10-6f86fb3be401","MBB_GROW",2024,69,1199,122,225,246,89,4.32457685470581,3065,2236,11119,0,0,0,0,122,225,246,89,4.32457685470581,5,80,35,44.4202880859375,503,1,2,"495155023126144"
"6592a1d2-deb0-459c-be10-6f86fb3be401","MBB_GROW",2029,74,995,136,255,276,91,5.00937509536743,3288,2531,12753,0,0,0,0,136,255,276,91,5.00937509536743,5,76,13,44.4324340820312,503,1,2,"495155023126144"
"6592a1d2-deb0-459c-be10-6f86fb3be401","MBB_GROW",2034,79,931,154,289,316,93,5.50009822845459,3603,2881,14843,0,0,0,0,154,289,316,93,5.50009822845459,5,71,36,45.607593536377,503,1,2,"495155023126144"
"6592a1d2-deb0-459c-be10-6f86fb3be401","MBB_GROW",2039,84,777,158,293,324,96,6.11221933364868,3776,3020,16181,0,0,0,0,158,293,324,96,6.11221933364868,5,88,47,44.9523811340332,503,1,1,"495155023126144"
"6592a1d2-deb0-459c-be10-6f86fb3be401","MBB_GROW",2044,89,620,158,283,313,97,6.82874298095703,3979,3125,16585,0,0,0,0,158,283,313,97,6.82874298095703,5,66,44,44.7078666687012,503,1,1,"495155023126144"
"6592a1d2-deb0-459c-be10-6f86fb3be401","MBB_GROW",2049,94,513,157,275,303,99,7.49688959121704,4090,3251,17554,0,0,0,0,157,275,303,99,7.49688959121704,0,0,0,43.5106391906738,503,1,1,"495155023126144"
"3ef8fafa-133a-4b49-a6bb-056b29a1a09c","MBB_GROW",2017,75,1221,105,167,167,97,3.97277593612671,3308,2623,13776,0,0,0,0,105,167,167,97,3.97277593612671,5,79,45,44.1066665649414,805,1,2,"433077715489998"
"3ef8fafa-133a-4b49-a6bb-056b29a1a09c","MBB_GROW",2022,80,903,113,184,180,98,4.78652429580688,3477,2789,15344,0,0,0,0,113,184,180,98,4.78652429580688,5,62,14,43.4625015258789,805,1,2,"433077715489998"
"3ef8fafa-133a-4b49-a6bb-056b29a1a09c","MBB_GROW",2027,85,868,128,219,220,99,5.18993854522705,3719,2952,16083,0,0,0,0,128,219,220,99,5.18993854522705,5,58,11,43.7529411315918,805,1,1,"433077715489998"
"3ef8fafa-133a-4b49-a6bb-056b29a1a09c","MBB_GROW",2032,90,839,143,251,262,100,5.58740758895874,3957,3470,19339,0,0,0,0,143,251,262,100,5.58740758895874,5,71,17,43.966667175293,805,1,1,"433077715489998"
"3ef8fafa-133a-4b49-a6bb-056b29a1a09c","MBB_GROW",2037,95,797,157,276,297,101,6.01230144500732,4228,3748,20685,0,0,0,0,157,276,297,101,6.01230144500732,5,56,18,44.5052642822266,805,1,1,"433077715489998"
"3ef8fafa-133a-4b49-a6bb-056b29a1a09c","MBB_GROW",2042,100,759,168,295,324,102,6.37387275695801,4420,3946,22251,0,0,0,0,168,295,324,102,6.37387275695801,5,53,16,44.2000007629395,805,1,1,"433077715489998"
"3ef8fafa-133a-4b49-a6bb-056b29a1a09c","MBB_GROW",2047,105,729,178,310,341,103,6.68811655044556,4607,4138,23547,0,0,0,0,178,310,341,103,6.68811655044556,0,0,0,43.8761901855469,805,1,1,"433077715489998"
"0b568120-776d-4a3d-a4d4-7d3d0f6048a7","MBB_GROW",2019,35,4233,73,151,173,66,1.77573215961456,1225,771,3636,0,0,0,0,73,151,173,66,1.77573215961456,5,54,24,35,801,1,2,"657097022126144"
"0b568120-776d-4a3d-a4d4-7d3d0f6048a7","MBB_GROW",2024,40,2778,89,210,226,69,2.41776776313782,1377,776,3888,0,0,0,0,89,210,226,69,2.41776776313782,5,54,7,34.4249992370605,801,2,2,"657097022126144"
"0b568120-776d-4a3d-a4d4-7d3d0f6048a7","MBB_GROW",2029,45,2189,122,297,306,73,3.2023663520813,1611,855,4132,0,0,0,0,122,297,306,73,3.2023663520813,5,51,10,35.7999992370605,503,1,2,"657097022126144"
"0b568120-776d-4a3d-a4d4-7d3d0f6048a7","MBB_GROW",2034,50,1587,133,307,323,77,3.91798210144043,1815,949,4910,0,0,0,0,133,307,323,77,3.91798210144043,5,58,8,36.2999992370605,503,2,1,"657097022126144"
"0b568120-776d-4a3d-a4d4-7d3d0f6048a7","MBB_GROW",2039,55,1253,137,304,321,81,4.47602081298828,2064,1033,5448,0,0,0,0,137,304,321,81,4.47602081298828,5,69,10,37.527271270752,503,2,1,"657097022126144"
"0b568120-776d-4a3d-a4d4-7d3d0f6048a7","MBB_GROW",2044,60,1032,141,303,321,85,5.00838136672974,2360,1104,5805,0,0,0,0,141,303,321,85,5.00838136672974,5,71,11,39.3333320617676,503,2,1,"657097022126144"
"0b568120-776d-4a3d-a4d4-7d3d0f6048a7","MBB_GROW",2049,65,903,145,302,322,88,5.41885948181152,2661,1255,6596,0,0,0,0,145,302,322,88,5.41885948181152,0,0,0,40.9384613037109,503,2,1,"657097022126144"
"f8627c90-312e-499d-908c-7a494ab6893f","MBB_GROW",2020,52,6228,81,138,139,91,1.5453896522522,2303,1716,9252,0,0,0,0,81,138,139,91,1.5453896522522,5,48,104,44.288459777832,503,1,2,"657097344126144"
"f8627c90-312e-499d-908c-7a494ab6893f","MBB_GROW",2025,57,4646,99,229,228,93,1.97260451316833,2023,1439,7489,0,0,0,0,99,229,228,93,1.97260451316833,5,41,32,35.4912261962891,506,1,2,"657097344126144"
"f8627c90-312e-499d-908c-7a494ab6893f","MBB_GROW",2030,62,3349,134,333,369,95,2.71045136451721,2064,1579,8347,0,0,0,0,134,333,369,95,2.71045136451721,5,41,22,33.2903213500977,506,1,2,"657097344126144"
"f8627c90-312e-499d-908c-7a494ab6893f","MBB_GROW",2035,67,2104,138,324,387,97,3.47314429283142,2155,1671,9013,0,0,0,0,138,324,387,97,3.47314429283142,5,41,17,32.1641807556152,506,1,1,"657097344126144"
"f8627c90-312e-499d-908c-7a494ab6893f","MBB_GROW",2040,72,1571,141,315,394,100,4.05664825439453,2276,1761,9725,0,0,0,0,141,315,394,100,4.05664825439453,5,42,10,31.6111106872559,503,1,1,"657097344126144"
"f8627c90-312e-499d-908c-7a494ab6893f","MBB_GROW",2045,77,1363,146,318,403,101,4.43845558166504,2435,1955,10833,0,0,0,0,146,318,403,101,4.43845558166504,5,62,12,31.6233768463135,503,1,1,"657097344126144"
"f8627c90-312e-499d-908c-7a494ab6893f","MBB_GROW",2050,82,1190,150,316,402,103,4.81107521057129,2688,2220,12146,0,0,0,0,150,316,402,103,4.81107521057129,0,0,0,32.7804870605469,503,1,1,"657097344126144"
"64288e33-2b85-40c9-869a-311eca7d5002","MBB_GROW",2019,50,3081,122,229,248,85,2.69474577903748,2771,1801,8922,0,0,0,0,122,229,248,85,2.69474577903748,5,58,99,55.4199981689453,801,1,2,"495155221126144"
"64288e33-2b85-40c9-869a-311eca7d5002","MBB_GROW",2024,55,1561,112,216,224,87,3.63268232345581,2561,1667,8381,0,0,0,0,112,216,224,87,3.63268232345581,5,67,7,46.5636367797852,801,1,2,"495155221126144"
"64288e33-2b85-40c9-869a-311eca7d5002","MBB_GROW",2029,60,1425,128,250,259,88,4.05849409103394,2860,1827,9387,0,0,0,0,128,250,259,88,4.05849409103394,5,76,7,47.6666679382324,801,1,2,"495155221126144"
"64288e33-2b85-40c9-869a-311eca7d5002","MBB_GROW",2034,65,1328,145,284,298,89,4.47919845581055,3203,2029,10947,0,0,0,0,145,284,298,89,4.47919845581055,5,74,6,49.2769241333008,801,1,1,"495155221126144"
"64288e33-2b85-40c9-869a-311eca7d5002","MBB_GROW",2039,70,1257,163,315,335,90,4.87235689163208,3539,2237,11890,0,0,0,0,163,315,335,90,4.87235689163208,5,86,27,50.5571441650391,801,1,1,"495155221126144"
"64288e33-2b85-40c9-869a-311eca7d5002","MBB_GROW",2044,75,1013,171,321,343,91,5.56606912612915,3837,2400,13238,0,0,0,0,171,321,343,91,5.56606912612915,5,72,37,51.1599998474121,801,1,1,"495155221126144"
"64288e33-2b85-40c9-869a-311eca7d5002","MBB_GROW",2049,80,782,171,310,328,91,6.33740997314453,4011,2703,14451,0,0,0,0,171,310,328,91,6.33740997314453,0,0,0,50.1375007629395,801,1,1,"495155221126144"
"cd82699d-3923-4aec-97bf-0c578f6e34ed","MBB_GROW",2019,70,9183,165,301,331,96,1.81513738632202,3944,3358,18312,0,0,0,0,165,301,331,96,1.81513738632202,5,67,76,56.3428573608398,801,1,1,"495155227126144"
"cd82699d-3923-4aec-97bf-0c578f6e34ed","MBB_GROW",2024,75,5688,165,329,341,98,2.30277013778687,3900,3474,19475,0,0,0,0,165,329,341,98,2.30277013778687,5,67,124,52,801,1,1,"495155227126144"
"cd82699d-3923-4aec-97bf-0c578f6e34ed","MBB_GROW",2029,80,3437,164,348,381,99,2.95503425598145,3615,3319,19126,0,0,0,0,164,348,381,99,2.95503425598145,5,64,95,45.1875,801,1,2,"495155227126144"
"cd82699d-3923-4aec-97bf-0c578f6e34ed","MBB_GROW",2034,85,2266,161,338,396,100,3.61152648925781,3459,3193,18857,0,0,0,0,161,338,396,100,3.61152648925781,5,70,67,40.6941184997559,801,1,2,"495155227126144"
"cd82699d-3923-4aec-97bf-0c578f6e34ed","MBB_GROW",2039,90,1725,162,329,400,99,4.14614391326904,3473,3216,19251,0,0,0,0,162,329,400,99,4.14614391326904,5,65,34,38.5888900756836,801,1,1,"495155227126144"
"cd82699d-3923-4aec-97bf-0c578f6e34ed","MBB_GROW",2044,95,1512,168,335,410,98,4.511070728302,3626,3375,20685,0,0,0,0,168,335,410,98,4.511070728302,5,69,39,38.1684226989746,801,1,1,"495155227126144"
"cd82699d-3923-4aec-97bf-0c578f6e34ed","MBB_GROW",2049,100,1305,173,336,410,96,4.92620658874512,3775,3518,21832,0,0,0,0,173,336,410,96,4.92620658874512,0,0,0,37.75,801,1,1,"495155227126144"
"750bc761-ebc2-463e-b7d9-377e25ad1c66","MBB_GROW",2018,28,5493,123,238,262,73,2.0288622379303,2409,1374,6594,0,0,0,0,123,238,262,73,2.0288622379303,5,115,18,86.0357131958008,503,1,2,"495155248126144"
"750bc761-ebc2-463e-b7d9-377e25ad1c66","MBB_GROW",2023,33,3952,166,354,382,75,2.7763192653656,2895,1865,9039,0,0,0,0,166,354,382,75,2.7763192653656,5,119,40,87.7272720336914,506,1,1,"495155248126144"
"750bc761-ebc2-463e-b7d9-377e25ad1c66","MBB_GROW",2028,38,2304,180,364,412,77,3.78636312484741,3290,2334,11644,0,0,0,0,180,364,412,77,3.78636312484741,5,115,36,86.5789489746094,506,1,1,"495155248126144"
"750bc761-ebc2-463e-b7d9-377e25ad1c66","MBB_GROW",2033,43,1599,187,357,412,79,4.62853717803955,3684,2824,14247,0,0,0,0,187,357,412,79,4.62853717803955,5,107,47,85.6744155883789,503,1,1,"495155248126144"
"750bc761-ebc2-463e-b7d9-377e25ad1c66","MBB_GROW",2038,48,1082,184,329,380,81,5.58218288421631,3985,3194,16581,0,0,0,0,184,329,380,81,5.58218288421631,5,107,50,83.0208358764648,503,1,1,"495155248126144"
"750bc761-ebc2-463e-b7d9-377e25ad1c66","MBB_GROW",2043,53,770,182,306,349,83,6.57369375228882,4267,3611,19040,0,0,0,0,182,306,349,83,6.57369375228882,5,105,57,80.5094375610352,503,1,1,"495155248126144"
"750bc761-ebc2-463e-b7d9-377e25ad1c66","MBB_GROW",2048,58,568,180,289,323,84,7.61481094360352,4505,3956,21414,0,0,0,0,180,289,323,84,7.61481094360352,0,0,0,77.6724166870117,801,1,1,"495155248126144"
"6b9a386f-0122-424f-b09f-3a3c68bb00be","MBB_GROW",2022,60,3588,84,158,186,75,2.06703114509583,1787,920,4464,0,0,0,0,84,158,186,75,2.06703114509583,5,60,35,29.783332824707,801,2,2,"749041030290487"
"6b9a386f-0122-424f-b09f-3a3c68bb00be","MBB_GROW",2027,65,3009,96,196,221,78,2.41510629653931,1908,1079,5522,0,0,0,0,96,196,221,78,2.41510629653931,5,54,18,29.3538455963135,801,1,2,"749041030290487"
"6b9a386f-0122-424f-b09f-3a3c68bb00be","MBB_GROW",2032,70,2472,124,280,321,79,3.03432655334473,2086,1181,6160,0,0,0,0,124,280,321,79,3.03432655334473,5,56,25,29.7999992370605,801,1,2,"749041030290487"
"6b9a386f-0122-424f-b09f-3a3c68bb00be","MBB_GROW",2037,75,1752,144,320,386,81,3.88236546516418,2241,1438,7354,0,0,0,0,144,320,386,81,3.88236546516418,5,56,23,29.8799991607666,801,1,1,"749041030290487"
"6b9a386f-0122-424f-b09f-3a3c68bb00be","MBB_GROW",2042,80,1339,152,323,395,83,4.557532787323,2404,1653,8445,0,0,0,0,152,323,395,83,4.557532787323,5,52,18,30.0499992370605,801,1,1,"749041030290487"
"6b9a386f-0122-424f-b09f-3a3c68bb00be","MBB_GROW",2047,85,1121,156,321,388,85,5.05311059951782,2575,1784,9197,0,0,0,0,156,321,388,85,5.05311059951782,5,66,22,30.294116973877,801,1,1,"749041030290487"
"6b9a386f-0122-424f-b09f-3a3c68bb00be","MBB_GROW",2052,90,924,161,321,380,86,5.65664005279541,2799,2123,10954,0,0,0,0,161,321,380,86,5.65664005279541,0,0,0,31.1000003814697,801,1,1,"749041030290487"
"2c76d33d-7ff7-4cdf-a600-4a7ab69b5a0e","MBB_GROW",2019,52,8634,72,126,130,88,1.23560225963593,2073,1338,7038,0,0,0,0,72,126,130,88,1.23560225963593,5,68,4,39.8653831481934,805,1,2,"495155281126144"
"2c76d33d-7ff7-4cdf-a600-4a7ab69b5a0e","MBB_GROW",2024,57,5055,90,183,179,95,1.8111971616745,2394,1562,8311,0,0,0,0,90,183,179,95,1.8111971616745,5,70,23,42,805,1,2,"495155281126144"
"2c76d33d-7ff7-4cdf-a600-4a7ab69b5a0e","MBB_GROW",2029,62,4358,121,280,310,96,2.25697040557861,2631,1880,10202,0,0,0,0,121,280,310,96,2.25697040557861,5,58,24,42.4354820251465,805,1,2,"495155281126144"
"2c76d33d-7ff7-4cdf-a600-4a7ab69b5a0e","MBB_GROW",2034,67,3710,145,341,415,96,2.675945520401,2801,2232,12262,0,0,0,0,145,341,415,96,2.675945520401,5,48,31,41.8059692382812,805,1,1,"495155281126144"
"2c76d33d-7ff7-4cdf-a600-4a7ab69b5a0e","MBB_GROW",2039,72,3020,153,354,449,98,3.0515022277832,2887,2339,12975,0,0,0,0,153,354,449,98,3.0515022277832,5,47,27,40.0972213745117,805,1,1,"495155281126144"
"2c76d33d-7ff7-4cdf-a600-4a7ab69b5a0e","MBB_GROW",2044,77,2541,158,354,460,99,3.37164187431335,2985,2450,13718,0,0,0,0,158,354,460,99,3.37164187431335,5,60,24,38.7662353515625,805,1,1,"495155281126144"
"2c76d33d-7ff7-4cdf-a600-4a7ab69b5a0e","MBB_GROW",2049,82,2214,163,354,464,100,3.6696982383728,3169,2892,15945,0,0,0,0,163,354,464,100,3.6696982383728,0,0,0,38.6463432312012,805,1,1,"495155281126144"
"f0a98aa6-0543-4d02-97c0-7cb3ad4052e0","MBB_GROW",2019,93,5376,126,232,250,75,2.07705760002136,2699,1993,10038,0,0,0,0,126,232,250,75,2.07705760002136,5,55,12,29.021505355835,801,1,2,"495155299126144"
"f0a98aa6-0543-4d02-97c0-7cb3ad4052e0","MBB_GROW",2024,98,4476,146,292,312,77,2.4471607208252,2913,2168,11452,0,0,0,0,146,292,312,77,2.4471607208252,5,49,31,29.7244892120361,801,1,1,"495155299126144"
"f0a98aa6-0543-4d02-97c0-7cb3ad4052e0","MBB_GROW",2029,103,3206,161,335,372,79,3.0356240272522,3003,2350,12293,0,0,0,0,161,335,372,79,3.0356240272522,5,49,36,29.1553401947021,801,1,1,"495155299126144"
"f0a98aa6-0543-4d02-97c0-7cb3ad4052e0","MBB_GROW",2034,108,2198,165,332,383,81,3.70490097999573,3072,2452,13026,0,0,0,0,165,332,383,81,3.70490097999573,5,49,28,28.4444446563721,801,1,1,"495155299126144"
"f0a98aa6-0543-4d02-97c0-7cb3ad4052e0","MBB_GROW",2039,113,1673,166,324,381,83,4.2600359916687,3176,2591,13939,0,0,0,0,166,324,381,83,4.2600359916687,5,56,21,28.1061954498291,801,1,1,"495155299126144"
"f0a98aa6-0543-4d02-97c0-7cb3ad4052e0","MBB_GROW",2044,118,1353,169,320,381,85,4.78180742263794,3349,2735,15013,0,0,0,0,169,320,381,85,4.78180742263794,5,64,26,28.3813552856445,801,1,1,"495155299126144"
"f0a98aa6-0543-4d02-97c0-7cb3ad4052e0","MBB_GROW",2049,123,1073,169,310,369,86,5.3736424446106,3538,2860,15827,0,0,0,0,169,310,369,86,5.3736424446106,0,0,0,28.7642269134521,801,1,1,"495155299126144"
"109e07b8-67ff-4b8c-acef-ea51b5173083","MBB_GROW",2016,45,2709,84,168,204,69,2.38228511810303,1425,851,4572,0,0,0,0,84,168,204,69,2.38228511810303,5,46,21,31.6666660308838,801,1,2,"386053928489998"
"109e07b8-67ff-4b8c-acef-ea51b5173083","MBB_GROW",2021,50,2523,95,202,236,70,2.62102055549622,1551,934,5105,0,0,0,0,95,202,236,70,2.62102055549622,5,59,14,31.0200004577637,801,1,2,"386053928489998"
"109e07b8-67ff-4b8c-acef-ea51b5173083","MBB_GROW",2026,55,2104,117,263,300,73,3.19264030456543,1777,1059,5857,0,0,0,0,117,263,300,73,3.19264030456543,5,60,12,32.3090896606445,801,1,2,"386053928489998"
"109e07b8-67ff-4b8c-acef-ea51b5173083","MBB_GROW",2031,60,1786,139,313,357,76,3.78320288658142,2016,1116,6420,0,0,0,0,139,313,357,76,3.78320288658142,5,84,19,33.5999984741211,801,2,1,"386053928489998"
"109e07b8-67ff-4b8c-acef-ea51b5173083","MBB_GROW",2036,65,1395,148,320,363,78,4.41301155090332,2343,1144,6375,0,0,0,0,148,320,363,78,4.41301155090332,5,82,21,36.0461540222168,801,2,1,"386053928489998"
"109e07b8-67ff-4b8c-acef-ea51b5173083","MBB_GROW",2041,70,1117,153,319,360,80,5.01705312728882,2647,1201,6987,0,0,0,0,153,319,360,80,5.01705312728882,5,92,28,37.8142852783203,801,2,1,"386053928489998"
"109e07b8-67ff-4b8c-acef-ea51b5173083","MBB_GROW",2046,75,899,158,317,354,81,5.67008686065674,2968,1239,7114,0,0,0,0,158,317,354,81,5.67008686065674,0,0,0,39.5733337402344,801,2,1,"386053928489998"
"5d5c7fe6-6169-4bb8-bcec-2e3e27b29a44","MBB_GROW",2016,60,1410,82,130,129,92,3.27496647834778,2648,2223,13062,0,0,0,0,82,130,129,92,3.27496647834778,5,49,6,44.1333351135254,805,1,3,"386053932489998"
"5d5c7fe6-6169-4bb8-bcec-2e3e27b29a44","MBB_GROW",2021,65,1308,93,155,153,93,3.6178286075592,2863,2414,14385,0,0,0,0,93,155,153,93,3.6178286075592,5,55,8,44.0461540222168,805,1,3,"386053932489998"
"5d5c7fe6-6169-4bb8-bcec-2e3e27b29a44","MBB_GROW",2026,70,1277,111,200,205,94,3.99955487251282,3099,2603,15780,0,0,0,0,111,200,205,94,3.99955487251282,5,54,11,44.271427154541,805,1,2,"386053932489998"
"5d5c7fe6-6169-4bb8-bcec-2e3e27b29a44","MBB_GROW",2031,75,1236,131,245,262,95,4.40822887420654,3312,2867,17119,0,0,0,0,131,245,262,95,4.40822887420654,5,60,19,44.1599998474121,805,1,2,"386053932489998"
"5d5c7fe6-6169-4bb8-bcec-2e3e27b29a44","MBB_GROW",2036,80,1169,145,274,304,96,4.7662992477417,3520,2982,18044,0,0,0,0,145,274,304,96,4.7662992477417,5,54,18,44,805,1,2,"386053932489998"
"5d5c7fe6-6169-4bb8-bcec-2e3e27b29a44","MBB_GROW",2041,85,1115,159,301,342,96,5.11393785476685,3699,3200,19596,0,0,0,0,159,301,342,96,5.11393785476685,5,75,16,43.5176467895508,805,1,1,"386053932489998"
"5d5c7fe6-6169-4bb8-bcec-2e3e27b29a44","MBB_GROW",2046,90,1065,176,330,376,96,5.5059986114502,3994,3411,20995,0,0,0,0,176,330,376,96,5.5059986114502,0,0,0,44.3777770996094,805,1,1,"386053932489998"
"c638b8db-d3a3-4d91-9e14-ee9f5f3af174","MBB_GROW",2016,100,6087,147,248,271,107,2.1010217666626,4438,3480,19344,0,0,0,0,147,248,271,107,2.1010217666626,5,60,150,44.3800010681152,805,1,1,"386054297489998"
"c638b8db-d3a3-4d91-9e14-ee9f5f3af174","MBB_GROW",2021,105,3010,129,223,219,102,2.80548691749573,3988,3285,18842,0,0,0,0,129,223,219,102,2.80548691749573,5,67,61,37.9809532165527,805,1,2,"386054297489998"
"c638b8db-d3a3-4d91-9e14-ee9f5f3af174","MBB_GROW",2026,110,2313,142,267,264,102,3.35252094268799,4017,3356,19749,0,0,0,0,142,267,264,102,3.35252094268799,5,62,35,36.518180847168,805,1,2,"386054297489998"
"c638b8db-d3a3-4d91-9e14-ee9f5f3af174","MBB_GROW",2031,115,2083,160,314,323,102,3.75750231742859,4152,3578,21119,0,0,0,0,160,314,323,102,3.75750231742859,5,62,26,36.1043472290039,805,1,1,"386054297489998"
"c638b8db-d3a3-4d91-9e14-ee9f5f3af174","MBB_GROW",2036,120,1951,179,355,382,103,4.09670925140381,4333,3746,22288,0,0,0,0,179,355,382,103,4.09670925140381,5,52,68,36.1083335876465,805,1,1,"386054297489998"
"c638b8db-d3a3-4d91-9e14-ee9f5f3af174","MBB_GROW",2041,125,1667,181,359,401,102,4.46344089508057,4254,3670,22073,0,0,0,0,181,359,401,102,4.46344089508057,5,53,69,34.0320014953613,805,1,1,"386054297489998"
"c638b8db-d3a3-4d91-9e14-ee9f5f3af174","MBB_GROW",2046,130,1436,181,355,410,101,4.80904626846313,4173,3589,21915,0,0,0,0,181,355,410,101,4.80904626846313,0,0,0,32.0999984741211,805,1,1,"386054297489998"
"e9d5cf8f-80f1-4b28-9841-456266c28787","MBB_GROW",2016,73,3270,99,163,163,95,2.35833883285522,2956,2072,11310,0,0,0,0,99,163,163,95,2.35833883285522,5,55,215,40.4931488037109,520,1,2,"386053995489998"
"e9d5cf8f-80f1-4b28-9841-456266c28787","MBB_GROW",2021,78,1672,72,131,122,94,2.8119432926178,2151,1322,7293,0,0,0,0,72,131,122,94,2.8119432926178,5,43,40,27.5769233703613,503,1,3,"386053995489998"
"e9d5cf8f-80f1-4b28-9841-456266c28787","MBB_GROW",2026,83,1610,85,176,181,97,3.10973358154297,2167,1469,7973,0,0,0,0,85,176,181,97,3.10973358154297,5,59,10,26.108434677124,503,1,3,"386053995489998"
"e9d5cf8f-80f1-4b28-9841-456266c28787","MBB_GROW",2031,88,1556,105,225,252,99,3.52270221710205,2413,1648,9218,0,0,0,0,105,225,252,99,3.52270221710205,5,55,8,27.4204540252686,503,1,2,"386053995489998"
"e9d5cf8f-80f1-4b28-9841-456266c28787","MBB_GROW",2036,93,1455,120,255,298,101,3.89376854896545,2645,1951,10795,0,0,0,0,120,255,298,101,3.89376854896545,5,70,7,28.440860748291,503,1,2,"386053995489998"
"e9d5cf8f-80f1-4b28-9841-456266c28787","MBB_GROW",2041,98,1373,134,278,329,103,4.22866106033325,2962,2239,12752,0,0,0,0,134,278,329,103,4.22866106033325,5,46,6,30.2244892120361,503,1,2,"386053995489998"
"e9d5cf8f-80f1-4b28-9841-456266c28787","MBB_GROW",2046,103,1314,144,294,353,104,4.47753000259399,3162,2616,14620,0,0,0,0,144,294,353,104,4.47753000259399,0,0,0,30.6990299224854,503,1,2,"386053995489998"
"3cb13615-6719-41c0-a677-28366ae8446d","MBB_GROW",2016,72,3969,109,186,203,88,2.24046468734741,2957,2038,10248,0,0,0,0,109,186,203,88,2.24046468734741,5,36,290,41.0694427490234,520,1,2,"386054140489998"
"3cb13615-6719-41c0-a677-28366ae8446d","MBB_GROW",2021,77,2706,69,144,138,87,2.16339206695557,1684,1048,5304,0,0,0,0,69,144,138,87,2.16339206695557,5,41,61,21.8701305389404,503,1,3,"386054140489998"
"3cb13615-6719-41c0-a677-28366ae8446d","MBB_GROW",2026,82,2409,89,214,220,87,2.59548187255859,1587,985,5110,0,0,0,0,89,214,220,87,2.59548187255859,5,30,32,19.3536586761475,503,1,3,"386054140489998"
"3cb13615-6719-41c0-a677-28366ae8446d","MBB_GROW",2031,87,2051,108,263,296,86,3.10006332397461,1579,1071,5549,0,0,0,0,108,263,296,86,3.10006332397461,5,39,12,18.1494255065918,801,1,2,"386054140489998"
"3cb13615-6719-41c0-a677-28366ae8446d","MBB_GROW",2036,92,1895,130,312,369,88,3.54513621330261,1712,1236,6639,0,0,0,0,130,312,369,88,3.54513621330261,5,45,27,18.6086959838867,801,3,2,"386054140489998"
"3cb13615-6719-41c0-a677-28366ae8446d","MBB_GROW",2041,97,1564,141,324,392,89,4.05936050415039,1799,1349,7454,0,0,0,0,141,324,392,89,4.05936050415039,5,33,23,18.5463924407959,801,3,1,"386054140489998"
"3cb13615-6719-41c0-a677-28366ae8446d","MBB_GROW",2046,102,1341,143,321,386,89,4.42775726318359,1849,1502,8283,0,0,0,0,143,321,386,89,4.42775726318359,0,0,0,18.1274509429932,801,3,1,"386054140489998"
"3563f4e3-313e-46b7-a751-85055e0dcc3a","MBB_GROW",2016,61,1788,95,186,240,71,3.11776161193848,1811,1134,5976,0,0,0,0,95,186,240,71,3.11776161193848,5,95,28,29.6885242462158,520,1,2,"386054030489998"
"3563f4e3-313e-46b7-a751-85055e0dcc3a","MBB_GROW",2021,66,1422,111,225,282,75,3.78124713897705,2142,1338,7417,0,0,0,0,111,225,282,75,3.78124713897705,5,77,19,32.4545440673828,520,1,2,"386054030489998"
"3563f4e3-313e-46b7-a751-85055e0dcc3a","MBB_GROW",2026,71,1205,130,266,338,79,4.44896936416626,2430,1490,8314,0,0,0,0,130,266,338,79,4.44896936416626,5,85,7,34.2253532409668,520,1,2,"386054030489998"
"3563f4e3-313e-46b7-a751-85055e0dcc3a","MBB_GROW",2031,76,1140,151,303,389,82,4.92730569839478,2818,1868,10583,0,0,0,0,151,303,389,82,4.92730569839478,5,79,6,37.0789489746094,520,1,1,"386054030489998"
"3563f4e3-313e-46b7-a751-85055e0dcc3a","MBB_GROW",2036,81,1097,166,328,420,85,5.26769828796387,3184,2200,12424,0,0,0,0,166,328,420,85,5.26769828796387,5,108,6,39.3086433410645,520,1,1,"386054030489998"
"3563f4e3-313e-46b7-a751-85055e0dcc3a","MBB_GROW",2041,86,1058,183,353,450,87,5.63226699829102,3694,2516,14406,0,0,0,0,183,353,450,87,5.63226699829102,5,97,15,42.9534873962402,520,1,1,"386054030489998"
"3563f4e3-313e-46b7-a751-85055e0dcc3a","MBB_GROW",2046,91,982,192,363,462,89,5.99157381057739,4103,2766,15952,0,0,0,0,192,363,462,89,5.99157381057739,0,0,0,45.0879135131836,520,1,1,"386054030489998"
"5bba6837-eca2-4280-b19b-274883ca9ef7","MBB_GROW",2017,62,4521,80,145,150,82,1.80561876296997,1966,1222,5586,0,0,0,0,80,145,150,82,1.80561876296997,5,60,65,31.7096767425537,805,1,2,"386054036489998"
"5bba6837-eca2-4280-b19b-274883ca9ef7","MBB_GROW",2022,67,3694,93,201,194,83,2.14776563644409,1939,1390,6589,0,0,0,0,93,201,194,83,2.14776563644409,5,59,15,28.9402980804443,805,1,2,"386054036489998"
"5bba6837-eca2-4280-b19b-274883ca9ef7","MBB_GROW",2027,72,2949,137,325,333,83,2.92244815826416,2161,1675,8015,0,0,0,0,137,325,333,83,2.92244815826416,5,69,27,30.0138893127441,805,1,1,"386054036489998"
"5bba6837-eca2-4280-b19b-274883ca9ef7","MBB_GROW",2032,77,1814,144,320,355,87,3.81041431427002,2373,1833,9276,0,0,0,0,144,320,355,87,3.81041431427002,5,74,18,30.8181819915771,805,1,1,"386054036489998"
"5bba6837-eca2-4280-b19b-274883ca9ef7","MBB_GROW",2037,82,1358,149,316,364,90,4.48866939544678,2651,2095,10718,0,0,0,0,149,316,364,90,4.48866939544678,5,63,19,32.3292694091797,805,1,1,"386054036489998"
"5bba6837-eca2-4280-b19b-274883ca9ef7","MBB_GROW",2042,87,1081,155,315,365,93,5.12300205230713,2873,2283,12097,0,0,0,0,155,315,365,93,5.12300205230713,5,82,17,33.0229873657227,805,1,1,"386054036489998"
"5bba6837-eca2-4280-b19b-274883ca9ef7","MBB_GROW",2047,92,905,161,315,364,95,5.70403909683228,3194,2488,13426,0,0,0,0,161,315,364,95,5.70403909683228,0,0,0,34.7173919677734,805,1,1,"386054036489998"
"16427662-83b6-42da-a8be-17794b6f3d09","MBB_GROW",2017,85,3576,104,194,189,79,2.30777978897095,2227,1607,8592,0,0,0,0,104,194,189,79,2.30777978897095,5,42,262,26.2000007629395,503,1,2,"386054058489998"
"16427662-83b6-42da-a8be-17794b6f3d09","MBB_GROW",2022,90,2495,79,197,190,73,2.40587902069092,1127,529,2666,0,0,0,0,79,197,190,73,2.40587902069092,5,44,52,12.5222225189209,503,2,3,"386054058489998"
"16427662-83b6-42da-a8be-17794b6f3d09","MBB_GROW",2027,95,2040,97,253,259,78,2.95487308502197,1088,462,2186,0,0,0,0,97,253,259,78,2.95487308502197,5,45,12,11.4526319503784,503,3,2,"386054058489998"
"16427662-83b6-42da-a8be-17794b6f3d09","MBB_GROW",2032,100,1847,121,307,335,83,3.46559834480286,1253,530,2683,0,0,0,0,121,307,335,83,3.46559834480286,5,43,9,12.5299997329712,503,3,2,"386054058489998"
"16427662-83b6-42da-a8be-17794b6f3d09","MBB_GROW",2037,105,1625,138,338,386,87,3.94738459587097,1424,590,2904,0,0,0,0,138,338,386,87,3.94738459587097,5,67,12,13.5619049072266,801,3,1,"386054058489998"
"16427662-83b6-42da-a8be-17794b6f3d09","MBB_GROW",2042,110,1392,144,339,385,92,4.3613748550415,1698,865,4388,0,0,0,0,144,339,385,92,4.3613748550415,5,88,16,15.4363632202148,801,3,1,"386054058489998"
"16427662-83b6-42da-a8be-17794b6f3d09","MBB_GROW",2047,115,1204,150,338,380,95,4.77475452423096,2056,1029,5492,0,0,0,0,150,338,380,95,4.77475452423096,0,0,0,17.8782615661621,801,3,1,"386054058489998"
"0cf47957-7a3a-4a61-a1b2-3ca336a587fb","MBB_GROW",2017,78,4434,101,172,181,72,2.04653096199036,2438,1898,10872,0,0,0,0,101,172,181,72,2.04653096199036,5,24,310,31.2564105987549,503,1,2,"386054062489998"
"0cf47957-7a3a-4a61-a1b2-3ca336a587fb","MBB_GROW",2022,83,1555,52,107,107,67,2.48161458969116,1008,746,4090,0,0,0,0,52,107,107,67,2.48161458969116,5,39,48,12.1445779800415,503,1,3,"386054062489998"
"0cf47957-7a3a-4a61-a1b2-3ca336a587fb","MBB_GROW",2027,88,1106,58,131,137,69,3.09454894065857,964,623,3203,0,0,0,0,58,131,137,69,3.09454894065857,5,48,9,10.9545450210571,503,1,3,"386054062489998"
"0cf47957-7a3a-4a61-a1b2-3ca336a587fb","MBB_GROW",2032,93,1015,74,170,185,72,3.66761875152588,1155,660,3259,0,0,0,0,74,170,185,72,3.66761875152588,5,57,3,12.4193544387817,801,1,3,"386054062489998"
"0cf47957-7a3a-4a61-a1b2-3ca336a587fb","MBB_GROW",2037,98,982,94,208,236,75,4.18366813659668,1428,938,4814,0,0,0,0,94,208,236,75,4.18366813659668,5,73,6,14.5714282989502,801,1,2,"386054062489998"
"0cf47957-7a3a-4a61-a1b2-3ca336a587fb","MBB_GROW",2042,103,913,113,246,282,78,4.76785659790039,1766,1067,5551,0,0,0,0,113,246,282,78,4.76785659790039,5,114,6,17.1456317901611,801,1,2,"386054062489998"
"0cf47957-7a3a-4a61-a1b2-3ca336a587fb","MBB_GROW",2047,108,856,134,279,318,80,5.3543701171875,2307,1245,6761,0,0,0,0,134,279,318,80,5.3543701171875,0,0,0,21.3611106872559,801,2,1,"386054062489998"
"55214ce6-7330-40d4-bb6f-01e4099006c9","MBB_GROW",2017,60,4320,93,196,237,77,1.9888129234314,1618,1054,4920,0,0,0,0,93,196,237,77,1.9888129234314,5,79,9,26.966667175293,801,1,2,"433077240489998"
"55214ce6-7330-40d4-bb6f-01e4099006c9","MBB_GROW",2022,65,2226,128,291,324,82,3.24399089813232,1967,1380,7016,0,0,0,0,128,291,324,82,3.24399089813232,5,90,12,30.2615375518799,801,1,2,"433077240489998"
"55214ce6-7330-40d4-bb6f-01e4099006c9","MBB_GROW",2027,70,1652,159,354,398,86,4.20015287399292,2355,1768,8724,0,0,0,0,159,354,398,86,4.20015287399292,5,125,19,33.6428565979004,801,3,1,"433077240489998"
"55214ce6-7330-40d4-bb6f-01e4099006c9","MBB_GROW",2032,75,1193,171,360,414,89,5.11950206756592,2886,2012,10339,0,0,0,0,171,360,414,89,5.11950206756592,5,153,21,38.4799995422363,801,3,1,"433077240489998"
"55214ce6-7330-40d4-bb6f-01e4099006c9","MBB_GROW",2037,80,947,179,358,407,92,5.89104223251343,3544,2459,13289,0,0,0,0,179,358,407,92,5.89104223251343,5,150,31,44.2999992370605,801,1,1,"433077240489998"
"55214ce6-7330-40d4-bb6f-01e4099006c9","MBB_GROW",2042,85,756,187,358,403,95,6.74041271209717,4137,2727,15012,0,0,0,0,187,358,403,95,6.74041271209717,5,162,45,48.6705894470215,801,2,1,"433077240489998"
"55214ce6-7330-40d4-bb6f-01e4099006c9","MBB_GROW",2047,90,594,190,348,381,98,7.66158962249756,4721,2974,16555,0,0,0,0,190,348,381,98,7.66158962249756,0,0,0,52.4555549621582,801,2,1,"433077240489998"
"4b8abfb0-33f9-44ad-bdf7-c3041f117636","MBB_GROW",2018,65,2640,59,137,194,65,2.02685379981995,859,530,2478,0,0,0,0,59,137,194,65,2.02685379981995,5,25,49,13.2153844833374,520,1,3,"433077253489998"
"4b8abfb0-33f9-44ad-bdf7-c3041f117636","MBB_GROW",2023,70,1966,45,106,117,65,2.05577993392944,741,425,2080,0,0,0,0,45,106,117,65,2.05577993392944,5,31,11,10.58571434021,801,1,3,"433077253489998"
"4b8abfb0-33f9-44ad-bdf7-c3041f117636","MBB_GROW",2028,75,1848,60,149,153,66,2.43468570709229,842,480,2391,0,0,0,0,60,149,153,66,2.43468570709229,5,72,3,11.2266664505005,801,2,3,"433077253489998"
"4b8abfb0-33f9-44ad-bdf7-c3041f117636","MBB_GROW",2033,80,1770,86,214,231,69,2.98990917205811,1187,574,3088,0,0,0,0,86,214,231,69,2.98990917205811,5,70,5,14.8374996185303,801,2,2,"433077253489998"
"4b8abfb0-33f9-44ad-bdf7-c3041f117636","MBB_GROW",2038,85,1604,110,263,294,73,3.55050611495972,1514,676,3757,0,0,0,0,110,263,294,73,3.55050611495972,5,93,6,17.8117637634277,801,2,2,"433077253489998"
"4b8abfb0-33f9-44ad-bdf7-c3041f117636","MBB_GROW",2043,90,1481,134,308,354,76,4.07644844055176,1953,734,3938,0,0,0,0,134,308,354,76,4.07644844055176,5,86,25,21.7000007629395,801,2,1,"433077253489998"
"4b8abfb0-33f9-44ad-bdf7-c3041f117636","MBB_GROW",2048,95,1155,141,307,351,78,4.7297830581665,2258,990,5309,0,0,0,0,141,307,351,78,4.7297830581665,0,0,0,23.7684211730957,801,1,1,"433077253489998"
"1d2b180d-25ab-4053-a311-ec1967d16d64","MBB_GROW",2018,71,702,74,138,124,59,4.40193748474121,1336,887,4230,0,0,0,0,74,138,124,59,4.40193748474121,5,46,2,18.8169021606445,801,1,3,"433077287489998"
"1d2b180d-25ab-4053-a311-ec1967d16d64","MBB_GROW",2023,76,690,87,163,146,61,4.80558204650879,1558,1068,5290,0,0,0,0,87,163,146,61,4.80558204650879,5,55,2,20.5,801,1,2,"433077287489998"
"1d2b180d-25ab-4053-a311-ec1967d16d64","MBB_GROW",2028,81,678,102,192,173,62,5.26261281967163,1825,1219,6082,0,0,0,0,102,192,173,62,5.26261281967163,5,57,1,22.5308647155762,801,1,2,"433077287489998"
"1d2b180d-25ab-4053-a311-ec1967d16d64","MBB_GROW",2033,86,673,120,224,203,64,5.71710109710693,2107,1375,7119,0,0,0,0,120,224,203,64,5.71710109710693,5,55,5,24.5,801,1,2,"433077287489998"
"1d2b180d-25ab-4053-a311-ec1967d16d64","MBB_GROW",2038,91,647,134,246,225,67,6.16428136825562,2356,1617,8391,0,0,0,0,134,246,225,67,6.16428136825562,5,75,5,25.8901100158691,801,1,1,"433077287489998"
"1d2b180d-25ab-4053-a311-ec1967d16d64","MBB_GROW",2043,96,625,146,264,240,66,6.54429578781128,2709,1926,9828,0,0,0,0,146,264,240,66,6.54429578781128,5,77,6,28.21875,801,1,1,"433077287489998"
"1d2b180d-25ab-4053-a311-ec1967d16d64","MBB_GROW",2048,101,603,160,285,258,67,6.98181629180908,3064,2230,11617,0,0,0,0,160,285,258,67,6.98181629180908,0,0,0,30.336633682251,801,1,1,"433077287489998"
"b82631b2-9901-4dbb-8091-58e5542efee7","MBB_GROW",2017,69,975,199,292,248,109,6.1230959892273,6370,5247,30828,0,0,0,0,199,292,248,109,6.1230959892273,5,80,168,92.3188400268555,801,1,1,"386054067489998"
"b82631b2-9901-4dbb-8091-58e5542efee7","MBB_GROW",2022,74,858,186,273,227,107,6.30820846557617,5929,5242,31540,0,0,0,0,186,273,227,107,6.30820846557617,5,72,93,80.1216201782227,801,1,1,"386054067489998"
"b82631b2-9901-4dbb-8091-58e5542efee7","MBB_GROW",2027,79,801,189,286,248,108,6.57641077041626,5822,5195,31203,0,0,0,0,189,286,248,108,6.57641077041626,5,83,110,73.6962051391602,801,1,1,"386054067489998"
"b82631b2-9901-4dbb-8091-58e5542efee7","MBB_GROW",2032,84,737,188,290,261,107,6.84418392181396,5691,5032,30906,0,0,0,0,188,290,261,107,6.84418392181396,5,71,97,67.75,801,1,1,"386054067489998"
"b82631b2-9901-4dbb-8091-58e5542efee7","MBB_GROW",2037,89,683,187,290,267,107,7.08315277099609,5560,4887,30448,0,0,0,0,187,290,267,107,7.08315277099609,5,85,108,62.4719085693359,801,1,1,"386054067489998"
"b82631b2-9901-4dbb-8091-58e5542efee7","MBB_GROW",2042,94,624,185,289,270,105,7.37931108474731,5448,4726,29600,0,0,0,0,185,289,270,105,7.37931108474731,5,75,93,57.957447052002,801,1,1,"386054067489998"
"b82631b2-9901-4dbb-8091-58e5542efee7","MBB_GROW",2047,99,574,184,286,267,103,7.65841245651245,5359,4556,28990,0,0,0,0,184,286,267,103,7.65841245651245,0,0,0,54.1313133239746,801,1,1,"386054067489998"
"9b972ac5-6c43-4ce8-9f9e-42edbf941545","MBB_GROW",2017,50,2550,132,270,335,81,3.0785768032074,2196,1375,6636,0,0,0,0,132,270,335,81,3.0785768032074,5,79,26,43.9199981689453,805,1,2,"386054080489998"
"9b972ac5-6c43-4ce8-9f9e-42edbf941545","MBB_GROW",2022,55,2238,148,311,374,84,3.48100733757019,2461,1607,8076,0,0,0,0,148,311,374,84,3.48100733757019,5,103,39,44.7454528808594,805,1,1,"386054080489998"
"9b972ac5-6c43-4ce8-9f9e-42edbf941545","MBB_GROW",2027,60,1741,162,342,405,86,4.13622379302979,2780,1911,10230,0,0,0,0,162,342,405,86,4.13622379302979,5,91,48,46.3333320617676,805,1,1,"386054080489998"
"9b972ac5-6c43-4ce8-9f9e-42edbf941545","MBB_GROW",2032,65,1330,167,343,405,87,4.80504703521729,2994,2141,11232,0,0,0,0,167,343,405,87,4.80504703521729,5,78,43,46.0615386962891,805,1,1,"386054080489998"
"9b972ac5-6c43-4ce8-9f9e-42edbf941545","MBB_GROW",2037,70,1083,171,340,400,89,5.3758020401001,3169,2260,12496,0,0,0,0,171,340,400,89,5.3758020401001,5,129,40,45.271427154541,805,1,1,"386054080489998"
"9b972ac5-6c43-4ce8-9f9e-42edbf941545","MBB_GROW",2042,75,918,174,339,394,91,5.89838409423828,3613,2423,13623,0,0,0,0,174,339,394,91,5.89838409423828,5,113,38,48.1733322143555,805,1,1,"386054080489998"
"9b972ac5-6c43-4ce8-9f9e-42edbf941545","MBB_GROW",2047,80,805,178,338,386,93,6.37429285049438,3987,2680,15046,0,0,0,0,178,338,386,93,6.37429285049438,0,0,0,49.8375015258789,805,1,1,"386054080489998"
"297f3c99-6abd-454f-a764-029d471e809a","MBB_GROW",2016,66,4125,113,208,250,99,2.24188566207886,3164,1792,9504,0,0,0,0,113,208,250,99,2.24188566207886,5,56,246,47.9393920898438,997,1,2,"386054085489998"
"297f3c99-6abd-454f-a764-029d471e809a","MBB_GROW",2021,71,2809,88,186,195,97,2.3985390663147,2215,1259,6535,0,0,0,0,88,186,195,97,2.3985390663147,5,51,49,31.1971836090088,801,1,2,"386054085489998"
"297f3c99-6abd-454f-a764-029d471e809a","MBB_GROW",2026,76,2393,107,244,260,98,2.85903120040894,2227,1549,7965,0,0,0,0,107,244,260,98,2.85903120040894,5,47,16,29.3026313781738,805,1,2,"386054085489998"
"297f3c99-6abd-454f-a764-029d471e809a","MBB_GROW",2031,81,2103,126,290,328,98,3.31821846961975,2379,1844,9408,0,0,0,0,126,290,328,98,3.31821846961975,5,74,6,29.3703708648682,801,1,2,"386054085489998"
"297f3c99-6abd-454f-a764-029d471e809a","MBB_GROW",2036,86,1960,150,339,398,99,3.75036144256592,2715,2114,11124,0,0,0,0,150,339,398,99,3.75036144256592,5,57,11,31.569766998291,801,1,1,"386054085489998"
"297f3c99-6abd-454f-a764-029d471e809a","MBB_GROW",2041,91,1731,162,356,429,99,4.14419794082642,2945,2368,12391,0,0,0,0,162,356,429,99,4.14419794082642,5,60,19,32.3626365661621,801,1,1,"386054085489998"
"297f3c99-6abd-454f-a764-029d471e809a","MBB_GROW",2046,96,1402,164,348,419,99,4.63738346099854,3148,2470,13230,0,0,0,0,164,348,419,99,4.63738346099854,0,0,0,32.7916679382324,801,1,1,"386054085489998"
"7aea4827-7c50-4f29-b296-1648f18941ad","MBB_GROW",2016,60,1590,68,113,114,81,2.79870271682739,1847,1064,5814,0,0,0,0,68,113,114,81,2.79870271682739,5,58,80,30.783332824707,801,2,3,"386054098489998"
"7aea4827-7c50-4f29-b296-1648f18941ad","MBB_GROW",2021,65,1547,67,122,119,76,2.82436847686768,1738,1009,5651,0,0,0,0,67,122,119,76,2.82436847686768,5,57,1,26.7384624481201,801,1,3,"386054098489998"
"7aea4827-7c50-4f29-b296-1648f18941ad","MBB_GROW",2026,70,1517,90,182,184,80,3.29184055328369,2016,1360,7330,0,0,0,0,90,182,184,80,3.29184055328369,5,58,5,28.7999992370605,801,1,2,"386054098489998"
"7aea4827-7c50-4f29-b296-1648f18941ad","MBB_GROW",2031,75,1409,112,233,250,83,3.8197124004364,2285,1630,8677,0,0,0,0,112,233,250,83,3.8197124004364,5,73,6,30.466667175293,801,1,2,"386054098489998"
"7aea4827-7c50-4f29-b296-1648f18941ad","MBB_GROW",2036,80,1282,131,269,298,87,4.33635473251343,2619,1979,10799,0,0,0,0,131,269,298,87,4.33635473251343,5,62,5,32.7374992370605,801,1,2,"386054098489998"
"7aea4827-7c50-4f29-b296-1648f18941ad","MBB_GROW",2041,85,1188,148,297,335,90,4.78028726577759,2903,2380,13052,0,0,0,0,148,297,335,90,4.78028726577759,5,76,5,34.1529426574707,801,1,1,"386054098489998"
"7aea4827-7c50-4f29-b296-1648f18941ad","MBB_GROW",2046,90,1110,163,321,365,92,5.18710088729858,3260,2631,14504,0,0,0,0,163,321,365,92,5.18710088729858,0,0,0,36.2222213745117,801,1,1,"386054098489998"
"9e7fc840-30ee-4772-93b3-2250e86707a8","MBB_GROW",2017,70,756,97,174,206,91,4.84088897705078,2670,1550,8322,0,0,0,0,97,174,206,91,4.84088897705078,5,23,333,38.1428565979004,997,1,2,"386054386489998"
"9e7fc840-30ee-4772-93b3-2250e86707a8","MBB_GROW",2022,75,283,45,83,90,78,5.38131856918335,1124,469,2424,0,0,0,0,45,83,90,78,5.38131856918335,5,24,57,14.9866666793823,515,1,4,"386054386489998"
"9e7fc840-30ee-4772-93b3-2250e86707a8","MBB_GROW",2027,80,206,41,77,81,76,6.01354837417603,955,594,2898,0,0,0,0,41,77,81,76,6.01354837417603,5,31,12,11.9375,801,1,4,"386054386489998"
"9e7fc840-30ee-4772-93b3-2250e86707a8","MBB_GROW",2032,85,190,45,84,86,78,6.58275842666626,1054,658,3163,0,0,0,0,45,84,86,78,6.58275842666626,5,30,4,12.3999996185303,805,1,4,"386054386489998"
"9e7fc840-30ee-4772-93b3-2250e86707a8","MBB_GROW",2037,90,183,51,94,96,80,7.14245939254761,1186,721,3699,0,0,0,0,51,94,96,80,7.14245939254761,5,52,3,13.1777782440186,805,1,3,"386054386489998"
"9e7fc840-30ee-4772-93b3-2250e86707a8","MBB_GROW",2042,95,178,57,103,106,82,7.66471862792969,1429,926,4445,0,0,0,0,57,103,106,82,7.66471862792969,5,40,3,15.0421056747437,805,1,3,"386054386489998"
"9e7fc840-30ee-4772-93b3-2250e86707a8","MBB_GROW",2047,100,173,62,111,112,84,8.11957550048828,1613,1024,5228,0,0,0,0,62,111,112,84,8.11957550048828,0,0,0,16.1299991607666,805,1,3,"386054386489998"
"aa2516c3-21b2-4e5a-87db-fb63956c352e","MBB_GROW",2021,58,387,164,264,264,97,8.81015491485596,4706,3800,21252,0,0,0,0,164,264,264,97,8.81015491485596,5,69,181,81.1379318237305,801,1,1,"749041470290487"
"aa2516c3-21b2-4e5a-87db-fb63956c352e","MBB_GROW",2026,63,369,150,245,250,94,8.6449556350708,4146,3244,17954,0,0,0,0,150,245,250,94,8.6449556350708,5,64,52,65.8095245361328,801,1,1,"749041470290487"
"aa2516c3-21b2-4e5a-87db-fb63956c352e","MBB_GROW",2031,68,355,152,247,252,94,8.86589813232422,4206,3285,18520,0,0,0,0,152,247,252,94,8.86589813232422,5,65,17,61.8529396057129,801,1,1,"749041470290487"
"aa2516c3-21b2-4e5a-87db-fb63956c352e","MBB_GROW",2036,73,349,160,257,261,94,9.15564250946045,4443,3467,19924,0,0,0,0,160,257,261,94,9.15564250946045,5,66,18,60.8630142211914,801,1,1,"749041470290487"
"aa2516c3-21b2-4e5a-87db-fb63956c352e","MBB_GROW",2041,78,342,167,265,269,95,9.45892429351807,4682,3750,21560,0,0,0,0,167,265,269,95,9.45892429351807,5,69,20,60.0256423950195,801,1,1,"749041470290487"
"aa2516c3-21b2-4e5a-87db-fb63956c352e","MBB_GROW",2046,83,335,174,273,276,95,9.76242256164551,4928,4039,23441,0,0,0,0,174,273,276,95,9.76242256164551,5,70,40,59.3734931945801,801,1,1,"749041470290487"
"aa2516c3-21b2-4e5a-87db-fb63956c352e","MBB_GROW",2051,88,321,178,274,277,95,10.0684909820557,5077,4258,24926,0,0,0,0,178,274,277,95,10.0684909820557,0,0,0,57.6931800842285,801,1,1,"749041470290487"
"161ee939-5cb8-4874-a4a6-32da2e01b846","MBB_GROW",2021,20,1881,62,155,199,40,2.46495699882507,370,0,0,0,0,0,0,62,155,199,40,2.46495699882507,5,67,0,18.5,519,2,3,"749041477290487"
"161ee939-5cb8-4874-a4a6-32da2e01b846","MBB_GROW",2026,25,1687,76,187,231,44,2.86545896530151,702,0,0,0,0,0,0,76,187,231,44,2.86545896530151,5,49,0,28.0799999237061,519,2,2,"749041477290487"
"161ee939-5cb8-4874-a4a6-32da2e01b846","MBB_GROW",2031,30,1660,95,236,285,47,3.24765372276306,947,0,0,0,0,0,0,95,236,285,47,3.24765372276306,5,98,2,31.5666675567627,520,2,2,"749041477290487"
"161ee939-5cb8-4874-a4a6-32da2e01b846","MBB_GROW",2036,35,1505,118,281,341,54,3.79575324058533,1426,0,0,0,0,0,0,118,281,341,54,3.79575324058533,5,78,4,40.7428588867188,520,2,2,"749041477290487"
"161ee939-5cb8-4874-a4a6-32da2e01b846","MBB_GROW",2041,40,1385,136,313,381,59,4.24566030502319,1797,0,0,0,0,0,0,136,313,381,59,4.24566030502319,5,88,4,44.9249992370605,520,2,1,"749041477290487"
"161ee939-5cb8-4874-a4a6-32da2e01b846","MBB_GROW",2046,45,1291,154,344,418,63,4.68286943435669,2214,166,619,0,0,0,0,154,344,418,63,4.68286943435669,5,106,5,49.2000007629395,520,2,1,"749041477290487"
"161ee939-5cb8-4874-a4a6-32da2e01b846","MBB_GROW",2051,50,1205,171,369,448,67,5.10386514663696,2721,217,1000,0,0,0,0,171,369,448,67,5.10386514663696,0,0,0,54.4199981689453,520,2,1,"749041477290487"
"259044df-ffb3-4202-a199-47fece4a1cff","MBB_BAU",2016,65,2601,96,166,195,87,2.59633541107178,2648,1903,10092,12,494,413,2190,80,143,172,84,2.37598752975464,5,60,5,40.7384605407715,520,1,2,"291609563489998"
"259044df-ffb3-4202-a199-47fece4a1cff","MBB_BAU",2021,70,2553,95,185,218,86,2.61109924316406,2428,1672,9177,8,322,256,1405,85,169,203,84,2.46935534477234,5,58,19,41.7428588867188,520,1,2,"291609563489998"
"259044df-ffb3-4202-a199-47fece4a1cff","MBB_BAU",2026,75,2283,110,244,317,87,2.97553467750549,2302,1651,9007,2,53,41,224,109,241,315,87,2.95363306999207,5,49,20,41.5733337402344,520,1,2,"291609563489998"
"259044df-ffb3-4202-a199-47fece4a1cff","MBB_BAU",2031,80,1991,131,296,423,89,3.46944546699524,2389,1745,9741,0,0,0,0,131,296,423,89,3.46944546699524,5,48,23,40.7249984741211,520,1,2,"291609563489998"
"259044df-ffb3-4202-a199-47fece4a1cff","MBB_BAU",2036,85,1693,146,325,499,92,3.97723054885864,2514,1882,10533,0,0,0,0,146,325,499,92,3.97723054885864,5,56,34,39.7999992370605,520,1,1,"291609563489998"
"259044df-ffb3-4202-a199-47fece4a1cff","MBB_BAU",2041,90,1297,148,316,507,93,4.56865453720093,2626,1994,11317,0,0,0,0,148,316,507,93,4.56865453720093,5,59,17,38.8333320617676,520,1,1,"291609563489998"
"259044df-ffb3-4202-a199-47fece4a1cff","MBB_BAU",2046,95,1143,153,320,523,96,4.96267461776733,2839,2149,12326,0,0,0,0,153,320,523,96,4.96267461776733,0,0,0,39.0315780639648,520,1,1,"291609563489998"
"5c983f4d-28b9-4dd1-baa7-03eef663a351","MBB_BAU",2016,69,1707,130,208,216,81,3.73091411590576,3492,2677,15594,27,1054,850,4954,93,155,168,78,3.19224643707275,5,52,11,50.6086959838867,997,1,2,"291609580489998"
"5c983f4d-28b9-4dd1-baa7-03eef663a351","MBB_BAU",2021,74,1673,105,185,202,82,3.3873860836029,2644,1988,11458,18,680,535,3085,82,151,171,77,3.00569152832031,5,47,6,49.972972869873,997,1,2,"291609580489998"
"5c983f4d-28b9-4dd1-baa7-03eef663a351","MBB_BAU",2026,79,1645,103,210,261,79,3.39402604103088,2167,1599,9387,4,150,119,699,98,203,255,78,3.31469774246216,5,36,25,49.3797454833984,997,1,2,"291609580489998"
"5c983f4d-28b9-4dd1-baa7-03eef663a351","MBB_BAU",2031,84,1483,114,243,327,79,3.75329566001892,2070,1546,9276,0,0,0,0,114,243,327,79,3.75329566001892,5,34,19,47.0714302062988,997,1,2,"291609580489998"
"5c983f4d-28b9-4dd1-baa7-03eef663a351","MBB_BAU",2036,89,1365,129,276,400,82,4.16579294204712,2149,1689,9993,0,0,0,0,129,276,400,82,4.16579294204712,5,73,17,45.3146057128906,997,1,2,"291609580489998"
"5c983f4d-28b9-4dd1-baa7-03eef663a351","MBB_BAU",2041,94,1261,147,312,478,82,4.62566995620728,2426,1795,10717,0,0,0,0,147,312,478,82,4.62566995620728,5,77,28,45.8510627746582,997,3,1,"291609580489998"
"5c983f4d-28b9-4dd1-baa7-03eef663a351","MBB_BAU",2046,99,1111,155,321,501,84,5.05250453948975,2673,1920,11409,0,0,0,0,155,321,501,84,5.05250453948975,0,0,0,46.0303039550781,997,1,1,"291609580489998"
"65a72fba-7e56-4f74-82d4-2b2d753e6ad1","MBB_BAU",2016,65,4140,67,131,151,77,1.72005844116211,1495,806,4308,0,0,0,0,67,131,151,77,1.72005844116211,5,45,4,23,506,1,3,"291609583489998"
"65a72fba-7e56-4f74-82d4-2b2d753e6ad1","MBB_BAU",2021,70,4033,88,202,223,81,1.99963879585266,1701,900,4932,0,0,0,0,88,202,223,81,1.99963879585266,5,38,22,24.2999992370605,506,1,2,"291609583489998"
"65a72fba-7e56-4f74-82d4-2b2d753e6ad1","MBB_BAU",2026,75,3447,114,287,344,85,2.46487903594971,1782,978,5494,0,0,0,0,114,287,344,85,2.46487903594971,5,36,32,23.7600002288818,506,1,2,"291609583489998"
"65a72fba-7e56-4f74-82d4-2b2d753e6ad1","MBB_BAU",2031,80,2705,133,332,447,87,3.00108599662781,1803,1072,6186,0,0,0,0,133,332,447,87,3.00108599662781,5,32,35,22.5375003814697,520,1,2,"291609583489998"
"65a72fba-7e56-4f74-82d4-2b2d753e6ad1","MBB_BAU",2036,85,2040,137,330,478,89,3.5062894821167,1786,1151,6650,0,0,0,0,137,330,478,89,3.5062894821167,5,28,25,21.0117645263672,520,1,2,"291609583489998"
"65a72fba-7e56-4f74-82d4-2b2d753e6ad1","MBB_BAU",2041,90,1647,139,326,491,90,3.93988728523254,1801,1258,7365,0,0,0,0,139,326,491,90,3.93988728523254,5,33,16,20.0111103057861,520,3,1,"291609583489998"
"65a72fba-7e56-4f74-82d4-2b2d753e6ad1","MBB_BAU",2046,95,1436,142,322,484,91,4.25309944152832,1885,1380,7927,0,0,0,0,142,322,484,91,4.25309944152832,0,0,0,19.8421058654785,520,3,1,"291609583489998"
"05f4f203-0a71-4efa-a763-580d69597e6b","MBB_BAU",2016,85,2088,99,195,244,65,2.95426845550537,1846,1165,6114,3,81,63,329,96,189,238,65,2.90542674064636,5,69,7,21.7176475524902,520,1,2,"291609600489998"
"05f4f203-0a71-4efa-a763-580d69597e6b","MBB_BAU",2021,90,2001,117,243,306,69,3.28063321113586,2074,1312,6984,1,15,11,58,117,242,305,69,3.27284669876099,5,72,21,23.9444446563721,520,1,2,"291609600489998"
"05f4f203-0a71-4efa-a763-580d69597e6b","MBB_BAU",2026,95,1778,144,307,398,73,3.85028433799744,2316,1445,7786,0,0,0,0,144,307,398,73,3.85028433799744,5,75,22,25.3894729614258,520,1,2,"291609600489998"
"05f4f203-0a71-4efa-a763-580d69597e6b","MBB_BAU",2031,100,1582,166,352,468,78,4.38745212554932,2583,1767,9667,0,0,0,0,166,352,468,78,4.38745212554932,5,79,39,26.7900009155273,520,1,1,"291609600489998"
"05f4f203-0a71-4efa-a763-580d69597e6b","MBB_BAU",2036,105,1308,171,353,476,81,4.89472913742065,2783,1977,10755,0,0,0,0,171,353,476,81,4.89472913742065,5,93,57,27.4190483093262,520,1,1,"291609600489998"
"05f4f203-0a71-4efa-a763-580d69597e6b","MBB_BAU",2041,110,1036,171,340,454,84,5.49603223800659,2963,2104,11909,0,0,0,0,171,340,454,84,5.49603223800659,5,74,30,27.8090915679932,801,1,1,"291609600489998"
"05f4f203-0a71-4efa-a763-580d69597e6b","MBB_BAU",2046,115,939,176,342,455,86,5.85770845413208,3183,2299,13058,0,0,0,0,176,342,455,86,5.85770845413208,0,0,0,28.5130443572998,801,1,1,"291609600489998"
"08547099-5ac8-4571-a0ec-4e057658b758","MBB_BAU",2015,35,1452,67,129,147,66,2.91516423225403,1435,881,4644,0,0,0,0,67,129,147,66,2.91516423225403,5,52,3,41,520,1,3,"291609445489998"
"08547099-5ac8-4571-a0ec-4e057658b758","MBB_BAU",2020,40,1416,82,164,194,70,3.25713658332825,1680,1021,5440,0,0,0,0,82,164,194,70,3.25713658332825,5,50,5,42,520,1,2,"291609445489998"
"08547099-5ac8-4571-a0ec-4e057658b758","MBB_BAU",2025,45,1374,102,214,271,74,3.68865704536438,1905,1152,6320,4,108,70,384,98,208,265,73,3.62182092666626,5,51,15,42.3333320617676,520,1,2,"291609445489998"
"08547099-5ac8-4571-a0ec-4e057658b758","MBB_BAU",2030,50,1247,114,244,335,76,4.10175132751465,1982,1213,6773,0,0,0,0,114,244,335,76,4.10175132751465,5,51,12,41.7999992370605,520,1,2,"291609445489998"
"08547099-5ac8-4571-a0ec-4e057658b758","MBB_BAU",2035,55,1156,129,272,391,78,4.52709913253784,2176,1495,8187,0,0,0,0,129,272,391,78,4.52709913253784,5,47,11,41.527271270752,520,1,2,"291609445489998"
"08547099-5ac8-4571-a0ec-4e057658b758","MBB_BAU",2040,60,1083,142,296,445,81,4.90995836257935,2356,1693,9442,0,0,0,0,142,296,445,81,4.90995836257935,5,51,11,41.0666656494141,520,1,1,"291609445489998"
"08547099-5ac8-4571-a0ec-4e057658b758","MBB_BAU",2045,65,1024,156,318,496,83,5.28278303146362,2560,1924,10842,0,0,0,0,156,318,496,83,5.28278303146362,0,0,0,41.0461540222168,520,1,1,"291609445489998"
"cc4456ce-2c64-4032-9599-3bd494d7f916","MBB_BAU",2015,56,789,78,131,148,86,4.25359153747559,2213,1639,8370,0,0,0,0,78,131,148,86,4.25359153747559,5,67,6,39.5178565979004,520,1,2,"291609452489998"
"cc4456ce-2c64-4032-9599-3bd494d7f916","MBB_BAU",2020,61,768,89,156,176,90,4.61826229095459,2522,1880,9606,0,0,0,0,89,156,176,90,4.61826229095459,5,72,7,41.3442611694336,520,1,2,"291609452489998"
"cc4456ce-2c64-4032-9599-3bd494d7f916","MBB_BAU",2025,66,747,107,197,240,93,5.13080978393555,2850,2130,11205,15,583,469,2467,89,169,212,92,4.7246527671814,5,65,1,43.1818199157715,520,1,2,"291609452489998"
"cc4456ce-2c64-4032-9599-3bd494d7f916","MBB_BAU",2030,71,757,108,209,282,95,5.11649703979492,2587,1879,10271,9,316,246,1346,98,194,268,94,4.90722465515137,5,61,6,44.6478881835938,520,1,2,"291609452489998"
"cc4456ce-2c64-4032-9599-3bd494d7f916","MBB_BAU",2035,76,736,112,219,314,97,5.2873649597168,2545,1832,10320,4,169,130,731,107,212,307,96,5.18031406402588,5,66,8,45.315788269043,520,1,2,"291609452489998"
"cc4456ce-2c64-4032-9599-3bd494d7f916","MBB_BAU",2040,81,706,119,232,343,98,5.56928443908691,2667,2004,11447,3,128,101,579,116,226,338,97,5.49141263961792,5,60,5,46.1111106872559,520,1,2,"291609452489998"
"cc4456ce-2c64-4032-9599-3bd494d7f916","MBB_BAU",2045,86,686,125,241,363,99,5.78937435150146,2813,2149,12124,0,0,0,0,125,241,363,99,5.78937435150146,0,0,0,45.1279067993164,520,1,2,"291609452489998"
"1745eb47-738a-4815-a987-af19e2b2ec21","MBB_BAU",2015,25,9141,164,294,313,80,1.81178069114685,3665,2323,12768,29,743,518,2846,135,250,272,77,1.65119540691376,5,64,38,146.600006103516,503,1,1,"291609682489998"
"1745eb47-738a-4815-a987-af19e2b2ec21","MBB_BAU",2020,30,7371,157,343,356,80,1.97752559185028,3049,2036,11612,8,220,159,909,149,330,345,79,1.92750561237335,5,52,103,126.400001525879,503,1,1,"291609682489998"
"1745eb47-738a-4815-a987-af19e2b2ec21","MBB_BAU",2025,35,3233,151,341,391,80,2.92231822013855,2576,1889,10753,0,0,0,0,151,341,391,80,2.92231822013855,5,49,56,101.114288330078,503,1,1,"291609682489998"
"1745eb47-738a-4815-a987-af19e2b2ec21","MBB_BAU",2030,40,2009,154,337,415,82,3.74550461769104,2541,1905,11183,0,0,0,0,154,337,415,82,3.74550461769104,5,50,34,87.5999984741211,503,1,1,"291609682489998"
"1745eb47-738a-4815-a987-af19e2b2ec21","MBB_BAU",2035,45,1525,158,334,422,84,4.3548731803894,2621,2109,12425,0,0,0,0,158,334,422,84,4.3548731803894,5,50,17,79.6444473266602,520,1,1,"291609682489998"
"1745eb47-738a-4815-a987-af19e2b2ec21","MBB_BAU",2040,50,1348,165,340,427,87,4.73131608963013,2787,2269,13451,0,0,0,0,165,340,427,87,4.73131608963013,5,52,18,75,520,1,1,"291609682489998"
"1745eb47-738a-4815-a987-af19e2b2ec21","MBB_BAU",2045,55,1194,168,339,425,88,5.07979202270508,2956,2457,14591,0,0,0,0,168,339,425,88,5.07979202270508,0,0,0,71.2545471191406,520,1,1,"291609682489998"
"3f2175b5-e99a-47b6-81eb-ecdfea9714a0","MBB_BAU",2016,65,5151,92,196,226,76,1.80718648433685,1518,739,3515,6,99,53,251,88,189,219,76,1.76589393615723,5,100,5,23.3538455963135,801,1,2,"291609878489998"
"3f2175b5-e99a-47b6-81eb-ecdfea9714a0","MBB_BAU",2021,70,4420,123,280,316,79,2.25642871856689,1893,1162,5459,0,0,0,0,123,280,316,79,2.25642871856689,5,94,18,28.4571437835693,801,1,2,"291609878489998"
"3f2175b5-e99a-47b6-81eb-ecdfea9714a0","MBB_BAU",2026,75,3092,152,349,404,81,3.00099539756775,2274,1613,7708,0,0,0,0,152,349,404,81,3.00099539756775,5,113,33,31.6399993896484,801,1,1,"291609878489998"
"3f2175b5-e99a-47b6-81eb-ecdfea9714a0","MBB_BAU",2031,80,1860,163,347,414,84,4.00274658203125,2675,1964,10066,0,0,0,0,163,347,414,84,4.00274658203125,5,90,33,34.6749992370605,801,1,1,"291609878489998"
"3f2175b5-e99a-47b6-81eb-ecdfea9714a0","MBB_BAU",2036,85,1311,167,337,411,86,4.83890819549561,2959,2363,12334,3,118,99,517,163,330,404,87,4.7811336517334,5,98,28,35.9764709472656,801,1,1,"291609878489998"
"3f2175b5-e99a-47b6-81eb-ecdfea9714a0","MBB_BAU",2041,90,1002,173,332,406,88,5.62113189697266,3187,2665,13993,4,151,133,700,167,324,398,89,5.54166650772095,5,100,22,37.8222236633301,801,1,1,"291609878489998"
"3f2175b5-e99a-47b6-81eb-ecdfea9714a0","MBB_BAU",2046,95,839,176,329,400,90,6.20856094360352,3425,2831,15513,0,0,0,0,176,329,400,90,6.20856094360352,0,0,0,38.336841583252,801,1,1,"291609878489998"
"f2ce920a-47cc-48b8-90b0-e8d8c18e5ed6","MBB_BAU",2015,70,3453,91,169,202,83,2.1965754032135,2159,1487,8016,10,338,252,1356,80,152,184,81,2.06105947494507,5,102,7,30.8428573608398,506,1,2,"291609880489998"
"f2ce920a-47cc-48b8-90b0-e8d8c18e5ed6","MBB_BAU",2020,75,3371,97,191,217,84,2.29989910125732,2299,1457,8106,7,246,176,980,89,179,204,83,2.20538234710693,5,86,37,35.1599998474121,506,1,2,"291609880489998"
"f2ce920a-47cc-48b8-90b0-e8d8c18e5ed6","MBB_BAU",2025,80,3029,112,251,293,85,2.6063289642334,2299,1456,8335,0,0,0,0,112,251,293,85,2.6063289642334,5,78,54,36.0374984741211,506,1,2,"291609880489998"
"f2ce920a-47cc-48b8-90b0-e8d8c18e5ed6","MBB_BAU",2030,85,2602,134,307,396,86,3.06989932060242,2422,1737,9713,0,0,0,0,134,307,396,86,3.06989932060242,5,58,64,35.3647041320801,997,1,2,"291609880489998"
"f2ce920a-47cc-48b8-90b0-e8d8c18e5ed6","MBB_BAU",2035,90,2094,143,326,461,86,3.5406711101532,2393,1912,10851,0,0,0,0,143,326,461,86,3.5406711101532,5,43,50,33.0777778625488,997,1,2,"291609880489998"
"f2ce920a-47cc-48b8-90b0-e8d8c18e5ed6","MBB_BAU",2040,95,1680,146,326,490,86,3.99900364875793,2358,2011,11395,0,0,0,0,146,326,490,86,3.99900364875793,5,49,43,30.9684219360352,997,1,1,"291609880489998"
"f2ce920a-47cc-48b8-90b0-e8d8c18e5ed6","MBB_BAU",2045,100,1324,151,327,519,85,4.57975196838379,2390,2101,12387,0,0,0,0,151,327,519,85,4.57975196838379,0,0,0,29.7399997711182,997,3,1,"291609880489998"
"5f00f0a4-18e0-4d4d-b613-6c2fa9ed770f","MBB_BAU",2016,61,2169,102,207,267,62,2.93650412559509,1747,977,4596,11,182,116,544,94,193,253,61,2.82278919219971,5,73,5,28.6393451690674,520,1,2,"291609881489998"
"5f00f0a4-18e0-4d4d-b613-6c2fa9ed770f","MBB_BAU",2021,66,2058,112,233,298,65,3.16542029380798,1901,1094,5064,8,158,101,467,106,222,287,64,3.07360100746155,5,78,10,31.5606060028076,520,1,2,"291609881489998"
"5f00f0a4-18e0-4d4d-b613-6c2fa9ed770f","MBB_BAU",2026,71,1874,130,277,354,67,3.5599684715271,2083,1269,6388,2,39,26,131,128,274,352,67,3.53930068016052,5,101,10,34.1267623901367,520,1,1,"291609881489998"
"5f00f0a4-18e0-4d4d-b613-6c2fa9ed770f","MBB_BAU",2031,76,1712,151,324,410,69,4.02761459350586,2499,1483,7565,0,0,0,0,151,324,410,69,4.02761459350586,5,77,34,37.8684196472168,520,1,1,"291609881489998"
"5f00f0a4-18e0-4d4d-b613-6c2fa9ed770f","MBB_BAU",2036,81,1349,155,320,401,72,4.59437561035156,2715,1743,8721,0,0,0,2,155,320,401,72,4.59412240982056,5,79,32,38.1975326538086,520,1,1,"291609881489998"
"5f00f0a4-18e0-4d4d-b613-6c2fa9ed770f","MBB_BAU",2041,86,1107,160,318,397,75,5.14856863021851,2953,1950,10086,1,44,34,174,158,316,395,75,5.12476539611816,5,71,28,38.7441864013672,520,1,1,"291609881489998"
"5f00f0a4-18e0-4d4d-b613-6c2fa9ed770f","MBB_BAU",2046,91,945,164,316,396,77,5.6329927444458,3126,2156,11664,0,0,0,0,164,316,396,77,5.6329927444458,0,0,0,38.5164833068848,520,1,1,"291609881489998"
"483aeabc-7544-4914-bc67-2616fc0d4eae","MBB_BAU",2016,63,1761,173,272,250,92,4.23796701431274,4933,3803,19908,50,1720,1377,7207,114,182,171,88,3.49154138565063,5,92,5,78.3015899658203,801,1,1,"291609727489998"
"483aeabc-7544-4914-bc67-2616fc0d4eae","MBB_BAU",2021,68,1726,140,249,239,91,3.85166311264038,3648,2791,14828,26,978,784,4166,107,199,195,90,3.39593410491943,5,81,17,78.9411773681641,801,1,2,"291609727489998"
"483aeabc-7544-4914-bc67-2616fc0d4eae","MBB_BAU",2026,73,1582,137,270,288,91,3.983971118927,2990,2274,12501,8,329,265,1457,126,254,274,89,3.83292365074158,5,66,14,77.9178085327148,801,1,2,"291609727489998"
"483aeabc-7544-4914-bc67-2616fc0d4eae","MBB_BAU",2031,78,1456,144,293,324,91,4.26372861862183,2921,2286,12592,2,96,80,440,141,288,320,91,4.22043991088867,5,64,12,76.2564086914062,801,1,2,"291609727489998"
"483aeabc-7544-4914-bc67-2616fc0d4eae","MBB_BAU",2036,83,1360,158,320,368,91,4.62229537963867,3083,2489,13988,1,50,42,234,157,318,366,91,4.60065364837646,5,67,11,74.7710876464844,801,1,1,"291609727489998"
"483aeabc-7544-4914-bc67-2616fc0d4eae","MBB_BAU",2041,88,1278,175,349,414,93,5.00491380691528,3314,2696,15383,2,86,70,398,172,345,410,93,4.96899366378784,5,62,14,73.7159118652344,801,1,1,"291609727489998"
"483aeabc-7544-4914-bc67-2616fc0d4eae","MBB_BAU",2046,93,1186,182,358,427,93,5.31166791915894,3465,2875,16780,0,0,0,0,182,358,427,93,5.31166791915894,0,0,0,71.3763427734375,801,1,1,"291609727489998"
"5d0e7579-6cee-49a4-8036-3ba26d9c564c","MBB_BAU",2016,55,2820,109,212,234,76,2.65731620788574,2271,1403,7284,7,213,153,795,101,199,222,76,2.56102418899536,5,120,13,41.2909088134766,801,1,2,"291609728489998"
"5d0e7579-6cee-49a4-8036-3ba26d9c564c","MBB_BAU",2021,60,2482,128,263,288,79,3.07898831367493,2591,1553,8282,3,89,63,337,125,258,283,79,3.04121661186218,5,121,23,46.7333335876465,801,1,2,"291609728489998"
"5d0e7579-6cee-49a4-8036-3ba26d9c564c","MBB_BAU",2026,65,2031,158,330,368,82,3.77337598800659,2993,2140,11467,0,0,0,0,158,330,368,82,3.77337598800659,5,102,52,50.6923065185547,801,1,1,"291609728489998"
"5d0e7579-6cee-49a4-8036-3ba26d9c564c","MBB_BAU",2031,70,1426,167,334,378,84,4.62841463088989,3244,2381,13014,0,0,0,0,167,334,378,84,4.62841463088989,5,100,63,50.6571426391602,801,1,1,"291609728489998"
"5d0e7579-6cee-49a4-8036-3ba26d9c564c","MBB_BAU",2036,75,1055,172,330,377,86,5.46149730682373,3428,2523,14258,16,465,346,1954,155,305,353,84,5.23372650146484,5,113,37,49.7333335876465,801,1,1,"291609728489998"
"5d0e7579-6cee-49a4-8036-3ba26d9c564c","MBB_BAU",2041,80,899,170,324,369,85,5.89556694030762,3340,2492,13977,8,280,213,1196,161,310,355,84,5.75302696228027,5,103,53,51.3375015258789,801,1,1,"291609728489998"
"5d0e7579-6cee-49a4-8036-3ba26d9c564c","MBB_BAU",2046,85,736,173,323,362,85,6.56547212600708,3311,2417,14230,0,0,0,0,173,323,362,85,6.56547212600708,0,0,0,47.9764709472656,801,1,1,"291609728489998"
"43dfa4fc-7f31-446e-b034-43ea4d62d764","MBB_BAU",2015,60,2301,89,180,217,77,2.66337609291077,1697,821,4098,0,0,0,0,89,180,217,77,2.66337609291077,5,70,4,28.283332824707,520,2,2,"291609162489998"
"43dfa4fc-7f31-446e-b034-43ea4d62d764","MBB_BAU",2020,65,2198,110,232,277,83,3.02563667297363,2027,1033,5162,4,91,51,254,106,226,271,82,2.98118758201599,5,85,10,31.1846160888672,520,1,2,"291609162489998"
"43dfa4fc-7f31-446e-b034-43ea4d62d764","MBB_BAU",2025,70,1976,133,295,370,85,3.51705837249756,2312,1248,6345,0,0,0,0,133,295,370,85,3.51705837249756,5,73,23,34.3285713195801,520,1,1,"291609162489998"
"43dfa4fc-7f31-446e-b034-43ea4d62d764","MBB_BAU",2030,75,1606,151,329,437,88,4.15105485916138,2564,1598,8251,0,0,0,0,151,329,437,88,4.15105485916138,5,84,32,35.4000015258789,520,1,1,"291609162489998"
"43dfa4fc-7f31-446e-b034-43ea4d62d764","MBB_BAU",2035,80,1225,158,331,460,91,4.87065553665161,2826,1819,9624,0,0,0,0,158,331,460,91,4.87065553665161,5,86,35,36.4625015258789,520,1,1,"291609162489998"
"43dfa4fc-7f31-446e-b034-43ea4d62d764","MBB_BAU",2040,85,967,163,328,466,93,5.55355167388916,3082,2084,11119,0,0,0,0,163,328,466,93,5.55355167388916,5,115,31,37.3294105529785,520,1,1,"291609162489998"
"43dfa4fc-7f31-446e-b034-43ea4d62d764","MBB_BAU",2045,90,820,166,324,463,94,6.08796739578247,3503,2284,12434,0,0,0,0,166,324,463,94,6.08796739578247,0,0,0,39.9333343505859,520,1,1,"291609162489998"
"5f0e8645-61c4-4106-b4b6-ca05930482dd","MBB_BAU",2015,69,357,68,130,144,82,5.90719890594482,1556,735,3462,0,0,0,0,68,130,144,82,5.90719890594482,5,53,6,22.550724029541,801,2,3,"291609308489998"
"5f0e8645-61c4-4106-b4b6-ca05930482dd","MBB_BAU",2020,74,347,77,145,158,82,6.38216781616211,1795,926,4442,0,0,0,0,77,145,158,82,6.38216781616211,5,60,6,24.2567558288574,801,2,2,"291609308489998"
"5f0e8645-61c4-4106-b4b6-ca05930482dd","MBB_BAU",2025,79,338,88,162,174,82,6.89664459228516,2062,1069,5231,0,0,0,0,88,162,174,82,6.89664459228516,5,81,7,26.1012649536133,801,2,2,"291609308489998"
"5f0e8645-61c4-4106-b4b6-ca05930482dd","MBB_BAU",2030,84,329,100,183,195,83,7.47914791107178,2429,1219,6205,27,593,322,1637,79,147,159,83,6.92204809188843,5,69,7,28.9166660308838,801,1,2,"291609308489998"
"5f0e8645-61c4-4106-b4b6-ca05930482dd","MBB_BAU",2035,89,314,89,163,173,84,7.22086763381958,2149,1109,5721,0,0,0,0,89,163,173,84,7.22086763381958,5,77,7,30.808988571167,801,1,2,"291609308489998"
"5f0e8645-61c4-4106-b4b6-ca05930482dd","MBB_BAU",2040,94,305,101,178,188,85,7.77192974090576,2499,1276,6825,22,589,327,1748,80,145,156,83,7.18064594268799,5,58,6,32.8936157226562,801,1,2,"291609308489998"
"5f0e8645-61c4-4106-b4b6-ca05930482dd","MBB_BAU",2045,99,292,89,160,170,85,7.49319171905518,2171,1329,7118,0,0,0,0,89,160,170,85,7.49319171905518,0,0,0,27.9191913604736,801,1,2,"291609308489998"
"0157c8e0-16c7-43e8-a005-7bf43824d81c","MBB_BAU",2016,60,7740,64,149,155,66,1.22821164131165,833,169,684,0,0,0,0,64,149,155,66,1.22821164131165,5,35,6,13.8833332061768,503,2,3,"291609223489998"
"0157c8e0-16c7-43e8-a005-7bf43824d81c","MBB_BAU",2021,65,6553,94,265,245,72,1.62434685230255,980,480,2031,0,0,0,0,94,265,245,72,1.62434685230255,5,40,22,15.0769233703613,503,1,2,"291609223489998"
"0157c8e0-16c7-43e8-a005-7bf43824d81c","MBB_BAU",2026,70,3078,114,307,323,76,2.61003112792969,1071,669,2857,0,0,0,0,114,307,323,76,2.61003112792969,5,37,14,15.3000001907349,503,1,2,"291609223489998"
"0157c8e0-16c7-43e8-a005-7bf43824d81c","MBB_BAU",2031,75,2004,122,310,356,80,3.34746217727661,1188,752,3343,0,0,0,0,122,310,356,80,3.34746217727661,5,58,12,15.8400001525879,503,3,2,"291609223489998"
"0157c8e0-16c7-43e8-a005-7bf43824d81c","MBB_BAU",2036,80,1492,129,310,368,83,3.98272943496704,1415,851,3952,0,0,0,0,129,310,368,83,3.98272943496704,5,49,8,17.6875,801,3,1,"291609223489998"
"0157c8e0-16c7-43e8-a005-7bf43824d81c","MBB_BAU",2041,85,1299,137,318,376,87,4.40449953079224,1619,1013,4726,0,0,0,0,137,318,376,87,4.40449953079224,5,56,10,19.0470581054688,503,3,1,"291609223489998"
"0157c8e0-16c7-43e8-a005-7bf43824d81c","MBB_BAU",2046,90,1132,142,319,375,90,4.79700326919556,1850,1149,5737,0,0,0,0,142,319,375,90,4.79700326919556,0,0,0,20.5555553436279,503,3,1,"291609223489998"
"6aed06cd-2212-463e-b212-b1ce2a218b95","MBB_BAU",2015,54,4776,103,206,253,83,1.98449242115021,2068,1345,6534,10,254,180,876,93,191,236,82,1.89208781719208,5,53,13,38.2962951660156,520,1,2,"291609758489998"
"6aed06cd-2212-463e-b212-b1ce2a218b95","MBB_BAU",2020,59,4262,112,242,295,82,2.1961784362793,2013,1303,6660,0,0,0,0,112,242,295,82,2.1961784362793,5,49,19,38.4237289428711,503,1,2,"291609758489998"
"6aed06cd-2212-463e-b212-b1ce2a218b95","MBB_BAU",2025,64,3584,138,323,394,82,2.6614191532135,2160,1483,7454,0,0,0,0,138,323,394,82,2.6614191532135,5,44,49,37.71875,503,1,2,"291609758489998"
"6aed06cd-2212-463e-b212-b1ce2a218b95","MBB_BAU",2030,69,2253,143,324,418,82,3.40991616249084,2132,1571,8004,0,0,0,0,143,324,418,82,3.40991616249084,5,53,34,34.5797119140625,520,1,1,"291609758489998"
"6aed06cd-2212-463e-b212-b1ce2a218b95","MBB_BAU",2035,74,1657,147,322,433,83,4.03140544891357,2224,1717,8833,0,0,0,0,147,322,433,83,4.03140544891357,5,60,26,33.4864883422852,520,1,1,"291609758489998"
"6aed06cd-2212-463e-b212-b1ce2a218b95","MBB_BAU",2040,79,1344,151,320,440,83,4.53120279312134,2393,1817,9621,0,0,0,0,151,320,440,83,4.53120279312134,5,80,29,33.5063285827637,520,1,1,"291609758489998"
"6aed06cd-2212-463e-b212-b1ce2a218b95","MBB_BAU",2045,84,1107,155,319,445,84,5.07416296005249,2647,1917,10439,0,0,0,0,155,319,445,84,5.07416296005249,0,0,0,34.5357131958008,520,1,1,"291609758489998"
"7341ce34-0d60-441d-b0c8-d07df19271d0","MBB_BAU",2017,66,258,88,144,155,74,7.88696336746216,2063,1378,7656,0,0,0,0,88,144,155,74,7.88696336746216,5,64,6,31.2575759887695,801,1,2,"433077630489998"
"7341ce34-0d60-441d-b0c8-d07df19271d0","MBB_BAU",2022,71,251,99,161,172,76,8.48303413391113,2354,1646,9057,21,654,489,2691,74,124,135,72,7.65229749679565,5,48,5,33.1549301147461,801,1,2,"433077630489998"
"7341ce34-0d60-441d-b0c8-d07df19271d0","MBB_BAU",2027,76,240,82,137,147,75,7.92011308670044,1913,1294,7343,0,0,0,0,82,137,147,75,7.92011308670044,5,55,6,33.7763175964355,801,1,2,"433077630489998"
"7341ce34-0d60-441d-b0c8-d07df19271d0","MBB_BAU",2032,81,233,93,154,164,77,8.56210613250732,2159,1607,8906,18,592,453,2509,71,122,132,73,7.7894401550293,5,61,5,34.7283935546875,801,1,2,"433077630489998"
"7341ce34-0d60-441d-b0c8-d07df19271d0","MBB_BAU",2037,86,223,80,135,144,76,8.12277412414551,1848,1364,7683,0,0,0,0,80,135,144,76,8.12277412414551,5,72,5,35.9767456054688,801,1,2,"433077630489998"
"7341ce34-0d60-441d-b0c8-d07df19271d0","MBB_BAU",2042,91,217,89,148,156,78,8.68158721923828,2182,1614,9057,0,0,0,0,89,148,156,78,8.68158721923828,5,72,7,37.6703300476074,801,1,2,"433077630489998"
"7341ce34-0d60-441d-b0c8-d07df19271d0","MBB_BAU",2047,96,211,99,163,170,80,9.29387950897217,2511,1897,10809,0,0,0,0,99,163,170,80,9.29387950897217,0,0,0,39.1354179382324,801,1,2,"433077630489998"
"7bf537e1-ca71-4036-bb57-5c651a5805cd","MBB_BAU",2019,61,3600,111,193,236,80,2.38078427314758,2626,1830,10194,14,464,366,2041,95,168,211,77,2.19906783103943,5,51,10,43.0491790771484,520,1,2,"495155336126144"
"7bf537e1-ca71-4036-bb57-5c651a5805cd","MBB_BAU",2024,66,3432,107,209,251,79,2.39488530158997,2365,1594,9031,7,223,173,979,100,198,240,77,2.30813431739807,5,63,26,42.8636360168457,520,1,2,"495155336126144"
"7bf537e1-ca71-4036-bb57-5c651a5805cd","MBB_BAU",2029,71,2956,121,271,344,80,2.74309039115906,2328,1495,8469,2,47,33,188,120,268,341,79,2.72512912750244,5,57,41,42.4647903442383,520,1,2,"495155336126144"
"7bf537e1-ca71-4036-bb57-5c651a5805cd","MBB_BAU",2034,76,2315,137,312,434,80,3.29708743095398,2364,1522,8777,0,0,0,0,137,312,434,80,3.29708743095398,5,43,55,40.7631568908691,520,1,2,"495155336126144"
"7bf537e1-ca71-4036-bb57-5c651a5805cd","MBB_BAU",2039,81,1640,137,302,448,81,3.92024874687195,2303,1554,9131,0,0,0,0,137,302,448,81,3.92024874687195,5,53,42,37.4938278198242,520,1,1,"495155336126144"
"7bf537e1-ca71-4036-bb57-5c651a5805cd","MBB_BAU",2044,86,1289,142,303,467,82,4.49864196777344,2357,1601,9471,0,0,0,0,142,303,467,82,4.49864196777344,5,42,19,35.9418601989746,520,1,1,"495155336126144"
"7bf537e1-ca71-4036-bb57-5c651a5805cd","MBB_BAU",2049,91,1146,149,310,487,85,4.87355899810791,2473,1727,10216,0,0,0,0,149,310,487,85,4.87355899810791,0,0,0,35.241756439209,520,1,1,"495155336126144"
"7400de13-ea40-4e24-b49f-66dfae61734c","MBB_BAU",2019,75,1515,55,105,139,83,2.57085728645325,1321,686,3842,0,0,0,0,55,105,139,83,2.57085728645325,5,33,3,17.6133327484131,997,1,3,"495155347126144"
"7400de13-ea40-4e24-b49f-66dfae61734c","MBB_BAU",2024,80,1473,70,148,201,86,2.94725584983826,1475,748,4175,0,0,0,0,70,148,201,86,2.94725584983826,5,37,3,18.4375,997,1,3,"495155347126144"
"7400de13-ea40-4e24-b49f-66dfae61734c","MBB_BAU",2029,85,1433,92,208,298,89,3.43056058883667,1648,826,4747,0,0,0,0,92,208,298,89,3.43056058883667,5,34,10,19.3882350921631,997,1,2,"495155347126144"
"7400de13-ea40-4e24-b49f-66dfae61734c","MBB_BAU",2034,90,1287,109,247,382,91,3.94280004501343,1766,998,5572,0,0,0,0,109,247,382,91,3.94280004501343,5,36,9,19.6222229003906,997,1,2,"495155347126144"
"7400de13-ea40-4e24-b49f-66dfae61734c","MBB_BAU",2039,95,1185,124,276,449,93,4.37480640411377,1903,1076,5954,0,0,0,0,124,276,449,93,4.37480640411377,5,60,9,20.0315780639648,997,1,2,"495155347126144"
"7400de13-ea40-4e24-b49f-66dfae61734c","MBB_BAU",2044,100,1094,141,309,538,95,4.85675048828125,2156,1196,6690,0,0,0,0,141,309,538,95,4.85675048828125,5,47,12,21.5599994659424,997,3,1,"495155347126144"
"7400de13-ea40-4e24-b49f-66dfae61734c","MBB_BAU",2049,105,1002,146,314,557,97,5.16713285446167,2334,1325,7457,0,0,0,0,146,314,557,97,5.16713285446167,0,0,0,22.2285709381104,997,1,1,"495155347126144"
"022c7804-360e-4350-a106-6a23869552e2","MBB_BAU",2019,75,2139,117,183,199,92,3.16029453277588,3479,2695,14730,27,1157,933,5101,79,128,143,87,2.62674355506897,5,43,4,46.3866653442383,997,1,2,"495155369126144"
"022c7804-360e-4350-a106-6a23869552e2","MBB_BAU",2024,80,2120,88,153,165,90,2.7608757019043,2515,1975,10925,0,0,0,0,88,153,165,90,2.7608757019043,5,48,4,45.9000015258789,997,1,2,"495155369126144"
"022c7804-360e-4350-a106-6a23869552e2","MBB_BAU",2029,85,2070,109,217,250,92,3.10973358154297,2737,2190,12199,12,532,443,2470,93,192,225,86,2.87174534797668,5,36,11,45.8117637634277,997,1,2,"495155369126144"
"022c7804-360e-4350-a106-6a23869552e2","MBB_BAU",2034,90,1910,115,251,328,88,3.31888389587402,2329,1904,10695,0,0,0,0,115,251,328,88,3.31888389587402,5,38,9,44.6444435119629,997,1,2,"495155369126144"
"022c7804-360e-4350-a106-6a23869552e2","MBB_BAU",2039,95,1766,135,298,422,90,3.74176907539368,2475,2024,11484,0,0,0,0,135,298,422,90,3.74176907539368,5,38,12,43.8315773010254,997,1,2,"495155369126144"
"022c7804-360e-4350-a106-6a23869552e2","MBB_BAU",2044,100,1588,150,327,492,91,4.15926742553711,2603,2122,12105,0,0,0,0,150,327,492,91,4.15926742553711,5,45,36,42.9199981689453,997,1,1,"495155369126144"
"022c7804-360e-4350-a106-6a23869552e2","MBB_BAU",2049,105,1197,152,320,509,92,4.82774257659912,2649,2168,12621,0,0,0,0,152,320,509,92,4.82774257659912,0,0,0,41.3142852783203,997,1,1,"495155369126144"
"6c5b1bd0-bb80-4db8-b556-0e9934a014ff","MBB_BAU",2017,65,4029,128,241,267,77,2.41650581359863,2617,1124,5166,36,600,281,1291,103,197,222,73,2.17118096351624,5,77,11,40.2615394592285,706,2,1,"433077406489998"
"6c5b1bd0-bb80-4db8-b556-0e9934a014ff","MBB_BAU",2022,70,3671,121,249,267,74,2.4540331363678,2348,930,4395,14,264,122,577,110,230,248,73,2.34443926811218,5,81,18,42.1142845153809,706,1,2,"433077406489998"
"6c5b1bd0-bb80-4db8-b556-0e9934a014ff","MBB_BAU",2027,75,3155,142,325,354,74,2.87288880348206,2398,1123,5462,0,0,0,0,142,325,354,74,2.87288880348206,5,75,54,43.4933319091797,706,1,1,"433077406489998"
"6c5b1bd0-bb80-4db8-b556-0e9934a014ff","MBB_BAU",2032,80,1956,150,330,377,78,3.74886322021484,2503,1500,7132,0,0,0,0,150,330,377,78,3.74886322021484,5,69,44,42.0875015258789,520,1,1,"433077406489998"
"6c5b1bd0-bb80-4db8-b556-0e9934a014ff","MBB_BAU",2037,85,1393,155,328,389,80,4.51609897613525,2628,1676,8296,0,0,0,0,155,328,389,80,4.51609897613525,5,63,41,41.0823516845703,520,1,1,"433077406489998"
"6c5b1bd0-bb80-4db8-b556-0e9934a014ff","MBB_BAU",2042,90,1048,161,326,389,82,5.30047369003296,2738,1832,9230,6,142,97,491,155,318,380,81,5.2253680229187,5,55,22,40.0222206115723,520,1,1,"433077406489998"
"6c5b1bd0-bb80-4db8-b556-0e9934a014ff","MBB_BAU",2047,95,912,162,322,382,84,5.70034742355347,2762,1869,9776,0,0,0,0,162,322,382,84,5.70034742355347,0,0,0,38.1684226989746,520,1,1,"433077406489998"
"9802464a-ae0f-461b-928f-23b7edc69580","MBB_BAU",2020,50,1668,93,165,163,94,3.19654703140259,2696,1637,7728,18,522,384,1815,76,137,136,92,2.9032666683197,5,103,2,53.9199981689453,805,1,2,"657096828126144"
"9802464a-ae0f-461b-928f-23b7edc69580","MBB_BAU",2025,55,1636,104,207,198,94,3.40700435638428,2678,1414,7104,11,308,196,982,94,191,183,94,3.2502498626709,5,89,13,58.1818199157715,801,1,2,"657096828126144"
"9802464a-ae0f-461b-928f-23b7edc69580","MBB_BAU",2030,60,1467,127,270,273,94,3.98270750045776,2751,1445,7271,8,210,118,594,120,259,263,93,3.88611245155334,5,67,11,59.6833343505859,503,1,2,"657096828126144"
"9802464a-ae0f-461b-928f-23b7edc69580","MBB_BAU",2035,65,1335,142,303,322,94,4.41974306106567,2822,1597,8226,0,0,0,0,142,303,322,94,4.41974306106567,5,72,8,59.4153861999512,520,1,1,"657096828126144"
"9802464a-ae0f-461b-928f-23b7edc69580","MBB_BAU",2040,70,1254,160,335,361,96,4.84277725219727,3143,1900,9858,0,0,0,0,160,335,361,96,4.84277725219727,5,77,9,59.7571411132812,520,1,1,"657096828126144"
"9802464a-ae0f-461b-928f-23b7edc69580","MBB_BAU",2045,75,1176,178,364,404,97,5.2733416557312,3485,2170,11125,0,0,0,0,178,364,404,97,5.2733416557312,5,106,24,60.3333320617676,520,1,1,"657096828126144"
"9802464a-ae0f-461b-928f-23b7edc69580","MBB_BAU",2050,80,1007,185,366,403,98,5.80233287811279,3894,2542,13230,0,0,0,0,185,366,403,98,5.80233287811279,0,0,0,61.6749992370605,520,1,1,"657096828126144"
"442abe99-e763-4a76-8ce9-0cec5d2e8ef9","MBB_BAU",2020,65,6420,66,145,163,70,1.3717577457428,1036,241,1225,0,0,0,0,66,145,163,70,1.3717577457428,5,77,5,15.9384613037109,801,2,3,"657096860126144"
"442abe99-e763-4a76-8ce9-0cec5d2e8ef9","MBB_BAU",2025,70,5517,102,262,278,70,1.83859598636627,1394,373,1796,0,0,0,0,102,262,278,70,1.83859598636627,5,74,23,19.91428565979,801,2,2,"657096860126144"
"442abe99-e763-4a76-8ce9-0cec5d2e8ef9","MBB_BAU",2030,75,2885,127,319,374,76,2.84451675415039,1651,516,2484,0,0,0,0,127,319,374,76,2.84451675415039,5,53,20,22.013334274292,503,2,2,"657096860126144"
"442abe99-e763-4a76-8ce9-0cec5d2e8ef9","MBB_BAU",2035,80,1790,134,317,394,79,3.70097422599792,1815,603,2944,0,0,0,0,134,317,394,79,3.70097422599792,5,50,16,22.6875,503,2,1,"657096860126144"
"442abe99-e763-4a76-8ce9-0cec5d2e8ef9","MBB_BAU",2040,85,1288,139,314,403,82,4.45235872268677,1989,652,3219,0,0,0,0,139,314,403,82,4.45235872268677,5,68,11,23.3999996185303,503,2,1,"657096860126144"
"442abe99-e763-4a76-8ce9-0cec5d2e8ef9","MBB_BAU",2045,90,1050,144,311,396,86,5.01660490036011,2271,893,4261,0,0,0,0,144,311,396,86,5.01660490036011,5,88,14,25.2333335876465,801,2,1,"657096860126144"
"442abe99-e763-4a76-8ce9-0cec5d2e8ef9","MBB_BAU",2050,95,859,151,312,392,89,5.68015766143799,2644,1116,5358,0,0,0,0,151,312,392,89,5.68015766143799,0,0,0,27.831579208374,801,1,1,"657096860126144"
"69a1fef8-6327-4756-8ecd-3817497f5a4e","MBB_BAU",2019,72,7200,122,230,234,92,1.76508617401123,3123,1898,8934,27,727,472,2219,98,190,194,91,1.58340740203857,5,57,28,43.375,503,1,2,"657096862126144"
"69a1fef8-6327-4756-8ecd-3817497f5a4e","MBB_BAU",2024,77,6075,117,269,264,93,1.87979638576508,2540,1558,7884,7,215,141,712,110,258,253,92,1.82400822639465,5,44,66,42.4285697937012,520,1,2,"657096862126144"
"69a1fef8-6327-4756-8ecd-3817497f5a4e","MBB_BAU",2029,82,3523,129,318,375,94,2.58718585968018,2213,1566,7906,0,0,0,0,129,318,375,94,2.58718585968018,5,40,50,38.4756088256836,520,1,2,"657096862126144"
"69a1fef8-6327-4756-8ecd-3817497f5a4e","MBB_BAU",2034,87,2161,134,318,414,94,3.37258219718933,2159,1739,8751,0,0,0,0,134,318,414,94,3.37258219718933,5,44,38,35.6436767578125,520,1,2,"657096862126144"
"69a1fef8-6327-4756-8ecd-3817497f5a4e","MBB_BAU",2039,92,1558,138,314,426,95,4.0321626663208,2190,1796,9395,0,0,0,0,138,314,426,95,4.0321626663208,5,46,30,34.0434799194336,520,1,1,"657096862126144"
"69a1fef8-6327-4756-8ecd-3817497f5a4e","MBB_BAU",2044,97,1215,142,312,433,97,4.63160991668701,2269,1829,9729,0,0,0,0,142,312,433,97,4.63160991668701,5,44,22,33.1030921936035,520,3,1,"657096862126144"
"69a1fef8-6327-4756-8ecd-3817497f5a4e","MBB_BAU",2049,102,1020,146,311,425,98,5.13196802139282,2379,1913,10254,0,0,0,0,146,311,425,98,5.13196802139282,0,0,0,32.5588226318359,520,3,1,"657096862126144"
"666c753b-9f72-4b02-8556-1ddde52400c8","MBB_BAU",2021,50,5289,105,184,205,84,1.90773868560791,2627,2036,10614,19,669,542,2825,82,150,171,80,1.6904833316803,5,51,7,52.5400009155273,503,1,2,"657096938126144"
"666c753b-9f72-4b02-8556-1ddde52400c8","MBB_BAU",2026,55,5065,99,205,221,83,1.88878405094147,2174,1755,9253,7,267,231,1216,90,192,208,81,1.80223309993744,5,45,29,51.6909103393555,503,1,2,"657096938126144"
"666c753b-9f72-4b02-8556-1ddde52400c8","MBB_BAU",2031,60,4028,113,273,328,82,2.26946949958801,1988,1614,8791,0,0,0,0,113,273,328,82,2.26946949958801,5,50,39,48.7333335876465,520,1,2,"657096938126144"
"666c753b-9f72-4b02-8556-1ddde52400c8","MBB_BAU",2036,65,2886,131,315,435,80,2.8826847076416,2045,1703,9601,0,0,0,0,131,315,435,80,2.8826847076416,5,56,40,45.8615379333496,520,1,2,"657096938126144"
"666c753b-9f72-4b02-8556-1ddde52400c8","MBB_BAU",2041,70,2017,133,306,460,79,3.47874689102173,2123,1757,10073,0,0,0,0,133,306,460,79,3.47874689102173,5,48,27,43.7000007629395,520,1,2,"657096938126144"
"666c753b-9f72-4b02-8556-1ddde52400c8","MBB_BAU",2046,75,1638,143,317,509,81,3.99523758888245,2227,1860,10887,0,0,0,0,143,317,509,81,3.99523758888245,5,35,40,42.1733322143555,520,1,1,"657096938126144"
"666c753b-9f72-4b02-8556-1ddde52400c8","MBB_BAU",2051,80,1217,145,309,535,82,4.66839694976807,2204,1863,11018,0,0,0,0,145,309,535,82,4.66839694976807,0,0,0,39.25,520,3,1,"657096938126144"
"cb252443-1c51-46dd-81c5-5abffef95fab","MBB_BAU",2020,65,2577,77,153,167,82,2.33674645423889,1429,960,4386,0,0,0,0,77,153,167,82,2.33674645423889,5,105,2,21.9846153259277,801,1,2,"657096813126144"
"cb252443-1c51-46dd-81c5-5abffef95fab","MBB_BAU",2025,70,2437,105,220,230,84,2.80678582191467,1942,1238,6049,1,26,19,93,104,219,229,84,2.79416561126709,5,131,10,27.7428569793701,801,1,2,"657096813126144"
"cb252443-1c51-46dd-81c5-5abffef95fab","MBB_BAU",2030,75,1885,146,313,344,86,3.7627432346344,2517,1660,8341,0,0,0,0,146,313,344,86,3.7627432346344,5,122,18,33.906665802002,801,1,1,"657096813126144"
"cb252443-1c51-46dd-81c5-5abffef95fab","MBB_BAU",2035,80,1302,159,322,358,88,4.73604106903076,3035,2026,10500,0,0,0,0,159,322,358,88,4.73604106903076,5,142,27,38.2625007629395,801,1,1,"657096813126144"
"cb252443-1c51-46dd-81c5-5abffef95fab","MBB_BAU",2040,85,885,171,323,359,90,5.9573221206665,3611,2450,13012,0,0,0,0,171,323,359,90,5.9573221206665,5,148,50,42.7882347106934,801,1,1,"657096813126144"
"cb252443-1c51-46dd-81c5-5abffef95fab","MBB_BAU",2045,90,505,171,295,317,92,7.86982536315918,4098,2733,14934,58,1303,879,4801,122,218,239,85,7.07595539093018,5,129,6,45.8222236633301,801,1,1,"657096813126144"
"cb252443-1c51-46dd-81c5-5abffef95fab","MBB_BAU",2050,95,464,144,247,269,87,7.53394031524658,3410,2281,12806,0,0,0,0,144,247,269,87,7.53394031524658,0,0,0,36.1684226989746,801,1,1,"657096813126144"
"b2726ab4-76c5-4d9c-84dc-7d0d4a7860a8","MBB_BAU",2021,55,1419,81,149,157,81,3.23321485519409,1939,728,3288,0,0,0,0,81,149,157,81,3.23321485519409,5,78,2,35.2545471191406,801,2,2,"749041327290487"
"b2726ab4-76c5-4d9c-84dc-7d0d4a7860a8","MBB_BAU",2026,60,1389,99,190,192,82,3.61084151268005,2322,1104,5037,33,628,316,1444,75,149,152,79,3.18313217163086,5,72,2,38.7000007629395,801,1,2,"749041327290487"
"b2726ab4-76c5-4d9c-84dc-7d0d4a7860a8","MBB_BAU",2031,65,1331,102,215,219,82,3.75285696983337,2044,1260,5963,9,220,147,696,94,202,206,81,3.61363005638123,5,66,7,41.1076927185059,801,1,2,"749041327290487"
"b2726ab4-76c5-4d9c-84dc-7d0d4a7860a8","MBB_BAU",2036,70,1157,116,245,260,83,4.28002882003784,2118,1311,6295,4,109,71,341,112,239,254,83,4.2138876914978,5,68,5,42.3714294433594,801,1,2,"749041327290487"
"b2726ab4-76c5-4d9c-84dc-7d0d4a7860a8","MBB_BAU",2041,75,1062,131,272,297,85,4.75244522094727,2328,1592,7792,2,57,40,196,129,269,293,85,4.72003698348999,5,90,5,43.7999992370605,801,1,1,"749041327290487"
"b2726ab4-76c5-4d9c-84dc-7d0d4a7860a8","MBB_BAU",2046,80,971,149,304,333,87,5.30486392974854,2694,1936,9729,0,11,8,41,149,303,332,87,5.2991213798523,5,89,6,46.3499984741211,801,1,1,"749041327290487"
"b2726ab4-76c5-4d9c-84dc-7d0d4a7860a8","MBB_BAU",2051,85,896,165,326,358,88,5.80782413482666,3098,2187,11293,0,0,0,0,165,326,358,88,5.80782413482666,0,0,0,48.3764724731445,801,1,1,"749041327290487"
"e8d93fc3-5436-42e7-9307-11359f0c56ea","MBB_BAU",2017,71,4083,145,234,259,98,2.55001544952393,4171,3483,19212,32,1359,1147,6325,102,171,197,94,2.15018463134766,5,81,7,58.7464790344238,801,1,1,"433077683489998"
"e8d93fc3-5436-42e7-9307-11359f0c56ea","MBB_BAU",2022,76,3916,122,227,254,97,2.39276623725891,3184,2661,14958,15,737,627,3523,100,194,222,92,2.16445875167847,5,81,22,59.7763175964355,801,1,2,"433077683489998"
"e8d93fc3-5436-42e7-9307-11359f0c56ea","MBB_BAU",2027,81,3223,140,314,385,93,2.81805682182312,2738,2217,12704,0,0,0,0,140,314,385,93,2.81805682182312,5,80,48,59.679012298584,801,1,2,"433077683489998"
"e8d93fc3-5436-42e7-9307-11359f0c56ea","MBB_BAU",2032,86,1997,154,334,431,93,3.76066279411316,2898,2355,13654,0,0,0,0,154,334,431,93,3.76066279411316,5,52,35,58.069766998291,801,1,1,"433077683489998"
"e8d93fc3-5436-42e7-9307-11359f0c56ea","MBB_BAU",2037,91,1460,159,331,438,94,4.47046232223511,2985,2475,14576,0,0,0,0,159,331,438,94,4.47046232223511,5,53,30,55.8351631164551,801,1,1,"433077683489998"
"e8d93fc3-5436-42e7-9307-11359f0c56ea","MBB_BAU",2042,96,1131,165,329,432,92,5.16990232467651,3101,2581,15343,0,0,0,0,165,329,432,92,5.16990232467651,5,57,24,54.1354179382324,520,1,1,"433077683489998"
"e8d93fc3-5436-42e7-9307-11359f0c56ea","MBB_BAU",2047,101,935,171,328,423,91,5.78452730178833,3264,2715,16570,0,0,0,0,171,328,423,91,5.78452730178833,0,0,0,53.0693054199219,520,1,1,"433077683489998"
"83111821-e4dd-4b6d-959d-281035b28aee","MBB_BAU",2017,59,10107,122,235,268,90,1.4881763458252,2751,1700,8442,18,495,323,1606,105,207,239,87,1.38059234619141,5,61,6,46.6271171569824,801,1,1,"433077373489998"
"83111821-e4dd-4b6d-959d-281035b28aee","MBB_BAU",2022,64,9196,121,272,293,88,1.55239617824554,2532,1549,7741,4,114,78,392,117,265,287,88,1.52765488624573,5,51,40,47.296875,801,1,2,"433077373489998"
"83111821-e4dd-4b6d-959d-281035b28aee","MBB_BAU",2027,69,5035,133,320,355,89,2.20028042793274,2472,1620,8091,0,0,0,0,133,320,355,89,2.20028042793274,5,44,41,44.652172088623,801,1,2,"433077373489998"
"83111821-e4dd-4b6d-959d-281035b28aee","MBB_BAU",2032,74,2724,139,320,378,90,3.05801749229431,2488,1676,8668,0,0,0,0,139,320,378,90,3.05801749229431,5,49,24,41.8513526916504,801,1,1,"433077373489998"
"83111821-e4dd-4b6d-959d-281035b28aee","MBB_BAU",2037,79,1914,143,316,386,91,3.70232391357422,2609,1741,9180,0,0,0,0,143,316,386,91,3.70232391357422,5,48,19,40.7341766357422,801,1,1,"433077373489998"
"83111821-e4dd-4b6d-959d-281035b28aee","MBB_BAU",2042,84,1479,148,314,389,92,4.27843427658081,2751,1885,9852,0,0,0,0,148,314,389,92,4.27843427658081,5,50,17,40,801,1,1,"433077373489998"
"83111821-e4dd-4b6d-959d-281035b28aee","MBB_BAU",2047,89,1210,152,313,386,94,4.80384492874146,2918,2008,10658,0,0,0,0,152,313,386,94,4.80384492874146,0,0,0,39.6292152404785,801,1,1,"433077373489998"
"c6ab49fe-4918-492d-9b6a-e293cd796740","MBB_BAU",2017,67,2574,113,195,189,89,2.83615517616272,3182,1610,7830,42,979,534,2596,79,139,137,88,2.39640688896179,5,44,4,47.4925384521484,801,1,2,"433077376489998"
"c6ab49fe-4918-492d-9b6a-e293cd796740","MBB_BAU",2022,72,2522,89,170,160,90,2.54163980484009,2403,1253,6219,0,0,0,0,89,170,160,90,2.54163980484009,5,48,18,46.9722213745117,801,1,2,"433077376489998"
"c6ab49fe-4918-492d-9b6a-e293cd796740","MBB_BAU",2027,77,2234,115,253,261,92,3.07462692260742,2553,1426,7121,8,222,137,683,108,241,250,91,2.98062515258789,5,45,18,45.8701286315918,801,1,2,"433077376489998"
"c6ab49fe-4918-492d-9b6a-e293cd796740","MBB_BAU",2032,82,1911,135,308,356,93,3.59847187995911,2470,1461,7390,0,0,0,0,135,308,356,93,3.59847187995911,5,39,25,44.7682914733887,503,1,2,"433077376489998"
"c6ab49fe-4918-492d-9b6a-e293cd796740","MBB_BAU",2037,87,1476,144,320,392,95,4.23336935043335,2538,1655,8428,0,0,0,0,144,320,392,95,4.23336935043335,5,44,28,42.9770126342773,503,1,1,"433077376489998"
"c6ab49fe-4918-492d-9b6a-e293cd796740","MBB_BAU",2042,92,1100,150,318,395,96,4.99323034286499,2620,1744,9035,0,0,0,0,150,318,395,96,4.99323034286499,5,45,17,41.5326080322266,997,1,1,"433077376489998"
"c6ab49fe-4918-492d-9b6a-e293cd796740","MBB_BAU",2047,97,924,153,316,390,98,5.51444911956787,2760,1888,9787,0,0,0,0,153,316,390,98,5.51444911956787,0,0,0,40.8350524902344,997,1,1,"433077376489998"
"108124d1-48d2-452b-a6cb-fc1a37a3f273","MBB_BAU",2017,77,2238,148,236,244,93,3.4869921207428,4249,3236,17250,35,1402,1100,5864,103,167,177,88,2.92128133773804,5,73,1,55.1818199157715,520,1,1,"433077383489998"
"108124d1-48d2-452b-a6cb-fc1a37a3f273","MBB_BAU",2022,82,2241,117,207,208,91,3.09430718421936,3209,2496,13661,18,840,685,3751,90,168,170,87,2.73160266876221,5,53,6,56.2317085266113,520,1,2,"433077383489998"
"108124d1-48d2-452b-a6cb-fc1a37a3f273","MBB_BAU",2027,87,2073,118,249,268,90,3.23412561416626,2607,2005,11343,2,115,95,540,115,244,263,90,3.18701982498169,5,54,5,55.7356338500977,520,1,2,"433077383489998"
"108124d1-48d2-452b-a6cb-fc1a37a3f273","MBB_BAU",2032,92,1900,141,306,357,93,3.6900429725647,2738,2194,12430,0,0,0,0,141,306,357,93,3.6900429725647,5,53,16,55.3804359436035,520,1,1,"433077383489998"
"108124d1-48d2-452b-a6cb-fc1a37a3f273","MBB_BAU",2037,97,1451,150,314,384,96,4.35858345031738,2926,2362,13598,0,0,0,0,150,314,384,96,4.35858345031738,5,70,17,54.4639167785645,520,1,1,"433077383489998"
"108124d1-48d2-452b-a6cb-fc1a37a3f273","MBB_BAU",2042,102,1131,155,311,391,99,5.01197862625122,3190,2583,14995,0,0,0,0,155,311,391,99,5.01197862625122,5,56,15,54.3823547363281,520,1,1,"433077383489998"
"108124d1-48d2-452b-a6cb-fc1a37a3f273","MBB_BAU",2047,107,953,157,306,388,101,5.50268173217773,3395,2803,16577,0,0,0,0,157,306,388,101,5.50268173217773,0,0,0,53.757007598877,520,1,1,"433077383489998"
"3541782e-21e4-41ba-a165-6c255379424a","MBB_BAU",2017,62,2208,82,151,166,79,2.60525178909302,1877,953,4578,0,0,0,0,82,151,166,79,2.60525178909302,5,58,1,30.2741928100586,801,1,2,"433077581489998"
"3541782e-21e4-41ba-a165-6c255379424a","MBB_BAU",2022,67,2184,102,209,221,81,2.93335485458374,2166,1305,6403,19,432,271,1331,86,182,192,79,2.70413184165955,5,71,6,32.3283576965332,801,1,2,"433077581489998"
"3541782e-21e4-41ba-a165-6c255379424a","MBB_BAU",2027,72,1913,125,278,317,81,3.45759463310242,2057,1284,6357,0,0,0,0,125,278,317,81,3.45759463310242,5,66,4,34.5694427490234,801,1,1,"433077581489998"
"3541782e-21e4-41ba-a165-6c255379424a","MBB_BAU",2032,77,1773,149,330,388,83,3.92418169975281,2369,1525,7607,0,0,0,0,149,330,388,83,3.92418169975281,5,69,12,36.3766250610352,801,1,1,"433077581489998"
"3541782e-21e4-41ba-a165-6c255379424a","MBB_BAU",2037,82,1381,157,334,400,85,4.56999826431274,2655,1791,9092,0,0,0,0,157,334,400,85,4.56999826431274,5,67,13,37.6463432312012,801,1,1,"433077581489998"
"3541782e-21e4-41ba-a165-6c255379424a","MBB_BAU",2042,87,1107,163,332,402,87,5.18941164016724,2928,2059,10553,0,0,0,0,163,332,402,87,5.18941164016724,5,82,11,38.6206893920898,801,1,1,"433077581489998"
"3541782e-21e4-41ba-a165-6c255379424a","MBB_BAU",2047,92,932,167,330,397,89,5.73566436767578,3282,2274,11889,0,0,0,0,167,330,397,89,5.73566436767578,0,0,0,40.3695640563965,801,1,1,"433077581489998"
"1bd2ee7f-557d-40f3-a4ab-4462b1b9013d","MBB_BAU",2022,85,1401,77,139,159,75,3.17212510108948,1734,982,4710,0,0,0,0,77,139,159,75,3.17212510108948,5,115,1,20.3999996185303,801,2,3,"749041179290487"
"1bd2ee7f-557d-40f3-a4ab-4462b1b9013d","MBB_BAU",2027,90,1380,100,180,195,77,3.63661575317383,2303,1258,6508,28,641,370,1913,75,140,152,73,3.18221378326416,5,81,1,25.588888168335,801,1,2,"749041179290487"
"1bd2ee7f-557d-40f3-a4ab-4462b1b9013d","MBB_BAU",2032,95,1353,100,197,214,78,3.68239068984985,2064,1346,6681,14,381,262,1301,86,174,190,76,3.42289185523987,5,77,2,28.4736843109131,801,1,2,"749041179290487"
"1bd2ee7f-557d-40f3-a4ab-4462b1b9013d","MBB_BAU",2037,100,1302,109,221,243,79,3.91064405441284,2059,1579,7941,5,175,143,717,102,211,232,78,3.80006790161133,5,92,5,30.8099994659424,801,1,2,"749041179290487"
"1bd2ee7f-557d-40f3-a4ab-4462b1b9013d","MBB_BAU",2042,105,1199,120,242,268,81,4.28637075424194,2321,1791,9335,6,198,163,850,113,231,257,80,4.16564893722534,5,73,3,33.5047607421875,801,1,2,"749041179290487"
"1bd2ee7f-557d-40f3-a4ab-4462b1b9013d","MBB_BAU",2047,110,1150,129,258,286,82,4.52710676193237,2472,1951,10365,4,137,117,621,124,251,278,82,4.4468731880188,5,79,3,35.1545448303223,801,1,2,"749041179290487"
"1bd2ee7f-557d-40f3-a4ab-4462b1b9013d","MBB_BAU",2052,115,1109,140,277,306,84,4.81577730178833,2715,2158,11682,0,0,0,0,140,277,306,84,4.81577730178833,0,0,0,35.7391319274902,801,1,1,"749041179290487"
"70597e5b-dd1d-4d73-b329-3be0d9ea1c70","MBB_BAU",2020,60,1863,82,152,160,89,2.83939409255981,2113,1045,4770,0,0,0,0,82,152,160,89,2.83939409255981,5,65,2,35.216667175293,801,1,2,"657097053126144"
"70597e5b-dd1d-4d73-b329-3be0d9ea1c70","MBB_BAU",2025,65,1830,98,193,198,91,3.13296580314636,2427,1197,5642,24,563,298,1403,79,160,165,90,2.82308888435364,5,61,3,37.3384628295898,801,1,2,"657097053126144"
"70597e5b-dd1d-4d73-b329-3be0d9ea1c70","MBB_BAU",2030,70,1761,106,230,245,92,3.32241439819336,2153,1333,6268,5,125,84,395,102,223,238,92,3.25917649269104,5,69,7,38.7999992370605,801,1,2,"657097053126144"
"70597e5b-dd1d-4d73-b329-3be0d9ea1c70","MBB_BAU",2035,75,1601,125,272,296,93,3.77858567237854,2339,1564,7722,0,0,0,0,125,272,296,93,3.77858567237854,5,77,5,40.3600006103516,801,1,2,"657097053126144"
"70597e5b-dd1d-4d73-b329-3be0d9ea1c70","MBB_BAU",2040,80,1496,144,309,342,95,4.20579481124878,2699,1761,8851,0,0,0,0,144,309,342,95,4.20579481124878,5,84,5,42.3375015258789,801,1,1,"657097053126144"
"70597e5b-dd1d-4d73-b329-3be0d9ea1c70","MBB_BAU",2045,85,1406,162,340,382,96,4.60233497619629,3092,2141,11064,0,0,0,0,162,340,382,96,4.60233497619629,5,85,15,44.470588684082,801,1,1,"657097053126144"
"70597e5b-dd1d-4d73-b329-3be0d9ea1c70","MBB_BAU",2050,90,1193,173,347,392,97,5.15074634552002,3446,2418,12706,0,0,0,0,173,347,392,97,5.15074634552002,0,0,0,45.9333343505859,801,1,1,"657097053126144"
"09281eab-7c09-443a-80a3-6a7b316e79ea","MBB_BAU",2019,60,663,101,196,198,62,5.28127384185791,1774,1141,5346,10,174,130,609,93,183,188,61,5.11050176620483,5,60,3,29.5666675567627,402,1,2,"495155059126144"
"09281eab-7c09-443a-80a3-6a7b316e79ea","MBB_BAU",2024,65,642,107,211,221,64,5.5329122543335,1884,1207,5681,7,134,100,472,101,201,213,62,5.41055631637573,5,75,7,31.6615390777588,402,1,2,"495155059126144"
"09281eab-7c09-443a-80a3-6a7b316e79ea","MBB_BAU",2029,70,608,116,229,245,65,5.91649484634399,2092,1313,6234,2,46,36,169,114,226,242,64,5.87752866744995,5,69,7,34.2857131958008,402,1,2,"495155059126144"
"09281eab-7c09-443a-80a3-6a7b316e79ea","MBB_BAU",2034,75,583,127,250,269,66,6.32963800430298,2355,1384,6799,0,0,0,0,127,250,269,66,6.32963800430298,5,81,9,36.1199989318848,402,1,2,"495155059126144"
"09281eab-7c09-443a-80a3-6a7b316e79ea","MBB_BAU",2039,80,558,142,273,294,70,6.82423973083496,2718,1593,8124,0,0,0,0,142,273,294,70,6.82423973083496,5,98,9,38.4000015258789,520,1,1,"495155059126144"
"09281eab-7c09-443a-80a3-6a7b316e79ea","MBB_BAU",2044,85,537,156,296,319,71,7.3004789352417,3161,1854,9189,0,0,0,0,156,296,319,71,7.3004789352417,5,129,11,41.3529396057129,805,1,1,"495155059126144"
"09281eab-7c09-443a-80a3-6a7b316e79ea","MBB_BAU",2049,90,516,172,321,346,75,7.81670093536377,3751,2019,10147,0,0,0,0,172,321,346,75,7.81670093536377,0,0,0,45.6111106872559,805,2,1,"495155059126144"
"08591a6e-4032-40be-afea-48bd49b178df","MBB_BAU",2019,48,1113,88,155,161,86,3.79898762702942,2299,1484,7086,0,0,0,0,88,155,161,86,3.79898762702942,5,79,5,47.8958320617676,503,1,2,"495155063126144"
"08591a6e-4032-40be-afea-48bd49b178df","MBB_BAU",2024,53,1084,101,183,188,89,4.13050985336304,2669,1732,8497,25,711,493,2420,77,144,150,87,3.64597034454346,5,67,4,50.3584899902344,503,1,2,"495155063126144"
"08591a6e-4032-40be-afea-48bd49b178df","MBB_BAU",2029,58,1055,94,184,196,90,4.03714275360107,2271,1594,7910,10,330,257,1273,83,167,179,90,3.81595325469971,5,71,2,51.4137916564941,503,1,2,"495155063126144"
"08591a6e-4032-40be-afea-48bd49b178df","MBB_BAU",2034,63,1039,103,210,235,93,4.26636838912964,2286,1630,8177,3,115,91,457,99,204,229,93,4.1964373588562,5,65,7,52.8095245361328,503,1,2,"495155063126144"
"08591a6e-4032-40be-afea-48bd49b178df","MBB_BAU",2039,68,988,113,230,264,96,4.58774757385254,2460,1821,9457,3,110,89,460,110,224,259,96,4.52402830123901,5,62,6,53.1764717102051,503,1,2,"495155063126144"
"08591a6e-4032-40be-afea-48bd49b178df","MBB_BAU",2044,73,950,122,246,287,98,4.85970449447632,2630,1939,10297,4,145,112,593,118,239,280,98,4.7799506187439,5,67,5,53.3698616027832,503,1,2,"495155063126144"
"08591a6e-4032-40be-afea-48bd49b178df","MBB_BAU",2049,78,919,130,259,307,100,5.08892631530762,2796,2072,11034,0,0,0,0,130,259,307,100,5.08892631530762,0,0,0,52.0769233703613,503,1,2,"495155063126144"
"fdc593f8-0772-4f04-96d9-3ae434b61485","MBB_BAU",2018,44,4638,99,180,176,94,1.97854769229889,2715,1493,6978,25,650,393,1836,78,145,146,92,1.75871813297272,5,118,2,61.7045440673828,801,1,2,"495155073126144"
"fdc593f8-0772-4f04-96d9-3ae434b61485","MBB_BAU",2023,49,4563,106,222,191,96,2.06014227867126,2646,1746,8969,19,544,376,1931,88,194,168,95,1.88683974742889,5,110,15,67.2653045654297,801,1,2,"495155073126144"
"fdc593f8-0772-4f04-96d9-3ae434b61485","MBB_BAU",2028,54,3921,136,326,287,95,2.51796078681946,2576,1830,10268,0,0,0,0,136,326,287,95,2.51796078681946,5,94,19,69.814811706543,997,1,2,"495155073126144"
"fdc593f8-0772-4f04-96d9-3ae434b61485","MBB_BAU",2033,59,3247,169,395,367,97,3.08691096305847,2950,2196,12710,0,0,0,0,169,395,367,97,3.08691096305847,5,106,32,70.2372894287109,997,3,2,"495155073126144"
"fdc593f8-0772-4f04-96d9-3ae434b61485","MBB_BAU",2038,64,2415,177,388,371,97,3.66683149337769,3324,2564,15224,0,0,0,0,177,388,371,97,3.66683149337769,5,83,19,70.59375,997,3,2,"495155073126144"
"fdc593f8-0772-4f04-96d9-3ae434b61485","MBB_BAU",2043,69,2093,188,397,385,98,4.06191492080688,3642,2908,17664,0,0,0,0,188,397,385,98,4.06191492080688,5,79,28,70.0869598388672,997,1,1,"495155073126144"
"fdc593f8-0772-4f04-96d9-3ae434b61485","MBB_BAU",2048,74,1736,191,386,381,98,4.48892307281494,3895,3190,19511,0,0,0,0,191,386,381,98,4.48892307281494,0,0,0,68.7702713012695,997,1,1,"495155073126144"
"e9a86b66-dffc-45aa-9214-a387d3b59147","MBB_BAU",2019,82,4665,79,142,150,67,1.76123869419098,1643,1237,6330,0,0,0,0,79,142,150,67,1.76123869419098,5,68,3,20.036584854126,520,1,2,"495155081126144"
"e9a86b66-dffc-45aa-9214-a387d3b59147","MBB_BAU",2024,87,4460,102,216,216,72,2.04986763000488,1969,1492,7724,9,284,226,1170,91,199,200,71,1.93891310691833,5,59,22,22.6321830749512,520,1,2,"495155081126144"
"e9a86b66-dffc-45aa-9214-a387d3b59147","MBB_BAU",2029,92,3065,131,315,351,75,2.80423760414124,1870,1459,7887,0,0,0,0,131,315,351,75,2.80423760414124,5,78,23,23.4130439758301,520,1,2,"495155081126144"
"e9a86b66-dffc-45aa-9214-a387d3b59147","MBB_BAU",2034,97,1844,145,324,393,78,3.79490566253662,2143,1637,9168,0,0,0,0,145,324,393,78,3.79490566253662,5,67,21,25.0206184387207,520,1,1,"495155081126144"
"e9a86b66-dffc-45aa-9214-a387d3b59147","MBB_BAU",2039,102,1250,153,324,402,82,4.74303913116455,2374,1759,10192,0,0,0,0,153,324,402,82,4.74303913116455,5,59,13,26.0588226318359,520,1,1,"495155081126144"
"e9a86b66-dffc-45aa-9214-a387d3b59147","MBB_BAU",2044,107,1019,158,322,393,85,5.33551359176636,2602,2157,11921,0,0,0,0,158,322,393,85,5.33551359176636,5,65,13,26.9719619750977,520,1,1,"495155081126144"
"e9a86b66-dffc-45aa-9214-a387d3b59147","MBB_BAU",2049,112,863,164,322,388,87,5.90451383590698,2862,2358,13315,0,0,0,0,164,322,388,87,5.90451383590698,0,0,0,28.0892848968506,520,1,1,"495155081126144"
"11a2e6e3-0381-4437-a029-5f1fba15b433","MBB_BAU",2018,55,1914,85,168,220,88,2.8611273765564,1779,1177,5718,0,0,0,0,85,168,220,88,2.8611273765564,5,73,1,32.3454551696777,801,1,2,"495155022126144"
"11a2e6e3-0381-4437-a029-5f1fba15b433","MBB_BAU",2023,60,1857,110,231,295,90,3.30013990402222,2141,1468,7318,0,0,0,0,110,231,295,90,3.30013990402222,5,99,8,35.6833343505859,801,1,2,"495155022126144"
"11a2e6e3-0381-4437-a029-5f1fba15b433","MBB_BAU",2028,65,1585,139,298,375,93,4.0094199180603,2593,1695,8617,0,0,0,0,139,298,375,93,4.0094199180603,5,100,5,39.8923072814941,801,1,1,"495155022126144"
"11a2e6e3-0381-4437-a029-5f1fba15b433","MBB_BAU",2033,70,1463,164,348,438,95,4.53364133834839,3064,1950,10121,0,0,0,0,164,348,438,95,4.53364133834839,5,94,20,43.771427154541,801,1,1,"495155022126144"
"11a2e6e3-0381-4437-a029-5f1fba15b433","MBB_BAU",2038,75,1153,172,349,441,97,5.22924661636353,3435,2211,11754,0,0,0,0,172,349,441,97,5.22924661636353,5,107,22,45.7999992370605,801,1,1,"495155022126144"
"11a2e6e3-0381-4437-a029-5f1fba15b433","MBB_BAU",2043,80,916,179,348,433,99,5.97948122024536,3856,2530,13718,0,0,0,0,179,348,433,99,5.97948122024536,5,93,23,48.2000007629395,801,1,1,"495155022126144"
"11a2e6e3-0381-4437-a029-5f1fba15b433","MBB_BAU",2048,85,769,183,345,423,101,6.61130905151367,4205,2864,15847,0,0,0,0,183,345,423,101,6.61130905151367,0,0,0,49.470588684082,801,1,1,"495155022126144"
"694c7488-3c6f-424a-8cfd-146d5e0c9437","MBB_BAU",2020,95,2865,128,212,231,71,2.85651636123657,2922,2204,12224,20,760,614,3406,98,169,188,71,2.51248955726624,5,72,12,30.7578945159912,997,1,1,"657097147126144"
"694c7488-3c6f-424a-8cfd-146d5e0c9437","MBB_BAU",2025,100,2686,117,227,253,75,2.82743835449219,2462,1809,10199,9,355,285,1610,104,208,234,72,2.66806888580322,5,61,27,32.2200012207031,997,1,2,"657097147126144"
"694c7488-3c6f-424a-8cfd-146d5e0c9437","MBB_BAU",2030,105,2175,132,285,360,75,3.33010315895081,2276,1756,10083,0,0,0,0,132,285,360,75,3.33010315895081,5,78,33,32.295238494873,997,1,2,"657097147126144"
"694c7488-3c6f-424a-8cfd-146d5e0c9437","MBB_BAU",2035,110,1631,147,313,426,79,4.06696939468384,2502,1879,10882,0,0,0,0,147,313,426,79,4.06696939468384,5,79,42,32.8818168640137,997,1,1,"657097147126144"
"694c7488-3c6f-424a-8cfd-146d5e0c9437","MBB_BAU",2040,115,1161,154,315,441,81,4.93317794799805,2684,1931,11302,0,0,0,0,154,315,441,81,4.93317794799805,5,66,27,33.034782409668,997,1,1,"657097147126144"
"694c7488-3c6f-424a-8cfd-146d5e0c9437","MBB_BAU",2045,120,965,157,312,435,84,5.46555948257446,2875,2021,12104,0,0,0,0,157,312,435,84,5.46555948257446,5,120,26,33.25,997,1,1,"657097147126144"
"694c7488-3c6f-424a-8cfd-146d5e0c9437","MBB_BAU",2050,125,826,162,312,430,87,5.98658418655396,3345,2110,12631,0,0,0,0,162,312,430,87,5.98658418655396,0,0,0,35.6800003051758,997,1,1,"657097147126144"
"faaed52b-03d4-48f4-9698-2f89891214c9","MBB_BAU",2020,78,933,147,234,256,104,5.37666463851929,4334,3592,21594,15,1006,871,5239,119,196,220,100,4.87063598632812,5,97,2,55.5641021728516,506,1,2,"657097212126144"
"faaed52b-03d4-48f4-9698-2f89891214c9","MBB_BAU",2025,83,927,133,224,250,103,5.1269998550415,3808,3081,18592,9,614,542,3270,116,201,228,98,4.81090259552002,5,98,11,58,506,1,2,"657097212126144"
"faaed52b-03d4-48f4-9698-2f89891214c9","MBB_BAU",2030,88,888,134,239,268,102,5.26260852813721,3629,2860,17642,7,419,366,2257,122,223,253,96,5.04694509506226,5,123,17,59.6477279663086,506,1,2,"657097212126144"
"faaed52b-03d4-48f4-9698-2f89891214c9","MBB_BAU",2035,93,836,143,262,296,97,5.59649181365967,3739,2690,16619,0,0,0,0,143,262,296,97,5.59649181365967,5,107,20,62.1290321350098,506,1,2,"657097212126144"
"faaed52b-03d4-48f4-9698-2f89891214c9","MBB_BAU",2040,98,788,157,286,327,99,6.03770875930786,4173,2931,17960,0,0,0,0,157,286,327,99,6.03770875930786,5,108,18,63.3877563476562,506,1,1,"657097212126144"
"faaed52b-03d4-48f4-9698-2f89891214c9","MBB_BAU",2045,103,752,169,306,351,102,6.42828559875488,4620,3197,19785,13,509,390,2412,155,286,332,97,6.20682954788208,5,116,21,64.6504821777344,506,1,1,"657097212126144"
"faaed52b-03d4-48f4-9698-2f89891214c9","MBB_BAU",2050,108,710,171,310,360,99,6.64438724517822,4587,2993,18760,0,0,0,0,171,310,360,99,6.64438724517822,0,0,0,61.3518524169922,506,1,1,"657097212126144"
"509b681a-2492-4e00-8238-73b237bf3405","MBB_BAU",2019,83,2532,106,183,190,84,2.76562118530273,2666,1750,8736,27,740,520,2594,79,140,148,81,2.40247654914856,5,48,3,32.1204833984375,801,1,2,"495155127126144"
"509b681a-2492-4e00-8238-73b237bf3405","MBB_BAU",2024,88,2466,91,173,174,82,2.59782409667969,2149,1433,7267,19,509,360,1824,73,144,145,79,2.33079600334167,5,45,0,32.8295440673828,801,1,2,"495155127126144"
"509b681a-2492-4e00-8238-73b237bf3405","MBB_BAU",2029,93,2460,99,224,230,80,2.72032618522644,1864,1214,6248,1,19,13,68,99,223,229,80,2.711669921875,5,46,12,33.4731178283691,506,1,2,"495155127126144"
"509b681a-2492-4e00-8238-73b237bf3405","MBB_BAU",2034,98,2182,128,296,329,82,3.27453780174255,2014,1370,7208,0,0,0,0,128,296,329,82,3.27453780174255,5,48,13,33.4897956848145,506,1,2,"495155127126144"
"509b681a-2492-4e00-8238-73b237bf3405","MBB_BAU",2039,103,1903,152,345,410,83,3.8280394077301,2189,1559,8365,0,0,0,0,152,345,410,83,3.8280394077301,5,75,29,33.5631065368652,506,1,1,"495155127126144"
"509b681a-2492-4e00-8238-73b237bf3405","MBB_BAU",2044,108,1387,156,338,403,85,4.54674434661865,2417,1732,9353,0,0,0,0,156,338,403,85,4.54674434661865,5,69,33,34.1203689575195,506,1,1,"495155127126144"
"509b681a-2492-4e00-8238-73b237bf3405","MBB_BAU",2049,113,1089,163,337,398,87,5.24213457107544,2599,1916,10614,0,0,0,0,163,337,398,87,5.24213457107544,0,0,0,34.2212371826172,503,1,1,"495155127126144"
"9a0ac217-a37b-450b-912f-0df1d0ff76ac","MBB_BAU",2020,78,4182,68,127,147,79,1.72883605957031,1683,757,4032,0,0,0,0,68,127,147,79,1.72883605957031,5,42,0,21.5769233703613,801,1,2,"657097002126144"
"9a0ac217-a37b-450b-912f-0df1d0ff76ac","MBB_BAU",2025,83,4118,86,191,196,83,1.9570164680481,1891,1044,5350,0,0,0,0,86,191,196,83,1.9570164680481,5,50,5,22.7831325531006,801,1,2,"657097002126144"
"9a0ac217-a37b-450b-912f-0df1d0ff76ac","MBB_BAU",2030,88,3549,120,294,299,86,2.4916718006134,2116,1265,6452,0,0,0,0,120,294,299,86,2.4916718006134,5,43,8,24.0454540252686,801,1,2,"657097002126144"
"9a0ac217-a37b-450b-912f-0df1d0ff76ac","MBB_BAU",2035,93,2750,143,344,368,89,3.08267951011658,2294,1368,6962,0,0,0,0,143,344,368,89,3.08267951011658,5,43,8,24.6666660308838,801,1,1,"657097002126144"
"9a0ac217-a37b-450b-912f-0df1d0ff76ac","MBB_BAU",2040,98,2123,151,350,390,92,3.61147236824036,2472,1479,7799,0,0,0,0,151,350,390,92,3.61147236824036,5,47,7,25.2244892120361,801,1,1,"657097002126144"
"9a0ac217-a37b-450b-912f-0df1d0ff76ac","MBB_BAU",2045,103,1718,156,348,400,94,4.0833592414856,2672,1703,8919,0,0,0,0,156,348,400,94,4.0833592414856,5,65,6,25.9417476654053,801,1,1,"657097002126144"
"9a0ac217-a37b-450b-912f-0df1d0ff76ac","MBB_BAU",2050,108,1432,161,345,407,97,4.54125261306763,2966,1951,10269,0,0,0,0,161,345,407,97,4.54125261306763,0,0,0,27.462963104248,801,1,1,"657097002126144"
"6bcc4e5a-d3b6-48e8-b5d2-b14f00545b27","MBB_BAU",2020,60,1107,68,124,131,79,3.35403752326965,1639,628,2844,0,0,0,0,68,124,131,79,3.35403752326965,5,91,2,27.3166675567627,805,2,3,"657097179126144"
"6bcc4e5a-d3b6-48e8-b5d2-b14f00545b27","MBB_BAU",2025,65,1078,85,157,161,83,3.79397892951965,2081,951,4399,0,0,0,0,85,157,161,83,3.79397892951965,5,97,5,32.0153846740723,801,1,2,"657097179126144"
"6bcc4e5a-d3b6-48e8-b5d2-b14f00545b27","MBB_BAU",2030,70,1026,113,223,240,85,4.48949813842773,2541,1333,6441,28,608,330,1594,91,186,202,84,4.07737970352173,5,78,6,36.2999992370605,801,1,2,"657097179126144"
"6bcc4e5a-d3b6-48e8-b5d2-b14f00545b27","MBB_BAU",2035,75,948,116,239,280,87,4.74375104904175,2294,1273,6361,11,275,156,778,107,223,264,85,4.56714010238647,5,78,6,38.6933326721191,801,1,1,"657097179126144"
"6bcc4e5a-d3b6-48e8-b5d2-b14f00545b27","MBB_BAU",2040,80,875,129,263,316,89,5.19892644882202,2379,1738,8724,4,112,83,416,125,257,310,88,5.13143444061279,5,69,4,40.7750015258789,801,1,1,"657097179126144"
"6bcc4e5a-d3b6-48e8-b5d2-b14f00545b27","MBB_BAU",2045,85,837,139,277,333,90,5.51148700714111,2594,2001,10325,2,83,65,334,136,273,329,90,5.46378946304321,5,75,3,42.2235298156738,801,1,1,"657097179126144"
"6bcc4e5a-d3b6-48e8-b5d2-b14f00545b27","MBB_BAU",2050,90,813,147,289,346,92,5.76215505599976,2873,2354,11980,0,0,0,0,147,289,346,92,5.76215505599976,0,0,0,42.9777793884277,801,1,1,"657097179126144"
"a267a94f-ead4-409e-8d2a-92f8d5a9792f","MBB_BAU",2019,64,2181,128,234,279,89,3.28493785858154,3135,2169,10410,28,763,565,2710,101,191,233,86,2.93648147583008,5,77,13,48.984375,503,1,2,"495155023126144"
"a267a94f-ead4-409e-8d2a-92f8d5a9792f","MBB_BAU",2024,69,2025,118,233,276,88,3.27382469177246,2694,1857,9319,15,448,332,1665,103,208,250,87,3.06393790245056,5,83,15,50.101448059082,503,1,2,"495155023126144"
"a267a94f-ead4-409e-8d2a-92f8d5a9792f","MBB_BAU",2029,74,1803,132,278,337,90,3.65652108192444,2584,1893,9908,3,110,85,447,128,272,331,89,3.60774707794189,5,78,30,51.2837829589844,503,1,2,"495155023126144"
"a267a94f-ead4-409e-8d2a-92f8d5a9792f","MBB_BAU",2034,79,1426,145,304,398,90,4.31290674209595,2714,1999,10665,0,0,0,0,145,304,398,90,4.31290674209595,5,73,36,51.0759506225586,503,1,2,"495155023126144"
"a267a94f-ead4-409e-8d2a-92f8d5a9792f","MBB_BAU",2039,84,1119,149,305,420,91,4.94458675384521,2898,2167,11762,0,0,0,0,149,305,420,91,4.94458675384521,5,86,36,50.226188659668,503,1,1,"495155023126144"
"a267a94f-ead4-409e-8d2a-92f8d5a9792f","MBB_BAU",2044,89,909,153,304,435,93,5.5595383644104,3150,2272,12548,0,0,0,0,153,304,435,93,5.5595383644104,5,83,32,50.235954284668,503,1,1,"495155023126144"
"a267a94f-ead4-409e-8d2a-92f8d5a9792f","MBB_BAU",2049,94,777,158,304,432,95,6.10275888442993,3408,2462,13914,0,0,0,0,158,304,432,95,6.10275888442993,0,0,0,50.3085098266602,503,1,1,"495155023126144"
"e2fdf778-69f9-4417-8111-c17146ae6985","MBB_BAU",2017,75,1221,105,167,167,97,3.97277593612671,3308,2623,13776,28,1156,940,4940,70,113,116,97,3.27629446983337,5,59,5,44.1066665649414,805,1,2,"433077715489998"
"e2fdf778-69f9-4417-8111-c17146ae6985","MBB_BAU",2022,80,1190,81,139,138,98,3.53463792800903,2423,1917,10429,0,0,0,0,81,139,138,98,3.53463792800903,5,55,5,44.7374992370605,805,1,2,"433077715489998"
"e2fdf778-69f9-4417-8111-c17146ae6985","MBB_BAU",2027,85,1157,99,185,191,99,3.95909452438354,2672,2172,12013,13,619,517,2862,80,158,166,94,3.58832573890686,5,41,4,45.0352935791016,805,1,2,"433077715489998"
"e2fdf778-69f9-4417-8111-c17146ae6985","MBB_BAU",2032,90,1126,100,205,234,95,4.0398211479187,2237,1853,10249,2,124,107,591,97,199,229,94,3.9690682888031,5,46,2,44.5777778625488,805,1,2,"433077715489998"
"e2fdf778-69f9-4417-8111-c17146ae6985","MBB_BAU",2037,95,1110,117,242,294,94,4.38788175582886,2331,1964,10981,0,0,0,0,117,242,294,94,4.38788175582886,5,43,10,44.5263175964355,805,1,2,"433077715489998"
"e2fdf778-69f9-4417-8111-c17146ae6985","MBB_BAU",2042,100,1044,133,274,344,95,4.84197187423706,2497,2165,12155,0,0,0,0,133,274,344,95,4.84197187423706,5,34,8,43.9599990844727,805,1,1,"433077715489998"
"e2fdf778-69f9-4417-8111-c17146ae6985","MBB_BAU",2047,105,994,146,298,374,97,5.19659852981567,2626,2326,13265,0,0,0,0,146,298,374,97,5.19659852981567,0,0,0,43.0952377319336,805,1,1,"433077715489998"
"4e731643-b13b-492e-b10f-0fdee21900fd","MBB_BAU",2019,35,4233,73,151,173,66,1.77573215961456,1225,771,3636,0,0,0,0,73,151,173,66,1.77573215961456,5,58,3,35,801,1,2,"657097022126144"
"4e731643-b13b-492e-b10f-0fdee21900fd","MBB_BAU",2024,40,3970,96,229,242,70,2.10379433631897,1500,879,4333,0,0,0,0,96,229,242,70,2.10379433631897,5,56,18,37.5,801,2,2,"657097022126144"
"4e731643-b13b-492e-b10f-0fdee21900fd","MBB_BAU",2029,45,2618,126,309,328,74,2.97109532356262,1688,961,4609,0,0,0,0,126,309,328,74,2.97109532356262,5,47,16,37.5111122131348,503,1,2,"657097022126144"
"4e731643-b13b-492e-b10f-0fdee21900fd","MBB_BAU",2034,50,1729,135,313,355,78,3.77794218063354,1844,1049,5256,0,0,0,0,135,313,355,78,3.77794218063354,5,65,13,36.8800010681152,503,1,1,"657097022126144"
"4e731643-b13b-492e-b10f-0fdee21900fd","MBB_BAU",2039,55,1317,140,312,365,81,4.41519212722778,2106,1227,6414,0,0,0,0,140,312,365,81,4.41519212722778,5,62,16,38.2909088134766,503,1,1,"657097022126144"
"4e731643-b13b-492e-b10f-0fdee21900fd","MBB_BAU",2044,60,1043,146,312,375,84,5.0609622001648,2337,1338,6872,0,0,0,0,146,312,375,84,5.0609622001648,5,53,15,38.9500007629395,503,1,1,"657097022126144"
"4e731643-b13b-492e-b10f-0fdee21900fd","MBB_BAU",2049,65,881,150,311,377,87,5.59141492843628,2530,1439,7659,0,0,0,0,150,311,377,87,5.59141492843628,0,0,0,38.9230766296387,503,1,1,"657097022126144"
"c8205beb-3b89-48ad-90d2-5aba4e3f95dd","MBB_BAU",2020,52,6228,81,138,139,91,1.5453896522522,2303,1716,9252,0,0,0,0,81,138,139,91,1.5453896522522,5,62,16,44.288459777832,503,1,2,"657097344126144"
"c8205beb-3b89-48ad-90d2-5aba4e3f95dd","MBB_BAU",2025,57,5339,116,261,257,94,1.99593532085419,2532,1929,10354,4,204,162,867,110,251,249,93,1.94123268127441,5,40,39,44.4210510253906,506,1,2,"657097344126144"
"c8205beb-3b89-48ad-90d2-5aba4e3f95dd","MBB_BAU",2030,62,3222,136,325,368,96,2.78028893470764,2333,1885,10432,0,0,0,0,136,325,368,96,2.78028893470764,5,43,35,40.9193534851074,506,1,2,"657097344126144"
"c8205beb-3b89-48ad-90d2-5aba4e3f95dd","MBB_BAU",2035,67,2036,141,321,404,97,3.56543707847595,2375,1940,10798,0,0,0,0,141,321,404,97,3.56543707847595,5,36,29,38.4925384521484,503,1,1,"657097344126144"
"c8205beb-3b89-48ad-90d2-5aba4e3f95dd","MBB_BAU",2040,72,1494,144,314,425,99,4.20051622390747,2413,1984,11354,0,0,0,0,144,314,425,99,4.20051622390747,5,45,17,36.3472213745117,503,1,1,"657097344126144"
"c8205beb-3b89-48ad-90d2-5aba4e3f95dd","MBB_BAU",2045,77,1278,150,318,448,100,4.63177728652954,2555,2225,12629,0,0,0,0,150,318,448,100,4.63177728652954,5,48,26,35.831169128418,503,1,1,"657097344126144"
"c8205beb-3b89-48ad-90d2-5aba4e3f95dd","MBB_BAU",2050,82,1052,150,308,453,102,5.1049747467041,2665,2272,12867,0,0,0,0,150,308,453,102,5.1049747467041,0,0,0,34.9878044128418,503,1,1,"657097344126144"
"61714c44-8088-4a8d-8210-527c09ac910b","MBB_BAU",2019,50,3081,122,229,248,85,2.69474577903748,2771,1801,8922,20,510,371,1839,103,199,218,85,2.48396420478821,5,62,6,55.4199981689453,801,1,2,"495155221126144"
"61714c44-8088-4a8d-8210-527c09ac910b","MBB_BAU",2024,55,2907,117,234,253,85,2.71789979934692,2545,1586,7892,13,342,243,1208,104,213,233,84,2.57220864295959,5,66,13,55.5454559326172,801,1,2,"495155221126144"
"61714c44-8088-4a8d-8210-527c09ac910b","MBB_BAU",2029,60,2487,126,271,301,84,3.05053687095642,2469,1534,7761,0,0,0,0,126,271,301,84,3.05053687095642,5,60,10,55.3499984741211,801,1,2,"495155221126144"
"61714c44-8088-4a8d-8210-527c09ac910b","MBB_BAU",2034,65,2221,152,334,392,85,3.54662537574768,2716,1698,9039,0,0,0,0,152,334,392,85,3.54662537574768,5,65,34,54.8923072814941,801,1,1,"495155221126144"
"61714c44-8088-4a8d-8210-527c09ac910b","MBB_BAU",2039,70,1519,158,330,402,86,4.36525392532349,2872,1879,9892,0,0,0,0,158,330,402,86,4.36525392532349,5,66,26,53.2000007629395,801,1,1,"495155221126144"
"61714c44-8088-4a8d-8210-527c09ac910b","MBB_BAU",2044,75,1188,166,332,414,86,5.05401563644409,3073,2035,11002,0,0,0,0,166,332,414,86,5.05401563644409,5,61,27,52.3333320617676,801,1,1,"495155221126144"
"61714c44-8088-4a8d-8210-527c09ac910b","MBB_BAU",2049,80,948,170,330,410,86,5.72704887390137,3246,2159,11651,0,0,0,0,170,330,410,86,5.72704887390137,0,0,0,51.2249984741211,801,1,1,"495155221126144"
"03967985-24ea-478b-a6df-e1a533e72b5c","MBB_BAU",2019,70,9183,165,301,331,96,1.81513738632202,3944,3358,18312,16,742,641,3496,142,267,299,92,1.68323814868927,5,60,42,56.3428573608398,801,1,1,"495155227126144"
"03967985-24ea-478b-a6df-e1a533e72b5c","MBB_BAU",2024,75,7360,161,356,374,96,2.00051736831665,3290,2906,16299,1,67,60,337,159,353,371,96,1.98798143863678,5,47,95,53.7599983215332,801,1,1,"495155227126144"
"03967985-24ea-478b-a6df-e1a533e72b5c","MBB_BAU",2029,80,4082,159,368,418,96,2.67570352554321,2983,2707,15350,0,0,0,0,159,368,418,96,2.67570352554321,5,58,85,47.4000015258789,801,1,2,"495155227126144"
"03967985-24ea-478b-a6df-e1a533e72b5c","MBB_BAU",2034,85,2456,153,340,416,95,3.3746771812439,2847,2609,15422,0,0,0,0,153,340,416,95,3.3746771812439,5,60,58,43.0117645263672,801,1,2,"495155227126144"
"03967985-24ea-478b-a6df-e1a533e72b5c","MBB_BAU",2039,90,1792,154,330,422,90,3.96457242965698,2856,2618,15672,0,0,0,0,154,330,422,90,3.96457242965698,5,54,33,40.7222213745117,801,1,2,"495155227126144"
"03967985-24ea-478b-a6df-e1a533e72b5c","MBB_BAU",2044,95,1521,160,335,434,89,4.39074802398682,2964,2723,16623,0,0,0,0,160,335,434,89,4.39074802398682,5,49,30,39.7157897949219,801,1,1,"495155227126144"
"03967985-24ea-478b-a6df-e1a533e72b5c","MBB_BAU",2049,100,1311,163,333,432,91,4.77442073822021,3058,2809,17292,0,0,0,0,163,333,432,91,4.77442073822021,0,0,0,38.6699981689453,801,1,1,"495155227126144"
"c8e1ed68-2fab-4569-9199-17f1ed663e58","MBB_BAU",2018,28,5493,123,238,262,73,2.0288622379303,2409,1374,6594,25,482,303,1456,102,204,223,69,1.8526554107666,5,103,14,86.0357131958008,503,1,2,"495155248126144"
"c8e1ed68-2fab-4569-9199-17f1ed663e58","MBB_BAU",2023,33,4319,145,323,347,73,2.48241257667542,2373,1476,7113,9,182,120,577,137,311,333,72,2.41821146011353,5,103,22,86.5151519775391,506,1,1,"495155248126144"
"c8e1ed68-2fab-4569-9199-17f1ed663e58","MBB_BAU",2028,38,2804,165,359,411,75,3.28053212165833,2591,1697,8356,6,131,88,433,159,351,401,74,3.22950530052185,5,103,21,85.6578979492188,506,1,1,"495155248126144"
"c8e1ed68-2fab-4569-9199-17f1ed663e58","MBB_BAU",2033,43,1983,172,358,425,77,3.98966884613037,2867,2129,10854,8,228,171,871,163,344,410,76,3.89188194274902,5,108,19,85.1627883911133,506,1,1,"495155248126144"
"c8e1ed68-2fab-4569-9199-17f1ed663e58","MBB_BAU",2038,48,1558,176,351,426,78,4.55595922470093,3088,2375,12370,8,259,202,1055,166,337,410,78,4.43753480911255,5,122,20,85.6458358764648,506,1,1,"495155248126144"
"c8e1ed68-2fab-4569-9199-17f1ed663e58","MBB_BAU",2043,53,1260,182,348,428,81,5.14391469955444,3343,2762,14855,6,266,228,1227,172,334,413,80,5.01575136184692,5,118,20,87.2641525268555,506,1,1,"495155248126144"
"c8e1ed68-2fab-4569-9199-17f1ed663e58","MBB_BAU",2048,58,1067,186,345,421,83,5.654137134552,3564,3044,16614,0,0,0,0,186,345,421,83,5.654137134552,0,0,0,83.5517272949219,506,1,1,"495155248126144"
"69ca4f52-967e-407f-be73-7301737f0ea2","MBB_BAU",2022,60,3588,84,158,186,75,2.06703114509583,1787,920,4464,0,0,0,0,84,158,186,75,2.06703114509583,5,68,3,29.783332824707,801,2,2,"749041030290487"
"69ca4f52-967e-407f-be73-7301737f0ea2","MBB_BAU",2027,65,3450,105,214,240,77,2.35733771324158,2111,1079,5522,14,311,176,900,92,194,220,77,2.21973037719727,5,60,14,32.4769248962402,801,1,2,"749041030290487"
"69ca4f52-967e-407f-be73-7301737f0ea2","MBB_BAU",2032,70,2825,126,295,341,79,2.862149477005,2029,1127,5764,0,0,0,0,126,295,341,79,2.862149477005,5,58,29,33.4285697937012,801,1,2,"749041030290487"
"69ca4f52-967e-407f-be73-7301737f0ea2","MBB_BAU",2037,75,1900,143,324,392,81,3.71917796134949,2174,1235,6450,0,0,0,0,143,324,392,81,3.71917796134949,5,52,26,33.1333351135254,801,1,1,"749041030290487"
"69ca4f52-967e-407f-be73-7301737f0ea2","MBB_BAU",2042,80,1417,150,325,404,82,4.41124629974365,2304,1661,8363,0,0,0,0,150,325,404,82,4.41124629974365,5,58,26,32.6875,801,1,1,"749041030290487"
"69ca4f52-967e-407f-be73-7301737f0ea2","MBB_BAU",2047,85,1077,158,326,396,84,5.18044424057007,2463,1838,9271,0,0,0,0,158,326,396,84,5.18044424057007,5,72,20,32.6352958679199,801,1,1,"749041030290487"
"69ca4f52-967e-407f-be73-7301737f0ea2","MBB_BAU",2052,90,893,163,325,386,86,5.78112983703613,2719,2014,10584,0,0,0,0,163,325,386,86,5.78112983703613,0,0,0,33.6666679382324,801,1,1,"749041030290487"
"35a3fe3e-209a-4295-a6bc-018189e61ca4","MBB_BAU",2019,52,8634,72,126,130,88,1.23560225963593,2073,1338,7038,0,0,0,0,72,126,130,88,1.23560225963593,5,68,4,39.8653831481934,805,1,2,"495155281126144"
"35a3fe3e-209a-4295-a6bc-018189e61ca4","MBB_BAU",2024,57,8409,95,210,199,95,1.43969058990479,2394,1562,8311,23,654,427,2272,74,176,165,89,1.26855838298798,5,54,25,42,805,1,2,"495155281126144"
"35a3fe3e-209a-4295-a6bc-018189e61ca4","MBB_BAU",2029,62,6381,122,340,375,90,1.8723236322403,1880,1355,7384,0,0,0,0,122,340,375,90,1.8723236322403,5,43,34,40.8709678649902,805,1,2,"495155281126144"
"35a3fe3e-209a-4295-a6bc-018189e61ca4","MBB_BAU",2034,67,3859,141,369,458,91,2.59094715118408,1926,1499,8422,0,0,0,0,141,369,458,91,2.59094715118408,5,38,21,38.5074615478516,805,1,2,"495155281126144"
"35a3fe3e-209a-4295-a6bc-018189e61ca4","MBB_BAU",2039,72,2812,148,366,480,93,3.10957431793213,2008,1714,9429,0,0,0,0,148,366,480,93,3.10957431793213,5,38,19,36.9722213745117,801,3,1,"495155281126144"
"35a3fe3e-209a-4295-a6bc-018189e61ca4","MBB_BAU",2044,77,2156,156,366,479,91,3.64445924758911,2102,1819,10191,0,0,0,0,156,366,479,91,3.64445924758911,5,29,13,35.7922096252441,520,3,1,"495155281126144"
"35a3fe3e-209a-4295-a6bc-018189e61ca4","MBB_BAU",2049,82,1810,161,363,475,90,4.03350353240967,2183,2013,11354,0,0,0,0,161,363,475,90,4.03350353240967,0,0,0,34.5975608825684,520,3,1,"495155281126144"
"65470254-7e76-4019-8af4-76c5abda411e","MBB_BAU",2019,93,5376,126,232,250,75,2.07705760002136,2699,1993,10038,20,610,481,2422,102,194,215,77,1.87194681167603,5,46,8,29.021505355835,801,1,2,"495155299126144"
"65470254-7e76-4019-8af4-76c5abda411e","MBB_BAU",2024,98,4752,123,261,283,79,2.17931699752808,2275,1657,8741,5,168,134,707,117,251,273,77,2.12210392951965,5,37,11,29.4387760162354,801,1,2,"495155299126144"
"65470254-7e76-4019-8af4-76c5abda411e","MBB_BAU",2029,103,3937,147,340,392,79,2.61356282234192,2236,1630,8435,0,0,0,0,147,340,392,79,2.61356282234192,5,51,23,29.2621364593506,503,1,2,"495155299126144"
"65470254-7e76-4019-8af4-76c5abda411e","MBB_BAU",2034,108,2539,148,328,394,80,3.27065372467041,2374,1760,9372,0,0,0,0,148,328,394,80,3.27065372467041,5,35,19,29.1851844787598,503,1,1,"495155299126144"
"65470254-7e76-4019-8af4-76c5abda411e","MBB_BAU",2039,113,1909,150,319,393,82,3.78983783721924,2457,1864,9947,0,0,0,0,150,319,393,82,3.78983783721924,5,45,16,28.6283187866211,503,1,1,"495155299126144"
"65470254-7e76-4019-8af4-76c5abda411e","MBB_BAU",2044,118,1529,152,314,393,83,4.26959228515625,2601,1986,10717,1,24,20,106,151,313,391,83,4.25779962539673,5,58,13,28.6355934143066,503,1,1,"495155299126144"
"65470254-7e76-4019-8af4-76c5abda411e","MBB_BAU",2049,123,1293,155,311,390,84,4.69253492355347,2801,2169,11714,0,0,0,0,155,311,390,84,4.69253492355347,0,0,0,29.0975608825684,503,1,1,"495155299126144"
"30ab7fc3-39e8-4274-84c2-44a2826f2424","MBB_BAU",2016,45,2709,84,168,204,69,2.38228511810303,1425,851,4572,0,0,0,0,84,168,204,69,2.38228511810303,5,50,3,31.6666660308838,801,1,2,"386053928489998"
"30ab7fc3-39e8-4274-84c2-44a2826f2424","MBB_BAU",2021,50,2601,99,210,243,72,2.6350839138031,1658,934,5105,0,0,0,0,99,210,243,72,2.6350839138031,5,64,15,33.1599998474121,801,1,2,"386053928489998"
"30ab7fc3-39e8-4274-84c2-44a2826f2424","MBB_BAU",2026,55,2175,120,267,302,74,3.17501187324524,1903,1072,5899,0,0,0,0,120,267,302,74,3.17501187324524,5,58,15,34.5999984741211,801,1,2,"386053928489998"
"30ab7fc3-39e8-4274-84c2-44a2826f2424","MBB_BAU",2031,60,1830,141,315,358,77,3.76401257514954,2118,1235,6805,0,0,0,0,141,315,358,77,3.76401257514954,5,58,21,35.2999992370605,801,1,1,"386053928489998"
"30ab7fc3-39e8-4274-84c2-44a2826f2424","MBB_BAU",2036,65,1443,148,321,366,79,4.34389352798462,2301,1297,7123,0,0,0,0,148,321,366,79,4.34389352798462,5,65,21,35.4000015258789,801,2,1,"386053928489998"
"30ab7fc3-39e8-4274-84c2-44a2826f2424","MBB_BAU",2041,70,1181,152,319,365,81,4.85714435577393,2520,1358,7807,0,0,0,0,152,319,365,81,4.85714435577393,5,93,25,36,801,2,1,"386053928489998"
"30ab7fc3-39e8-4274-84c2-44a2826f2424","MBB_BAU",2046,75,969,156,318,360,83,5.4354305267334,2864,1468,8415,0,0,0,0,156,318,360,83,5.4354305267334,0,0,0,38.1866683959961,801,1,1,"386053928489998"
"a4057a18-2d57-4eea-9bc4-4bae5f43ccf8","MBB_BAU",2016,60,1410,82,130,129,92,3.27496647834778,2648,2223,13062,0,0,0,0,82,130,129,92,3.27496647834778,5,49,6,44.1333351135254,805,1,3,"386053932489998"
"a4057a18-2d57-4eea-9bc4-4bae5f43ccf8","MBB_BAU",2021,65,1378,94,157,154,93,3.53012132644653,2863,2414,14385,14,802,700,4170,71,124,126,87,3.08273816108704,5,39,5,44.0461540222168,805,1,3,"386053932489998"
"a4057a18-2d57-4eea-9bc4-4bae5f43ccf8","MBB_BAU",2026,70,1344,89,174,185,89,3.48632025718689,2233,1912,11345,0,0,0,0,89,174,185,89,3.48632025718689,5,48,0,43.3571434020996,805,1,3,"386053932489998"
"a4057a18-2d57-4eea-9bc4-4bae5f43ccf8","MBB_BAU",2031,75,1343,113,229,256,90,3.92226696014404,2473,2108,12645,2,134,114,686,109,223,251,89,3.85757374763489,5,63,12,43.6666679382324,805,1,2,"386053932489998"
"a4057a18-2d57-4eea-9bc4-4bae5f43ccf8","MBB_BAU",2036,80,1261,127,261,303,90,4.30393028259277,2597,2150,13114,0,0,0,0,127,261,303,90,4.30393028259277,5,75,15,44.1624984741211,805,1,2,"386053932489998"
"a4057a18-2d57-4eea-9bc4-4bae5f43ccf8","MBB_BAU",2041,85,1164,144,290,344,90,4.75523471832275,2893,2355,14370,0,0,0,0,144,290,344,90,4.75523471832275,5,58,19,45.0470581054688,805,1,2,"386053932489998"
"a4057a18-2d57-4eea-9bc4-4bae5f43ccf8","MBB_BAU",2046,90,1074,160,321,378,89,5.23217725753784,3088,2454,15288,0,0,0,0,160,321,378,89,5.23217725753784,0,0,0,44.7111129760742,805,1,1,"386053932489998"
"f61f3800-2158-467e-93e0-9c1c1964254f","MBB_BAU",2016,100,6087,147,248,271,107,2.1010217666626,4438,3480,19344,24,1113,935,5197,114,200,223,99,1.85879874229431,5,66,25,44.3800010681152,805,1,1,"386054297489998"
"f61f3800-2158-467e-93e0-9c1c1964254f","MBB_BAU",2021,105,5646,132,264,286,99,2.07047820091248,3527,2704,15163,10,499,417,2339,118,243,265,98,1.9557238817215,5,61,58,44.1904754638672,801,1,2,"386054297489998"
"f61f3800-2158-467e-93e0-9c1c1964254f","MBB_BAU",2026,110,4522,146,343,408,97,2.4357476234436,3044,2342,13766,0,0,0,0,146,343,408,97,2.4357476234436,5,43,103,42.3272743225098,506,1,2,"386054297489998"
"f61f3800-2158-467e-93e0-9c1c1964254f","MBB_BAU",2031,115,2894,149,347,464,93,3.06828808784485,2744,2195,12993,0,0,0,0,149,347,464,93,3.06828808784485,5,48,62,37.8782615661621,506,1,2,"386054297489998"
"f61f3800-2158-467e-93e0-9c1c1964254f","MBB_BAU",2036,120,2184,155,352,509,92,3.60446071624756,2671,2149,12988,0,0,0,0,155,352,509,92,3.60446071624756,5,55,52,35.6916656494141,506,1,1,"386054297489998"
"f61f3800-2158-467e-93e0-9c1c1964254f","MBB_BAU",2041,125,1716,157,347,531,92,4.10064601898193,2689,2219,13414,0,0,0,0,157,347,531,92,4.10064601898193,5,57,49,34.4080009460449,506,1,1,"386054297489998"
"f61f3800-2158-467e-93e0-9c1c1964254f","MBB_BAU",2046,130,1369,161,344,559,91,4.63991641998291,2729,2191,13408,0,0,0,0,161,344,559,91,4.63991641998291,0,0,0,33.3923072814941,520,3,1,"386054297489998"
"5dc472e2-7092-4206-b7b4-495a073ff014","MBB_BAU",2016,73,3270,99,163,163,95,2.35833883285522,2956,2072,11310,25,901,672,3667,71,119,123,88,1.99790692329407,5,71,3,40.4931488037109,520,1,2,"386053995489998"
"5dc472e2-7092-4206-b7b4-495a073ff014","MBB_BAU",2021,78,3199,86,165,162,91,2.22301840782166,2396,1646,9287,0,0,0,0,86,165,162,91,2.22301840782166,5,70,16,42.269229888916,520,1,3,"386053995489998"
"5dc472e2-7092-4206-b7b4-495a073ff014","MBB_BAU",2026,83,2819,120,265,290,94,2.79139947891235,2665,1996,11018,6,217,168,926,113,255,280,92,2.71612572669983,5,64,17,42.9638557434082,520,1,2,"386053995489998"
"5dc472e2-7092-4206-b7b4-495a073ff014","MBB_BAU",2031,88,2388,150,342,422,94,3.38807272911072,2683,2088,11897,0,0,0,0,150,342,422,94,3.38807272911072,5,60,33,43.1931800842285,520,1,2,"386053995489998"
"5dc472e2-7092-4206-b7b4-495a073ff014","MBB_BAU",2036,93,1623,157,340,437,96,4.21662616729736,2814,2239,12894,0,0,0,0,157,340,437,96,4.21662616729736,5,61,18,42.2795715332031,520,1,1,"386053995489998"
"5dc472e2-7092-4206-b7b4-495a073ff014","MBB_BAU",2041,98,1342,162,336,432,98,4.70085668563843,3025,2523,14662,0,0,0,0,162,336,432,98,4.70085668563843,5,82,19,42.2755088806152,520,1,1,"386053995489998"
"5dc472e2-7092-4206-b7b4-495a073ff014","MBB_BAU",2046,103,1128,168,336,436,99,5.22452306747437,3341,2738,16243,0,0,0,0,168,336,436,99,5.22452306747437,0,0,0,43.2912635803223,520,1,1,"386053995489998"
"685f9fbc-c88e-434e-b4b9-4a09f14abd64","MBB_BAU",2016,72,3969,109,186,203,88,2.24046468734741,2957,2038,10248,28,846,626,3148,80,141,158,87,1.92621529102325,5,51,6,41.0694427490234,520,1,2,"386054140489998"
"685f9fbc-c88e-434e-b4b9-4a09f14abd64","MBB_BAU",2021,77,3886,97,199,208,88,2.13574743270874,2335,1561,8069,16,479,340,1758,81,173,182,86,1.95311391353607,5,47,25,41.3116874694824,520,1,2,"386054140489998"
"685f9fbc-c88e-434e-b4b9-4a09f14abd64","MBB_BAU",2026,82,3343,114,280,321,88,2.50262403488159,1964,1389,7009,0,0,0,0,114,280,321,88,2.50262403488159,5,45,33,40.1097564697266,520,1,2,"386054140489998"
"685f9fbc-c88e-434e-b4b9-4a09f14abd64","MBB_BAU",2031,87,2563,136,331,418,89,3.12387251853943,2023,1493,8029,0,0,0,0,136,331,418,89,3.12387251853943,5,40,42,38.4827575683594,520,1,2,"386054140489998"
"685f9fbc-c88e-434e-b4b9-4a09f14abd64","MBB_BAU",2036,92,1757,137,317,423,90,3.7835214138031,2014,1582,8473,0,0,0,0,137,317,423,90,3.7835214138031,5,46,29,36.2934799194336,520,1,1,"386054140489998"
"685f9fbc-c88e-434e-b4b9-4a09f14abd64","MBB_BAU",2041,97,1348,142,315,429,90,4.39490556716919,2098,1688,9371,0,0,0,0,142,315,429,90,4.39490556716919,5,52,14,35.2886581420898,520,3,1,"386054140489998"
"685f9fbc-c88e-434e-b4b9-4a09f14abd64","MBB_BAU",2046,102,1192,149,320,436,91,4.78171110153198,2284,1879,10207,0,0,0,0,149,320,436,91,4.78171110153198,0,0,0,35.3823547363281,520,3,1,"386054140489998"
"fa5d42cd-33fb-4048-9fe7-a390829e78c3","MBB_BAU",2016,61,1788,95,186,240,71,3.11776161193848,1811,1134,5976,2,49,36,187,93,183,237,71,3.08879566192627,5,97,6,29.6885242462158,520,1,2,"386054030489998"
"fa5d42cd-33fb-4048-9fe7-a390829e78c3","MBB_BAU",2021,66,1690,118,244,313,75,3.5793285369873,2221,1378,7540,0,0,0,0,118,244,313,75,3.5793285369873,5,83,14,34.3939399719238,520,1,2,"386054030489998"
"fa5d42cd-33fb-4048-9fe7-a390829e78c3","MBB_BAU",2026,71,1515,144,301,401,78,4.17321062088013,2565,1561,8703,0,0,0,0,144,301,401,78,4.17321062088013,5,72,13,36.8169021606445,520,1,1,"386054030489998"
"fa5d42cd-33fb-4048-9fe7-a390829e78c3","MBB_BAU",2031,76,1386,165,342,465,81,4.67028188705444,2864,1736,9861,0,0,0,0,165,342,465,81,4.67028188705444,5,91,24,38.3289489746094,520,1,1,"386054030489998"
"fa5d42cd-33fb-4048-9fe7-a390829e78c3","MBB_BAU",2036,81,1183,174,351,484,84,5.18554830551147,3195,2122,11835,0,0,0,0,174,351,484,84,5.18554830551147,5,91,27,40.0493812561035,520,1,1,"386054030489998"
"fa5d42cd-33fb-4048-9fe7-a390829e78c3","MBB_BAU",2041,86,1027,177,349,488,87,5.62057638168335,3515,2262,12835,0,0,0,0,177,349,488,87,5.62057638168335,5,83,28,41.4418601989746,520,1,1,"386054030489998"
"fa5d42cd-33fb-4048-9fe7-a390829e78c3","MBB_BAU",2046,91,908,180,347,488,89,6.03521585464478,3789,2415,13932,0,0,0,0,180,347,488,89,6.03521585464478,0,0,0,42.1758232116699,520,1,1,"386054030489998"
"9a0904fe-7678-4dc9-8786-5f1f4fac710a","MBB_BAU",2017,62,4521,80,145,150,82,1.80561876296997,1966,1222,5586,0,0,0,0,80,145,150,82,1.80561876296997,5,72,9,31.7096767425537,805,1,2,"386054036489998"
"9a0904fe-7678-4dc9-8786-5f1f4fac710a","MBB_BAU",2022,67,4092,109,239,230,84,2.21285176277161,2277,1675,7881,12,344,264,1243,97,219,211,84,2.08792400360107,5,57,29,33.9850730895996,805,1,2,"386054036489998"
"9a0904fe-7678-4dc9-8786-5f1f4fac710a","MBB_BAU",2027,72,2746,135,321,338,85,3.00777435302734,2072,1627,7688,0,0,0,0,135,321,338,85,3.00777435302734,5,61,26,33.5555572509766,503,1,2,"386054036489998"
"9a0904fe-7678-4dc9-8786-5f1f4fac710a","MBB_BAU",2032,77,1822,142,322,364,88,3.78677821159363,2247,1730,8672,0,0,0,0,142,322,364,88,3.78677821159363,5,60,20,33.6493492126465,503,1,1,"386054036489998"
"9a0904fe-7678-4dc9-8786-5f1f4fac710a","MBB_BAU",2037,82,1387,147,319,375,91,4.41466903686523,2444,1931,9800,0,0,0,0,147,319,375,91,4.41466903686523,5,65,19,34,805,1,1,"386054036489998"
"9a0904fe-7678-4dc9-8786-5f1f4fac710a","MBB_BAU",2042,87,1121,153,318,380,93,5.00067043304443,2673,2094,11015,0,0,0,0,153,318,380,93,5.00067043304443,5,91,18,34.6781616210938,805,1,1,"386054036489998"
"9a0904fe-7678-4dc9-8786-5f1f4fac710a","MBB_BAU",2047,92,952,158,317,376,95,5.51288366317749,3039,2259,11990,0,0,0,0,158,317,376,95,5.51288366317749,0,0,0,36.7717399597168,805,1,1,"386054036489998"
"bf54dfe3-7428-4b16-84b5-2da768eab6a8","MBB_BAU",2017,85,3576,104,194,189,79,2.30777978897095,2227,1607,8592,8,251,205,1096,95,180,177,77,2.20654916763306,5,68,20,26.2000007629395,503,1,2,"386054058489998"
"bf54dfe3-7428-4b16-84b5-2da768eab6a8","MBB_BAU",2022,90,3116,118,258,246,81,2.63958764076233,2217,1566,8499,0,0,0,0,118,258,246,81,2.63958764076233,5,50,34,27.4222221374512,520,1,2,"386054058489998"
"bf54dfe3-7428-4b16-84b5-2da768eab6a8","MBB_BAU",2027,95,2497,143,328,345,83,3.23573803901672,2294,1649,9096,0,0,0,0,143,328,345,83,3.23573803901672,5,53,44,26.7894744873047,520,1,1,"386054058489998"
"bf54dfe3-7428-4b16-84b5-2da768eab6a8","MBB_BAU",2032,100,1861,150,335,386,85,3.83999133110046,2340,1747,9919,0,0,0,0,150,335,386,85,3.83999133110046,5,44,48,25.9099998474121,520,1,1,"386054058489998"
"bf54dfe3-7428-4b16-84b5-2da768eab6a8","MBB_BAU",2037,105,1382,149,322,393,86,4.44511842727661,2321,1858,10645,0,0,0,0,149,322,393,86,4.44511842727661,5,46,27,24.4952373504639,520,1,1,"386054058489998"
"bf54dfe3-7428-4b16-84b5-2da768eab6a8","MBB_BAU",2042,110,1177,155,325,411,87,4.91356039047241,2414,2001,11502,0,0,0,0,155,325,411,87,4.91356039047241,5,67,23,24.2272720336914,520,3,1,"386054058489998"
"bf54dfe3-7428-4b16-84b5-2da768eab6a8","MBB_BAU",2047,115,1037,158,323,410,89,5.28923034667969,2638,2161,12779,0,0,0,0,158,323,410,89,5.28923034667969,0,0,0,25.1217384338379,520,3,1,"386054058489998"
"18ecbc43-2190-4268-a47b-55fc9db69bd4","MBB_BAU",2017,78,4434,101,172,181,72,2.04653096199036,2438,1898,10872,19,682,547,3136,77,136,148,69,1.78414404392242,5,47,0,31.2564105987549,503,1,2,"386054062489998"
"18ecbc43-2190-4268-a47b-55fc9db69bd4","MBB_BAU",2022,83,4432,97,204,229,73,2.00749206542969,1988,1505,8823,7,266,208,1216,88,190,216,72,1.9103170633316,5,55,27,32.1686744689941,520,1,2,"386054062489998"
"18ecbc43-2190-4268-a47b-55fc9db69bd4","MBB_BAU",2027,88,3726,124,305,411,75,2.46999955177307,1857,1431,8421,0,0,0,0,124,305,411,75,2.46999955177307,5,46,52,31.875,520,1,2,"386054062489998"
"18ecbc43-2190-4268-a47b-55fc9db69bd4","MBB_BAU",2032,93,2418,132,315,473,75,3.16155576705933,1827,1446,8786,0,0,0,0,132,315,473,75,3.16155576705933,5,46,36,29.8387088775635,520,1,2,"386054062489998"
"18ecbc43-2190-4268-a47b-55fc9db69bd4","MBB_BAU",2037,98,1726,137,314,509,76,3.81133675575256,1878,1470,8589,0,0,0,0,137,314,509,76,3.81133675575256,5,55,23,28.8367347717285,520,3,1,"386054062489998"
"18ecbc43-2190-4268-a47b-55fc9db69bd4","MBB_BAU",2042,103,1377,146,324,551,78,4.40641975402832,2040,1502,9154,0,0,0,0,146,324,551,78,4.40641975402832,5,65,16,29.009708404541,520,3,1,"386054062489998"
"18ecbc43-2190-4268-a47b-55fc9db69bd4","MBB_BAU",2047,108,1188,149,321,545,81,4.79055643081665,2284,1609,9560,0,0,0,0,149,321,545,81,4.79055643081665,0,0,0,29.9259262084961,520,3,1,"386054062489998"
"42c64149-5a29-44d3-b37d-541e49e4ec1f","MBB_BAU",2017,60,4320,93,196,237,77,1.9888129234314,1618,1054,4920,0,0,0,0,93,196,237,77,1.9888129234314,5,79,9,26.966667175293,801,1,2,"433077240489998"
"42c64149-5a29-44d3-b37d-541e49e4ec1f","MBB_BAU",2022,65,3626,137,325,377,82,2.63196015357971,1967,1380,7016,0,0,0,0,137,325,377,82,2.63196015357971,5,89,27,30.2615375518799,801,1,2,"433077240489998"
"42c64149-5a29-44d3-b37d-541e49e4ec1f","MBB_BAU",2027,70,2160,160,363,444,86,3.68297982215881,2279,1827,9402,0,0,0,0,160,363,444,86,3.68297982215881,5,124,30,32.5571441650391,801,3,1,"433077240489998"
"42c64149-5a29-44d3-b37d-541e49e4ec1f","MBB_BAU",2032,75,1448,166,356,461,88,4.59017992019653,2749,2096,11191,0,0,0,0,166,356,461,88,4.59017992019653,5,137,33,36.6533317565918,801,3,1,"433077240489998"
"42c64149-5a29-44d3-b37d-541e49e4ec1f","MBB_BAU",2037,80,1108,171,349,461,91,5.31845140457153,3273,2338,12814,0,0,0,0,171,349,461,91,5.31845140457153,5,113,37,40.9124984741211,801,1,1,"433077240489998"
"42c64149-5a29-44d3-b37d-541e49e4ec1f","MBB_BAU",2042,85,905,175,345,466,94,5.951247215271,3651,2516,14183,0,0,0,0,175,345,466,94,5.951247215271,5,119,35,42.9529418945312,801,1,1,"433077240489998"
"42c64149-5a29-44d3-b37d-541e49e4ec1f","MBB_BAU",2047,90,781,179,343,460,97,6.48106956481934,4072,2730,15587,0,0,0,0,179,343,460,97,6.48106956481934,0,0,0,45.2444458007812,801,2,1,"433077240489998"
"6c224e9d-c2c3-440a-8713-f132e9932df0","MBB_BAU",2018,65,2640,59,137,194,65,2.02685379981995,859,530,2478,0,0,0,0,59,137,194,65,2.02685379981995,5,47,0,13.2153844833374,520,1,3,"433077253489998"
"6c224e9d-c2c3-440a-8713-f132e9932df0","MBB_BAU",2023,70,2572,76,183,258,69,2.33315944671631,1094,606,3028,0,0,0,0,76,183,258,69,2.33315944671631,5,54,3,15.6285715103149,520,1,2,"433077253489998"
"6c224e9d-c2c3-440a-8713-f132e9932df0","MBB_BAU",2028,75,2280,102,251,349,72,2.86688375473022,1349,692,3433,0,0,0,0,102,251,349,72,2.86688375473022,5,80,5,17.986665725708,520,2,2,"433077253489998"
"6c224e9d-c2c3-440a-8713-f132e9932df0","MBB_BAU",2033,80,1895,127,305,432,75,3.51197934150696,1727,802,4143,0,0,0,0,127,305,432,75,3.51197934150696,5,80,15,21.5874996185303,520,2,2,"433077253489998"
"6c224e9d-c2c3-440a-8713-f132e9932df0","MBB_BAU",2038,85,1455,140,318,459,77,4.19404363632202,2049,913,4931,0,0,0,0,140,318,459,77,4.19404363632202,5,86,21,24.1058826446533,520,2,1,"433077253489998"
"6c224e9d-c2c3-440a-8713-f132e9932df0","MBB_BAU",2043,90,1140,146,317,462,81,4.84081125259399,2377,1107,5774,0,0,0,0,146,317,462,81,4.84081125259399,5,98,24,26.411111831665,520,2,1,"433077253489998"
"6c224e9d-c2c3-440a-8713-f132e9932df0","MBB_BAU",2048,95,935,151,315,458,83,5.43744516372681,2745,1228,6605,0,0,0,0,151,315,458,83,5.43744516372681,0,0,0,28.8947372436523,520,1,1,"433077253489998"
"47aedd32-032f-4514-b4a4-079c53b35b0d","MBB_BAU",2018,71,702,74,138,124,59,4.40193748474121,1336,887,4230,0,0,0,0,74,138,124,59,4.40193748474121,5,46,2,18.8169021606445,801,1,3,"433077287489998"
"47aedd32-032f-4514-b4a4-079c53b35b0d","MBB_BAU",2023,76,690,87,163,146,61,4.80558204650879,1558,1068,5290,0,0,0,0,87,163,146,61,4.80558204650879,5,55,2,20.5,801,1,2,"433077287489998"
"47aedd32-032f-4514-b4a4-079c53b35b0d","MBB_BAU",2028,81,678,102,192,173,62,5.26261281967163,1825,1219,6082,19,399,278,1385,84,163,149,59,4.84211158752441,5,48,1,22.5308647155762,801,1,2,"433077287489998"
"47aedd32-032f-4514-b4a4-079c53b35b0d","MBB_BAU",2033,86,676,100,192,178,62,5.20936107635498,1656,1067,5544,11,251,168,872,89,175,164,61,4.94914817810059,5,50,1,23.8953495025635,801,1,2,"433077287489998"
"47aedd32-032f-4514-b4a4-079c53b35b0d","MBB_BAU",2038,91,669,104,201,188,64,5.34170913696289,1647,1162,5978,9,221,156,801,94,186,176,64,5.12328863143921,5,82,1,25.2417583465576,801,1,2,"433077287489998"
"47aedd32-032f-4514-b4a4-079c53b35b0d","MBB_BAU",2043,96,661,110,214,204,66,5.53200101852417,1829,1245,6359,2,66,51,260,108,209,200,66,5.47083377838135,5,83,2,28.125,520,1,2,"433077287489998"
"47aedd32-032f-4514-b4a4-079c53b35b0d","MBB_BAU",2048,101,649,122,233,222,69,5.87010526657104,2165,1506,7769,0,0,0,0,122,233,222,69,5.87010526657104,0,0,0,30.0594062805176,520,1,2,"433077287489998"
"c1fcd948-7f2d-40c1-931c-a23e4b945719","MBB_BAU",2017,69,975,199,292,248,109,6.1230959892273,6370,5247,30828,43,2237,1873,11005,133,201,177,101,5.11395788192749,5,75,12,92.3188400268555,801,1,1,"386054067489998"
"c1fcd948-7f2d-40c1-931c-a23e4b945719","MBB_BAU",2022,74,957,147,230,205,104,5.29906225204468,4450,3774,22404,23,1315,1146,6806,108,178,164,98,4.6083025932312,5,61,16,90.3648681640625,801,1,2,"386054067489998"
"c1fcd948-7f2d-40c1-931c-a23e4b945719","MBB_BAU",2027,79,930,125,217,212,99,4.96223258972168,3361,2812,16719,10,611,534,3177,107,193,193,96,4.62359571456909,5,79,11,87.5063323974609,801,1,2,"386054067489998"
"c1fcd948-7f2d-40c1-931c-a23e4b945719","MBB_BAU",2032,84,907,125,230,241,98,5.02476501464844,3092,2509,15030,4,232,204,1225,118,221,234,96,4.89920282363892,5,84,26,86.3690490722656,801,1,2,"386054067489998"
"c1fcd948-7f2d-40c1-931c-a23e4b945719","MBB_BAU",2037,89,853,131,246,267,97,5.30601692199707,3147,2387,14284,0,0,0,0,131,246,267,97,5.30601692199707,5,101,27,84.741569519043,801,1,2,"386054067489998"
"c1fcd948-7f2d-40c1-931c-a23e4b945719","MBB_BAU",2042,94,804,146,273,298,96,5.76854133605957,3519,2530,15298,0,0,0,0,146,273,298,96,5.76854133605957,5,97,23,84.1914901733398,801,1,1,"386054067489998"
"c1fcd948-7f2d-40c1-931c-a23e4b945719","MBB_BAU",2047,99,766,159,294,319,98,6.1592116355896,3889,2698,16377,0,0,0,0,159,294,319,98,6.1592116355896,0,0,0,83.6767654418945,801,2,1,"386054067489998"
"9056d71a-3264-473c-8200-3f438f77acc2","MBB_BAU",2017,50,2550,132,270,335,81,3.0785768032074,2196,1375,6636,0,6,4,21,132,270,335,81,3.07576394081116,5,84,15,43.9199981689453,805,1,2,"386054080489998"
"9056d71a-3264-473c-8200-3f438f77acc2","MBB_BAU",2022,55,2315,154,322,387,84,3.49014329910278,2533,1658,8209,0,0,0,0,154,322,387,84,3.49014329910278,5,102,47,46.1636352539062,805,1,1,"386054080489998"
"9056d71a-3264-473c-8200-3f438f77acc2","MBB_BAU",2027,60,1717,165,345,408,83,4.19313049316406,2808,2000,10360,0,0,0,0,165,345,408,83,4.19313049316406,5,79,49,46.9000015258789,805,1,1,"386054080489998"
"9056d71a-3264-473c-8200-3f438f77acc2","MBB_BAU",2032,65,1317,168,343,407,84,4.828688621521,2957,2129,11391,0,0,0,0,168,343,407,84,4.828688621521,5,85,41,45.5846138000488,805,1,1,"386054080489998"
"9056d71a-3264-473c-8200-3f438f77acc2","MBB_BAU",2037,70,1090,171,340,402,87,5.364577293396,3175,2388,13024,0,0,0,0,171,340,402,87,5.364577293396,5,116,41,45.4428558349609,805,1,1,"386054080489998"
"9056d71a-3264-473c-8200-3f438f77acc2","MBB_BAU",2042,75,924,176,339,396,89,5.90158987045288,3548,2574,14507,0,0,0,0,176,339,396,89,5.90158987045288,5,117,42,47.3866653442383,805,1,1,"386054080489998"
"9056d71a-3264-473c-8200-3f438f77acc2","MBB_BAU",2047,80,804,180,338,387,91,6.40286254882812,3920,2799,15816,0,0,0,0,180,338,387,91,6.40286254882812,0,0,0,49.0750007629395,805,1,1,"386054080489998"
"19093512-53a1-4463-8318-30871e286c72","MBB_BAU",2016,66,4125,113,208,250,99,2.24188566207886,3164,1792,9504,26,772,465,2467,89,169,209,95,1.99864041805267,5,69,6,47.9393920898438,997,1,2,"386054085489998"
"19093512-53a1-4463-8318-30871e286c72","MBB_BAU",2021,71,3859,114,246,283,96,2.33059692382812,2709,1513,8078,9,284,170,905,106,232,268,96,2.2432496547699,5,54,11,49.0281677246094,997,1,2,"386054085489998"
"19093512-53a1-4463-8318-30871e286c72","MBB_BAU",2026,76,3317,138,324,393,97,2.76593637466431,2638,1678,8815,0,0,0,0,138,324,393,97,2.76593637466431,5,55,26,48.6052627563477,997,1,1,"386054085489998"
"19093512-53a1-4463-8318-30871e286c72","MBB_BAU",2031,81,2283,151,342,448,99,3.47962617874146,2783,1957,10389,0,0,0,0,151,342,448,99,3.47962617874146,5,77,27,47.3950614929199,997,1,1,"386054085489998"
"19093512-53a1-4463-8318-30871e286c72","MBB_BAU",2036,86,1656,156,338,467,99,4.1589183807373,3035,2177,11728,0,0,0,0,156,338,467,99,4.1589183807373,5,69,27,47.569766998291,997,1,1,"386054085489998"
"19093512-53a1-4463-8318-30871e286c72","MBB_BAU",2041,91,1303,160,333,476,100,4.73991775512695,3248,2287,12393,0,0,0,0,160,333,476,100,4.73991775512695,5,78,31,47.296703338623,997,1,1,"386054085489998"
"19093512-53a1-4463-8318-30871e286c72","MBB_BAU",2046,96,1043,164,330,482,101,5.37151718139648,3480,2502,14076,0,0,0,0,164,330,482,101,5.37151718139648,0,0,0,47.25,997,1,1,"386054085489998"
"b474014d-babc-453a-96c9-b598d3945542","MBB_BAU",2016,60,1590,68,113,114,81,2.79870271682739,1847,1064,5814,0,0,0,0,68,113,114,81,2.79870271682739,5,69,2,30.783332824707,801,2,3,"386054098489998"
"b474014d-babc-453a-96c9-b598d3945542","MBB_BAU",2021,65,1559,81,144,138,85,3.09427118301392,2183,1324,7327,0,0,0,0,81,144,138,85,3.09427118301392,5,61,2,33.5846138000488,801,1,3,"386054098489998"
"b474014d-babc-453a-96c9-b598d3945542","MBB_BAU",2026,70,1529,104,203,201,87,3.52654767036438,2478,1774,9544,22,638,461,2480,82,169,168,81,3.15540075302124,5,58,3,35.4000015258789,801,1,2,"386054098489998"
"b474014d-babc-453a-96c9-b598d3945542","MBB_BAU",2031,75,1458,106,225,239,84,3.64658808708191,2110,1587,8511,8,247,186,997,97,212,226,82,3.50771117210388,5,54,6,36.6399993896484,801,1,2,"386054098489998"
"b474014d-babc-453a-96c9-b598d3945542","MBB_BAU",2036,80,1338,115,247,275,85,3.97839665412903,2103,1590,8753,1,28,21,118,115,246,274,85,3.96317386627197,5,55,5,37.3499984741211,801,1,2,"386054098489998"
"b474014d-babc-453a-96c9-b598d3945542","MBB_BAU",2041,85,1249,131,275,313,87,4.38354444503784,2326,1870,10086,0,0,0,0,131,275,313,87,4.38354444503784,5,54,5,38.1058807373047,801,1,2,"386054098489998"
"b474014d-babc-453a-96c9-b598d3945542","MBB_BAU",2046,90,1172,146,300,346,89,4.77918100357056,2574,2270,12456,0,0,0,0,146,300,346,89,4.77918100357056,0,0,0,38.7444458007812,801,1,1,"386054098489998"
"1be3c779-8ca7-4fd9-800a-842c3348a285","MBB_BAU",2017,70,756,97,174,206,91,4.84088897705078,2670,1550,8322,15,482,324,1740,81,150,181,89,4.48521184921265,5,52,6,38.1428565979004,997,1,2,"386054386489998"
"1be3c779-8ca7-4fd9-800a-842c3348a285","MBB_BAU",2022,75,752,92,173,214,91,4.73415327072144,2417,1356,7304,11,343,224,1208,81,155,197,90,4.47715425491333,5,48,5,38.6533317565918,997,1,2,"386054386489998"
"1be3c779-8ca7-4fd9-800a-842c3348a285","MBB_BAU",2027,80,742,95,186,247,91,4.84089803695679,2285,1301,7092,4,126,85,462,91,180,241,91,4.75148773193359,5,44,3,38.875,997,1,2,"386054386489998"
"1be3c779-8ca7-4fd9-800a-842c3348a285","MBB_BAU",2032,85,732,105,211,295,92,5.1306643486023,2361,1352,7204,1,42,28,149,104,208,293,92,5.10293817520142,5,46,7,38.9647064208984,997,1,2,"386054386489998"
"1be3c779-8ca7-4fd9-800a-842c3348a285","MBB_BAU",2037,90,704,114,227,323,94,5.43903207778931,2515,1484,7847,3,79,52,275,111,223,319,93,5.38965845108032,5,63,8,38.9777793884277,997,1,2,"386054386489998"
"1be3c779-8ca7-4fd9-800a-842c3348a285","MBB_BAU",2042,95,674,122,242,352,95,5.76392984390259,2707,1622,8810,6,168,108,585,117,233,343,96,5.66433668136597,5,67,6,39.7789459228516,997,1,1,"386054386489998"
"1be3c779-8ca7-4fd9-800a-842c3348a285","MBB_BAU",2047,100,656,128,253,378,97,5.98905277252197,2843,1643,9157,0,0,0,0,128,253,378,97,5.98905277252197,0,0,0,39.1500015258789,997,1,1,"386054386489998"
"2d6d1239-3702-4029-a375-081f67ee3093","MBB_BAU",2021,58,387,164,264,264,97,8.81015491485596,4706,3800,21252,29,1337,1138,6367,122,202,206,94,7.89493083953857,5,61,14,81.1379318237305,801,1,1,"749041470290487"
"2d6d1239-3702-4029-a375-081f67ee3093","MBB_BAU",2026,63,374,129,211,215,95,7.94275140762329,3600,2855,16333,16,841,722,4131,103,174,180,88,7.2519211769104,5,58,14,78.3650817871094,801,1,2,"749041470290487"
"2d6d1239-3702-4029-a375-081f67ee3093","MBB_BAU",2031,68,361,109,183,189,89,7.45453691482544,2978,2315,13510,9,528,458,2674,93,160,168,86,6.97081565856934,5,44,10,75.8235321044922,801,1,2,"749041470290487"
"2d6d1239-3702-4029-a375-081f67ee3093","MBB_BAU",2036,73,349,99,169,177,87,7.21090078353882,2618,1999,11664,11,497,413,2410,84,147,156,84,6.73118162155151,5,36,8,72.9315032958984,801,1,2,"749041470290487"
"2d6d1239-3702-4029-a375-081f67ee3093","MBB_BAU",2041,78,337,88,154,163,85,6.93418788909912,2259,1676,10005,0,0,0,0,88,154,163,85,6.93418788909912,5,44,8,70.0256423950195,801,1,2,"749041470290487"
"2d6d1239-3702-4029-a375-081f67ee3093","MBB_BAU",2046,83,327,95,162,172,86,7.2760763168335,2440,1825,10925,6,305,258,1544,85,149,160,83,6.96855926513672,5,45,7,67.9879531860352,801,1,2,"749041470290487"
"2d6d1239-3702-4029-a375-081f67ee3093","MBB_BAU",2051,88,317,92,160,170,84,7.30786752700806,2323,1717,10283,0,0,0,0,92,160,170,84,7.30786752700806,0,0,0,62.7954559326172,801,1,2,"749041470290487"
"d39e4555-6ba2-484a-935d-c684b2672566","MBB_BAU",2021,20,1881,62,155,199,40,2.46495699882507,370,0,0,0,0,0,0,62,155,199,40,2.46495699882507,5,72,0,18.5,519,2,3,"749041477290487"
"d39e4555-6ba2-484a-935d-c684b2672566","MBB_BAU",2026,25,1847,79,194,240,44,2.79294657707214,729,0,0,0,0,0,0,79,194,240,44,2.79294657707214,5,51,1,29.1599998474121,520,2,2,"749041477290487"
"d39e4555-6ba2-484a-935d-c684b2672566","MBB_BAU",2031,30,1784,99,245,296,49,3.18945693969727,982,0,0,0,0,0,0,99,245,296,49,3.18945693969727,5,85,3,32.7333335876465,520,2,2,"749041477290487"
"d39e4555-6ba2-484a-935d-c684b2672566","MBB_BAU",2036,35,1606,123,296,360,53,3.7445502281189,1396,0,0,0,0,0,0,123,296,360,53,3.7445502281189,5,81,4,39.8857154846191,520,2,2,"749041477290487"
"d39e4555-6ba2-484a-935d-c684b2672566","MBB_BAU",2041,40,1466,145,337,414,58,4.25560569763184,1782,0,0,0,0,0,0,145,337,414,58,4.25560569763184,5,83,4,44.5499992370605,520,2,1,"749041477290487"
"d39e4555-6ba2-484a-935d-c684b2672566","MBB_BAU",2046,45,1374,163,368,452,62,4.66513919830322,2179,0,0,0,0,0,0,163,368,452,62,4.66513919830322,5,111,13,48.4222221374512,520,2,1,"749041477290487"
"d39e4555-6ba2-484a-935d-c684b2672566","MBB_BAU",2051,50,1134,171,369,455,65,5.25112724304199,2671,0,0,0,0,0,0,171,369,455,65,5.25112724304199,0,0,0,53.4199981689453,520,2,1,"749041477290487"
"1e527f40-0981-4604-8e4f-53b106e133a5","MBB_GROW",2019,87,1242,128,260,248,48,4.34042692184448,1278,169,828,0,0,0,0,128,260,248,48,4.34042692184448,5,68,6,14.6896553039551,801,2,1,"523737932126144"
"1e527f40-0981-4604-8e4f-53b106e133a5","MBB_GROW",2024,92,1162,138,282,257,53,4.66300344467163,1587,279,1346,0,0,0,0,138,282,257,53,4.66300344467163,5,72,9,17.25,801,2,1,"523737932126144"
"1e527f40-0981-4604-8e4f-53b106e133a5","MBB_GROW",2029,97,1079,151,311,272,58,5.06155967712402,1902,371,1891,0,0,0,0,151,311,272,58,5.06155967712402,5,60,11,19.608247756958,801,2,1,"523737932126144"
"1e527f40-0981-4604-8e4f-53b106e133a5","MBB_GROW",2034,102,1011,163,337,290,62,5.44370651245117,2150,448,2345,0,0,0,0,163,337,290,62,5.44370651245117,5,60,15,21.0784320831299,801,2,1,"523737932126144"
"1e527f40-0981-4604-8e4f-53b106e133a5","MBB_GROW",2039,107,930,172,350,298,66,5.81639671325684,2373,601,3198,0,0,0,0,172,350,298,66,5.81639671325684,5,81,21,22.1775703430176,801,2,1,"523737932126144"
"1e527f40-0981-4604-8e4f-53b106e133a5","MBB_GROW",2044,112,839,175,351,295,70,6.18751382827759,2672,710,3777,0,0,0,0,175,351,295,70,6.18751382827759,5,76,25,23.8571434020996,801,2,1,"523737932126144"
"1e527f40-0981-4604-8e4f-53b106e133a5","MBB_GROW",2049,117,759,178,352,291,73,6.56482934951782,2930,874,4611,0,0,0,0,178,352,291,73,6.56482934951782,0,0,0,25.0427341461182,801,2,1,"523737932126144"
"16fa5bdd-0fd1-4c5d-a28d-1ba1dd4c3d57","MBB_GROW",2013,77,501,114,195,173,93,6.46953678131104,3337,901,5022,0,0,0,0,114,195,173,93,6.46953678131104,5,43,22,43.3376617431641,801,1,2,"198434273020004"
"16fa5bdd-0fd1-4c5d-a28d-1ba1dd4c3d57","MBB_GROW",2018,82,482,120,204,181,93,6.7411150932312,3445,1267,6775,0,0,0,0,120,204,181,93,6.7411150932312,5,45,14,42.0121955871582,801,1,1,"198434273020004"
"16fa5bdd-0fd1-4c5d-a28d-1ba1dd4c3d57","MBB_GROW",2023,87,468,128,220,197,94,7.08345651626587,3599,1699,9133,0,0,0,0,128,220,197,94,7.08345651626587,5,50,10,41.3678169250488,801,1,1,"198434273020004"
"16fa5bdd-0fd1-4c5d-a28d-1ba1dd4c3d57","MBB_GROW",2028,92,459,138,238,210,95,7.43409013748169,3801,2008,10677,0,0,0,0,138,238,210,95,7.43409013748169,5,46,17,41.3152160644531,801,1,1,"198434273020004"
"16fa5bdd-0fd1-4c5d-a28d-1ba1dd4c3d57","MBB_GROW",2033,97,443,146,251,220,95,7.7770037651062,3944,2321,12505,0,0,0,0,146,251,220,95,7.7770037651062,5,56,17,40.6597938537598,801,1,1,"198434273020004"
"16fa5bdd-0fd1-4c5d-a28d-1ba1dd4c3d57","MBB_GROW",2038,102,428,154,263,229,95,8.10819435119629,4140,2452,13383,0,0,0,0,154,263,229,95,8.10819435119629,5,55,14,40.5882339477539,801,1,1,"198434273020004"
"16fa5bdd-0fd1-4c5d-a28d-1ba1dd4c3d57","MBB_GROW",2043,107,417,160,272,236,96,8.39390659332275,4344,2595,14568,0,0,0,0,160,272,236,96,8.39390659332275,0,0,0,40.5981292724609,801,1,1,"198434273020004"
"0e58a105-6e3e-457f-85af-9e19f3b99655","MBB_BAU",2019,87,1242,128,260,248,48,4.34042692184448,1278,169,828,0,0,0,0,128,260,248,48,4.34042692184448,5,68,6,14.6896553039551,801,2,1,"523737932126144"
"0e58a105-6e3e-457f-85af-9e19f3b99655","MBB_BAU",2024,92,1162,138,282,257,53,4.66300344467163,1587,279,1346,0,0,0,0,138,282,257,53,4.66300344467163,5,72,9,17.25,801,2,1,"523737932126144"
"0e58a105-6e3e-457f-85af-9e19f3b99655","MBB_BAU",2029,97,1079,151,311,272,58,5.06155967712402,1902,371,1891,0,0,0,0,151,311,272,58,5.06155967712402,5,60,11,19.608247756958,801,2,1,"523737932126144"
"0e58a105-6e3e-457f-85af-9e19f3b99655","MBB_BAU",2034,102,1011,163,337,290,62,5.44370651245117,2150,448,2345,0,0,0,0,163,337,290,62,5.44370651245117,5,60,15,21.0784320831299,801,2,1,"523737932126144"
"0e58a105-6e3e-457f-85af-9e19f3b99655","MBB_BAU",2039,107,930,172,350,298,66,5.81639671325684,2373,601,3198,0,0,0,0,172,350,298,66,5.81639671325684,5,81,21,22.1775703430176,801,2,1,"523737932126144"
"0e58a105-6e3e-457f-85af-9e19f3b99655","MBB_BAU",2044,112,839,175,351,295,70,6.18751382827759,2672,710,3777,0,0,0,0,175,351,295,70,6.18751382827759,5,76,25,23.8571434020996,801,2,1,"523737932126144"
"0e58a105-6e3e-457f-85af-9e19f3b99655","MBB_BAU",2049,117,759,178,352,291,73,6.56482934951782,2930,874,4611,0,0,0,0,178,352,291,73,6.56482934951782,0,0,0,25.0427341461182,801,2,1,"523737932126144"
"7f42ee26-1e3a-40c1-bb77-6a6831c73891","MBB_BAU",2013,77,501,114,195,173,93,6.46953678131104,3337,901,5022,41,1206,325,1814,76,132,120,91,5.48872375488281,5,32,7,43.3376617431641,801,1,2,"198434273020004"
"7f42ee26-1e3a-40c1-bb77-6a6831c73891","MBB_BAU",2018,82,464,82,144,133,91,5.68667316436768,2258,815,4362,0,0,0,0,82,144,133,91,5.68667316436768,5,31,8,42.2439041137695,801,1,2,"198434273020004"
"7f42ee26-1e3a-40c1-bb77-6a6831c73891","MBB_BAU",2023,87,451,90,161,150,93,6.03905725479126,2376,1087,5803,0,0,0,0,90,161,150,93,6.03905725479126,5,30,8,41.1724128723145,801,1,2,"198434273020004"
"7f42ee26-1e3a-40c1-bb77-6a6831c73891","MBB_BAU",2028,92,439,98,177,163,93,6.39419412612915,2489,1289,6795,17,628,325,1714,78,146,138,92,5.82529401779175,5,38,6,40.1630439758301,801,1,2,"198434273020004"
"7f42ee26-1e3a-40c1-bb77-6a6831c73891","MBB_BAU",2033,97,418,86,160,150,93,6.13116312026978,2023,1113,6005,0,0,0,0,86,160,150,93,6.13116312026978,5,29,7,39.7628860473633,801,1,2,"198434273020004"
"7f42ee26-1e3a-40c1-bb77-6a6831c73891","MBB_BAU",2038,102,406,94,175,164,93,6.51324367523193,2133,1360,7554,8,329,210,1164,84,159,151,92,6.20955038070679,5,28,5,38.8921585083008,801,1,2,"198434273020004"
"7f42ee26-1e3a-40c1-bb77-6a6831c73891","MBB_BAU",2043,107,390,91,172,164,92,6.54720449447632,1916,1245,6834,0,0,0,0,91,172,164,92,6.54720449447632,0,0,0,35.0467300415039,801,1,2,"198434273020004"
"08f3eba0-7ce2-44ae-a254-209859011637","MBB_GROW",2018,91,5208,94,151,158,90,1.81900489330292,2737,2253,11820,0,0,0,0,94,151,158,90,1.81900489330292,5,79,9,30.0769233703613,801,1,2,"473337993489998"
"08f3eba0-7ce2-44ae-a254-209859011637","MBB_GROW",2023,96,4398,119,236,222,95,2.22611808776855,3090,2553,13836,0,0,0,0,119,236,222,95,2.22611808776855,5,68,30,32.1875,801,1,2,"473337993489998"
"08f3eba0-7ce2-44ae-a254-209859011637","MBB_GROW",2028,101,3322,155,343,333,98,2.92576050758362,3279,2756,15050,0,0,0,0,155,343,333,98,2.92576050758362,5,72,34,32.4653472900391,801,1,1,"473337993489998"
"08f3eba0-7ce2-44ae-a254-209859011637","MBB_GROW",2033,106,2250,168,357,368,100,3.69640922546387,3470,2971,16567,0,0,0,0,168,357,368,100,3.69640922546387,5,68,27,32.7358474731445,801,1,1,"473337993489998"
"08f3eba0-7ce2-44ae-a254-209859011637","MBB_GROW",2038,111,1666,174,355,377,103,4.37714958190918,3677,3189,18301,0,0,0,0,174,355,377,103,4.37714958190918,5,67,21,33.1261253356934,801,1,1,"473337993489998"
"08f3eba0-7ce2-44ae-a254-209859011637","MBB_GROW",2043,116,1348,178,348,374,105,4.91330575942993,3908,3476,19953,0,0,0,0,178,348,374,105,4.91330575942993,5,73,19,33.6896553039551,801,1,1,"473337993489998"
"08f3eba0-7ce2-44ae-a254-209859011637","MBB_GROW",2048,121,1131,182,344,371,107,5.43365097045898,4177,3735,21806,0,0,0,0,182,344,371,107,5.43365097045898,0,0,0,34.5206604003906,801,1,1,"473337993489998"
"4f2c14a0-fe27-47c0-8418-a3e6debc8b15","MBB_GROW",2018,92,1896,95,165,157,97,3.03802633285522,2620,1969,10092,0,0,0,0,95,165,157,97,3.03802633285522,5,42,243,28.4782600402832,508,1,2,"503670426126144"
"4f2c14a0-fe27-47c0-8418-a3e6debc8b15","MBB_GROW",2023,97,1505,70,139,122,91,2.91666650772095,1614,1193,5779,0,0,0,0,70,139,122,91,2.91666650772095,5,47,43,16.6391754150391,508,1,3,"503670426126144"
"4f2c14a0-fe27-47c0-8418-a3e6debc8b15","MBB_GROW",2028,102,1418,86,187,174,90,3.33207964897156,1634,1218,6269,0,0,0,0,86,187,174,90,3.33207964897156,5,46,8,16.0196075439453,508,1,3,"503670426126144"
"4f2c14a0-fe27-47c0-8418-a3e6debc8b15","MBB_GROW",2033,107,1397,107,238,238,90,3.75499653816223,1824,1471,7639,0,0,0,0,107,238,238,90,3.75499653816223,5,45,14,17.0467281341553,508,1,3,"503670426126144"
"4f2c14a0-fe27-47c0-8418-a3e6debc8b15","MBB_GROW",2038,112,1288,122,267,280,90,4.17302322387695,1980,1705,8768,0,0,0,0,122,267,280,90,4.17302322387695,5,70,14,17.6785717010498,508,1,2,"503670426126144"
"4f2c14a0-fe27-47c0-8418-a3e6debc8b15","MBB_GROW",2043,117,1192,137,295,318,89,4.59889507293701,2262,1841,9743,0,0,0,0,137,295,318,89,4.59889507293701,5,58,14,19.3333339691162,508,1,2,"503670426126144"
"4f2c14a0-fe27-47c0-8418-a3e6debc8b15","MBB_GROW",2048,122,1124,151,316,341,92,4.95993709564209,2486,2013,10875,0,0,0,0,151,316,341,92,4.95993709564209,0,0,0,20.3770484924316,508,3,2,"503670426126144"
"28c9d1ae-5d5e-4f80-a5b3-5ffcac0978fb","MBB_GROW",2018,52,4764,111,197,210,87,2.06924748420715,2638,2122,10878,0,0,0,0,111,197,210,87,2.06924748420715,5,97,117,50.730770111084,801,1,2,"503670512126144"
"28c9d1ae-5d5e-4f80-a5b3-5ffcac0978fb","MBB_GROW",2023,57,3806,119,240,240,85,2.39717388153076,2540,2057,10879,0,0,0,0,119,240,240,85,2.39717388153076,5,95,21,44.5614051818848,801,1,2,"503670512126144"
"28c9d1ae-5d5e-4f80-a5b3-5ffcac0978fb","MBB_GROW",2028,62,3235,153,325,339,86,2.94604229927063,2908,2521,13540,0,0,0,0,153,325,339,86,2.94604229927063,5,87,19,46.9032249450684,801,1,2,"503670512126144"
"28c9d1ae-5d5e-4f80-a5b3-5ffcac0978fb","MBB_GROW",2033,67,2760,180,380,415,88,3.45630168914795,3247,2932,16153,0,0,0,0,180,380,415,88,3.45630168914795,5,64,35,48.4626884460449,801,1,1,"503670512126144"
"28c9d1ae-5d5e-4f80-a5b3-5ffcac0978fb","MBB_GROW",2038,72,2080,182,368,412,90,4.00150156021118,3388,3083,17342,0,0,0,0,182,368,412,90,4.00150156021118,5,110,30,47.0555572509766,801,1,1,"503670512126144"
"28c9d1ae-5d5e-4f80-a5b3-5ffcac0978fb","MBB_GROW",2043,77,1677,188,364,414,91,4.52933835983276,3786,3319,19244,0,0,0,0,188,364,414,91,4.52933835983276,5,94,34,49.168830871582,801,1,1,"503670512126144"
"28c9d1ae-5d5e-4f80-a5b3-5ffcac0978fb","MBB_GROW",2048,82,1387,195,363,417,92,5.08073997497559,4087,3559,20971,0,0,0,0,195,363,417,92,5.08073997497559,0,0,0,49.8414649963379,801,1,1,"503670512126144"
"4e0c0d55-e2ca-472a-b4dd-c42b7267fa62","MBB_GROW",2018,52,408,126,198,212,86,7.51177453994751,3327,2684,14010,0,0,0,0,126,198,212,86,7.51177453994751,5,70,63,63.980770111084,801,1,2,"503670802126144"
"4e0c0d55-e2ca-472a-b4dd-c42b7267fa62","MBB_GROW",2023,57,393,125,199,213,86,7.65260362625122,3359,2676,14130,0,0,0,0,125,199,213,86,7.65260362625122,5,74,20,58.9298248291016,801,1,2,"503670802126144"
"4e0c0d55-e2ca-472a-b4dd-c42b7267fa62","MBB_GROW",2028,62,377,135,216,231,87,8.10288333892822,3627,2908,15542,0,0,0,0,135,216,231,87,8.10288333892822,5,87,16,58.5,801,1,2,"503670802126144"
"4e0c0d55-e2ca-472a-b4dd-c42b7267fa62","MBB_GROW",2033,67,361,147,232,251,92,8.63460636138916,3986,3234,18216,0,0,0,0,147,232,251,92,8.63460636138916,5,78,15,59.4925384521484,801,1,1,"503670802126144"
"4e0c0d55-e2ca-472a-b4dd-c42b7267fa62","MBB_GROW",2038,72,346,156,245,267,93,9.0983247756958,4302,3664,20453,0,0,0,0,156,245,267,93,9.0983247756958,5,81,15,59.75,801,1,1,"503670802126144"
"4e0c0d55-e2ca-472a-b4dd-c42b7267fa62","MBB_GROW",2043,77,333,167,258,282,95,9.57860374450684,4633,4070,23085,0,0,0,0,167,258,282,95,9.57860374450684,5,74,18,60.168830871582,801,1,1,"503670802126144"
"4e0c0d55-e2ca-472a-b4dd-c42b7267fa62","MBB_GROW",2048,82,319,174,266,290,96,10.0091676712036,4915,4449,25235,0,0,0,0,174,266,290,96,10.0091676712036,0,0,0,59.9390258789062,801,1,1,"503670802126144"
"d3d0d9af-4d2e-4aad-93c1-6af698a45e95","MBB_GROW",2020,37,3576,106,211,264,82,2.33104228973389,2193,1537,8334,0,0,0,0,106,211,264,82,2.33104228973389,5,60,9,59.2702713012695,503,1,2,"651720233126144"
"d3d0d9af-4d2e-4aad-93c1-6af698a45e95","MBB_GROW",2025,42,2906,124,264,311,84,2.80242991447449,2448,1717,9616,0,0,0,0,124,264,311,84,2.80242991447449,5,83,13,58.2857131958008,503,1,2,"651720233126144"
"d3d0d9af-4d2e-4aad-93c1-6af698a45e95","MBB_GROW",2030,47,2419,158,347,405,87,3.45848178863525,2798,2142,12012,0,0,0,0,158,347,405,87,3.45848178863525,5,66,32,59.5319137573242,520,1,2,"651720233126144"
"d3d0d9af-4d2e-4aad-93c1-6af698a45e95","MBB_GROW",2035,52,1680,161,338,410,88,4.18954133987427,2970,2302,13166,0,0,0,0,161,338,410,88,4.18954133987427,5,64,25,57.1153831481934,520,1,1,"651720233126144"
"d3d0d9af-4d2e-4aad-93c1-6af698a45e95","MBB_GROW",2040,57,1328,163,329,409,90,4.74919080734253,3169,2562,14691,0,0,0,0,163,329,409,90,4.74919080734253,5,60,21,55.596492767334,520,1,1,"651720233126144"
"d3d0d9af-4d2e-4aad-93c1-6af698a45e95","MBB_GROW",2045,62,1109,166,324,407,92,5.24247169494629,3365,2752,15889,0,0,0,0,166,324,407,92,5.24247169494629,5,70,20,54.2741928100586,520,1,1,"651720233126144"
"d3d0d9af-4d2e-4aad-93c1-6af698a45e95","MBB_GROW",2050,67,948,170,321,406,93,5.73339748382568,3612,2924,17132,0,0,0,0,170,321,406,93,5.73339748382568,0,0,0,53.9104461669922,520,1,1,"651720233126144"
"6e545de9-2ec7-4e40-b0ac-297ea1e4e39d","MBB_GROW",2018,64,11937,162,260,238,102,1.57933902740479,5176,3656,19710,0,0,0,0,162,260,238,102,1.57933902740479,5,116,194,80.875,801,1,2,"473338299489998"
"6e545de9-2ec7-4e40-b0ac-297ea1e4e39d","MBB_GROW",2023,69,5421,181,366,343,108,2.47553443908691,4786,3753,20756,0,0,0,0,181,366,343,108,2.47553443908691,5,105,189,69.3623199462891,801,1,1,"473338299489998"
"6e545de9-2ec7-4e40-b0ac-297ea1e4e39d","MBB_GROW",2028,74,2671,180,368,378,108,3.51247811317444,4367,3671,20485,0,0,0,0,180,368,378,108,3.51247811317444,5,88,110,59.0135116577148,801,1,1,"473338299489998"
"6e545de9-2ec7-4e40-b0ac-297ea1e4e39d","MBB_GROW",2033,79,1697,176,348,378,109,4.36089277267456,4254,3767,20998,0,0,0,0,176,348,378,109,4.36089277267456,5,73,77,53.8481025695801,801,1,1,"473338299489998"
"6e545de9-2ec7-4e40-b0ac-297ea1e4e39d","MBB_GROW",2038,84,1250,176,338,375,109,5.07640600204468,4230,3759,21650,0,0,0,0,176,338,375,109,5.07640600204468,5,87,64,50.3571434020996,801,1,1,"473338299489998"
"6e545de9-2ec7-4e40-b0ac-297ea1e4e39d","MBB_GROW",2043,89,969,178,331,367,112,5.802894115448,4345,3883,22595,0,0,0,0,178,331,367,112,5.802894115448,5,118,55,48.8202247619629,801,1,1,"473338299489998"
"6e545de9-2ec7-4e40-b0ac-297ea1e4e39d","MBB_GROW",2048,94,779,177,319,352,113,6.46374320983887,4657,3988,23640,0,0,0,0,177,319,352,113,6.46374320983887,0,0,0,49.542552947998,801,1,1,"473338299489998"
"fa884cd3-8373-4951-9c08-140b3d7bbe25","MBB_GROW",2018,66,471,135,225,232,101,7.25608444213867,3793,3138,17508,0,0,0,0,135,225,232,101,7.25608444213867,5,98,13,57.4696960449219,805,1,2,"503670839126144"
"fa884cd3-8373-4951-9c08-140b3d7bbe25","MBB_GROW",2023,71,457,147,244,251,102,7.68463611602783,4216,3402,19102,0,0,0,0,147,244,251,102,7.68463611602783,5,83,21,59.3802833557129,805,1,1,"503670839126144"
"fa884cd3-8373-4951-9c08-140b3d7bbe25","MBB_GROW",2028,76,438,158,259,266,102,8.13121128082275,4523,3655,21251,0,0,0,0,158,259,266,102,8.13121128082275,5,84,22,59.5131568908691,805,1,1,"503670839126144"
"fa884cd3-8373-4951-9c08-140b3d7bbe25","MBB_GROW",2033,81,420,169,275,280,104,8.58368968963623,4833,3983,23127,0,0,0,0,169,275,280,104,8.58368968963623,5,101,20,59.6666679382324,805,1,1,"503670839126144"
"fa884cd3-8373-4951-9c08-140b3d7bbe25","MBB_GROW",2038,86,406,179,288,292,105,8.99731063842773,5241,4415,25461,0,0,0,0,179,288,292,105,8.99731063842773,5,76,17,60.9418601989746,801,1,1,"503670839126144"
"fa884cd3-8373-4951-9c08-140b3d7bbe25","MBB_GROW",2043,91,395,187,299,302,108,9.3235559463501,5537,4619,26977,0,0,0,0,187,299,302,108,9.3235559463501,5,89,40,60.8461532592773,801,1,1,"503670839126144"
"fa884cd3-8373-4951-9c08-140b3d7bbe25","MBB_GROW",2048,96,371,192,302,303,107,9.75162315368652,5781,4808,28052,0,0,0,0,192,302,303,107,9.75162315368652,0,0,0,60.21875,801,1,1,"503670839126144"
"39ed2609-686e-4fca-8e28-d66183950186","MBB_GROW",2018,56,2751,93,168,156,91,2.4910831451416,2551,1506,7674,0,0,0,0,93,168,156,91,2.4910831451416,5,134,9,45.5535697937012,801,1,2,"503670553126144"
"39ed2609-686e-4fca-8e28-d66183950186","MBB_GROW",2023,61,2557,117,215,186,92,2.8903067111969,3174,2100,11395,0,0,0,0,117,215,186,92,2.8903067111969,5,134,11,52.032787322998,805,1,2,"503670553126144"
"39ed2609-686e-4fca-8e28-d66183950186","MBB_GROW",2028,66,2354,147,282,241,94,3.38113975524902,3791,2799,15289,0,0,0,0,147,282,241,94,3.38113975524902,5,121,12,57.4393920898438,805,1,1,"503670553126144"
"39ed2609-686e-4fca-8e28-d66183950186","MBB_GROW",2033,71,2160,175,338,293,98,3.85416460037231,4336,3507,19530,0,0,0,0,175,338,293,98,3.85416460037231,5,127,22,61.0704231262207,805,1,1,"503670553126144"
"39ed2609-686e-4fca-8e28-d66183950186","MBB_GROW",2038,76,1871,194,364,320,100,4.36098051071167,4864,4013,22956,0,0,0,0,194,364,320,100,4.36098051071167,5,111,51,64,805,1,1,"503670553126144"
"39ed2609-686e-4fca-8e28-d66183950186","MBB_GROW",2043,81,1335,193,339,304,101,5.15448665618896,5163,4489,26130,0,0,0,0,193,339,304,101,5.15448665618896,5,96,49,63.7407417297363,805,1,1,"503670553126144"
"39ed2609-686e-4fca-8e28-d66183950186","MBB_GROW",2048,86,951,190,313,283,102,6.05296516418457,5399,4913,28524,0,0,0,0,190,313,283,102,6.05296516418457,0,0,0,62.7790679931641,805,1,1,"503670553126144"
"45b216da-5c45-442c-b1f4-eca76e19ef64","MBB_GROW",2019,83,2391,92,160,179,111,2.65790414810181,2707,2232,12330,0,0,0,0,92,160,179,111,2.65790414810181,5,49,125,32.6144561767578,801,1,3,"503670756126144"
"45b216da-5c45-442c-b1f4-eca76e19ef64","MBB_GROW",2024,88,1605,81,147,146,106,3.03410530090332,2329,2038,11660,0,0,0,0,81,147,146,106,3.03410530090332,5,54,3,26.4659099578857,805,1,3,"503670756126144"
"45b216da-5c45-442c-b1f4-eca76e19ef64","MBB_GROW",2029,93,1544,102,203,209,107,3.47550821304321,2585,2283,13183,0,0,0,0,102,203,209,107,3.47550821304321,5,58,9,27.7956981658936,805,1,2,"503670756126144"
"45b216da-5c45-442c-b1f4-eca76e19ef64","MBB_GROW",2034,98,1425,122,251,277,107,3.9677472114563,2831,2466,14624,0,0,0,0,122,251,277,107,3.9677472114563,5,61,10,28.8877544403076,805,1,2,"503670756126144"
"45b216da-5c45-442c-b1f4-eca76e19ef64","MBB_GROW",2039,103,1313,140,286,330,108,4.4238429069519,3086,2731,16353,0,0,0,0,140,286,330,108,4.4238429069519,5,52,9,29.9611644744873,805,1,2,"503670756126144"
"45b216da-5c45-442c-b1f4-eca76e19ef64","MBB_GROW",2044,108,1226,155,313,373,108,4.81654834747314,3304,2917,17518,0,0,0,0,155,313,373,108,4.81654834747314,5,55,11,30.5925922393799,805,1,1,"503670756126144"
"45b216da-5c45-442c-b1f4-eca76e19ef64","MBB_GROW",2049,113,1137,171,339,406,108,5.24493312835693,3525,3109,18885,0,0,0,0,171,339,406,108,5.24493312835693,0,0,0,31.1946907043457,805,1,1,"503670756126144"
"750b6fbb-095f-4ddf-b532-b74ce521ffce","MBB_GROW",2017,61,1353,51,88,95,80,2.64044523239136,1343,873,4302,0,0,0,0,51,88,95,80,2.64044523239136,5,39,6,22.016393661499,801,1,3,"387484893489998"
"750b6fbb-095f-4ddf-b532-b74ce521ffce","MBB_GROW",2022,66,1319,58,104,103,82,2.83510684967041,1509,985,4987,0,0,0,0,58,104,103,82,2.83510684967041,5,44,3,22.8636360168457,801,1,3,"387484893489998"
"750b6fbb-095f-4ddf-b532-b74ce521ffce","MBB_GROW",2027,71,1291,72,144,144,85,3.20882368087769,1713,1198,5943,0,0,0,0,72,144,144,85,3.20882368087769,5,51,3,24.1267604827881,801,1,3,"387484893489998"
"750b6fbb-095f-4ddf-b532-b74ce521ffce","MBB_GROW",2032,76,1263,91,188,199,87,3.63783621788025,1957,1471,7390,0,0,0,0,91,188,199,87,3.63783621788025,5,46,6,25.75,801,1,2,"387484893489998"
"750b6fbb-095f-4ddf-b532-b74ce521ffce","MBB_GROW",2037,81,1205,105,218,241,89,4.0037784576416,2159,1633,8430,0,0,0,0,105,218,241,89,4.0037784576416,5,67,9,26.6543216705322,801,1,2,"387484893489998"
"750b6fbb-095f-4ddf-b532-b74ce521ffce","MBB_GROW",2042,86,1122,119,240,273,91,4.41081047058105,2449,1893,10374,0,0,0,0,119,240,273,91,4.41081047058105,5,55,8,28.4767436981201,801,1,2,"387484893489998"
"750b6fbb-095f-4ddf-b532-b74ce521ffce","MBB_GROW",2047,91,1059,130,257,299,92,4.74180459976196,2681,2196,11804,0,0,0,0,130,257,299,92,4.74180459976196,0,0,0,29.4615383148193,801,1,2,"387484893489998"
"bfbbed00-265c-4d06-8131-7428896eedc2","MBB_GROW",2020,62,3102,76,146,185,68,2.11626267433167,1535,1085,6249,0,0,0,0,76,146,185,68,2.11626267433167,5,41,0,24.7580642700195,503,1,3,"651719960126144"
"bfbbed00-265c-4d06-8131-7428896eedc2","MBB_GROW",2025,67,2872,94,200,245,70,2.45544838905334,1740,1293,7226,0,0,0,0,94,200,245,70,2.45544838905334,5,41,9,25.9701499938965,503,1,2,"651719960126144"
"bfbbed00-265c-4d06-8131-7428896eedc2","MBB_GROW",2030,72,2494,118,266,334,73,2.94638609886169,1899,1436,8176,0,0,0,0,118,266,334,73,2.94638609886169,5,57,9,26.375,503,1,2,"651719960126144"
"bfbbed00-265c-4d06-8131-7428896eedc2","MBB_GROW",2035,77,2180,141,318,415,75,3.44151949882507,2140,1559,9161,0,0,0,0,141,318,415,75,3.44151949882507,5,54,15,27.7922077178955,503,1,2,"651719960126144"
"bfbbed00-265c-4d06-8131-7428896eedc2","MBB_GROW",2040,82,1738,150,326,429,77,3.97643661499023,2332,1688,10119,0,0,0,0,150,326,429,77,3.97643661499023,5,103,18,28.4390239715576,801,1,1,"651719960126144"
"bfbbed00-265c-4d06-8131-7428896eedc2","MBB_GROW",2045,87,1365,157,328,424,79,4.5983738899231,2755,1808,10953,0,0,0,0,157,328,424,79,4.5983738899231,5,80,18,31.6666660308838,801,1,1,"651719960126144"
"bfbbed00-265c-4d06-8131-7428896eedc2","MBB_GROW",2050,92,1132,163,326,417,78,5.13782644271851,3065,1949,11969,0,0,0,0,163,326,417,78,5.13782644271851,0,0,0,33.3152160644531,801,1,1,"651719960126144"
"a42d018d-d11a-4f65-9e6d-438f21be05b7","MBB_GROW",2021,115,321,89,136,152,91,7.12884759902954,2912,2263,13290,0,0,0,0,89,136,152,91,7.12884759902954,5,37,157,25.3217391967773,506,1,2,"734248029290487"
"a42d018d-d11a-4f65-9e6d-438f21be05b7","MBB_GROW",2026,120,220,69,105,113,87,7.59213590621948,2314,1972,11148,0,0,0,0,69,105,113,87,7.59213590621948,5,38,29,19.283332824707,505,1,3,"734248029290487"
"a42d018d-d11a-4f65-9e6d-438f21be05b7","MBB_GROW",2031,125,201,71,109,115,88,8.05742454528809,2360,2039,11922,0,0,0,0,71,109,115,88,8.05742454528809,5,49,8,18.8799991607666,505,1,3,"734248029290487"
"a42d018d-d11a-4f65-9e6d-438f21be05b7","MBB_GROW",2036,130,195,79,121,126,89,8.60983467102051,2562,2220,12791,0,0,0,0,79,121,126,89,8.60983467102051,5,50,5,19.7076930999756,505,1,3,"734248029290487"
"a42d018d-d11a-4f65-9e6d-438f21be05b7","MBB_GROW",2041,135,190,86,132,137,89,9.12616634368896,2785,2415,14325,0,0,0,0,86,132,137,89,9.12616634368896,5,38,6,20.6296291351318,505,1,3,"734248029290487"
"a42d018d-d11a-4f65-9e6d-438f21be05b7","MBB_GROW",2046,140,186,92,140,146,90,9.54771709442139,2948,2628,15450,0,0,0,0,92,140,146,90,9.54771709442139,5,46,6,21.0571422576904,506,1,2,"734248029290487"
"a42d018d-d11a-4f65-9e6d-438f21be05b7","MBB_GROW",2051,145,182,99,150,156,90,10.0130586624146,3145,2813,16843,0,0,0,0,99,150,156,90,10.0130586624146,0,0,0,21.6896553039551,506,1,2,"734248029290487"
"eafe2739-b2af-4291-91ee-a7604987aa4b","MBB_GROW",2021,99,3339,100,198,187,88,2.33797907829285,2250,1790,9318,0,0,0,0,100,198,187,88,2.33797907829285,5,31,70,22.7272720336914,805,1,2,"734248035290487"
"eafe2739-b2af-4291-91ee-a7604987aa4b","MBB_GROW",2026,104,2605,103,219,211,81,2.69216561317444,2057,1578,8170,0,0,0,0,103,219,211,81,2.69216561317444,5,38,4,19.7788467407227,805,1,2,"734248035290487"
"eafe2739-b2af-4291-91ee-a7604987aa4b","MBB_GROW",2031,109,2474,122,272,274,81,3.00916361808777,2224,1724,9430,0,0,0,0,122,272,274,81,3.00916361808777,5,41,7,20.4036693572998,805,1,2,"734248035290487"
"eafe2739-b2af-4291-91ee-a7604987aa4b","MBB_GROW",2036,114,2283,143,322,346,81,3.38978028297424,2393,1874,10186,0,0,0,0,143,322,346,81,3.38978028297424,5,54,6,20.9912281036377,805,1,1,"734248035290487"
"eafe2739-b2af-4291-91ee-a7604987aa4b","MBB_GROW",2041,119,2128,164,366,413,82,3.76293659210205,2632,2097,11569,0,0,0,0,164,366,413,82,3.76293659210205,5,40,21,22.1176471710205,805,1,1,"734248035290487"
"eafe2739-b2af-4291-91ee-a7604987aa4b","MBB_GROW",2046,124,1710,166,358,416,84,4.22323274612427,2727,2227,12641,0,0,0,0,166,358,416,84,4.22323274612427,5,35,21,21.9919357299805,805,1,1,"734248035290487"
"eafe2739-b2af-4291-91ee-a7604987aa4b","MBB_GROW",2051,129,1410,169,353,414,86,4.68810272216797,2801,2327,13393,0,0,0,0,169,353,414,86,4.68810272216797,0,0,0,21.7131786346436,805,1,1,"734248035290487"
"32bd865e-6a0b-4f1f-8649-41be3d8ae4db","MBB_GROW",2017,83,798,184,318,320,74,6.49370431900024,3986,2759,13236,0,0,0,0,184,318,320,74,6.49370431900024,5,130,113,48.024097442627,520,1,1,"387485116489998"
"32bd865e-6a0b-4f1f-8649-41be3d8ae4db","MBB_GROW",2022,88,448,177,296,294,77,8.52484321594238,4071,3026,15171,0,0,0,0,177,296,294,77,8.52484321594238,5,109,85,46.2613639831543,801,1,1,"387485116489998"
"32bd865e-6a0b-4f1f-8649-41be3d8ae4db","MBB_GROW",2027,93,377,179,290,287,79,9.33211135864258,4193,3278,17007,0,0,0,0,179,290,287,79,9.33211135864258,5,142,109,45.0860214233398,801,1,1,"387485116489998"
"32bd865e-6a0b-4f1f-8649-41be3d8ae4db","MBB_GROW",2032,98,308,178,281,277,81,10.2883586883545,4355,3514,18667,0,0,0,0,178,281,277,81,10.2883586883545,5,123,104,44.4387741088867,801,1,1,"387485116489998"
"32bd865e-6a0b-4f1f-8649-41be3d8ae4db","MBB_GROW",2037,103,258,176,272,267,83,11.1932153701782,4452,3708,20126,0,0,0,0,176,272,267,83,11.1932153701782,5,100,82,43.2233009338379,801,1,1,"387485116489998"
"32bd865e-6a0b-4f1f-8649-41be3d8ae4db","MBB_GROW",2042,108,226,175,265,260,84,11.928539276123,4542,3800,21199,0,0,0,0,175,265,260,84,11.928539276123,5,139,96,42.0555572509766,801,1,1,"387485116489998"
"32bd865e-6a0b-4f1f-8649-41be3d8ae4db","MBB_GROW",2047,113,192,174,258,252,85,12.8907413482666,4759,3949,22421,0,0,0,0,174,258,252,85,12.8907413482666,0,0,0,42.1150436401367,801,1,1,"387485116489998"
"90096d08-c372-42f6-976f-d95630691235","MBB_GROW",2017,63,489,102,171,212,90,6.19859981536865,2642,2122,10752,0,0,0,0,102,171,212,90,6.19859981536865,5,41,112,41.9365081787109,801,1,2,"387485117489998"
"90096d08-c372-42f6-976f-d95630691235","MBB_GROW",2022,68,317,81,129,139,88,6.85914707183838,2286,1911,9966,0,0,0,0,81,129,139,88,6.85914707183838,5,43,11,33.6176452636719,801,1,2,"387485117489998"
"90096d08-c372-42f6-976f-d95630691235","MBB_GROW",2027,73,298,86,138,143,89,7.2855372428894,2446,2058,10687,0,0,0,0,86,138,143,89,7.2855372428894,5,45,4,33.5068511962891,801,1,2,"387485117489998"
"90096d08-c372-42f6-976f-d95630691235","MBB_GROW",2032,78,290,94,152,158,90,7.71584606170654,2651,2229,12028,0,0,0,0,94,152,158,90,7.71584606170654,5,48,3,33.9871788024902,801,1,2,"387485117489998"
"90096d08-c372-42f6-976f-d95630691235","MBB_GROW",2037,83,284,102,165,173,92,8.12848472595215,2875,2414,13060,0,0,0,0,102,165,173,92,8.12848472595215,5,50,3,34.6385536193848,801,1,2,"387485117489998"
"90096d08-c372-42f6-976f-d95630691235","MBB_GROW",2042,88,278,111,178,188,93,8.5568790435791,3109,2601,14325,0,0,0,0,111,178,188,93,8.5568790435791,5,47,0,35.3295440673828,801,1,2,"387485117489998"
"90096d08-c372-42f6-976f-d95630691235","MBB_GROW",2047,93,277,119,189,202,94,8.85680866241455,3341,2787,15619,0,0,0,0,119,189,202,94,8.85680866241455,0,0,0,35.924732208252,805,1,2,"387485117489998"
"01c93257-13d3-4362-aefb-52963b0f2f85","MBB_GROW",2017,65,4032,104,176,180,93,2.17494893074036,3040,2303,11376,0,0,0,0,104,176,180,93,2.17494893074036,5,84,15,46.769229888916,805,1,2,"387485143489998"
"01c93257-13d3-4362-aefb-52963b0f2f85","MBB_GROW",2022,70,3140,125,242,235,95,2.70249199867249,3385,2581,13104,0,0,0,0,125,242,235,95,2.70249199867249,5,78,56,48.3571434020996,805,1,2,"387485143489998"
"01c93257-13d3-4362-aefb-52963b0f2f85","MBB_GROW",2027,75,2467,155,330,347,97,3.39907264709473,3496,2690,14298,0,0,0,0,155,330,347,97,3.39907264709473,5,68,89,46.6133346557617,805,1,1,"387485143489998"
"01c93257-13d3-4362-aefb-52963b0f2f85","MBB_GROW",2032,80,1632,159,330,371,99,4.22773027420044,3396,2653,14261,0,0,0,0,159,330,371,99,4.22773027420044,5,55,68,42.4500007629395,805,1,1,"387485143489998"
"01c93257-13d3-4362-aefb-52963b0f2f85","MBB_GROW",2037,85,1236,158,320,374,100,4.84791707992554,3333,2633,14624,0,0,0,0,158,320,374,100,4.84791707992554,5,66,62,39.2117652893066,805,1,1,"387485143489998"
"01c93257-13d3-4362-aefb-52963b0f2f85","MBB_GROW",2042,90,989,160,316,364,101,5.44914436340332,3354,2619,14383,0,0,0,0,160,316,364,101,5.44914436340332,5,62,46,37.2666664123535,805,1,1,"387485143489998"
"01c93257-13d3-4362-aefb-52963b0f2f85","MBB_GROW",2047,95,840,163,315,357,102,5.97355556488037,3433,2694,15252,0,0,0,0,163,315,357,102,5.97355556488037,0,0,0,36.1368408203125,805,1,1,"387485143489998"
"5f900ea7-2a13-4e99-b20c-15cfb9ac74f9","MBB_GROW",2017,90,1308,92,175,222,95,3.58316016197205,2013,1280,6354,0,0,0,0,92,175,222,95,3.58316016197205,5,55,23,22.3666667938232,801,1,2,"387484846489998"
"5f900ea7-2a13-4e99-b20c-15cfb9ac74f9","MBB_GROW",2022,95,1115,101,196,246,94,4.07538318634033,2175,1426,7404,0,0,0,0,101,196,246,94,4.07538318634033,5,49,7,22.8947372436523,801,1,2,"387484846489998"
"5f900ea7-2a13-4e99-b20c-15cfb9ac74f9","MBB_GROW",2027,100,1056,117,232,286,95,4.503249168396,2386,1545,8115,0,0,0,0,117,232,286,95,4.503249168396,5,80,5,23.8600006103516,801,1,2,"387484846489998"
"5f900ea7-2a13-4e99-b20c-15cfb9ac74f9","MBB_GROW",2032,105,1006,133,263,319,96,4.91407537460327,2760,1883,9740,0,0,0,0,133,263,319,96,4.91407537460327,5,93,6,26.2857151031494,801,1,1,"387484846489998"
"5f900ea7-2a13-4e99-b20c-15cfb9ac74f9","MBB_GROW",2037,110,957,148,290,349,97,5.32846164703369,3193,2282,11548,0,0,0,0,148,290,349,97,5.32846164703369,5,80,6,29.0272731781006,801,1,1,"387484846489998"
"5f900ea7-2a13-4e99-b20c-15cfb9ac74f9","MBB_GROW",2042,115,918,163,314,374,98,5.70821905136108,3565,2566,13452,0,0,0,0,163,314,374,98,5.70821905136108,5,86,6,31,805,1,1,"387484846489998"
"5f900ea7-2a13-4e99-b20c-15cfb9ac74f9","MBB_GROW",2047,120,884,175,332,393,98,6.03272676467896,3965,2820,15147,0,0,0,0,175,332,393,98,6.03272676467896,0,0,0,33.0416679382324,805,1,1,"387484846489998"
"3dfb4ade-d406-4843-a6e3-5885b1e2190d","MBB_GROW",2021,98,1926,79,161,168,69,2.74766135215759,1348,482,2292,0,0,0,0,79,161,168,69,2.74766135215759,5,109,1,13.7551021575928,805,1,2,"734248143290487"
"3dfb4ade-d406-4843-a6e3-5885b1e2190d","MBB_GROW",2026,103,1812,104,214,221,73,3.2483401298523,1889,1200,5625,0,0,0,0,104,214,221,73,3.2483401298523,5,102,5,18.3398056030273,805,1,2,"734248143290487"
"3dfb4ade-d406-4843-a6e3-5885b1e2190d","MBB_GROW",2031,108,1634,132,274,290,76,3.85429525375366,2370,1720,8331,0,0,0,0,132,274,290,76,3.85429525375366,5,110,6,21.9444446563721,805,1,1,"734248143290487"
"3dfb4ade-d406-4843-a6e3-5885b1e2190d","MBB_GROW",2036,113,1477,157,319,344,79,4.41935968399048,2886,2121,10773,0,0,0,0,157,319,344,79,4.41935968399048,5,102,6,25.5398235321045,805,1,1,"734248143290487"
"3dfb4ade-d406-4843-a6e3-5885b1e2190d","MBB_GROW",2041,118,1368,179,353,386,82,4.89621782302856,3367,2586,13073,0,0,0,0,179,353,386,82,4.89621782302856,5,106,21,28.5338973999023,805,1,1,"734248143290487"
"3dfb4ade-d406-4843-a6e3-5885b1e2190d","MBB_GROW",2046,123,1080,186,350,386,85,5.62666988372803,3791,3025,15976,0,0,0,0,186,350,386,85,5.62666988372803,5,108,32,30.821138381958,805,1,1,"734248143290487"
"3dfb4ade-d406-4843-a6e3-5885b1e2190d","MBB_GROW",2051,128,769,184,322,353,87,6.62894916534424,4169,3454,18516,0,0,0,0,184,322,353,87,6.62894916534424,0,0,0,32.5703125,805,1,1,"734248143290487"
"5a39c925-c882-412a-bd2b-52c82fee4a7f","MBB_GROW",2016,83,5364,139,231,236,94,2.17789745330811,3826,2944,15444,0,0,0,0,139,231,236,94,2.17789745330811,5,55,108,46.0963859558105,801,1,1,"274683356489998"
"5a39c925-c882-412a-bd2b-52c82fee4a7f","MBB_GROW",2021,88,4546,143,272,268,92,2.40552568435669,3559,2856,15359,0,0,0,0,143,272,268,92,2.40552568435669,5,55,104,40.4431800842285,801,1,1,"274683356489998"
"5a39c925-c882-412a-bd2b-52c82fee4a7f","MBB_GROW",2026,93,2942,155,323,337,93,3.11162352561951,3316,2805,15517,0,0,0,0,155,323,337,93,3.11162352561951,5,48,80,35.6559143066406,801,1,1,"274683356489998"
"5a39c925-c882-412a-bd2b-52c82fee4a7f","MBB_GROW",2031,98,1918,159,326,364,93,3.89467716217041,3155,2850,15821,0,0,0,0,159,326,364,93,3.89467716217041,5,45,53,32.1938781738281,801,1,1,"274683356489998"
"5a39c925-c882-412a-bd2b-52c82fee4a7f","MBB_GROW",2036,103,1450,160,323,375,93,4.50004577636719,3118,2816,15847,0,0,0,0,160,323,375,93,4.50004577636719,5,47,39,30.2718448638916,801,1,1,"274683356489998"
"5a39c925-c882-412a-bd2b-52c82fee4a7f","MBB_GROW",2041,108,1178,163,321,376,93,5.04391813278198,3160,2902,16566,0,0,0,0,163,321,376,93,5.04391813278198,5,47,19,29.2592601776123,801,1,1,"274683356489998"
"5a39c925-c882-412a-bd2b-52c82fee4a7f","MBB_GROW",2046,113,1068,168,325,379,94,5.37559986114502,3300,3026,17590,0,0,0,0,168,325,379,94,5.37559986114502,0,0,0,29.2035388946533,801,1,1,"274683356489998"
"60df6424-24e2-4b17-b1b9-743f8032019a","MBB_GROW",2016,83,2376,99,175,186,95,2.75828433036804,2667,1746,9396,0,0,0,0,99,175,186,95,2.75828433036804,5,39,7,32.1325302124023,805,1,2,"274682907489998"
"60df6424-24e2-4b17-b1b9-743f8032019a","MBB_GROW",2021,88,2328,109,209,213,96,2.93041563034058,2829,1920,10331,0,0,0,0,109,209,213,96,2.93041563034058,5,41,48,32.1477279663086,805,1,2,"274682907489998"
"60df6424-24e2-4b17-b1b9-743f8032019a","MBB_GROW",2026,93,2002,122,254,265,97,3.33903121948242,2793,2053,10934,0,0,0,0,122,254,265,97,3.33903121948242,5,46,32,30.0322589874268,805,1,2,"274682907489998"
"60df6424-24e2-4b17-b1b9-743f8032019a","MBB_GROW",2031,98,1797,135,289,314,98,3.71782040596008,2863,2190,11937,0,0,0,0,135,289,314,98,3.71782040596008,5,35,24,29.2142848968506,805,1,2,"274682907489998"
"60df6424-24e2-4b17-b1b9-743f8032019a","MBB_GROW",2036,103,1651,147,317,357,99,4.0467004776001,2919,2255,12505,0,0,0,0,147,317,357,99,4.0467004776001,5,37,39,28.3398056030273,805,1,1,"274682907489998"
"60df6424-24e2-4b17-b1b9-743f8032019a","MBB_GROW",2041,108,1425,151,320,373,99,4.40648460388184,2907,2346,13021,0,0,0,0,151,320,373,99,4.40648460388184,5,39,38,26.9166660308838,805,1,1,"274682907489998"
"60df6424-24e2-4b17-b1b9-743f8032019a","MBB_GROW",2046,113,1224,153,319,376,100,4.78094816207886,2916,2322,13108,0,0,0,0,153,319,376,100,4.78094816207886,0,0,0,25.8053092956543,805,1,1,"274682907489998"
"bfc6a6b5-fec6-4d2f-96f9-3c694ef383d9","MBB_GROW",2016,101,3240,79,144,172,87,2.10941386222839,1957,1268,6594,0,0,0,0,79,144,172,87,2.10941386222839,5,63,14,19.3762378692627,503,1,3,"274683015489998"
"bfc6a6b5-fec6-4d2f-96f9-3c694ef383d9","MBB_GROW",2021,106,2473,91,180,201,90,2.59167337417603,2201,1548,8298,0,0,0,0,91,180,201,90,2.59167337417603,5,77,19,20.7641506195068,506,1,2,"274683015489998"
"bfc6a6b5-fec6-4d2f-96f9-3c694ef383d9","MBB_GROW",2026,111,2141,113,240,273,91,3.11653017997742,2489,1884,10323,0,0,0,0,113,240,273,91,3.11653017997742,5,69,16,22.4234237670898,503,1,2,"274683015489998"
"bfc6a6b5-fec6-4d2f-96f9-3c694ef383d9","MBB_GROW",2031,116,1913,134,283,332,93,3.57823514938354,2754,2127,11719,0,0,0,0,134,283,332,93,3.57823514938354,5,57,12,23.7413787841797,503,1,2,"274683015489998"
"bfc6a6b5-fec6-4d2f-96f9-3c694ef383d9","MBB_GROW",2036,121,1763,148,310,374,95,3.91889262199402,2980,2367,13269,0,0,0,0,148,310,374,95,3.91889262199402,5,51,30,24.6280994415283,503,1,1,"274683015489998"
"bfc6a6b5-fec6-4d2f-96f9-3c694ef383d9","MBB_GROW",2041,126,1457,150,305,374,96,4.33978843688965,3085,2456,13972,0,0,0,0,150,305,374,96,4.33978843688965,5,77,21,24.4841270446777,503,1,1,"274683015489998"
"bfc6a6b5-fec6-4d2f-96f9-3c694ef383d9","MBB_GROW",2046,131,1287,158,312,384,96,4.73849534988403,3363,2643,15246,0,0,0,0,158,312,384,96,4.73849534988403,0,0,0,25.6717548370361,503,1,1,"274683015489998"
"2efb35e0-661c-4325-a7d4-800afd2a37ea","MBB_BAU",2018,91,5208,94,151,158,90,1.81900489330292,2737,2253,11820,19,831,727,3816,67,110,118,87,1.53978621959686,5,63,1,30.0769233703613,801,1,2,"473337993489998"
"2efb35e0-661c-4325-a7d4-800afd2a37ea","MBB_BAU",2023,96,5114,94,207,191,91,1.83465683460236,2212,1762,9457,6,249,216,1158,86,195,180,88,1.75715398788452,5,49,18,31.6979160308838,801,1,2,"473337993489998"
"2efb35e0-661c-4325-a7d4-800afd2a37ea","MBB_BAU",2028,101,3900,131,331,326,90,2.4847137928009,2119,1698,9289,0,0,0,0,131,331,326,90,2.4847137928009,5,57,19,31.673267364502,801,1,2,"473337993489998"
"2efb35e0-661c-4325-a7d4-800afd2a37ea","MBB_BAU",2033,106,2653,150,360,387,92,3.22449970245361,2308,1885,10583,0,0,0,0,150,360,387,92,3.22449970245361,5,52,16,31.9622650146484,801,1,1,"473337993489998"
"2efb35e0-661c-4325-a7d4-800afd2a37ea","MBB_BAU",2038,111,1889,160,359,405,95,3.93535089492798,2488,2066,12006,0,0,0,0,160,359,405,95,3.93535089492798,5,56,13,32.1441459655762,801,3,1,"473337993489998"
"2efb35e0-661c-4325-a7d4-800afd2a37ea","MBB_BAU",2043,116,1493,163,351,403,98,4.47880125045776,2704,2255,13195,0,0,0,0,163,351,403,98,4.47880125045776,5,58,12,32.6206893920898,801,3,1,"473337993489998"
"2efb35e0-661c-4325-a7d4-800afd2a37ea","MBB_BAU",2048,121,1236,168,346,398,101,4.98816967010498,2931,2450,14440,0,0,0,0,168,346,398,101,4.98816967010498,0,0,0,33.1487617492676,801,1,1,"473337993489998"
"328c3752-2f11-4f24-a2e3-8eed0eb41dd5","MBB_BAU",2018,92,1896,95,165,157,97,3.03802633285522,2620,1969,10092,21,731,563,2885,73,129,124,94,2.6626923084259,5,55,4,28.4782600402832,508,1,2,"503670426126144"
"328c3752-2f11-4f24-a2e3-8eed0eb41dd5","MBB_BAU",2023,97,1863,86,165,153,95,2.90960836410522,2144,1676,8643,0,0,0,0,86,165,153,95,2.90960836410522,5,59,6,29.6391754150391,508,1,3,"503670426126144"
"328c3752-2f11-4f24-a2e3-8eed0eb41dd5","MBB_BAU",2028,102,1811,111,233,232,96,3.3573317527771,2413,1896,10086,2,93,77,411,109,229,228,95,3.3161609172821,5,53,22,30.8235301971436,508,1,2,"503670426126144"
"328c3752-2f11-4f24-a2e3-8eed0eb41dd5","MBB_BAU",2033,107,1629,128,274,299,95,3.79356503486633,2473,2031,11116,0,0,0,0,128,274,299,95,3.79356503486633,5,41,17,30.8130836486816,508,1,2,"503670426126144"
"328c3752-2f11-4f24-a2e3-8eed0eb41dd5","MBB_BAU",2038,112,1499,146,313,372,96,4.22701263427734,2596,2191,11884,0,0,0,0,146,313,372,96,4.22701263427734,5,68,24,30.5357151031494,508,1,2,"503670426126144"
"328c3752-2f11-4f24-a2e3-8eed0eb41dd5","MBB_BAU",2043,117,1334,162,341,424,96,4.71274423599243,2815,2353,12977,0,0,0,0,162,341,424,96,4.71274423599243,5,56,31,31.1025638580322,508,1,1,"503670426126144"
"328c3752-2f11-4f24-a2e3-8eed0eb41dd5","MBB_BAU",2048,122,1181,164,338,426,96,5.05102062225342,2941,2495,14243,0,0,0,0,164,338,426,96,5.05102062225342,0,0,0,30.8606548309326,508,1,1,"503670426126144"
"a3879db5-590b-4f16-903e-972062fb05f5","MBB_BAU",2018,52,4764,111,197,210,87,2.06924748420715,2638,2122,10878,21,676,564,2889,87,160,176,83,1.83503198623657,5,83,4,50.730770111084,801,1,2,"503670512126144"
"a3879db5-590b-4f16-903e-972062fb05f5","MBB_BAU",2023,57,4594,119,247,260,85,2.17488741874695,2360,1878,9973,7,262,216,1145,109,233,247,85,2.09013390541077,5,71,16,53.2631568908691,801,1,2,"503670512126144"
"a3879db5-590b-4f16-903e-972062fb05f5","MBB_BAU",2028,62,3900,147,337,373,86,2.6249566078186,2377,2022,10650,0,0,0,0,147,337,373,86,2.6249566078186,5,85,28,53.4677429199219,801,1,2,"503670512126144"
"a3879db5-590b-4f16-903e-972062fb05f5","MBB_BAU",2033,67,2803,166,367,427,87,3.29340553283691,2659,2303,12836,0,0,0,0,166,367,427,87,3.29340553283691,5,85,29,53.6865653991699,506,1,1,"503670512126144"
"a3879db5-590b-4f16-903e-972062fb05f5","MBB_BAU",2038,72,2091,173,364,440,87,3.8902735710144,2942,2480,14318,0,0,0,0,173,364,440,87,3.8902735710144,5,88,33,53.8888893127441,506,1,1,"503670512126144"
"a3879db5-590b-4f16-903e-972062fb05f5","MBB_BAU",2043,77,1610,179,360,447,87,4.51581144332886,3218,2625,15275,0,0,0,0,179,360,447,87,4.51581144332886,5,67,29,53.9740257263184,506,1,1,"503670512126144"
"a3879db5-590b-4f16-903e-972062fb05f5","MBB_BAU",2048,82,1326,184,357,450,88,5.04457330703735,3408,2732,16217,0,0,0,0,184,357,450,88,5.04457330703735,0,0,0,53,506,1,1,"503670512126144"
"faf427ab-a3c5-4a30-9fb3-71e3065d8a72","MBB_BAU",2018,52,408,126,198,212,86,7.51177453994751,3327,2684,14010,32,1149,953,4975,84,135,148,81,6.40283298492432,5,56,5,63.980770111084,801,1,2,"503670802126144"
"faf427ab-a3c5-4a30-9fb3-71e3065d8a72","MBB_BAU",2023,57,396,92,148,160,83,6.52615070343018,2434,1935,10246,21,812,661,3499,63,105,115,78,5.56917858123779,5,43,3,62.8596496582031,801,1,2,"503670802126144"
"faf427ab-a3c5-4a30-9fb3-71e3065d8a72","MBB_BAU",2028,62,385,72,122,134,80,5.85988759994507,1821,1457,7864,0,0,0,0,72,122,134,80,5.85988759994507,5,43,4,61,801,1,3,"503670802126144"
"faf427ab-a3c5-4a30-9fb3-71e3065d8a72","MBB_BAU",2033,67,375,81,139,155,83,6.30194044113159,2018,1694,9337,0,0,0,0,81,139,155,83,6.30194044113159,5,47,4,59.3880615234375,801,1,3,"503670802126144"
"faf427ab-a3c5-4a30-9fb3-71e3065d8a72","MBB_BAU",2038,72,365,91,155,176,85,6.74516868591309,2233,1927,10575,11,562,490,2689,72,128,149,80,6.11154556274414,5,53,4,58.25,801,1,2,"503670802126144"
"faf427ab-a3c5-4a30-9fb3-71e3065d8a72","MBB_BAU",2043,77,354,80,142,169,82,6.44379615783691,1916,1604,9127,0,0,0,0,80,142,169,82,6.44379615783691,5,48,4,57.6493492126465,801,1,3,"503670802126144"
"faf427ab-a3c5-4a30-9fb3-71e3065d8a72","MBB_BAU",2048,82,345,89,156,186,84,6.87325286865234,2133,1813,10150,0,0,0,0,89,156,186,84,6.87325286865234,0,0,0,56.7804870605469,801,1,2,"503670802126144"
"717b44f2-4124-43d4-bfc1-a101c49362fb","MBB_BAU",2020,37,3576,106,211,264,82,2.33104228973389,2193,1537,8334,6,186,141,767,100,202,253,80,2.26083993911743,5,57,7,59.2702713012695,503,1,2,"651720233126144"
"717b44f2-4124-43d4-bfc1-a101c49362fb","MBB_BAU",2025,42,3210,122,268,324,82,2.64255738258362,2258,1565,8740,0,0,0,0,122,268,324,82,2.64255738258362,5,78,18,58.1904754638672,503,1,2,"651720233126144"
"717b44f2-4124-43d4-bfc1-a101c49362fb","MBB_BAU",2030,47,2449,151,340,421,85,3.36761021614075,2556,1941,10857,0,0,0,0,151,340,421,85,3.36761021614075,5,72,28,58.3404273986816,520,1,2,"651720233126144"
"717b44f2-4124-43d4-bfc1-a101c49362fb","MBB_BAU",2035,52,1726,158,337,439,86,4.0923900604248,2774,2139,12264,0,0,0,0,158,337,439,86,4.0923900604248,5,58,24,56.9230766296387,520,1,1,"651720233126144"
"717b44f2-4124-43d4-bfc1-a101c49362fb","MBB_BAU",2040,57,1351,161,329,440,88,4.66781902313232,2946,2390,13982,0,0,0,0,161,329,440,88,4.66781902313232,5,83,25,54.9473686218262,520,1,1,"651720233126144"
"717b44f2-4124-43d4-bfc1-a101c49362fb","MBB_BAU",2045,62,1093,165,324,437,89,5.25833654403687,3234,2589,15160,0,0,0,0,165,324,437,89,5.25833654403687,5,72,24,55.1612892150879,520,1,1,"651720233126144"
"717b44f2-4124-43d4-bfc1-a101c49362fb","MBB_BAU",2050,67,916,169,321,435,91,5.81107950210571,3475,2749,16237,0,0,0,0,169,321,435,91,5.81107950210571,0,0,0,54.6417922973633,520,1,1,"651720233126144"
"007988b2-43dc-4a2a-a20a-be682dbbe681","MBB_BAU",2018,64,11937,162,260,238,102,1.57933902740479,5176,3656,19710,46,1802,1323,7133,107,176,165,103,1.28520309925079,5,92,93,80.875,801,1,2,"473338299489998"
"007988b2-43dc-4a2a-a20a-be682dbbe681","MBB_BAU",2023,69,8142,154,362,345,104,1.85966169834137,3373,2575,14109,2,111,89,487,150,357,341,103,1.8398904800415,5,72,123,75,801,1,2,"473338299489998"
"007988b2-43dc-4a2a-a20a-be682dbbe681","MBB_BAU",2028,74,3384,156,364,391,104,2.90508723258972,3005,2525,13928,0,0,0,0,156,364,391,104,2.90508723258972,5,65,71,66.4594573974609,801,1,2,"473338299489998"
"007988b2-43dc-4a2a-a20a-be682dbbe681","MBB_BAU",2033,79,1976,156,343,398,105,3.79886269569397,2973,2573,14538,0,0,0,0,156,343,398,105,3.79886269569397,5,66,45,61.8481025695801,801,1,2,"473338299489998"
"007988b2-43dc-4a2a-a20a-be682dbbe681","MBB_BAU",2038,84,1425,160,336,399,106,4.53298282623291,3080,2680,15499,0,0,0,0,160,336,399,106,4.53298282623291,5,60,32,59.4404754638672,801,1,1,"473338299489998"
"007988b2-43dc-4a2a-a20a-be682dbbe681","MBB_BAU",2043,89,1163,164,333,397,108,5.08212232589722,3221,2805,16142,0,0,0,0,164,333,397,108,5.08212232589722,5,80,28,57.6853942871094,801,3,1,"473338299489998"
"007988b2-43dc-4a2a-a20a-be682dbbe681","MBB_BAU",2048,94,986,168,331,395,109,5.59046030044556,3482,2998,17784,0,0,0,0,168,331,395,109,5.59046030044556,0,0,0,57.3936157226562,801,3,1,"473338299489998"
"a49eac1d-0577-4c54-9c4f-50434cf1d8e9","MBB_BAU",2018,66,471,135,225,232,101,7.25608444213867,3793,3138,17508,24,1070,894,4990,103,177,186,101,6.49632930755615,5,81,9,57.4696960449219,805,1,2,"503670839126144"
"a49eac1d-0577-4c54-9c4f-50434cf1d8e9","MBB_BAU",2023,71,451,114,195,204,101,6.81264972686768,3087,2452,13763,15,690,572,3209,93,165,175,94,6.26585865020752,5,65,7,58.5492973327637,805,1,2,"503670839126144"
"a49eac1d-0577-4c54-9c4f-50434cf1d8e9","MBB_BAU",2028,76,433,106,186,197,96,6.69577264785767,2688,2058,11968,7,348,288,1677,96,171,183,91,6.41069412231445,5,59,6,58.5263175964355,805,1,2,"503670839126144"
"a49eac1d-0577-4c54-9c4f-50434cf1d8e9","MBB_BAU",2033,81,419,108,192,205,93,6.87386083602905,2603,2010,11565,2,121,105,604,104,187,200,91,6.77674150466919,5,95,6,58.1604919433594,805,1,2,"503670839126144"
"a49eac1d-0577-4c54-9c4f-50434cf1d8e9","MBB_BAU",2038,86,406,117,208,221,93,7.27599239349365,2925,2120,12376,0,0,0,0,117,208,221,93,7.27599239349365,5,106,7,59.930233001709,805,1,2,"503670839126144"
"a49eac1d-0577-4c54-9c4f-50434cf1d8e9","MBB_BAU",2043,91,396,133,231,244,94,7.84955215454102,3422,2375,13957,25,751,564,3313,108,193,207,85,7.31465768814087,5,76,7,62.0988998413086,805,1,1,"503670839126144"
"a49eac1d-0577-4c54-9c4f-50434cf1d8e9","MBB_BAU",2048,96,378,119,209,222,87,7.59422445297241,3018,1965,11649,0,0,0,0,119,209,222,87,7.59422445297241,0,0,0,54.65625,805,2,2,"503670839126144"
"0e24ac99-3e2b-4d39-8238-025b219b9aa9","MBB_BAU",2018,56,2751,93,168,156,91,2.4910831451416,2551,1506,7674,23,644,413,2104,72,134,125,87,2.19988989830017,5,111,1,45.5535697937012,801,1,2,"503670553126144"
"0e24ac99-3e2b-4d39-8238-025b219b9aa9","MBB_BAU",2023,61,2709,94,183,158,89,2.52692699432373,2456,1556,8393,18,561,380,2051,76,154,132,86,2.27605795860291,5,96,1,50.8196716308594,801,1,2,"503670553126144"
"0e24ac99-3e2b-4d39-8238-025b219b9aa9","MBB_BAU",2028,66,2680,108,235,199,88,2.71227312088013,2370,1688,9304,9,291,216,1191,98,220,185,86,2.59424471855164,5,78,5,54.1666679382324,801,1,2,"503670553126144"
"0e24ac99-3e2b-4d39-8238-025b219b9aa9","MBB_BAU",2033,71,2492,125,282,248,87,3.035799741745,2444,1834,10339,1,45,35,195,124,280,246,87,3.0189859867096,5,72,4,55.4929580688477,801,1,2,"503670553126144"
"0e24ac99-3e2b-4d39-8238-025b219b9aa9","MBB_BAU",2038,76,2346,147,327,297,88,3.38860154151917,2739,2114,11984,0,0,0,0,147,327,297,88,3.38860154151917,5,71,4,56.315788269043,801,1,1,"503670553126144"
"0e24ac99-3e2b-4d39-8238-025b219b9aa9","MBB_BAU",2043,81,2228,167,364,339,90,3.70945763587952,3073,2482,14227,0,0,0,0,167,364,339,90,3.70945763587952,5,71,8,56.962963104248,801,1,1,"503670553126144"
"0e24ac99-3e2b-4d39-8238-025b219b9aa9","MBB_BAU",2048,86,2014,181,380,361,92,4.05541944503784,3387,2868,16883,0,0,0,0,181,380,361,92,4.05541944503784,0,0,0,57.3023262023926,801,1,1,"503670553126144"
"39d8d553-64ac-4871-81f6-1a6a4418babe","MBB_BAU",2019,83,2391,92,160,179,111,2.65790414810181,2707,2232,12330,14,688,581,3211,73,131,154,105,2.36743545532227,5,47,4,32.6144561767578,801,1,3,"503670756126144"
"39d8d553-64ac-4871-81f6-1a6a4418babe","MBB_BAU",2024,88,2324,85,165,185,105,2.58633875846863,2235,1924,10720,0,0,0,0,85,165,185,105,2.58633875846863,5,54,7,33.2159080505371,801,1,3,"503670756126144"
"39d8d553-64ac-4871-81f6-1a6a4418babe","MBB_BAU",2029,93,2230,112,245,279,106,3.03889727592468,2469,2152,12105,0,18,16,88,112,244,279,106,3.032466173172,5,50,17,33.9462356567383,801,1,2,"503670756126144"
"39d8d553-64ac-4871-81f6-1a6a4418babe","MBB_BAU",2034,98,1998,137,308,378,106,3.55193090438843,2616,2256,13179,0,0,0,0,137,308,378,106,3.55193090438843,5,62,19,33.8979606628418,801,3,2,"503670756126144"
"39d8d553-64ac-4871-81f6-1a6a4418babe","MBB_BAU",2039,103,1773,155,344,444,105,4.00286769866943,2829,2388,13958,0,0,0,0,155,344,444,105,4.00286769866943,5,52,37,34.3203887939453,801,3,2,"503670756126144"
"39d8d553-64ac-4871-81f6-1a6a4418babe","MBB_BAU",2044,108,1395,157,336,441,102,4.53738975524902,2904,2437,14389,0,0,0,0,157,336,441,102,4.53738975524902,5,60,22,33.4259262084961,801,1,1,"503670756126144"
"39d8d553-64ac-4871-81f6-1a6a4418babe","MBB_BAU",2049,113,1221,164,341,443,100,4.95894145965576,3090,2564,15503,0,0,0,0,164,341,443,100,4.95894145965576,0,0,0,33.5929222106934,801,1,1,"503670756126144"
"d73eee5e-2531-46b9-91e0-346f4eeb0f45","MBB_BAU",2017,61,1353,51,88,95,80,2.64044523239136,1343,873,4302,0,0,0,0,51,88,95,80,2.64044523239136,5,40,2,22.016393661499,801,1,3,"387484893489998"
"d73eee5e-2531-46b9-91e0-346f4eeb0f45","MBB_BAU",2022,66,1324,59,107,108,82,2.86279249191284,1538,985,4987,0,0,0,0,59,107,108,82,2.86279249191284,5,46,2,23.3030300140381,801,1,3,"387484893489998"
"d73eee5e-2531-46b9-91e0-346f4eeb0f45","MBB_BAU",2027,71,1296,74,148,150,85,3.24267482757568,1757,1198,5943,0,0,0,0,74,148,150,85,3.24267482757568,5,53,3,24.7464790344238,801,1,3,"387484893489998"
"d73eee5e-2531-46b9-91e0-346f4eeb0f45","MBB_BAU",2032,76,1268,93,192,205,87,3.67279100418091,2010,1470,7392,16,423,309,1555,78,169,181,81,3.3875994682312,5,40,0,26.4473686218262,801,1,2,"387484893489998"
"d73eee5e-2531-46b9-91e0-346f4eeb0f45","MBB_BAU",2037,81,1264,94,205,231,83,3.7011342048645,1787,1310,6773,5,143,105,543,89,197,223,80,3.60982036590576,5,51,4,27.2839508056641,801,1,2,"387484893489998"
"d73eee5e-2531-46b9-91e0-346f4eeb0f45","MBB_BAU",2042,86,1199,103,222,260,85,3.97165727615356,1877,1453,7677,1,37,28,150,102,220,259,84,3.94962334632874,5,41,5,28.4069766998291,801,1,2,"387484893489998"
"d73eee5e-2531-46b9-91e0-346f4eeb0f45","MBB_BAU",2047,91,1137,113,241,293,88,4.27768039703369,2022,1640,8828,0,0,0,0,113,241,293,88,4.27768039703369,0,0,0,28.4395599365234,706,1,2,"387484893489998"
"d60f227d-0218-4e7d-8624-4758522f4985","MBB_BAU",2020,62,3102,76,146,185,68,2.11626267433167,1535,1085,6249,0,0,0,0,76,146,185,68,2.11626267433167,5,41,0,24.7580642700195,503,1,3,"651719960126144"
"d60f227d-0218-4e7d-8624-4758522f4985","MBB_BAU",2025,67,3096,96,208,252,70,2.38759756088257,1740,1293,7226,0,0,0,0,96,208,252,70,2.38759756088257,5,41,10,25.9701499938965,503,1,2,"651719960126144"
"d60f227d-0218-4e7d-8624-4758522f4985","MBB_BAU",2030,72,2601,124,284,358,73,2.9606466293335,1896,1432,8164,0,0,0,0,124,284,358,73,2.9606466293335,5,55,8,26.3333339691162,503,1,2,"651719960126144"
"d60f227d-0218-4e7d-8624-4758522f4985","MBB_BAU",2035,77,2268,147,336,439,75,3.451908826828,2131,1559,9166,0,0,0,0,147,336,439,75,3.451908826828,5,52,17,27.6753253936768,503,1,1,"651719960126144"
"d60f227d-0218-4e7d-8624-4758522f4985","MBB_BAU",2040,82,1724,151,328,431,72,4.0084753036499,2306,1706,10152,0,0,0,0,151,328,431,72,4.0084753036499,5,41,15,28.1219520568848,503,1,1,"651719960126144"
"d60f227d-0218-4e7d-8624-4758522f4985","MBB_BAU",2045,87,1421,155,326,427,74,4.46856737136841,2440,1800,10858,0,0,0,0,155,326,427,74,4.46856737136841,5,79,15,28.0459766387939,801,1,1,"651719960126144"
"d60f227d-0218-4e7d-8624-4758522f4985","MBB_BAU",2050,92,1195,159,324,423,76,4.93618726730347,2761,1936,11618,0,0,0,0,159,324,423,76,4.93618726730347,0,0,0,30.0108699798584,801,1,1,"651719960126144"
"5e352089-5f65-4791-b2cc-1d80dcb61491","MBB_BAU",2021,115,321,89,136,152,91,7.12884759902954,2912,2263,13290,0,0,0,0,89,136,152,91,7.12884759902954,5,56,5,25.3217391967773,506,1,2,"734248029290487"
"5e352089-5f65-4791-b2cc-1d80dcb61491","MBB_BAU",2026,120,313,96,147,159,92,7.50333595275879,3166,2553,14619,22,1039,878,5029,66,103,111,85,6.44583082199097,5,45,4,26.3833332061768,506,1,2,"734248029290487"
"5e352089-5f65-4791-b2cc-1d80dcb61491","MBB_BAU",2031,125,316,73,116,123,85,6.52664613723755,2332,1875,11095,0,0,0,0,73,116,123,85,6.52664613723755,5,50,5,26.9680004119873,506,1,3,"734248029290487"
"5e352089-5f65-4791-b2cc-1d80dcb61491","MBB_BAU",2036,130,308,82,131,139,86,6.98209095001221,2558,2098,12292,0,0,0,0,82,131,139,86,6.98209095001221,5,46,5,27.6692314147949,506,1,3,"734248029290487"
"5e352089-5f65-4791-b2cc-1d80dcb61491","MBB_BAU",2041,135,301,90,144,154,87,7.4106936454773,2763,2260,13359,21,920,763,4509,63,104,112,80,6.40017938613892,5,44,4,28.1629638671875,506,1,2,"734248029290487"
"5e352089-5f65-4791-b2cc-1d80dcb61491","MBB_BAU",2046,140,303,71,117,129,82,6.5376787185669,2045,1670,9868,0,0,0,0,71,117,129,82,6.5376787185669,5,49,5,28.6000003814697,506,1,3,"734248029290487"
"5e352089-5f65-4791-b2cc-1d80dcb61491","MBB_BAU",2051,145,296,80,131,148,84,7.02680826187134,2267,1857,11198,0,0,0,0,80,131,148,84,7.02680826187134,0,0,0,29.1448268890381,506,1,3,"734248029290487"
"4f7f5e98-ebea-402e-80b1-e3f992b9d89d","MBB_BAU",2021,99,3339,100,198,187,88,2.33797907829285,2250,1790,9318,5,188,169,877,93,188,178,84,2.26543307304382,5,38,0,22.7272720336914,805,1,2,"734248035290487"
"4f7f5e98-ebea-402e-80b1-e3f992b9d89d","MBB_BAU",2026,104,3327,113,243,234,85,2.49573183059692,2252,1765,9261,0,0,0,0,113,243,234,85,2.49573183059692,5,43,13,23.4615383148193,805,1,2,"734248035290487"
"4f7f5e98-ebea-402e-80b1-e3f992b9d89d","MBB_BAU",2031,109,2923,133,301,307,85,2.8933527469635,2402,1911,10201,0,0,0,0,133,301,307,85,2.8933527469635,5,41,11,23.7614669799805,805,1,2,"734248035290487"
"4f7f5e98-ebea-402e-80b1-e3f992b9d89d","MBB_BAU",2036,114,2580,157,359,393,84,3.34407448768616,2555,2068,11550,0,0,0,0,157,359,393,84,3.34407448768616,5,39,22,24.0614032745361,801,1,1,"734248035290487"
"4f7f5e98-ebea-402e-80b1-e3f992b9d89d","MBB_BAU",2041,119,1992,164,361,413,85,3.88367795944214,2641,2193,12296,0,0,0,0,164,361,413,85,3.88367795944214,5,42,20,23.7731094360352,801,1,1,"734248035290487"
"4f7f5e98-ebea-402e-80b1-e3f992b9d89d","MBB_BAU",2046,124,1602,167,356,417,87,4.37714195251465,2752,2337,13181,0,0,0,0,167,356,417,87,4.37714195251465,5,57,21,23.7096767425537,801,1,1,"734248035290487"
"4f7f5e98-ebea-402e-80b1-e3f992b9d89d","MBB_BAU",2051,129,1286,172,352,414,88,4.95447492599487,2932,2486,14521,0,0,0,0,172,352,414,88,4.95447492599487,0,0,0,24.1860466003418,801,1,1,"734248035290487"
"dcdacf69-67cf-4edb-9c42-290b95e2cae1","MBB_BAU",2017,83,798,184,318,320,74,6.49370431900024,3986,2759,13236,50,1206,854,4097,134,239,247,73,5.73529195785522,5,118,16,48.024097442627,520,1,1,"387485116489998"
"dcdacf69-67cf-4edb-9c42-290b95e2cae1","MBB_BAU",2022,88,761,152,269,278,74,6.05933237075806,3288,2234,11263,27,776,565,2847,122,221,234,74,5.50891160964966,5,101,18,51.0681800842285,801,1,1,"387485116489998"
"dcdacf69-67cf-4edb-9c42-290b95e2cae1","MBB_BAU",2027,93,709,141,255,270,75,6.03294563293457,2927,2000,10310,15,476,362,1865,122,227,244,73,5.67835330963135,5,90,15,52.7849464416504,801,1,1,"387485116489998"
"dcdacf69-67cf-4edb-9c42-290b95e2cae1","MBB_BAU",2032,98,665,140,258,278,75,6.20494937896729,2827,1992,10440,5,197,165,862,132,246,268,75,6.05910968780518,5,86,15,53.9285697937012,801,1,1,"387485116489998"
"dcdacf69-67cf-4edb-9c42-290b95e2cae1","MBB_BAU",2037,103,618,149,274,297,77,6.65131330490112,2983,2136,11242,0,0,0,0,149,274,297,77,6.65131330490112,5,129,12,54.737865447998,801,1,1,"387485116489998"
"dcdacf69-67cf-4edb-9c42-290b95e2cae1","MBB_BAU",2042,108,586,171,309,332,79,7.31380224227905,3570,2397,13093,0,0,0,0,171,309,332,79,7.31380224227905,5,135,48,57.6388893127441,801,1,1,"387485116489998"
"dcdacf69-67cf-4edb-9c42-290b95e2cae1","MBB_BAU",2047,113,483,180,316,334,80,8.2726411819458,4002,2554,14224,0,0,0,0,180,316,334,80,8.2726411819458,0,0,0,58.9115028381348,801,1,1,"387485116489998"
"047d9ac0-bd06-4cfc-a343-1fd30fb31db2","MBB_BAU",2017,63,489,102,171,212,90,6.19859981536865,2642,2122,10752,15,628,547,2771,81,139,179,86,5.60465812683105,5,63,2,41.9365081787109,801,1,2,"387485117489998"
"047d9ac0-bd06-4cfc-a343-1fd30fb31db2","MBB_BAU",2022,68,479,89,153,196,87,5.83215236663818,2317,1738,9145,0,0,0,0,89,153,196,87,5.83215236663818,5,66,3,43.3088226318359,503,1,2,"387485117489998"
"047d9ac0-bd06-4cfc-a343-1fd30fb31db2","MBB_BAU",2027,73,469,102,180,228,89,6.31853151321411,2636,2002,10283,8,376,337,1731,90,161,209,86,5.97597694396973,5,56,2,44.712329864502,503,1,2,"387485117489998"
"047d9ac0-bd06-4cfc-a343-1fd30fb31db2","MBB_BAU",2032,78,459,101,182,232,87,6.3506064414978,2528,1792,9673,7,272,232,1251,92,169,219,86,6.1068229675293,5,60,2,45.2820510864258,503,1,2,"387485117489998"
"047d9ac0-bd06-4cfc-a343-1fd30fb31db2","MBB_BAU",2037,83,450,103,189,241,87,6.49050426483154,2546,1697,9219,2,88,75,409,101,185,237,87,6.41401243209839,5,54,1,46.0481910705566,503,1,2,"387485117489998"
"047d9ac0-bd06-4cfc-a343-1fd30fb31db2","MBB_BAU",2042,88,444,110,201,257,89,6.75095558166504,2718,1746,9534,3,116,94,513,107,196,251,88,6.65716314315796,5,58,3,46.3863639831543,503,1,2,"387485117489998"
"047d9ac0-bd06-4cfc-a343-1fd30fb31db2","MBB_BAU",2047,93,431,117,213,271,89,7.05749893188477,2877,1747,9619,0,0,0,0,117,213,271,89,7.05749893188477,0,0,0,45.6021499633789,503,1,2,"387485117489998"
"75089165-36d2-41f7-858c-40dcdb3a9011","MBB_BAU",2017,65,4032,104,176,180,93,2.17494893074036,3040,2303,11376,23,813,679,3352,78,135,140,93,1.88813805580139,5,69,1,46.769229888916,805,1,2,"387485143489998"
"75089165-36d2-41f7-858c-40dcdb3a9011","MBB_BAU",2022,70,3997,102,214,204,95,2.15869474411011,2566,1873,9473,15,479,377,1905,86,189,181,92,1.99267137050629,5,65,21,48.271427154541,805,1,2,"387485143489998"
"75089165-36d2-41f7-858c-40dcdb3a9011","MBB_BAU",2027,75,3303,130,316,336,93,2.68297505378723,2306,1659,8922,0,0,0,0,130,316,336,93,2.68297505378723,5,59,39,47.973331451416,805,1,2,"387485143489998"
"75089165-36d2-41f7-858c-40dcdb3a9011","MBB_BAU",2032,80,2111,143,333,384,94,3.5286705493927,2403,1739,9355,0,0,0,0,143,333,384,94,3.5286705493927,5,58,41,46.1875,801,1,1,"387485143489998"
"75089165-36d2-41f7-858c-40dcdb3a9011","MBB_BAU",2037,85,1513,148,326,393,95,4.23114347457886,2485,1811,10180,0,0,0,0,148,326,393,95,4.23114347457886,5,50,38,44.4352951049805,805,1,1,"387485143489998"
"75089165-36d2-41f7-858c-40dcdb3a9011","MBB_BAU",2042,90,1184,151,322,381,96,4.84161186218262,2545,1853,10413,0,0,0,0,151,322,381,96,4.84161186218262,5,52,36,42.6333351135254,805,1,1,"387485143489998"
"75089165-36d2-41f7-858c-40dcdb3a9011","MBB_BAU",2047,95,960,156,321,371,97,5.46277236938477,2627,1951,11191,0,0,0,0,156,321,371,97,5.46277236938477,0,0,0,41.2526321411133,805,3,1,"387485143489998"
"19f25d98-43b0-4f21-abae-1f089d69247c","MBB_BAU",2017,90,1308,92,175,222,95,3.58316016197205,2013,1280,6354,13,321,215,1065,81,157,204,92,3.37662744522095,5,52,1,22.3666667938232,801,1,2,"387484846489998"
"19f25d98-43b0-4f21-abae-1f089d69247c","MBB_BAU",2022,95,1283,98,197,251,90,3.74021530151367,1948,1194,6170,3,75,50,256,95,193,246,89,3.69517588615417,5,48,6,23.8842105865479,801,1,2,"387484846489998"
"19f25d98-43b0-4f21-abae-1f089d69247c","MBB_BAU",2027,100,1174,116,240,302,91,4.24723100662231,2081,1246,6537,0,0,0,0,116,240,302,91,4.24723100662231,5,86,7,24.7700004577637,801,1,2,"387484846489998"
"19f25d98-43b0-4f21-abae-1f089d69247c","MBB_BAU",2032,105,1054,135,274,345,92,4.83750343322754,2473,1610,8339,0,0,0,0,135,274,345,92,4.83750343322754,5,136,5,27.3238086700439,801,1,1,"387484846489998"
"19f25d98-43b0-4f21-abae-1f089d69247c","MBB_BAU",2037,110,988,152,303,379,94,5.31661701202393,3125,2019,10405,0,0,0,0,152,303,379,94,5.31661701202393,5,91,8,32.009090423584,801,1,1,"387484846489998"
"19f25d98-43b0-4f21-abae-1f089d69247c","MBB_BAU",2042,115,925,169,329,409,95,5.79002618789673,3539,2283,12351,0,0,0,0,169,329,409,95,5.79002618789673,5,83,23,34.2173919677734,801,1,1,"387484846489998"
"19f25d98-43b0-4f21-abae-1f089d69247c","MBB_BAU",2047,120,786,176,333,409,97,6.41165590286255,3835,2581,14016,0,0,0,0,176,333,409,97,6.41165590286255,0,0,0,35.2583351135254,801,1,1,"387484846489998"
"5146ff11-d46b-4b7b-8bce-ef9195ae20ba","MBB_BAU",2021,98,1926,79,161,168,69,2.74766135215759,1348,482,2292,0,0,0,0,79,161,168,69,2.74766135215759,5,109,1,13.7551021575928,805,1,2,"734248143290487"
"5146ff11-d46b-4b7b-8bce-ef9195ae20ba","MBB_BAU",2026,103,1886,104,215,221,73,3.18530607223511,1889,1200,5625,5,104,78,364,100,208,214,72,3.12240529060364,5,97,5,18.3398056030273,805,1,2,"734248143290487"
"5146ff11-d46b-4b7b-8bce-ef9195ae20ba","MBB_BAU",2031,108,1717,129,271,286,76,3.70611643791199,2248,1614,7795,5,126,100,483,124,263,278,75,3.63752770423889,5,117,5,21.7777786254883,805,1,1,"734248143290487"
"5146ff11-d46b-4b7b-8bce-ef9195ae20ba","MBB_BAU",2036,113,1560,152,314,342,78,4.22787618637085,2680,1990,9924,2,47,39,193,150,312,340,78,4.20474004745483,5,89,4,25.7522125244141,805,1,1,"734248143290487"
"5146ff11-d46b-4b7b-8bce-ef9195ae20ba","MBB_BAU",2041,118,1470,172,348,389,81,4.62542295455933,3057,2303,12145,2,55,45,236,169,345,386,81,4.60035228729248,5,88,15,28.2542381286621,805,1,1,"734248143290487"
"5146ff11-d46b-4b7b-8bce-ef9195ae20ba","MBB_BAU",2046,123,1218,179,350,394,84,5.19630670547485,3371,2590,13998,3,130,108,582,175,343,387,83,5.1350212097168,5,86,13,30.10569190979,805,1,1,"734248143290487"
"5146ff11-d46b-4b7b-8bce-ef9195ae20ba","MBB_BAU",2051,128,1042,184,347,394,86,5.68581867218018,3607,2944,16057,0,0,0,0,184,347,394,86,5.68581867218018,0,0,0,30.7734375,805,1,1,"734248143290487"
"63760a61-c497-4006-b189-eb435c3c74f2","MBB_BAU",2016,83,5364,139,231,236,94,2.17789745330811,3826,2944,15444,30,1236,977,5128,97,169,176,90,1.82958471775055,5,49,17,46.0963859558105,801,1,1,"274683356489998"
"63760a61-c497-4006-b189-eb435c3c74f2","MBB_BAU",2021,88,4931,116,235,235,91,2.07908487319946,2750,2201,11737,14,585,480,2557,97,206,207,88,1.9000198841095,5,36,36,45.2954559326172,801,1,2,"274683356489998"
"63760a61-c497-4006-b189-eb435c3c74f2","MBB_BAU",2026,93,3769,129,311,334,88,2.50375962257385,2163,1809,9831,0,0,0,0,129,311,334,88,2.50375962257385,5,33,43,42.8387107849121,801,1,2,"274683356489998"
"63760a61-c497-4006-b189-eb435c3c74f2","MBB_BAU",2031,98,2432,142,332,388,87,3.2697765827179,2114,1861,10400,0,0,0,0,142,332,388,87,3.2697765827179,5,32,29,40.1530609130859,801,1,1,"274683356489998"
"63760a61-c497-4006-b189-eb435c3c74f2","MBB_BAU",2036,103,1795,147,330,405,85,3.87037253379822,2126,1928,10871,0,0,0,0,147,330,405,85,3.87037253379822,5,47,26,38.3203887939453,801,3,1,"274683356489998"
"63760a61-c497-4006-b189-eb435c3c74f2","MBB_BAU",2041,108,1370,153,329,406,81,4.51993608474731,2228,2018,11716,0,0,0,0,153,329,406,81,4.51993608474731,5,64,14,37.4907417297363,801,3,1,"274683356489998"
"63760a61-c497-4006-b189-eb435c3c74f2","MBB_BAU",2046,113,1214,158,332,405,80,4.88971090316772,2479,2124,12301,0,0,0,0,158,332,405,80,4.88971090316772,0,0,0,38.0530967712402,801,3,1,"274683356489998"
"ca09f793-8b90-4190-98e3-f75073943714","MBB_BAU",2016,83,2376,99,175,186,95,2.75828433036804,2667,1746,9396,20,650,455,2450,78,142,153,92,2.45958805084229,5,32,6,32.1325302124023,805,1,2,"274682907489998"
"ca09f793-8b90-4190-98e3-f75073943714","MBB_BAU",2021,88,2315,87,175,179,93,2.62905645370483,2144,1423,7628,0,0,0,0,87,175,179,93,2.62905645370483,5,33,16,31.75,805,1,2,"274682907489998"
"ca09f793-8b90-4190-98e3-f75073943714","MBB_BAU",2026,93,2158,108,239,250,93,3.02380180358887,2226,1567,8380,0,0,0,0,108,239,250,93,3.02380180358887,5,33,19,30.9247303009033,805,1,2,"274682907489998"
"ca09f793-8b90-4190-98e3-f75073943714","MBB_BAU",2031,98,1980,126,288,317,94,3.41948533058167,2298,1652,8923,0,0,0,0,126,288,317,94,3.41948533058167,5,38,19,30.0816326141357,805,1,2,"274682907489998"
"ca09f793-8b90-4190-98e3-f75073943714","MBB_BAU",2036,103,1813,140,319,366,95,3.76334738731384,2395,1723,9395,0,0,0,0,140,319,366,95,3.76334738731384,5,46,33,29.5631065368652,805,1,1,"274682907489998"
"ca09f793-8b90-4190-98e3-f75073943714","MBB_BAU",2041,108,1545,144,322,381,96,4.13786458969116,2462,1805,10296,0,0,0,0,144,322,381,96,4.13786458969116,5,40,37,28.8148155212402,805,1,1,"274682907489998"
"ca09f793-8b90-4190-98e3-f75073943714","MBB_BAU",2046,113,1296,148,322,384,97,4.56834030151367,2477,1873,10531,0,0,0,0,148,322,384,97,4.56834030151367,0,0,0,27.6725654602051,805,1,1,"274682907489998"
"065c2403-6d5f-4cb9-8651-3922d32db4d1","MBB_BAU",2016,101,3240,79,144,172,87,2.10941386222839,1957,1268,6594,0,0,0,0,79,144,172,87,2.10941386222839,5,65,4,19.3762378692627,503,1,3,"274683015489998"
"065c2403-6d5f-4cb9-8651-3922d32db4d1","MBB_BAU",2021,106,3158,94,191,213,90,2.33965682983398,2262,1548,8298,17,466,333,1783,79,166,188,85,2.14450907707214,5,70,14,21.3396224975586,506,1,2,"274683015489998"
"065c2403-6d5f-4cb9-8651-3922d32db4d1","MBB_BAU",2026,111,2789,107,248,293,88,2.65827965736389,2074,1464,8036,0,0,0,0,107,248,293,88,2.65827965736389,5,55,15,22.8828830718994,503,1,2,"274683015489998"
"065c2403-6d5f-4cb9-8651-3922d32db4d1","MBB_BAU",2031,116,2444,135,314,394,89,3.17936134338379,2272,1659,9116,0,0,0,0,135,314,394,89,3.17936134338379,5,55,34,23.6034488677979,503,1,2,"274683015489998"
"065c2403-6d5f-4cb9-8651-3922d32db4d1","MBB_BAU",2036,121,1790,138,308,407,90,3.76175928115845,2375,1766,9845,0,0,0,0,138,308,407,90,3.76175928115845,5,45,26,23.4793395996094,503,1,2,"274683015489998"
"065c2403-6d5f-4cb9-8651-3922d32db4d1","MBB_BAU",2041,126,1440,142,307,420,89,4.25986480712891,2467,1934,10788,0,0,0,0,142,307,420,89,4.25986480712891,5,78,17,23.2777786254883,520,1,1,"274683015489998"
"065c2403-6d5f-4cb9-8651-3922d32db4d1","MBB_BAU",2046,131,1271,151,315,435,91,4.66806221008301,2770,2118,12016,0,0,0,0,151,315,435,91,4.66806221008301,0,0,0,24.7022895812988,520,1,1,"274683015489998"
"6413a2a0-fb4b-488c-b5f2-15d1dd367fec","MBB_GROW",2020,105,507,113,185,181,96,6.38745975494385,3302,2209,13230,0,0,0,0,113,185,181,96,6.38745975494385,5,52,97,31.4476184844971,506,1,2,"678977041126144"
"6413a2a0-fb4b-488c-b5f2-15d1dd367fec","MBB_GROW",2025,110,421,105,176,173,97,6.75069284439087,3077,2157,12941,0,0,0,0,105,176,173,97,6.75069284439087,5,60,19,27.9727268218994,801,1,2,"678977041126144"
"6413a2a0-fb4b-488c-b5f2-15d1dd367fec","MBB_GROW",2030,115,401,115,198,193,98,7.24233150482178,3281,2276,13715,0,0,0,0,115,198,193,98,7.24233150482178,5,63,8,28.5304355621338,801,1,2,"678977041126144"
"6413a2a0-fb4b-488c-b5f2-15d1dd367fec","MBB_GROW",2035,120,391,125,215,210,99,7.67239570617676,3560,2692,16215,0,0,0,0,125,215,210,99,7.67239570617676,5,79,6,29.6666660308838,801,1,2,"678977041126144"
"6413a2a0-fb4b-488c-b5f2-15d1dd367fec","MBB_GROW",2040,125,382,138,233,227,99,8.12775993347168,3925,3202,19485,0,0,0,0,138,233,227,99,8.12775993347168,5,69,11,31.3999996185303,801,1,2,"678977041126144"
"6413a2a0-fb4b-488c-b5f2-15d1dd367fec","MBB_GROW",2045,130,368,147,246,240,100,8.56402587890625,4218,3467,20987,0,0,0,0,147,246,240,100,8.56402587890625,5,72,12,32.4461555480957,801,1,1,"678977041126144"
"6413a2a0-fb4b-488c-b5f2-15d1dd367fec","MBB_GROW",2050,135,353,157,259,252,101,9.02340984344482,4514,3734,22939,0,0,0,0,157,259,252,101,9.02340984344482,0,0,0,33.4370384216309,805,1,1,"678977041126144"
"601f6362-86f3-46bb-b466-82d779d9abc9","MBB_GROW",2020,72,1749,98,175,189,89,3.21256637573242,2589,1426,8520,0,0,0,0,98,175,189,89,3.21256637573242,5,63,4,35.9583320617676,805,1,2,"678977049126144"
"601f6362-86f3-46bb-b466-82d779d9abc9","MBB_GROW",2025,77,1700,113,211,221,90,3.48999524116516,2884,1662,10080,0,0,0,0,113,211,221,90,3.48999524116516,5,72,11,37.4545440673828,805,1,2,"678977049126144"
"601f6362-86f3-46bb-b466-82d779d9abc9","MBB_GROW",2030,82,1583,141,281,313,91,4.04577779769897,3191,1954,11472,0,0,0,0,141,281,313,91,4.04577779769897,5,77,14,38.9146347045898,805,1,1,"678977049126144"
"601f6362-86f3-46bb-b466-82d779d9abc9","MBB_GROW",2035,87,1455,159,316,354,92,4.46855688095093,3506,2181,13129,0,0,0,0,159,316,354,92,4.46855688095093,5,74,14,40.2988510131836,805,1,1,"678977049126144"
"601f6362-86f3-46bb-b466-82d779d9abc9","MBB_GROW",2040,92,1350,176,348,395,93,4.88378858566284,3807,2531,14987,0,0,0,0,176,348,395,93,4.88378858566284,5,62,11,41.3804359436035,805,1,1,"678977049126144"
"601f6362-86f3-46bb-b466-82d779d9abc9","MBB_GROW",2045,97,1277,189,372,430,94,5.21538257598877,4058,2856,17435,0,0,0,0,189,372,430,94,5.21538257598877,5,69,18,41.8350524902344,805,1,1,"678977049126144"
"601f6362-86f3-46bb-b466-82d779d9abc9","MBB_GROW",2050,102,1179,199,384,448,94,5.56342029571533,4317,3247,19580,0,0,0,0,199,384,448,94,5.56342029571533,0,0,0,42.3235282897949,805,1,1,"678977049126144"
"7254904d-4ae0-44ee-b06a-08f86a098343","MBB_GROW",2014,49,2343,132,218,236,67,3.21902751922607,3004,1999,11070,0,0,0,0,132,218,236,67,3.21902751922607,5,82,190,61.3061218261719,520,1,2,"221697964020004"
"7254904d-4ae0-44ee-b06a-08f86a098343","MBB_GROW",2019,54,1979,109,192,207,69,3.17550897598267,2464,1745,9761,0,0,0,0,109,192,207,69,3.17550897598267,5,87,46,45.6296310424805,520,1,2,"221697964020004"
"7254904d-4ae0-44ee-b06a-08f86a098343","MBB_GROW",2024,59,1810,126,244,263,74,3.5795304775238,2671,2038,11652,0,0,0,0,126,244,263,74,3.5795304775238,5,81,57,45.2711868286133,801,1,2,"221697964020004"
"7254904d-4ae0-44ee-b06a-08f86a098343","MBB_GROW",2029,64,1631,146,294,331,77,4.0452299118042,2791,2260,13450,0,0,0,0,146,294,331,77,4.0452299118042,5,76,48,43.609375,801,1,2,"221697964020004"
"7254904d-4ae0-44ee-b06a-08f86a098343","MBB_GROW",2034,69,1489,161,326,381,81,4.44898891448975,2929,2539,15230,0,0,0,0,161,326,381,81,4.44898891448975,5,81,82,42.449275970459,801,1,2,"221697964020004"
"7254904d-4ae0-44ee-b06a-08f86a098343","MBB_GROW",2039,74,1246,164,327,386,84,4.91450786590576,2924,2618,15856,0,0,0,0,164,327,386,84,4.91450786590576,5,54,61,39.5135116577148,801,1,1,"221697964020004"
"7254904d-4ae0-44ee-b06a-08f86a098343","MBB_GROW",2044,79,1082,166,326,378,87,5.29796886444092,2892,2631,16421,0,0,0,0,166,326,378,87,5.29796886444092,0,0,0,36.607593536377,801,1,1,"221697964020004"
"4b8a7c4b-4a1a-496d-8e92-8115d4f07117","MBB_GROW",2015,62,2583,80,175,207,74,2.38483881950378,1336,805,4350,0,0,0,0,80,175,207,74,2.38483881950378,5,76,3,21.5483875274658,503,1,3,"221697977020004"
"4b8a7c4b-4a1a-496d-8e92-8115d4f07117","MBB_GROW",2020,67,2208,105,238,277,77,2.95524334907532,1702,944,5448,0,0,0,0,105,238,277,77,2.95524334907532,5,76,5,25.4029846191406,801,1,2,"221697977020004"
"4b8a7c4b-4a1a-496d-8e92-8115d4f07117","MBB_GROW",2025,72,1953,137,312,370,81,3.58287835121155,2055,1242,7218,0,0,0,0,137,312,370,81,3.58287835121155,5,109,13,28.5416660308838,801,1,1,"221697977020004"
"4b8a7c4b-4a1a-496d-8e92-8115d4f07117","MBB_GROW",2030,77,1536,156,342,413,83,4.31802654266357,2536,1463,8398,0,0,0,0,156,342,413,83,4.31802654266357,5,108,27,32.9350662231445,801,1,1,"221697977020004"
"4b8a7c4b-4a1a-496d-8e92-8115d4f07117","MBB_GROW",2035,82,1094,162,336,408,85,5.21274900436401,2943,1758,10205,0,0,0,0,162,336,408,85,5.21274900436401,5,121,32,35.8902435302734,801,2,1,"221697977020004"
"4b8a7c4b-4a1a-496d-8e92-8115d4f07117","MBB_GROW",2040,87,828,169,334,401,87,6.11822891235352,3391,1984,11686,0,0,0,0,169,334,401,87,6.11822891235352,5,127,30,38.9770126342773,801,1,1,"221697977020004"
"4b8a7c4b-4a1a-496d-8e92-8115d4f07117","MBB_GROW",2045,92,697,176,335,398,89,6.80300712585449,3880,2232,13232,0,0,0,0,176,335,398,89,6.80300712585449,0,0,0,42.1739120483398,801,2,1,"221697977020004"
"140c0985-7d8c-41e0-a7ad-2dd6e7560640","MBB_GROW",2018,94,90,99,151,144,95,14.2080020904541,3197,2363,14850,0,0,0,0,99,151,144,95,14.2080020904541,5,75,49,34.0106391906738,801,1,2,"480976106489998"
"140c0985-7d8c-41e0-a7ad-2dd6e7560640","MBB_GROW",2023,99,76,99,146,134,96,15.4799394607544,3326,2814,17611,0,0,0,0,99,146,134,96,15.4799394607544,5,61,12,33.5959587097168,805,1,2,"480976106489998"
"140c0985-7d8c-41e0-a7ad-2dd6e7560640","MBB_GROW",2028,104,74,105,153,139,97,16.1732788085938,3569,3039,19290,0,0,0,0,105,153,139,97,16.1732788085938,5,63,13,34.3173065185547,805,1,2,"480976106489998"
"140c0985-7d8c-41e0-a7ad-2dd6e7560640","MBB_GROW",2033,109,71,111,159,144,100,16.89697265625,3819,3273,20502,0,0,0,0,111,159,144,100,16.89697265625,5,65,14,35.0366973876953,805,1,2,"480976106489998"
"140c0985-7d8c-41e0-a7ad-2dd6e7560640","MBB_GROW",2038,114,69,117,165,149,101,17.6376972198486,4073,3605,22832,0,0,0,0,117,165,149,101,17.6376972198486,5,64,15,35.7280693054199,805,1,2,"480976106489998"
"140c0985-7d8c-41e0-a7ad-2dd6e7560640","MBB_GROW",2043,119,67,123,171,155,102,18.3807430267334,4317,3949,25021,0,0,0,0,123,171,155,102,18.3807430267334,5,66,16,36.2773094177246,805,1,2,"480976106489998"
"140c0985-7d8c-41e0-a7ad-2dd6e7560640","MBB_GROW",2048,124,65,129,177,160,104,19.1364192962646,4565,4202,26519,0,0,0,0,129,177,160,104,19.1364192962646,0,0,0,36.8145179748535,805,1,2,"480976106489998"
"19ff951b-97a9-43bf-8176-aedbb3352c5a","MBB_GROW",2017,49,1281,79,159,189,79,3.36073231697083,1606,732,4350,0,0,0,0,79,159,189,79,3.36073231697083,5,46,6,32.7755088806152,801,2,2,"480976113489998"
"19ff951b-97a9-43bf-8176-aedbb3352c5a","MBB_GROW",2022,54,1123,85,170,184,81,3.7249174118042,1809,816,4793,0,0,0,0,85,170,184,81,3.7249174118042,5,51,6,33.5,801,2,2,"480976113489998"
"19ff951b-97a9-43bf-8176-aedbb3352c5a","MBB_GROW",2027,59,1076,101,207,218,83,4.13866472244263,2034,987,5952,0,0,0,0,101,207,218,83,4.13866472244263,5,79,17,34.4745750427246,801,2,2,"480976113489998"
"19ff951b-97a9-43bf-8176-aedbb3352c5a","MBB_GROW",2032,64,1011,116,241,253,87,4.591392993927,2347,1094,6544,0,0,0,0,116,241,253,87,4.591392993927,5,58,16,36.671875,801,2,2,"480976113489998"
"19ff951b-97a9-43bf-8176-aedbb3352c5a","MBB_GROW",2037,69,960,130,268,285,88,4.97930240631104,2557,1294,7765,0,0,0,0,130,268,285,88,4.97930240631104,5,69,16,37.0579719543457,801,2,1,"480976113489998"
"19ff951b-97a9-43bf-8176-aedbb3352c5a","MBB_GROW",2042,74,916,143,292,313,90,5.35314702987671,2822,1584,9736,0,0,0,0,143,292,313,90,5.35314702987671,5,85,15,38.1351356506348,801,1,1,"480976113489998"
"19ff951b-97a9-43bf-8176-aedbb3352c5a","MBB_GROW",2047,79,880,156,313,332,91,5.71077013015747,3175,1795,11024,0,0,0,0,156,313,332,91,5.71077013015747,0,0,0,40.1898727416992,801,1,1,"480976113489998"
"5470167d-24d3-4f96-88f3-337c8c6edb40","MBB_GROW",2014,34,630,68,134,178,62,4.4412727355957,1293,51,240,0,0,0,0,68,134,178,62,4.4412727355957,5,99,4,38.029411315918,520,2,3,"221698042020004"
"5470167d-24d3-4f96-88f3-337c8c6edb40","MBB_GROW",2019,39,617,85,164,200,66,5.02497673034668,1767,248,1168,0,0,0,0,85,164,200,66,5.02497673034668,5,103,6,45.3076934814453,520,2,3,"221698042020004"
"5470167d-24d3-4f96-88f3-337c8c6edb40","MBB_GROW",2024,44,602,104,198,230,67,5.63902616500854,2252,665,3504,0,0,0,0,104,198,230,67,5.63902616500854,5,98,25,51.1818199157715,520,1,2,"221698042020004"
"5470167d-24d3-4f96-88f3-337c8c6edb40","MBB_GROW",2029,49,555,119,221,250,69,6.25670433044434,2619,1115,5926,0,0,0,0,119,221,250,69,6.25670433044434,5,104,27,53.4489784240723,512,1,2,"221698042020004"
"5470167d-24d3-4f96-88f3-337c8c6edb40","MBB_GROW",2034,54,516,133,241,268,68,6.87093210220337,3006,1682,9270,0,0,0,0,133,241,268,68,6.87093210220337,5,113,27,55.6666679382324,512,1,2,"221698042020004"
"5470167d-24d3-4f96-88f3-337c8c6edb40","MBB_GROW",2039,59,485,147,260,284,74,7.4690670967102,3435,2387,13488,0,0,0,0,147,260,284,74,7.4690670967102,5,102,37,58.2203407287598,512,1,2,"221698042020004"
"5470167d-24d3-4f96-88f3-337c8c6edb40","MBB_GROW",2044,64,449,157,270,290,74,8.01424598693848,3759,2806,15728,0,0,0,0,157,270,290,74,8.01424598693848,0,0,0,58.734375,512,1,2,"221698042020004"
"fd0e77d9-419b-4499-9ed6-51b050710e88","MBB_GROW",2019,49,3201,95,157,154,92,2.33617687225342,2734,1913,11430,0,0,0,0,95,157,154,92,2.33617687225342,5,57,154,55.7959175109863,506,1,3,"678976319126144"
"fd0e77d9-419b-4499-9ed6-51b050710e88","MBB_GROW",2024,54,1939,82,148,137,88,2.78532409667969,2247,1599,10074,0,0,0,0,82,148,137,88,2.78532409667969,5,75,6,41.6111106872559,506,1,3,"678976319126144"
"fd0e77d9-419b-4499-9ed6-51b050710e88","MBB_GROW",2029,59,1898,112,226,228,90,3.28757929801941,2592,1913,11994,0,0,0,0,112,226,228,90,3.28757929801941,5,66,25,43.9322052001953,506,1,3,"678976319126144"
"fd0e77d9-419b-4499-9ed6-51b050710e88","MBB_GROW",2034,64,1732,131,270,294,92,3.72875189781189,2797,2232,14179,0,0,0,0,131,270,294,92,3.72875189781189,5,55,19,43.703125,506,1,2,"678976319126144"
"fd0e77d9-419b-4499-9ed6-51b050710e88","MBB_GROW",2039,69,1624,145,297,339,93,4.04481220245361,2978,2404,15125,0,0,0,0,145,297,339,93,4.04481220245361,5,47,16,43.1594200134277,506,3,2,"678976319126144"
"fd0e77d9-419b-4499-9ed6-51b050710e88","MBB_GROW",2044,74,1545,157,320,378,94,4.3181209564209,3132,2625,16613,0,0,0,0,157,320,378,94,4.3181209564209,5,53,14,42.3243255615234,506,3,2,"678976319126144"
"fd0e77d9-419b-4499-9ed6-51b050710e88","MBB_GROW",2049,79,1486,169,340,411,96,4.56713008880615,3331,2819,18146,0,0,0,0,169,340,411,96,4.56713008880615,0,0,0,42.1645584106445,506,3,2,"678976319126144"
"301d425f-200d-4ded-a8ee-3e54913a2c31","MBB_GROW",2020,103,600,106,194,234,83,5.69996881484985,2415,1295,7620,0,0,0,0,106,194,234,83,5.69996881484985,5,66,59,23.4466018676758,805,1,2,"678976324126144"
"301d425f-200d-4ded-a8ee-3e54913a2c31","MBB_GROW",2025,108,577,109,201,236,81,5.87459087371826,2449,1230,7550,0,0,0,0,109,201,236,81,5.87459087371826,5,58,9,22.6759262084961,805,2,2,"678976324126144"
"301d425f-200d-4ded-a8ee-3e54913a2c31","MBB_GROW",2030,113,560,120,221,257,83,6.2562403678894,2696,1412,8585,0,0,0,0,120,221,257,83,6.2562403678894,5,60,12,23.8584079742432,805,1,1,"678976324126144"
"301d425f-200d-4ded-a8ee-3e54913a2c31","MBB_GROW",2035,118,540,132,243,279,87,6.68709945678711,2939,1791,10721,0,0,0,0,132,243,279,87,6.68709945678711,5,77,12,24.9067802429199,805,1,1,"678976324126144"
"301d425f-200d-4ded-a8ee-3e54913a2c31","MBB_GROW",2040,123,522,141,258,289,88,7.04598665237427,3263,2291,13739,0,0,0,0,141,258,289,88,7.04598665237427,5,86,12,26.5284557342529,805,1,1,"678976324126144"
"301d425f-200d-4ded-a8ee-3e54913a2c31","MBB_GROW",2045,128,506,152,271,300,89,7.40970945358276,3630,2566,15473,0,0,0,0,152,271,300,89,7.40970945358276,5,69,13,28.359375,805,1,1,"678976324126144"
"301d425f-200d-4ded-a8ee-3e54913a2c31","MBB_GROW",2050,133,491,161,286,311,90,7.75426244735718,3906,2755,16538,0,0,0,0,161,286,311,90,7.75426244735718,0,0,0,29.3684215545654,805,1,1,"678976324126144"
"6403e45e-22d4-4ede-b4f7-29c8eb268d3e","MBB_GROW",2016,61,1011,142,236,217,85,5.07421445846558,3965,2465,14280,0,0,0,0,142,236,217,85,5.07421445846558,5,66,178,65,801,1,1,"335231747489998"
"6403e45e-22d4-4ede-b4f7-29c8eb268d3e","MBB_GROW",2021,66,694,120,205,178,93,5.62830352783203,3405,2114,12514,0,0,0,0,120,205,178,93,5.62830352783203,5,78,27,51.5909080505371,801,1,2,"335231747489998"
"6403e45e-22d4-4ede-b4f7-29c8eb268d3e","MBB_GROW",2026,71,651,131,228,192,96,6.07198715209961,3660,2592,15106,0,0,0,0,131,228,192,96,6.07198715209961,5,72,12,51.5492973327637,801,1,2,"335231747489998"
"6403e45e-22d4-4ede-b4f7-29c8eb268d3e","MBB_GROW",2031,76,629,143,251,210,97,6.46501636505127,3957,2856,16665,0,0,0,0,143,251,210,97,6.46501636505127,5,62,10,52.065788269043,801,1,1,"335231747489998"
"6403e45e-22d4-4ede-b4f7-29c8eb268d3e","MBB_GROW",2036,81,612,155,271,227,98,6.81385278701782,4221,3096,18649,0,0,0,0,155,271,227,98,6.81385278701782,5,77,10,52.1111106872559,801,1,1,"335231747489998"
"6403e45e-22d4-4ede-b4f7-29c8eb268d3e","MBB_GROW",2041,86,595,166,286,239,99,7.14870023727417,4557,3407,20931,0,0,0,0,166,286,239,99,7.14870023727417,5,72,9,52.9883728027344,801,1,1,"335231747489998"
"6403e45e-22d4-4ede-b4f7-29c8eb268d3e","MBB_GROW",2046,91,581,175,298,248,100,7.42842960357666,4874,3858,23396,0,0,0,0,175,298,248,100,7.42842960357666,0,0,0,53.5604400634766,801,1,1,"335231747489998"
"65d3563f-d5af-4454-81e3-c9879794dc28","MBB_GROW",2017,56,1662,109,213,242,84,3.46251463890076,2219,1048,5850,0,0,0,0,109,213,242,84,3.46251463890076,5,77,39,39.625,801,1,2,"433034221489998"
"65d3563f-d5af-4454-81e3-c9879794dc28","MBB_GROW",2022,61,1403,112,224,246,85,3.82078075408936,2411,1152,6514,0,0,0,0,112,224,246,85,3.82078075408936,5,80,15,39.5245895385742,801,1,2,"433034221489998"
"65d3563f-d5af-4454-81e3-c9879794dc28","MBB_GROW",2027,66,1252,131,267,290,87,4.37200593948364,2740,1383,7860,0,0,0,0,131,267,290,87,4.37200593948364,5,84,15,41.5151519775391,801,1,1,"433034221489998"
"65d3563f-d5af-4454-81e3-c9879794dc28","MBB_GROW",2032,71,1124,149,303,330,88,4.9259090423584,3084,1666,9505,0,0,0,0,149,303,330,88,4.9259090423584,5,102,34,43.4366188049316,801,1,1,"433034221489998"
"65d3563f-d5af-4454-81e3-c9879794dc28","MBB_GROW",2037,76,889,155,306,336,90,5.66036128997803,3425,1967,11473,0,0,0,0,155,306,336,90,5.66036128997803,5,84,37,45.065788269043,801,1,1,"433034221489998"
"65d3563f-d5af-4454-81e3-c9879794dc28","MBB_GROW",2042,81,724,159,305,335,91,6.35355567932129,3661,2201,12745,0,0,0,0,159,305,335,91,6.35355567932129,5,89,34,45.1975326538086,801,1,1,"433034221489998"
"65d3563f-d5af-4454-81e3-c9879794dc28","MBB_GROW",2047,86,621,165,308,336,93,6.97658348083496,3935,2375,13976,0,0,0,0,165,308,336,93,6.97658348083496,0,0,0,45.7558135986328,801,1,1,"433034221489998"
"88281ad1-7067-4b05-8067-6883c79b2e3a","MBB_GROW",2016,75,1245,128,200,170,96,4.35010814666748,4023,3438,20640,0,0,0,0,128,200,170,96,4.35010814666748,5,71,165,53.6399993896484,801,1,2,"335232165489998"
"88281ad1-7067-4b05-8067-6883c79b2e3a","MBB_GROW",2021,80,885,111,180,147,100,4.79367923736572,3554,3015,18288,0,0,0,0,111,180,147,100,4.79367923736572,5,72,47,44.4249992370605,801,1,2,"335232165489998"
"88281ad1-7067-4b05-8067-6883c79b2e3a","MBB_GROW",2026,85,812,122,211,183,105,5.24130725860596,3683,3151,19572,0,0,0,0,122,211,183,105,5.24130725860596,5,76,18,43.3294105529785,801,1,2,"335232165489998"
"88281ad1-7067-4b05-8067-6883c79b2e3a","MBB_GROW",2031,90,791,137,244,227,107,5.64350748062134,3973,3416,21311,0,0,0,0,137,244,227,107,5.64350748062134,5,73,50,44.1444435119629,801,1,2,"335232165489998"
"88281ad1-7067-4b05-8067-6883c79b2e3a","MBB_GROW",2036,95,746,147,262,257,110,6.00735139846802,4087,3585,22727,0,0,0,0,147,262,257,110,6.00735139846802,5,67,19,43.021053314209,801,1,2,"335232165489998"
"88281ad1-7067-4b05-8067-6883c79b2e3a","MBB_GROW",2041,100,730,154,272,266,112,6.21886491775513,4326,3812,24348,0,0,0,0,154,272,266,112,6.21886491775513,5,69,28,43.2599983215332,801,1,2,"335232165489998"
"88281ad1-7067-4b05-8067-6883c79b2e3a","MBB_GROW",2046,105,708,161,283,275,114,6.4585771560669,4534,4138,26380,0,0,0,0,161,283,275,114,6.4585771560669,0,0,0,43.1809539794922,801,1,1,"335232165489998"
"8f5b5ac1-900f-457a-925f-55c0d9e11d53","MBB_GROW",2018,66,1659,89,137,146,101,3.12930226325989,2926,2309,14010,0,0,0,0,89,137,146,101,3.12930226325989,5,46,4,44.3333320617676,801,1,2,"480976796489998"
"8f5b5ac1-900f-457a-925f-55c0d9e11d53","MBB_GROW",2023,71,1598,116,222,249,102,3.653160572052,3137,2475,15266,0,0,0,0,116,222,249,102,3.653160572052,5,45,21,44.1830978393555,801,1,2,"480976796489998"
"8f5b5ac1-900f-457a-925f-55c0d9e11d53","MBB_GROW",2028,76,1296,151,303,392,102,4.61862087249756,3256,2586,16077,0,0,0,0,151,303,392,102,4.61862087249756,5,42,7,42.8421058654785,801,1,1,"480976796489998"
"8f5b5ac1-900f-457a-925f-55c0d9e11d53","MBB_GROW",2033,81,1190,161,322,427,103,4.98556423187256,3427,2865,17986,0,0,0,0,161,322,427,103,4.98556423187256,5,42,12,42.3086433410645,801,1,1,"480976796489998"
"8f5b5ac1-900f-457a-925f-55c0d9e11d53","MBB_GROW",2038,86,1039,163,316,421,103,5.35487604141235,3576,2997,18627,0,0,0,0,163,316,421,103,5.35487604141235,5,47,13,41.5813941955566,801,1,1,"480976796489998"
"8f5b5ac1-900f-457a-925f-55c0d9e11d53","MBB_GROW",2043,91,907,167,317,425,103,5.80921649932861,3747,3122,19640,0,0,0,0,167,317,425,103,5.80921649932861,5,43,10,41.1758232116699,801,1,1,"480976796489998"
"8f5b5ac1-900f-457a-925f-55c0d9e11d53","MBB_GROW",2048,96,823,170,317,426,103,6.16028451919556,3912,3364,21069,0,0,0,0,170,317,426,103,6.16028451919556,0,0,0,40.75,801,1,1,"480976796489998"
"1dc4aed7-3fd4-4e68-a403-41f1885cd0ee","MBB_GROW",2018,70,594,152,245,252,93,6.84927892684937,4268,3185,19050,0,0,0,0,152,245,252,93,6.84927892684937,5,77,102,60.9714279174805,503,1,2,"480976801489998"
"1dc4aed7-3fd4-4e68-a403-41f1885cd0ee","MBB_GROW",2023,75,503,149,243,252,92,7.35951900482178,4145,3091,18456,0,0,0,0,149,243,252,92,7.35951900482178,5,87,14,55.2666664123535,503,1,2,"480976801489998"
"1dc4aed7-3fd4-4e68-a403-41f1885cd0ee","MBB_GROW",2028,80,486,162,266,273,93,7.82107639312744,4514,3596,21506,0,0,0,0,162,266,273,93,7.82107639312744,5,85,17,56.4249992370605,503,1,2,"480976801489998"
"1dc4aed7-3fd4-4e68-a403-41f1885cd0ee","MBB_GROW",2033,85,468,174,284,289,94,8.2599458694458,4859,3900,23750,0,0,0,0,174,284,289,94,8.2599458694458,5,101,28,57.1647071838379,503,1,1,"480976801489998"
"1dc4aed7-3fd4-4e68-a403-41f1885cd0ee","MBB_GROW",2038,90,440,185,297,300,95,8.77803993225098,5221,4238,26018,0,0,0,0,185,297,300,95,8.77803993225098,5,108,78,58.0111122131348,506,1,1,"480976801489998"
"1dc4aed7-3fd4-4e68-a403-41f1885cd0ee","MBB_GROW",2043,95,373,185,291,292,97,9.52693176269531,5373,4540,28216,0,0,0,0,185,291,292,97,9.52693176269531,5,103,81,56.5578956604004,506,1,1,"480976801489998"
"1dc4aed7-3fd4-4e68-a403-41f1885cd0ee","MBB_GROW",2048,100,320,185,285,283,97,10.2907037734985,5487,4654,28891,0,0,0,0,185,285,283,97,10.2907037734985,0,0,0,54.8699989318848,506,1,1,"480976801489998"
"2132eea5-af4d-4ee1-a929-7ae3fe795ad1","MBB_GROW",2015,50,957,109,184,183,97,4.57336902618408,3143,2071,12510,0,0,0,0,109,184,183,97,4.57336902618408,5,69,104,62.8600006103516,506,1,2,"221698164020004"
"2132eea5-af4d-4ee1-a929-7ae3fe795ad1","MBB_GROW",2020,55,704,103,179,176,96,5.18403768539429,2968,1944,11774,0,0,0,0,103,179,176,96,5.18403768539429,5,69,20,53.9636344909668,801,1,2,"221698164020004"
"2132eea5-af4d-4ee1-a929-7ae3fe795ad1","MBB_GROW",2025,60,686,117,209,207,96,5.59081983566284,3209,2301,14106,0,0,0,0,117,209,207,96,5.59081983566284,5,60,6,53.4833335876465,801,1,2,"221698164020004"
"2132eea5-af4d-4ee1-a929-7ae3fe795ad1","MBB_GROW",2030,65,675,130,234,234,97,5.93410491943359,3478,2500,15249,0,0,0,0,130,234,234,97,5.93410491943359,5,79,10,53.5076904296875,801,1,2,"221698164020004"
"2132eea5-af4d-4ee1-a929-7ae3fe795ad1","MBB_GROW",2035,70,651,143,254,258,98,6.34976816177368,3823,2872,17966,0,0,0,0,143,254,258,98,6.34976816177368,5,65,10,54.6142845153809,801,1,2,"221698164020004"
"2132eea5-af4d-4ee1-a929-7ae3fe795ad1","MBB_GROW",2040,75,630,154,272,277,98,6.70118093490601,4097,3335,20941,0,0,0,0,154,272,277,98,6.70118093490601,5,62,11,54.6266670227051,801,1,1,"221698164020004"
"2132eea5-af4d-4ee1-a929-7ae3fe795ad1","MBB_GROW",2045,80,609,167,291,297,99,7.0848879814148,4347,3560,22178,0,0,0,0,167,291,297,99,7.0848879814148,0,0,0,54.3375015258789,805,1,1,"221698164020004"
"60a54853-e146-4af5-b08b-511235fc1e1c","MBB_GROW",2014,67,393,98,183,215,79,6.7628812789917,2115,1264,7320,0,0,0,0,98,183,215,79,6.7628812789917,5,115,3,31.5671634674072,805,1,2,"221698172020004"
"60a54853-e146-4af5-b08b-511235fc1e1c","MBB_GROW",2019,72,382,115,209,241,81,7.43081903457642,2672,1511,8827,0,0,0,0,115,209,241,81,7.43081903457642,5,108,6,37.1111106872559,805,1,2,"221698172020004"
"60a54853-e146-4af5-b08b-511235fc1e1c","MBB_GROW",2024,77,370,132,234,266,83,8.07281589508057,3183,1773,10791,0,0,0,0,132,234,266,83,8.07281589508057,5,101,10,41.3376617431641,805,1,1,"221698172020004"
"60a54853-e146-4af5-b08b-511235fc1e1c","MBB_GROW",2029,82,356,147,257,287,85,8.70406150817871,3641,2209,13319,0,0,0,0,147,257,287,85,8.70406150817871,5,93,12,44.4024391174316,805,1,1,"221698172020004"
"60a54853-e146-4af5-b08b-511235fc1e1c","MBB_GROW",2034,87,341,158,271,295,87,9.22727966308594,4042,2627,15609,0,0,0,0,158,271,295,87,9.22727966308594,5,126,19,46.4597702026367,805,1,1,"221698172020004"
"60a54853-e146-4af5-b08b-511235fc1e1c","MBB_GROW",2039,92,321,172,286,304,89,9.91170501708984,4574,3165,19301,0,0,0,0,172,286,304,89,9.91170501708984,5,110,13,49.7173919677734,805,1,1,"221698172020004"
"60a54853-e146-4af5-b08b-511235fc1e1c","MBB_GROW",2044,97,310,184,300,313,91,10.4314346313477,5060,3587,21959,0,0,0,0,184,300,313,91,10.4314346313477,0,0,0,52.1649475097656,805,1,1,"221698172020004"
"8467f4ec-7874-43df-95ed-1e0016083168","MBB_GROW",2017,61,153,100,142,136,92,10.9696102142334,3254,2716,17550,0,0,0,0,100,142,136,92,10.9696102142334,5,70,6,53.3442611694336,801,1,2,"480976345489998"
"8467f4ec-7874-43df-95ed-1e0016083168","MBB_GROW",2022,66,76,108,151,143,94,16.1484355926514,3571,2996,19427,0,0,0,0,108,151,143,94,16.1484355926514,5,62,8,54.1060600280762,801,1,2,"480976345489998"
"8467f4ec-7874-43df-95ed-1e0016083168","MBB_GROW",2027,71,74,114,157,148,95,16.8343143463135,3841,3287,21289,0,0,0,0,114,157,148,95,16.8343143463135,5,57,9,54.0985908508301,801,1,2,"480976345489998"
"8467f4ec-7874-43df-95ed-1e0016083168","MBB_GROW",2032,76,71,119,162,152,97,17.4744815826416,4081,3591,23353,0,0,0,0,119,162,152,97,17.4744815826416,5,64,9,53.6973686218262,801,1,2,"480976345489998"
"8467f4ec-7874-43df-95ed-1e0016083168","MBB_GROW",2037,81,69,125,168,157,99,18.196475982666,4355,3930,25287,0,0,0,0,125,168,157,99,18.196475982666,5,66,10,53.7654304504395,801,1,2,"480976345489998"
"8467f4ec-7874-43df-95ed-1e0016083168","MBB_GROW",2042,86,67,131,174,161,101,18.9239044189453,4633,4182,27357,0,0,0,0,131,174,161,101,18.9239044189453,5,69,11,53.8720932006836,801,1,2,"480976345489998"
"8467f4ec-7874-43df-95ed-1e0016083168","MBB_GROW",2047,91,65,137,180,165,103,19.6718597412109,4923,4444,28985,0,0,0,0,137,180,165,103,19.6718597412109,0,0,0,54.0988998413086,801,1,2,"480976345489998"
"af75cb71-b9ff-48dc-845c-3ca0975ce725","MBB_GROW",2017,51,2220,57,105,123,68,2.17221403121948,1335,633,3870,0,0,0,0,57,105,123,68,2.17221403121948,5,33,46,26.1764698028564,801,2,3,"480976356489998"
"af75cb71-b9ff-48dc-845c-3ca0975ce725","MBB_GROW",2022,56,1783,57,118,116,73,2.41599488258362,1271,680,4018,0,0,0,0,57,118,116,73,2.41599488258362,5,41,10,22.6964282989502,805,2,3,"480976356489998"
"af75cb71-b9ff-48dc-845c-3ca0975ce725","MBB_GROW",2027,61,1728,80,185,183,75,2.90635395050049,1422,756,4566,0,0,0,0,80,185,183,75,2.90635395050049,5,50,6,23.3114757537842,805,1,2,"480976356489998"
"af75cb71-b9ff-48dc-845c-3ca0975ce725","MBB_GROW",2032,66,1644,105,246,258,79,3.42816996574402,1639,935,5746,0,0,0,0,105,246,258,79,3.42816996574402,5,45,10,24.8333339691162,805,1,2,"480976356489998"
"af75cb71-b9ff-48dc-845c-3ca0975ce725","MBB_GROW",2037,71,1496,127,291,321,81,3.94210004806519,1812,1032,6387,0,0,0,0,127,291,321,81,3.94210004806519,5,44,9,25.5211277008057,805,1,2,"480976356489998"
"af75cb71-b9ff-48dc-845c-3ca0975ce725","MBB_GROW",2042,76,1379,146,327,368,83,4.40791797637939,1986,1409,8419,0,0,0,0,146,327,368,83,4.40791797637939,5,41,5,26.1315784454346,805,3,1,"480976356489998"
"af75cb71-b9ff-48dc-845c-3ca0975ce725","MBB_GROW",2047,81,1321,157,344,386,85,4.66455173492432,2164,1624,9750,0,0,0,0,157,344,386,85,4.66455173492432,0,0,0,26.7160491943359,805,3,1,"480976356489998"
"508b15cc-6345-4962-bf47-7fe286d53540","MBB_GROW",2015,52,3063,93,172,176,59,2.35863995552063,1746,1000,5610,0,0,0,0,93,172,176,59,2.35863995552063,5,27,180,33.5769233703613,997,1,2,"221697753020004"
"508b15cc-6345-4962-bf47-7fe286d53540","MBB_GROW",2020,57,2412,66,152,129,63,2.24570918083191,980,493,2631,0,0,0,0,66,152,129,63,2.24570918083191,5,32,31,17.1929817199707,801,1,3,"221697753020004"
"508b15cc-6345-4962-bf47-7fe286d53540","MBB_GROW",2025,62,2276,92,235,205,66,2.72725653648376,984,546,3068,0,0,0,0,92,235,205,66,2.72725653648376,5,63,7,15.8709678649902,801,1,2,"221697753020004"
"508b15cc-6345-4962-bf47-7fe286d53540","MBB_GROW",2030,67,2018,122,304,279,70,3.32913112640381,1264,675,3840,0,0,0,0,122,304,279,70,3.32913112640381,5,44,3,18.8656711578369,801,1,2,"221697753020004"
"508b15cc-6345-4962-bf47-7fe286d53540","MBB_GROW",2035,72,1848,149,360,340,74,3.83999085426331,1471,909,4946,0,0,0,0,149,360,340,74,3.83999085426331,5,95,2,20.4305553436279,801,3,1,"221697753020004"
"508b15cc-6345-4962-bf47-7fe286d53540","MBB_GROW",2040,77,1695,169,395,378,75,4.27176284790039,1934,1035,5824,0,0,0,0,169,395,378,75,4.27176284790039,5,86,6,25.1168823242188,801,1,1,"221697753020004"
"508b15cc-6345-4962-bf47-7fe286d53540","MBB_GROW",2045,82,1439,174,393,369,78,4.71215867996216,2334,1129,6474,0,0,0,0,174,393,369,78,4.71215867996216,0,0,0,28.463415145874,801,1,1,"221697753020004"
"cdd1cc57-b1e3-4b4a-9fdf-7ab1d2836184","MBB_GROW",2017,88,471,77,137,140,72,5.46732568740845,1693,947,5550,0,0,0,0,77,137,140,72,5.46732568740845,5,79,4,19.2386360168457,801,1,2,"433034010489998"
"cdd1cc57-b1e3-4b4a-9fdf-7ab1d2836184","MBB_GROW",2022,93,316,89,156,158,74,7.1995325088501,2067,1234,7285,0,0,0,0,89,156,158,74,7.1995325088501,5,80,9,22.2258071899414,801,1,2,"433034010489998"
"cdd1cc57-b1e3-4b4a-9fdf-7ab1d2836184","MBB_GROW",2027,98,307,102,177,178,76,7.82287454605103,2424,1427,8355,0,0,0,0,102,177,178,76,7.82287454605103,5,74,10,24.7346935272217,801,1,2,"433034010489998"
"cdd1cc57-b1e3-4b4a-9fdf-7ab1d2836184","MBB_GROW",2032,103,298,114,194,196,78,8.3607988357544,2743,1653,9732,0,0,0,0,114,194,196,78,8.3607988357544,5,71,10,26.631067276001,801,1,2,"433034010489998"
"cdd1cc57-b1e3-4b4a-9fdf-7ab1d2836184","MBB_GROW",2037,108,290,125,211,214,79,8.88028621673584,3045,1893,11438,0,0,0,0,125,211,214,79,8.88028621673584,5,66,16,28.1944446563721,801,1,1,"433034010489998"
"cdd1cc57-b1e3-4b4a-9fdf-7ab1d2836184","MBB_GROW",2042,113,279,132,221,224,80,9.33355140686035,3294,2030,12246,0,0,0,0,132,221,224,80,9.33355140686035,5,79,18,29.1504421234131,801,1,1,"433034010489998"
"cdd1cc57-b1e3-4b4a-9fdf-7ab1d2836184","MBB_GROW",2047,118,267,142,232,235,82,9.86704158782959,3597,2420,14695,0,0,0,0,142,232,235,82,9.86704158782959,0,0,0,30.4830513000488,801,1,1,"433034010489998"
"6567ec8e-2cd2-4e9b-b098-6bc57eae5b23","MBB_GROW",2015,137,1101,131,217,182,80,4.67073965072632,3178,2651,15000,0,0,0,0,131,217,182,80,4.67073965072632,5,65,6,23.1970806121826,105,1,2,"221697574020004"
"6567ec8e-2cd2-4e9b-b098-6bc57eae5b23","MBB_GROW",2020,142,1071,145,250,216,84,4.97386026382446,3476,2924,16926,0,0,0,0,145,250,216,84,4.97386026382446,5,77,20,24.4788722991943,105,1,1,"221697574020004"
"6567ec8e-2cd2-4e9b-b098-6bc57eae5b23","MBB_GROW",2025,147,971,165,302,284,87,5.57946872711182,3758,3159,18453,0,0,0,0,165,302,284,87,5.57946872711182,5,79,15,25.5646266937256,801,1,1,"221697574020004"
"6567ec8e-2cd2-4e9b-b098-6bc57eae5b23","MBB_GROW",2030,152,909,179,330,310,91,6.01394128799438,4080,3416,20223,0,0,0,0,179,330,310,91,6.01394128799438,5,66,12,26.8421058654785,104,1,1,"221697574020004"
"6567ec8e-2cd2-4e9b-b098-6bc57eae5b23","MBB_GROW",2035,157,866,192,353,332,94,6.37078189849854,4352,3654,21860,0,0,0,0,192,353,332,94,6.37078189849854,5,73,10,27.7197456359863,104,1,1,"221697574020004"
"6567ec8e-2cd2-4e9b-b098-6bc57eae5b23","MBB_GROW",2040,162,833,204,374,352,96,6.70290756225586,4669,4009,23868,0,0,0,0,204,374,352,96,6.70290756225586,5,76,7,28.820987701416,104,1,1,"221697574020004"
"6567ec8e-2cd2-4e9b-b098-6bc57eae5b23","MBB_GROW",2045,167,814,213,385,363,99,6.93089437484741,5015,4316,26094,0,0,0,0,213,385,363,99,6.93089437484741,0,0,0,30.0299396514893,104,1,1,"221697574020004"
"4aa991e8-32ee-4275-bb70-d93a1a1ac3ef","MBB_GROW",2020,52,2106,106,199,202,65,3.03727555274963,2111,1162,6510,0,0,0,0,106,199,202,65,3.03727555274963,5,71,222,40.5961532592773,997,1,2,"678976594126144"
"4aa991e8-32ee-4275-bb70-d93a1a1ac3ef","MBB_GROW",2025,57,1237,78,166,143,68,3.4027087688446,1357,640,3633,0,0,0,0,78,166,143,68,3.4027087688446,5,78,37,23.8070182800293,801,1,3,"678976594126144"
"4aa991e8-32ee-4275-bb70-d93a1a1ac3ef","MBB_GROW",2030,62,1104,99,216,179,69,4.06076049804688,1561,660,3689,0,0,0,0,99,216,179,69,4.06076049804688,5,89,8,25.1774196624756,801,1,2,"678976594126144"
"4aa991e8-32ee-4275-bb70-d93a1a1ac3ef","MBB_GROW",2035,67,1042,125,267,222,67,4.69850254058838,1970,974,5438,0,0,0,0,125,267,222,67,4.69850254058838,5,110,3,29.4029846191406,105,2,2,"678976594126144"
"4aa991e8-32ee-4275-bb70-d93a1a1ac3ef","MBB_GROW",2040,72,984,145,301,251,71,5.20245409011841,2502,1166,6860,0,0,0,0,145,301,251,71,5.20245409011841,5,108,3,34.75,105,1,1,"678976594126144"
"4aa991e8-32ee-4275-bb70-d93a1a1ac3ef","MBB_GROW",2045,77,933,165,332,275,75,5.6970944404602,3028,1522,8373,0,0,0,0,165,332,275,75,5.6970944404602,5,97,4,39.3246765136719,105,1,1,"678976594126144"
"4aa991e8-32ee-4275-bb70-d93a1a1ac3ef","MBB_GROW",2050,82,887,183,359,295,78,6.14083385467529,3495,2539,14496,0,0,0,0,183,359,295,78,6.14083385467529,0,0,0,42.6219520568848,105,1,1,"678976594126144"
"f22a9103-646d-4d76-9659-46b10b693348","MBB_GROW",2020,67,1632,90,184,216,79,3.18003296852112,1800,1013,5670,0,0,0,0,90,184,216,79,3.18003296852112,5,81,3,26.8656711578369,801,1,2,"678976841126144"
"f22a9103-646d-4d76-9659-46b10b693348","MBB_GROW",2025,72,1434,110,227,263,82,3.75537371635437,2190,1452,8347,0,0,0,0,110,227,263,82,3.75537371635437,5,81,10,30.4166660308838,801,1,2,"678976841126144"
"f22a9103-646d-4d76-9659-46b10b693348","MBB_GROW",2030,77,1284,132,272,321,84,4.33672285079956,2543,1683,9797,0,0,0,0,132,272,321,84,4.33672285079956,5,93,10,33.0259742736816,801,1,2,"678976841126144"
"f22a9103-646d-4d76-9659-46b10b693348","MBB_GROW",2035,82,1182,152,311,372,86,4.86372709274292,2961,1949,11522,0,0,0,0,152,311,372,86,4.86372709274292,5,98,9,36.1097564697266,801,1,1,"678976841126144"
"f22a9103-646d-4d76-9659-46b10b693348","MBB_GROW",2040,87,1110,171,342,414,88,5.31119155883789,3409,2198,13092,0,0,0,0,171,342,414,88,5.31119155883789,5,79,32,39.1839065551758,801,1,1,"678976841126144"
"f22a9103-646d-4d76-9659-46b10b693348","MBB_GROW",2045,92,916,176,340,414,89,5.93120718002319,3642,2418,14855,0,0,0,0,176,340,414,89,5.93120718002319,5,85,33,39.5869560241699,801,1,1,"678976841126144"
"f22a9103-646d-4d76-9659-46b10b693348","MBB_GROW",2050,97,777,180,339,408,90,6.51032161712646,3901,2598,15514,0,0,0,0,180,339,408,90,6.51032161712646,0,0,0,40.216495513916,801,1,1,"678976841126144"
"90029050-e1cb-4d17-9038-011d17850d90","MBB_GROW",2018,83,3363,109,226,252,91,2.43263721466064,2286,1262,7230,0,0,0,0,109,226,252,91,2.43263721466064,5,100,40,27.5421695709229,801,1,2,"480976579489998"
"90029050-e1cb-4d17-9038-011d17850d90","MBB_GROW",2023,88,2828,132,295,310,94,2.93081665039062,2585,1522,8804,0,0,0,0,132,295,310,94,2.93081665039062,5,97,43,29.375,801,1,1,"480976579489998"
"90029050-e1cb-4d17-9038-011d17850d90","MBB_GROW",2028,93,2015,155,343,373,96,3.75347900390625,2857,1799,10725,0,0,0,0,155,343,373,96,3.75347900390625,5,74,41,30.7204303741455,801,1,1,"480976579489998"
"90029050-e1cb-4d17-9038-011d17850d90","MBB_GROW",2033,98,1512,159,341,384,98,4.39188432693481,3024,2020,12177,0,0,0,0,159,341,384,98,4.39188432693481,5,77,40,30.8571434020996,801,1,1,"480976579489998"
"90029050-e1cb-4d17-9038-011d17850d90","MBB_GROW",2038,103,1191,162,336,388,99,5.00015926361084,3210,2182,13479,0,0,0,0,162,336,388,99,5.00015926361084,5,84,39,31.1650485992432,801,1,1,"480976579489998"
"90029050-e1cb-4d17-9038-011d17850d90","MBB_GROW",2043,108,975,167,334,385,100,5.59932708740234,3434,2399,14712,0,0,0,0,167,334,385,100,5.59932708740234,5,95,31,31.7962970733643,801,1,1,"480976579489998"
"90029050-e1cb-4d17-9038-011d17850d90","MBB_GROW",2048,113,846,171,330,378,101,6.08197355270386,3752,2761,16800,0,0,0,0,171,330,378,101,6.08197355270386,0,0,0,33.203540802002,801,1,1,"480976579489998"
"3f50adfb-6565-41c8-8476-375421e05c90","MBB_GROW",2016,154,849,125,207,205,86,5.1899299621582,3302,2041,12420,0,0,0,0,125,207,205,86,5.1899299621582,5,61,133,21.4415588378906,801,1,2,"335231305489998"
"3f50adfb-6565-41c8-8476-375421e05c90","MBB_GROW",2021,159,807,111,185,178,89,5.022545337677,2943,2103,12998,0,0,0,0,111,185,178,89,5.022545337677,5,53,26,18.5094337463379,801,1,2,"335231305489998"
"3f50adfb-6565-41c8-8476-375421e05c90","MBB_GROW",2026,164,779,119,206,200,91,5.29869174957275,3080,2356,14468,0,0,0,0,119,206,200,91,5.29869174957275,5,67,8,18.7804870605469,801,1,2,"335231305489998"
"3f50adfb-6565-41c8-8476-375421e05c90","MBB_GROW",2031,169,756,133,234,233,93,5.68932485580444,3373,2733,16829,0,0,0,0,133,234,233,93,5.68932485580444,5,63,10,19.9585800170898,801,1,2,"335231305489998"
"3f50adfb-6565-41c8-8476-375421e05c90","MBB_GROW",2036,174,717,145,254,259,95,6.09181118011475,3637,2954,18262,0,0,0,0,145,254,259,95,6.09181118011475,5,55,9,20.9022979736328,801,1,2,"335231305489998"
"3f50adfb-6565-41c8-8476-375421e05c90","MBB_GROW",2041,179,684,154,269,277,96,6.43340492248535,3867,3230,19726,0,0,0,0,154,269,277,96,6.43340492248535,5,62,8,21.6033515930176,801,1,1,"335231305489998"
"3f50adfb-6565-41c8-8476-375421e05c90","MBB_GROW",2046,184,657,164,283,294,97,6.76830244064331,4137,3452,21521,0,0,0,0,164,283,294,97,6.76830244064331,0,0,0,22.4836959838867,801,1,1,"335231305489998"
"926fff88-ec3b-4374-999e-398987115d5b","MBB_GROW",2018,64,2862,113,212,223,86,2.69418382644653,2573,1790,10410,0,0,0,0,113,212,223,86,2.69418382644653,5,114,9,40.203125,801,1,2,"480976770489998"
"926fff88-ec3b-4374-999e-398987115d5b","MBB_GROW",2023,69,2026,147,288,299,88,3.65208292007446,3099,2157,12697,0,0,0,0,147,288,299,88,3.65208292007446,5,160,25,44.9130439758301,801,1,1,"480976770489998"
"926fff88-ec3b-4374-999e-398987115d5b","MBB_GROW",2028,74,1319,173,329,353,89,4.90255212783813,3771,2608,15576,0,0,0,0,173,329,353,89,4.90255212783813,5,116,55,50.9594612121582,801,1,1,"480976770489998"
"926fff88-ec3b-4374-999e-398987115d5b","MBB_GROW",2033,79,745,173,309,325,90,6.52483654022217,4079,2938,17602,0,0,0,0,173,309,325,90,6.52483654022217,5,113,74,51.6329116821289,801,1,1,"480976770489998"
"926fff88-ec3b-4374-999e-398987115d5b","MBB_GROW",2038,84,523,173,296,307,91,7.79327821731567,4274,3194,19578,0,0,0,0,173,296,307,91,7.79327821731567,5,122,86,50.8809509277344,805,1,1,"480976770489998"
"926fff88-ec3b-4374-999e-398987115d5b","MBB_GROW",2043,89,395,173,284,290,92,8.96281242370605,4452,3481,21294,0,0,0,0,173,284,290,92,8.96281242370605,5,110,70,50.0224723815918,805,1,1,"480976770489998"
"926fff88-ec3b-4374-999e-398987115d5b","MBB_GROW",2048,94,321,174,275,276,93,9.95885944366455,4649,3689,22665,0,0,0,0,174,275,276,93,9.95885944366455,0,0,0,49.457447052002,805,1,1,"480976770489998"
"136ec661-8986-4433-a1b9-43181b120a22","MBB_GROW",2018,110,3321,77,133,139,80,2.06352376937866,1934,1248,7140,0,0,0,0,77,133,139,80,2.06352376937866,5,43,2,17.5818176269531,503,1,3,"535844304126144"
"136ec661-8986-4433-a1b9-43181b120a22","MBB_GROW",2023,115,3178,88,168,164,82,2.25686764717102,2138,1498,8536,0,0,0,0,88,168,164,82,2.25686764717102,5,49,10,18.5913047790527,503,1,2,"535844304126144"
"136ec661-8986-4433-a1b9-43181b120a22","MBB_GROW",2028,120,2918,112,240,238,84,2.64917707443237,2331,1654,9643,0,0,0,0,112,240,238,84,2.64917707443237,5,47,14,19.4249992370605,503,1,2,"535844304126144"
"136ec661-8986-4433-a1b9-43181b120a22","MBB_GROW",2033,125,2576,133,293,309,85,3.07207298278809,2498,1773,10529,0,0,0,0,133,293,309,85,3.07207298278809,5,42,13,19.9839992523193,503,1,2,"535844304126144"
"136ec661-8986-4433-a1b9-43181b120a22","MBB_GROW",2038,130,2299,147,324,360,86,3.42787075042725,2645,1984,11881,0,0,0,0,147,324,360,86,3.42787075042725,5,48,19,20.3461532592773,503,1,1,"535844304126144"
"136ec661-8986-4433-a1b9-43181b120a22","MBB_GROW",2043,135,1948,154,328,374,87,3.8015923500061,2794,2112,12341,0,0,0,0,154,328,374,87,3.8015923500061,5,50,17,20.6962966918945,503,1,1,"535844304126144"
"136ec661-8986-4433-a1b9-43181b120a22","MBB_GROW",2048,140,1685,158,327,377,88,4.14384078979492,2958,2410,14457,0,0,0,0,158,327,377,88,4.14384078979492,0,0,0,21.1285705566406,503,1,1,"535844304126144"
"1c76e328-9a2c-4404-af1a-50e3a6b2c128","MBB_GROW",2019,145,447,102,150,144,84,6.45758485794067,3020,2635,16560,0,0,0,0,102,150,144,84,6.45758485794067,5,37,333,20.8275871276855,801,1,3,"535844308126144"
"1c76e328-9a2c-4404-af1a-50e3a6b2c128","MBB_GROW",2024,150,422,64,105,108,73,5.26321029663086,1540,1166,7142,0,0,0,0,64,105,108,73,5.26321029663086,5,46,4,10.2666664123535,801,1,3,"535844308126144"
"1c76e328-9a2c-4404-af1a-50e3a6b2c128","MBB_GROW",2029,155,410,72,120,123,75,5.68874883651733,1747,1423,8459,0,0,0,0,72,120,123,75,5.68874883651733,5,37,5,11.2709674835205,801,1,2,"535844308126144"
"1c76e328-9a2c-4404-af1a-50e3a6b2c128","MBB_GROW",2034,160,399,81,137,142,77,6.08994722366333,1909,1538,9326,0,0,0,0,81,137,142,77,6.08994722366333,5,62,5,11.9312496185303,801,1,2,"535844308126144"
"1c76e328-9a2c-4404-af1a-50e3a6b2c128","MBB_GROW",2039,165,387,89,152,161,80,6.4999418258667,2192,1661,10319,0,0,0,0,89,152,161,80,6.4999418258667,5,45,5,13.2848482131958,801,1,2,"535844308126144"
"1c76e328-9a2c-4404-af1a-50e3a6b2c128","MBB_GROW",2044,170,376,97,164,177,81,6.85872936248779,2388,1867,11529,0,0,0,0,97,164,177,81,6.85872936248779,5,52,6,14.0470590591431,801,1,2,"535844308126144"
"1c76e328-9a2c-4404-af1a-50e3a6b2c128","MBB_GROW",2049,175,365,104,177,191,84,7.23933029174805,2619,2008,12307,0,0,0,0,104,177,191,84,7.23933029174805,0,0,0,14.9657144546509,801,1,2,"535844308126144"
"5b2a56f5-5a67-4cc4-8832-5b6a5ec5c26f","MBB_GROW",2014,44,2694,102,171,160,89,2.63612055778503,2734,1777,10410,0,0,0,0,102,171,160,89,2.63612055778503,5,64,150,62.1363639831543,506,1,3,"221697518020004"
"5b2a56f5-5a67-4cc4-8832-5b6a5ec5c26f","MBB_GROW",2019,49,1049,89,153,139,87,3.93414187431335,2304,1592,9443,0,0,0,0,89,153,139,87,3.93414187431335,5,79,4,47.0204086303711,506,1,3,"221697518020004"
"5b2a56f5-5a67-4cc4-8832-5b6a5ec5c26f","MBB_GROW",2024,54,1029,110,200,194,89,4.42057085037231,2677,1909,11727,0,0,0,0,110,200,194,89,4.42057085037231,5,83,6,49.5740737915039,506,1,3,"221697518020004"
"5b2a56f5-5a67-4cc4-8832-5b6a5ec5c26f","MBB_GROW",2029,59,1003,130,240,246,91,4.87535381317139,3065,2283,14281,0,0,0,0,130,240,246,91,4.87535381317139,5,69,14,51.9491539001465,506,1,2,"221697518020004"
"5b2a56f5-5a67-4cc4-8832-5b6a5ec5c26f","MBB_GROW",2034,64,951,143,263,281,92,5.25575017929077,3340,2518,15936,0,0,0,0,143,263,281,92,5.25575017929077,5,69,14,52.1875,506,1,2,"221697518020004"
"5b2a56f5-5a67-4cc4-8832-5b6a5ec5c26f","MBB_GROW",2039,69,908,156,282,310,93,5.61444234848022,3619,2992,18692,0,0,0,0,156,282,310,93,5.61444234848022,5,53,11,52.449275970459,506,1,2,"221697518020004"
"5b2a56f5-5a67-4cc4-8832-5b6a5ec5c26f","MBB_GROW",2044,74,877,166,297,333,93,5.88233280181885,3832,3187,20117,0,0,0,0,166,297,333,93,5.88233280181885,0,0,0,51.7837829589844,506,1,2,"221697518020004"
"45dc120b-98a7-4776-b297-30f7610130e7","MBB_GROW",2014,98,669,100,183,222,82,5.2241039276123,2202,1247,7560,0,0,0,0,100,183,222,82,5.2241039276123,5,72,48,22.4693870544434,805,1,2,"221697521020004"
"45dc120b-98a7-4776-b297-30f7610130e7","MBB_GROW",2019,103,644,106,197,234,79,5.48131036758423,2320,1304,8034,0,0,0,0,106,197,234,79,5.48131036758423,5,78,3,22.5242710113525,805,1,2,"221697521020004"
"45dc120b-98a7-4776-b297-30f7610130e7","MBB_GROW",2024,108,632,123,231,272,84,5.97691249847412,2696,1644,9851,0,0,0,0,123,231,272,84,5.97691249847412,5,62,8,24.962963104248,805,1,1,"221697521020004"
"45dc120b-98a7-4776-b297-30f7610130e7","MBB_GROW",2029,113,606,135,252,296,83,6.40018796920776,2965,1782,10956,0,0,0,0,135,252,296,83,6.40018796920776,5,106,9,26.2389373779297,805,1,1,"221697521020004"
"45dc120b-98a7-4776-b297-30f7610130e7","MBB_GROW",2034,118,582,150,273,314,85,6.86701822280884,3449,2266,13594,0,0,0,0,150,273,314,85,6.86701822280884,5,82,9,29.2288131713867,805,1,1,"221697521020004"
"45dc120b-98a7-4776-b297-30f7610130e7","MBB_GROW",2039,123,563,162,292,330,87,7.27069568634033,3816,2630,15905,0,0,0,0,162,292,330,87,7.27069568634033,5,85,9,31.0243911743164,805,1,1,"221697521020004"
"45dc120b-98a7-4776-b297-30f7610130e7","MBB_GROW",2044,128,546,174,309,345,88,7.65361404418945,4195,2967,18082,0,0,0,0,174,309,345,88,7.65361404418945,0,0,0,32.7734375,805,1,1,"221697521020004"
"b3e8553b-5cbb-4c8d-9359-ff67ffc526b7","MBB_GROW",2019,23,282,69,134,136,58,6.67965316772461,1096,478,2670,0,0,0,0,69,134,136,58,6.67965316772461,5,45,1,47.652172088623,402,2,3,"535844125126144"
"b3e8553b-5cbb-4c8d-9359-ff67ffc526b7","MBB_GROW",2024,28,279,77,147,149,61,7.09768867492676,1315,566,3177,0,0,0,0,77,147,149,61,7.09768867492676,5,56,1,46.9642868041992,402,2,3,"535844125126144"
"b3e8553b-5cbb-4c8d-9359-ff67ffc526b7","MBB_GROW",2029,33,275,86,162,163,64,7.57231283187866,1588,674,3893,0,0,0,0,86,162,163,64,7.57231283187866,5,71,1,48.1212120056152,402,2,2,"535844125126144"
"b3e8553b-5cbb-4c8d-9359-ff67ffc526b7","MBB_GROW",2034,38,272,96,176,175,69,8.0282039642334,1938,929,5287,0,0,0,0,96,176,175,69,8.0282039642334,5,75,2,51,402,2,2,"535844125126144"
"b3e8553b-5cbb-4c8d-9359-ff67ffc526b7","MBB_GROW",2039,43,269,106,190,188,73,8.51529216766357,2304,1187,6707,0,0,0,0,106,190,188,73,8.51529216766357,5,78,6,53.5813941955566,402,1,2,"535844125126144"
"b3e8553b-5cbb-4c8d-9359-ff67ffc526b7","MBB_GROW",2044,48,259,117,205,202,76,9.1029634475708,2662,1531,9083,0,0,0,0,117,205,202,76,9.1029634475708,5,72,12,55.4583320617676,402,1,2,"535844125126144"
"b3e8553b-5cbb-4c8d-9359-ff67ffc526b7","MBB_GROW",2049,53,245,126,215,213,78,9.71450614929199,2962,2006,11638,0,0,0,0,126,215,213,78,9.71450614929199,0,0,0,55.886791229248,706,1,2,"535844125126144"
"ba8a9318-721e-44fe-8114-7ce11314cbbb","MBB_GROW",2019,54,3618,156,249,267,74,2.80848050117493,3869,2974,16740,0,0,0,0,156,249,267,74,2.80848050117493,5,80,250,71.6481475830078,520,1,2,"678976827126144"
"ba8a9318-721e-44fe-8114-7ce11314cbbb","MBB_GROW",2024,59,3289,123,215,227,77,2.62061357498169,3018,2415,13947,0,0,0,0,123,215,227,77,2.62061357498169,5,71,102,51.1525421142578,801,1,2,"678976827126144"
"ba8a9318-721e-44fe-8114-7ce11314cbbb","MBB_GROW",2029,64,2778,135,272,285,78,2.98022675514221,2862,2433,14284,0,0,0,0,135,272,285,78,2.98022675514221,5,67,81,44.71875,801,1,2,"678976827126144"
"ba8a9318-721e-44fe-8114-7ce11314cbbb","MBB_GROW",2034,69,2417,152,324,358,81,3.39145851135254,2788,2423,14421,0,0,0,0,152,324,358,81,3.39145851135254,5,50,116,40.4057960510254,801,1,2,"678976827126144"
"ba8a9318-721e-44fe-8114-7ce11314cbbb","MBB_GROW",2039,74,1914,149,323,375,83,3.78403306007385,2461,2196,13122,0,0,0,0,149,323,375,83,3.78403306007385,5,50,63,33.2567558288574,801,1,2,"678976827126144"
"ba8a9318-721e-44fe-8114-7ce11314cbbb","MBB_GROW",2044,79,1595,153,325,393,83,4.1923623085022,2396,2196,13357,0,0,0,0,153,325,393,83,4.1923623085022,5,50,62,30.3291130065918,801,1,1,"678976827126144"
"ba8a9318-721e-44fe-8114-7ce11314cbbb","MBB_GROW",2049,84,1285,157,326,390,76,4.73626041412354,2337,2186,13488,0,0,0,0,157,326,390,76,4.73626041412354,0,0,0,27.8214282989502,801,1,1,"678976827126144"
"d9a0119f-5c2a-422d-8591-6855ad421a17","MBB_GROW",2017,57,426,66,126,139,82,5.32265949249268,1532,570,3240,0,0,0,0,66,126,139,82,5.32265949249268,5,8,247,26.8771934509277,520,2,3,"433033799489998"
"d9a0119f-5c2a-422d-8591-6855ad421a17","MBB_GROW",2022,62,256,19,42,52,57,3.65807008743286,334,106,596,0,0,0,0,19,42,52,57,3.65807008743286,5,14,1,5.38709688186646,520,2,4,"433033799489998"
"d9a0119f-5c2a-422d-8591-6855ad421a17","MBB_GROW",2027,67,249,25,56,74,61,4.31061172485352,404,131,595,0,0,0,0,25,56,74,61,4.31061172485352,5,16,1,6.02985095977783,520,3,4,"433033799489998"
"d9a0119f-5c2a-422d-8591-6855ad421a17","MBB_GROW",2032,72,242,32,69,90,64,4.90372610092163,480,156,862,0,0,0,0,32,69,90,64,4.90372610092163,5,15,1,6.66666650772095,520,3,4,"433033799489998"
"d9a0119f-5c2a-422d-8591-6855ad421a17","MBB_GROW",2037,77,236,36,78,101,67,5.31958103179932,550,166,891,0,0,0,0,36,78,101,67,5.31958103179932,5,26,1,7.14285707473755,520,3,3,"433033799489998"
"d9a0119f-5c2a-422d-8591-6855ad421a17","MBB_GROW",2042,82,229,43,90,114,70,5.88008737564087,673,427,2335,0,0,0,0,43,90,114,70,5.88008737564087,5,43,1,8.20731735229492,520,3,3,"433033799489998"
"d9a0119f-5c2a-422d-8591-6855ad421a17","MBB_GROW",2047,87,223,50,101,126,72,6.41806030273438,882,520,2900,0,0,0,0,50,101,126,72,6.41806030273438,0,0,0,10.1379308700562,520,2,3,"433033799489998"
"8468147f-ecdd-4e40-9dd0-4485505f7d22","MBB_BAU",2020,105,507,113,185,181,96,6.38745975494385,3302,2209,13230,33,1093,760,4552,77,129,128,90,5.46860694885254,5,45,4,31.4476184844971,506,1,2,"678977041126144"
"8468147f-ecdd-4e40-9dd0-4485505f7d22","MBB_BAU",2025,110,497,85,144,141,92,5.58633041381836,2414,1705,10316,0,0,0,0,85,144,141,92,5.58633041381836,5,52,5,31.8818187713623,801,1,2,"678977041126144"
"8468147f-ecdd-4e40-9dd0-4485505f7d22","MBB_BAU",2030,115,486,97,171,168,94,6.05782175064087,2651,1870,11385,18,676,499,3040,76,139,137,89,5.45667886734009,5,45,4,32.5565223693848,801,1,2,"678977041126144"
"8468147f-ecdd-4e40-9dd0-4485505f7d22","MBB_BAU",2035,120,475,87,160,162,91,5.79765033721924,2183,1624,9945,0,0,0,0,87,160,162,91,5.79765033721924,5,47,4,32.9333343505859,801,1,2,"678977041126144"
"8468147f-ecdd-4e40-9dd0-4485505f7d22","MBB_BAU",2040,125,464,98,181,187,92,6.24094533920288,2400,1885,11510,8,349,291,1776,88,165,172,90,5.94274044036865,5,64,3,33.3520011901855,801,1,2,"678977041126144"
"8468147f-ecdd-4e40-9dd0-4485505f7d22","MBB_BAU",2045,130,453,101,188,200,90,6.38769769668579,2356,1782,10895,4,179,148,908,95,180,192,89,6.23972654342651,5,52,3,34.4153861999512,801,1,2,"678977041126144"
"8468147f-ecdd-4e40-9dd0-4485505f7d22","MBB_BAU",2050,135,442,105,195,210,91,6.59601306915283,2419,1774,10944,0,0,0,0,105,195,210,91,6.59601306915283,0,0,0,33.6074066162109,801,1,2,"678977041126144"
"9d98348b-3ecc-4ba9-825d-40591f038c99","MBB_BAU",2020,72,1749,98,175,189,89,3.21256637573242,2589,1426,8520,19,506,323,1930,81,147,162,86,2.93265008926392,5,56,3,35.9583320617676,805,1,2,"678977049126144"
"9d98348b-3ecc-4ba9-825d-40591f038c99","MBB_BAU",2025,77,1698,95,182,194,87,3.20118427276611,2349,1291,7799,10,268,178,1073,86,168,180,85,3.05281639099121,5,56,3,37.0779228210449,805,1,2,"678977049126144"
"9d98348b-3ecc-4ba9-825d-40591f038c99","MBB_BAU",2030,82,1649,116,244,282,87,3.5851457118988,2343,1292,7537,1,35,21,125,114,242,281,86,3.56840634346008,5,61,11,38.0121955871582,805,1,2,"678977049126144"
"9d98348b-3ecc-4ba9-825d-40591f038c99","MBB_BAU",2035,87,1500,133,282,332,87,4.02747488021851,2561,1474,8844,3,71,44,262,130,278,328,87,3.99427962303162,5,55,9,38.7356338500977,805,1,1,"678977049126144"
"9d98348b-3ecc-4ba9-825d-40591f038c99","MBB_BAU",2040,92,1394,147,310,374,88,4.39129114151001,2719,1618,9635,1,37,23,135,145,308,372,88,4.37474918365479,5,79,8,39.1195640563965,805,1,1,"678977049126144"
"9d98348b-3ecc-4ba9-825d-40591f038c99","MBB_BAU",2045,97,1313,161,336,411,89,4.74495124816895,3035,1897,11434,0,5,3,20,161,336,411,89,4.74273729324341,5,71,8,40.7422676086426,805,1,1,"678977049126144"
"9d98348b-3ecc-4ba9-825d-40591f038c99","MBB_BAU",2050,102,1248,177,362,443,90,5.09331512451172,3344,2072,12635,0,0,0,0,177,362,443,90,5.09331512451172,0,0,0,41.7745094299316,805,1,1,"678977049126144"
"75c6dbba-8718-4da2-b5af-c99ff9ca48e5","MBB_BAU",2014,49,2343,132,218,236,67,3.21902751922607,3004,1999,11070,42,999,705,3904,89,149,164,66,2.66512870788574,5,84,10,61.3061218261719,520,1,2,"221697964020004"
"75c6dbba-8718-4da2-b5af-c99ff9ca48e5","MBB_BAU",2019,54,2281,105,193,200,71,2.91151881217957,2371,1709,9656,24,656,508,2869,79,151,156,70,2.52862429618835,5,71,17,62.4074058532715,520,1,2,"221697964020004"
"75c6dbba-8718-4da2-b5af-c99ff9ca48e5","MBB_BAU",2024,59,2155,110,239,259,74,3.06199431419373,1988,1463,8470,4,121,97,562,106,232,252,74,2.99871611595154,5,61,30,61.7457618713379,520,1,2,"221697964020004"
"75c6dbba-8718-4da2-b5af-c99ff9ca48e5","MBB_BAU",2029,64,1944,126,284,324,77,3.4531979560852,2020,1507,8866,0,0,0,0,126,284,324,77,3.4531979560852,5,58,26,59.3125,801,1,2,"221697964020004"
"75c6dbba-8718-4da2-b5af-c99ff9ca48e5","MBB_BAU",2034,69,1800,146,327,390,81,3.85846900939941,2180,1673,10163,0,0,0,0,146,327,390,81,3.85846900939941,5,51,76,57.3333320617676,801,1,2,"221697964020004"
"75c6dbba-8718-4da2-b5af-c99ff9ca48e5","MBB_BAU",2039,74,1457,148,325,399,83,4.31198835372925,2055,1657,10096,0,0,0,0,148,325,399,83,4.31198835372925,5,46,42,51.7702713012695,801,3,2,"221697964020004"
"75c6dbba-8718-4da2-b5af-c99ff9ca48e5","MBB_BAU",2044,79,1313,149,323,392,83,4.56543207168579,2078,1724,10650,0,0,0,0,149,323,392,83,4.56543207168579,0,0,0,48.7848091125488,801,3,2,"221697964020004"
"796ead63-d98d-47b7-8386-d7ebabfcaeb0","MBB_BAU",2015,62,2583,80,175,207,74,2.38483881950378,1336,805,4350,0,0,0,0,80,175,207,74,2.38483881950378,5,76,3,21.5483875274658,503,1,3,"221697977020004"
"796ead63-d98d-47b7-8386-d7ebabfcaeb0","MBB_BAU",2020,67,2395,107,246,287,77,2.86491918563843,1702,944,5448,0,0,0,0,107,246,287,77,2.86491918563843,5,75,10,25.4029846191406,801,1,2,"221697977020004"
"796ead63-d98d-47b7-8386-d7ebabfcaeb0","MBB_BAU",2025,72,1949,135,310,373,81,3.57004904747009,2027,1231,7162,0,0,0,0,135,310,373,81,3.57004904747009,5,90,12,28.1527786254883,801,1,2,"221697977020004"
"796ead63-d98d-47b7-8386-d7ebabfcaeb0","MBB_BAU",2030,77,1573,153,339,420,83,4.22227907180786,2414,1385,7808,0,0,0,0,153,339,420,83,4.22227907180786,5,90,21,31.3506488800049,801,1,1,"221697977020004"
"796ead63-d98d-47b7-8386-d7ebabfcaeb0","MBB_BAU",2035,82,1201,160,339,427,86,4.94744873046875,2756,1627,9464,0,0,0,0,160,339,427,86,4.94744873046875,5,107,24,33.6097564697266,801,1,1,"221697977020004"
"796ead63-d98d-47b7-8386-d7ebabfcaeb0","MBB_BAU",2040,87,954,166,337,425,88,5.64415884017944,3168,1796,10594,0,0,0,0,166,337,425,88,5.64415884017944,5,124,32,36.4137916564941,801,1,1,"221697977020004"
"796ead63-d98d-47b7-8386-d7ebabfcaeb0","MBB_BAU",2045,92,778,171,335,419,90,6.35290431976318,3628,2098,12403,0,0,0,0,171,335,419,90,6.35290431976318,0,0,0,39.4347839355469,801,2,1,"221697977020004"
"a4b93680-44bc-4e76-906a-7a573e766e3a","MBB_BAU",2018,94,90,99,151,144,95,14.2080020904541,3197,2363,14850,30,1192,901,5659,62,96,92,91,13.7862396240234,5,57,7,34.0106391906738,801,1,2,"480976106489998"
"a4b93680-44bc-4e76-906a-7a573e766e3a","MBB_BAU",2023,99,85,69,103,98,92,12.1906661987305,2253,1820,11323,0,0,0,0,69,103,98,92,12.1906661987305,5,45,5,34.797981262207,801,1,3,"480976106489998"
"a4b93680-44bc-4e76-906a-7a573e766e3a","MBB_BAU",2028,104,82,75,111,105,94,12.8842296600342,2455,2019,12573,0,0,0,0,75,111,105,94,12.8842296600342,5,55,5,35.0673065185547,801,1,3,"480976106489998"
"a4b93680-44bc-4e76-906a-7a573e766e3a","MBB_BAU",2033,109,80,82,120,114,95,13.7117948532104,2706,2306,14208,0,0,0,0,82,120,114,95,13.7117948532104,5,66,6,35.7614669799805,801,1,3,"480976106489998"
"a4b93680-44bc-4e76-906a-7a573e766e3a","MBB_BAU",2038,114,78,91,131,123,96,14.6409683227539,3003,2581,16156,22,1184,1018,6370,55,80,76,83,13.4842700958252,5,37,4,36.7982444763184,801,1,2,"480976106489998"
"a4b93680-44bc-4e76-906a-7a573e766e3a","MBB_BAU",2043,119,72,60,86,82,84,12.3897848129272,1985,1755,10971,0,0,0,0,60,86,82,84,12.3897848129272,5,41,4,36.6470603942871,801,1,3,"480976106489998"
"a4b93680-44bc-4e76-906a-7a573e766e3a","MBB_BAU",2048,124,70,66,94,89,85,13.1655607223511,2173,1928,12169,0,0,0,0,66,94,89,85,13.1655607223511,0,0,0,36.6854820251465,801,1,3,"480976106489998"
"d706fab3-2c0f-47e2-8c7b-d83c32f7b956","MBB_BAU",2017,49,1281,79,159,189,79,3.36073231697083,1606,732,4350,0,0,0,0,79,159,189,79,3.36073231697083,5,46,6,32.7755088806152,801,2,2,"480976113489998"
"d706fab3-2c0f-47e2-8c7b-d83c32f7b956","MBB_BAU",2022,54,1249,89,183,208,81,3.62102270126343,1809,816,4793,0,0,0,0,89,183,208,81,3.62102270126343,5,51,6,33.5,801,2,2,"480976113489998"
"d706fab3-2c0f-47e2-8c7b-d83c32f7b956","MBB_BAU",2027,59,1222,107,226,253,83,4.00542497634888,2036,987,5924,0,0,0,0,107,226,253,83,4.00542497634888,5,79,19,34.5084762573242,801,2,2,"480976113489998"
"d706fab3-2c0f-47e2-8c7b-d83c32f7b956","MBB_BAU",2032,64,1143,123,261,293,87,4.44040870666504,2338,1092,6541,0,0,0,0,123,261,293,87,4.44040870666504,5,57,16,36.53125,801,2,2,"480976113489998"
"d706fab3-2c0f-47e2-8c7b-d83c32f7b956","MBB_BAU",2037,69,1085,137,290,331,88,4.81889486312866,2541,1291,7701,0,0,0,0,137,290,331,88,4.81889486312866,5,65,14,36.8260879516602,801,2,1,"480976113489998"
"d706fab3-2c0f-47e2-8c7b-d83c32f7b956","MBB_BAU",2042,74,1040,152,317,368,90,5.18034887313843,2794,1577,9736,0,0,0,0,152,317,368,90,5.18034887313843,5,104,17,37.7567558288574,801,1,1,"480976113489998"
"d706fab3-2c0f-47e2-8c7b-d83c32f7b956","MBB_BAU",2047,79,993,165,337,389,91,5.52139282226562,3229,1782,10922,0,0,0,0,165,337,389,91,5.52139282226562,0,0,0,40.8734169006348,801,1,1,"480976113489998"
"3f9ed052-5c5b-4437-ac02-696c436fa0d4","MBB_BAU",2014,34,630,68,134,178,62,4.4412727355957,1293,51,240,0,0,0,0,68,134,178,62,4.4412727355957,5,99,4,38.029411315918,520,2,3,"221698042020004"
"3f9ed052-5c5b-4437-ac02-696c436fa0d4","MBB_BAU",2019,39,617,85,164,200,66,5.02497673034668,1767,248,1168,0,0,0,0,85,164,200,66,5.02497673034668,5,103,6,45.3076934814453,520,2,3,"221698042020004"
"3f9ed052-5c5b-4437-ac02-696c436fa0d4","MBB_BAU",2024,44,602,104,198,230,67,5.63902616500854,2252,665,3504,35,553,182,957,81,157,184,67,5.11291599273682,5,81,5,51.1818199157715,520,1,2,"221698042020004"
"3f9ed052-5c5b-4437-ac02-696c436fa0d4","MBB_BAU",2029,49,583,97,187,215,69,5.53399038314819,2079,826,4388,28,513,218,1159,76,151,177,71,5.02539920806885,5,62,4,53.7142868041992,520,1,2,"221698042020004"
"3f9ed052-5c5b-4437-ac02-696c436fa0d4","MBB_BAU",2034,54,565,91,177,209,72,5.42627096176147,1855,994,5469,14,308,181,998,79,156,188,72,5.11426877975464,5,60,4,54.0925941467285,520,1,3,"221698042020004"
"3f9ed052-5c5b-4437-ac02-696c436fa0d4","MBB_BAU",2039,59,550,92,179,217,73,5.52393913269043,1826,1092,6124,7,193,128,721,84,167,205,75,5.33408641815186,5,58,0,54.2372894287109,520,1,3,"221698042020004"
"3f9ed052-5c5b-4437-ac02-696c436fa0d4","MBB_BAU",2044,64,548,99,193,242,77,5.76515769958496,1922,1223,6929,0,0,0,0,99,193,242,77,5.76515769958496,0,0,0,51.5,702,1,2,"221698042020004"
"0088ab9d-c9d3-4c49-a3bb-3a360eb73b84","MBB_BAU",2019,49,3201,95,157,154,92,2.33617687225342,2734,1913,11430,29,894,652,3899,66,111,112,87,1.94842207431793,5,46,3,55.7959175109863,506,1,3,"678976319126144"
"0088ab9d-c9d3-4c49-a3bb-3a360eb73b84","MBB_BAU",2024,54,3139,85,176,166,89,2.22157335281372,2057,1436,8775,0,0,0,0,85,176,166,89,2.22157335281372,5,51,29,54.6481475830078,506,1,3,"678976319126144"
"0088ab9d-c9d3-4c49-a3bb-3a360eb73b84","MBB_BAU",2029,59,2650,126,294,320,91,2.94784784317017,2167,1575,9667,0,0,0,0,126,294,320,91,2.94784784317017,5,34,18,51.8813552856445,506,3,2,"678976319126144"
"0088ab9d-c9d3-4c49-a3bb-3a360eb73b84","MBB_BAU",2034,64,2361,147,345,404,92,3.38144707679749,2250,1757,10912,0,0,0,0,147,345,404,92,3.38144707679749,5,46,21,49.125,506,3,2,"678976319126144"
"0088ab9d-c9d3-4c49-a3bb-3a360eb73b84","MBB_BAU",2039,69,2061,153,350,422,93,3.69353222846985,2377,1905,11696,0,0,0,0,153,350,422,93,3.69353222846985,5,39,25,47.4057960510254,506,3,2,"678976319126144"
"0088ab9d-c9d3-4c49-a3bb-3a360eb73b84","MBB_BAU",2044,74,1786,155,346,426,94,3.99544286727905,2448,1987,12493,0,0,0,0,155,346,426,94,3.99544286727905,5,30,20,45.1621627807617,506,3,2,"678976319126144"
"0088ab9d-c9d3-4c49-a3bb-3a360eb73b84","MBB_BAU",2049,79,1607,157,343,431,95,4.23466062545776,2498,2048,12901,0,0,0,0,157,343,431,95,4.23466062545776,0,0,0,42.936710357666,506,3,2,"678976319126144"
"68881550-4155-45c8-b09b-3edbee8dd54b","MBB_BAU",2020,103,600,106,194,234,83,5.69996881484985,2415,1295,7620,13,359,220,1293,93,174,213,81,5.3990650177002,5,66,8,23.4466018676758,805,1,2,"678976324126144"
"68881550-4155-45c8-b09b-3edbee8dd54b","MBB_BAU",2025,108,583,104,194,232,83,5.72978353500366,2349,1241,7697,7,214,133,825,97,182,221,81,5.55182123184204,5,66,7,25.0740737915039,805,1,2,"678976324126144"
"68881550-4155-45c8-b09b-3edbee8dd54b","MBB_BAU",2030,113,567,110,205,244,85,5.96082830429077,2426,1419,8459,3,107,74,444,106,200,239,84,5.8758955001831,5,80,3,26.5398235321045,805,1,2,"678976324126144"
"68881550-4155-45c8-b09b-3edbee8dd54b","MBB_BAU",2035,118,560,123,231,272,86,6.34525299072266,2705,1605,9690,0,0,0,0,123,231,272,86,6.34525299072266,5,71,8,28.6864414215088,805,1,1,"678976324126144"
"68881550-4155-45c8-b09b-3edbee8dd54b","MBB_BAU",2040,123,545,134,248,287,88,6.7081789970398,3021,1967,11935,0,0,0,0,134,248,287,88,6.7081789970398,5,72,11,30.0894317626953,805,1,1,"678976324126144"
"68881550-4155-45c8-b09b-3edbee8dd54b","MBB_BAU",2045,128,527,145,263,300,89,7.09184885025024,3324,2180,13348,5,174,136,834,139,255,292,89,6.98046922683716,5,96,10,31.28125,805,1,1,"678976324126144"
"68881550-4155-45c8-b09b-3edbee8dd54b","MBB_BAU",2050,133,511,151,274,309,90,7.35196495056152,3582,2288,13853,0,0,0,0,151,274,309,90,7.35196495056152,0,0,0,32.0451126098633,805,1,1,"678976324126144"
"2c492ba1-57e9-4760-a615-b9e4eaff304c","MBB_BAU",2016,61,1011,142,236,217,85,5.07421445846558,3965,2465,14280,48,1298,851,4930,97,164,153,87,4.29785919189453,5,60,7,65,801,1,1,"335231747489998"
"2c492ba1-57e9-4760-a615-b9e4eaff304c","MBB_BAU",2021,66,977,106,184,165,89,4.46167135238647,2930,1899,11425,27,818,575,3459,78,140,126,86,3.89067888259888,5,47,5,64.0606079101562,801,1,2,"335231747489998"
"2c492ba1-57e9-4760-a615-b9e4eaff304c","MBB_BAU",2026,71,949,91,172,157,87,4.19590759277344,2322,1518,9110,15,469,338,2030,75,147,135,86,3.84843945503235,5,41,4,62.5070419311523,801,1,2,"335231747489998"
"2c492ba1-57e9-4760-a615-b9e4eaff304c","MBB_BAU",2031,76,922,89,179,174,88,4.21216535568237,2037,1334,7825,0,0,0,0,89,179,174,88,4.21216535568237,5,40,4,60.815788269043,801,1,2,"335231747489998"
"2c492ba1-57e9-4760-a615-b9e4eaff304c","MBB_BAU",2036,81,900,104,211,216,89,4.5955057144165,2214,1560,9174,8,251,183,1075,95,198,205,88,4.42961645126343,5,39,3,59.2469139099121,801,1,2,"335231747489998"
"2c492ba1-57e9-4760-a615-b9e4eaff304c","MBB_BAU",2041,86,877,107,221,241,89,4.73848819732666,2141,1558,9414,2,58,44,266,106,219,238,89,4.70181035995483,5,41,2,57.8720932006836,801,1,2,"335231747489998"
"2c492ba1-57e9-4760-a615-b9e4eaff304c","MBB_BAU",2046,91,868,116,237,265,90,4.94707202911377,2281,1686,10089,0,0,0,0,116,237,265,90,4.94707202911377,0,0,0,56.230770111084,801,1,2,"335231747489998"
"23d67504-c424-47e2-a073-1efc13a80159","MBB_BAU",2017,56,1662,109,213,242,84,3.46251463890076,2219,1048,5850,11,204,115,643,101,199,227,83,3.34301257133484,5,82,8,39.625,801,1,2,"433034221489998"
"23d67504-c424-47e2-a073-1efc13a80159","MBB_BAU",2022,61,1559,114,231,253,85,3.66278314590454,2384,1027,5797,5,92,51,287,111,225,246,85,3.61054801940918,5,77,15,42.4262313842773,801,2,2,"433034221489998"
"23d67504-c424-47e2-a073-1efc13a80159","MBB_BAU",2027,66,1396,130,273,296,86,4.13915252685547,2602,1162,6554,0,0,0,0,130,273,296,86,4.13915252685547,5,99,22,43.9090919494629,801,2,1,"433034221489998"
"23d67504-c424-47e2-a073-1efc13a80159","MBB_BAU",2032,71,1193,150,311,341,88,4.80032014846802,2986,1383,8057,0,0,0,0,150,311,341,88,4.80032014846802,5,102,39,46.2253532409668,801,2,1,"433034221489998"
"23d67504-c424-47e2-a073-1efc13a80159","MBB_BAU",2037,76,921,156,312,345,89,5.56888246536255,3302,1564,9055,0,0,0,0,156,312,345,89,5.56888246536255,5,85,34,47.3421058654785,801,1,1,"433034221489998"
"23d67504-c424-47e2-a073-1efc13a80159","MBB_BAU",2042,81,763,162,315,349,89,6.23414754867554,3557,1842,10743,0,0,0,0,162,315,349,89,6.23414754867554,5,96,49,47.5679016113281,801,1,1,"433034221489998"
"23d67504-c424-47e2-a073-1efc13a80159","MBB_BAU",2047,86,602,165,310,340,91,7.08087539672852,3791,2072,11959,0,0,0,0,165,310,340,91,7.08087539672852,0,0,0,47.5232543945312,801,1,1,"433034221489998"
"5a351c58-202b-4e95-b216-bb95ef695dd6","MBB_BAU",2016,75,1245,128,200,170,96,4.35010814666748,4023,3438,20640,30,1358,1215,7294,86,137,120,94,3.60950827598572,5,66,17,53.6399993896484,801,1,2,"335232165489998"
"5a351c58-202b-4e95-b216-bb95ef695dd6","MBB_BAU",2021,80,1212,96,164,145,97,3.8040132522583,2907,2428,14705,20,909,784,4745,68,123,112,92,3.24163436889648,5,49,12,53.3125,801,1,2,"335232165489998"
"5a351c58-202b-4e95-b216-bb95ef695dd6","MBB_BAU",2026,85,1179,89,180,190,96,3.71854686737061,2182,1810,11254,0,0,0,0,89,180,190,96,3.71854686737061,5,48,6,52.3411750793457,801,1,3,"335232165489998"
"5a351c58-202b-4e95-b216-bb95ef695dd6","MBB_BAU",2031,90,1163,111,232,276,99,4.18661069869995,2393,1988,12389,0,0,0,0,111,232,276,99,4.18661069869995,5,52,27,51.7777786254883,801,1,2,"335232165489998"
"5a351c58-202b-4e95-b216-bb95ef695dd6","MBB_BAU",2036,95,1086,127,264,336,100,4.62853145599365,2518,2140,13501,0,0,0,0,127,264,336,100,4.62853145599365,5,71,20,50.3684196472168,801,1,2,"335232165489998"
"5a351c58-202b-4e95-b216-bb95ef695dd6","MBB_BAU",2041,100,1027,142,293,390,102,5.04354572296143,2774,2379,14953,0,0,0,0,142,293,390,102,5.04354572296143,5,55,13,50.4099998474121,801,3,1,"335232165489998"
"5a351c58-202b-4e95-b216-bb95ef695dd6","MBB_BAU",2046,105,991,154,313,418,103,5.33878898620605,2981,2546,16335,0,0,0,0,154,313,418,103,5.33878898620605,0,0,0,49.9809532165527,801,1,1,"335232165489998"
"1555b1cd-f43b-40c3-a078-62bf01252012","MBB_BAU",2018,66,1659,89,137,146,101,3.12930226325989,2926,2309,14010,0,0,0,0,89,137,146,101,3.12930226325989,5,46,4,44.3333320617676,801,1,2,"480976796489998"
"1555b1cd-f43b-40c3-a078-62bf01252012","MBB_BAU",2023,71,1598,116,222,249,102,3.653160572052,3137,2475,15266,17,737,590,3643,94,190,214,97,3.30947136878967,5,38,14,44.1830978393555,801,1,2,"480976796489998"
"1555b1cd-f43b-40c3-a078-62bf01252012","MBB_BAU",2028,76,1314,130,274,363,97,4.26136255264282,2518,1986,12354,0,0,0,0,130,274,363,97,4.26136255264282,5,38,3,42.8289489746094,801,1,2,"480976796489998"
"1555b1cd-f43b-40c3-a078-62bf01252012","MBB_BAU",2033,81,1253,141,296,400,98,4.54771900177002,2692,2240,14024,0,0,0,0,141,296,400,98,4.54771900177002,5,40,7,42.3333320617676,801,1,1,"480976796489998"
"1555b1cd-f43b-40c3-a078-62bf01252012","MBB_BAU",2038,86,1130,156,321,452,98,5.0312442779541,2857,2373,14617,0,0,0,0,156,321,452,98,5.0312442779541,5,40,10,41.790699005127,801,1,1,"480976796489998"
"1555b1cd-f43b-40c3-a078-62bf01252012","MBB_BAU",2043,91,965,158,314,446,99,5.47152757644653,3006,2566,16017,0,0,0,0,158,314,446,99,5.47152757644653,5,41,6,41.1318664550781,801,1,1,"480976796489998"
"1555b1cd-f43b-40c3-a078-62bf01252012","MBB_BAU",2048,96,889,163,319,454,100,5.80406522750854,3179,2849,17658,0,0,0,0,163,319,454,100,5.80406522750854,0,0,0,40.7916679382324,801,1,1,"480976796489998"
"207ba9b3-0145-4d79-a7fd-a80d2b8004a6","MBB_BAU",2018,70,594,152,245,252,93,6.84927892684937,4268,3185,19050,45,1511,1146,6855,101,166,173,87,5.80182981491089,5,59,5,60.9714279174805,503,1,2,"480976801489998"
"207ba9b3-0145-4d79-a7fd-a80d2b8004a6","MBB_BAU",2023,75,572,111,185,190,89,5.95813989639282,3029,2357,14142,26,947,758,4548,79,137,143,85,5.15690088272095,5,50,3,60.533332824707,503,1,2,"480976801489998"
"207ba9b3-0145-4d79-a7fd-a80d2b8004a6","MBB_BAU",2028,80,555,94,169,176,86,5.58389616012573,2317,1830,11000,14,545,441,2650,76,142,149,82,5.09028673171997,5,68,2,59.6875,506,1,3,"480976801489998"
"207ba9b3-0145-4d79-a7fd-a80d2b8004a6","MBB_BAU",2033,85,540,90,167,176,84,5.52524375915527,2100,1540,9480,0,0,0,0,90,167,176,84,5.52524375915527,5,59,3,60.0352935791016,506,1,3,"480976801489998"
"207ba9b3-0145-4d79-a7fd-a80d2b8004a6","MBB_BAU",2038,90,528,103,191,203,85,5.98967504501343,2381,1803,11067,6,260,215,1321,95,179,191,83,5.77339601516724,5,62,3,59.8222236633301,506,1,2,"480976801489998"
"207ba9b3-0145-4d79-a7fd-a80d2b8004a6","MBB_BAU",2043,95,515,110,204,221,85,6.24768161773682,2417,1795,11078,1,44,37,231,108,202,219,85,6.21304512023926,5,95,4,59.7894744873047,801,1,2,"480976801489998"
"207ba9b3-0145-4d79-a7fd-a80d2b8004a6","MBB_BAU",2048,100,498,126,232,252,87,6.81891441345215,2828,1975,12326,0,0,0,0,126,232,252,87,6.81891441345215,0,0,0,60.9099998474121,801,1,2,"480976801489998"
"1cb7be65-65f9-456a-8a25-5e9526a7fc22","MBB_BAU",2015,50,957,109,184,183,97,4.57336902618408,3143,2071,12510,38,1091,732,4422,73,127,127,90,3.82604193687439,5,62,3,62.8600006103516,506,1,2,"221698164020004"
"1cb7be65-65f9-456a-8a25-5e9526a7fc22","MBB_BAU",2020,55,938,86,155,151,92,4.10112190246582,2346,1635,9941,0,0,0,0,86,155,151,92,4.10112190246582,5,51,3,62.490909576416,506,1,2,"221698164020004"
"1cb7be65-65f9-456a-8a25-5e9526a7fc22","MBB_BAU",2025,60,917,109,210,217,93,4.66335535049438,2585,1858,11412,12,429,319,1960,95,190,197,91,4.39177513122559,5,44,3,61.2666664123535,506,1,2,"221698164020004"
"1cb7be65-65f9-456a-8a25-5e9526a7fc22","MBB_BAU",2030,65,897,109,218,231,89,4.71659851074219,2361,1723,10602,4,162,124,761,104,210,224,89,4.61632442474365,5,43,4,59.707691192627,506,1,2,"221698164020004"
"1cb7be65-65f9-456a-8a25-5e9526a7fc22","MBB_BAU",2035,70,865,117,235,259,91,4.9822883605957,2392,1871,11441,0,0,0,0,117,235,259,91,4.9822883605957,5,47,5,58.2000007629395,506,1,2,"221698164020004"
"1cb7be65-65f9-456a-8a25-5e9526a7fc22","MBB_BAU",2040,75,827,130,258,292,92,5.36878967285156,2601,2045,12657,0,0,0,0,130,258,292,92,5.36878967285156,5,81,8,57.1066665649414,506,1,2,"221698164020004"
"1cb7be65-65f9-456a-8a25-5e9526a7fc22","MBB_BAU",2045,80,781,145,281,321,93,5.83297061920166,2966,2374,14846,0,0,0,0,145,281,321,93,5.83297061920166,0,0,0,58.0999984741211,506,1,1,"221698164020004"
"3f36976b-bf0a-4f26-85d3-490087bdd492","MBB_BAU",2014,67,393,98,183,215,79,6.7628812789917,2115,1264,7320,9,212,150,866,90,170,203,76,6.55633068084717,5,109,3,31.5671634674072,805,1,2,"221698172020004"
"3f36976b-bf0a-4f26-85d3-490087bdd492","MBB_BAU",2019,72,381,106,196,228,80,7.16138648986816,2433,1338,7783,12,291,192,1115,96,179,212,77,6.89836692810059,5,94,5,36.7361106872559,805,1,2,"221698172020004"
"3f36976b-bf0a-4f26-85d3-490087bdd492","MBB_BAU",2024,77,368,111,203,236,80,7.4466609954834,2588,1404,8286,16,388,250,1474,97,180,213,78,7.10566759109497,5,96,5,40.1428565979004,805,1,2,"221698172020004"
"3f36976b-bf0a-4f26-85d3-490087bdd492","MBB_BAU",2029,82,356,114,205,234,80,7.64648866653442,2652,1500,9081,17,423,279,1691,98,180,210,76,7.27807855606079,5,76,6,43.2073173522949,805,1,2,"221698172020004"
"3f36976b-bf0a-4f26-85d3-490087bdd492","MBB_BAU",2034,87,345,110,199,227,79,7.66662311553955,2578,1503,9094,15,393,266,1607,96,176,205,75,7.31586360931396,5,64,6,44.7356338500977,805,1,2,"221698172020004"
"3f36976b-bf0a-4f26-85d3-490087bdd492","MBB_BAU",2039,92,334,106,191,217,78,7.64560127258301,2472,1461,8872,14,375,253,1539,93,170,197,77,7.29797840118408,5,92,6,45.4239120483398,805,1,2,"221698172020004"
"3f36976b-bf0a-4f26-85d3-490087bdd492","MBB_BAU",2044,97,323,103,186,212,80,7.66831827163696,2527,1509,9202,0,0,0,0,103,186,212,80,7.66831827163696,0,0,0,43.6494827270508,805,1,2,"221698172020004"
"611b89a9-b15a-4c93-b2c1-868cbaede1fe","MBB_BAU",2017,61,153,100,142,136,92,10.9696102142334,3254,2716,17550,20,1187,1011,6532,65,93,90,83,9.44723415374756,5,51,4,53.3442611694336,801,1,2,"480976345489998"
"611b89a9-b15a-4c93-b2c1-868cbaede1fe","MBB_BAU",2022,66,149,71,101,97,85,9.32431697845459,2302,1947,12612,0,0,0,0,71,101,97,85,9.32431697845459,5,41,4,52.8636360168457,801,1,3,"480976345489998"
"611b89a9-b15a-4c93-b2c1-868cbaede1fe","MBB_BAU",2027,71,145,76,110,106,88,9.81591892242432,2487,2091,13517,0,0,0,0,76,110,106,88,9.81591892242432,5,44,4,51.7464790344238,801,1,3,"480976345489998"
"611b89a9-b15a-4c93-b2c1-868cbaede1fe","MBB_BAU",2032,76,141,82,119,117,90,10.3614091873169,2685,2310,14874,0,0,0,0,82,119,117,90,10.3614091873169,5,53,5,50.9473686218262,801,1,3,"480976345489998"
"611b89a9-b15a-4c93-b2c1-868cbaede1fe","MBB_BAU",2037,81,137,90,129,129,93,10.9641809463501,2928,2575,16623,0,0,0,0,90,129,129,93,10.9641809463501,5,49,6,50.8024673461914,801,1,3,"480976345489998"
"611b89a9-b15a-4c93-b2c1-868cbaede1fe","MBB_BAU",2042,86,133,98,142,144,95,11.6405487060547,3144,2763,18067,13,990,891,5827,70,105,109,86,10.3669443130493,5,57,4,50.360466003418,801,1,2,"480976345489998"
"611b89a9-b15a-4c93-b2c1-868cbaede1fe","MBB_BAU",2047,91,128,78,117,122,88,10.5708055496216,2418,2048,13289,0,0,0,0,78,117,122,88,10.5708055496216,0,0,0,39.6153831481934,801,1,3,"480976345489998"
"5913c4ea-720f-4d70-b1ac-6205c50d0674","MBB_BAU",2017,51,2220,57,105,123,68,2.17221403121948,1335,633,3870,0,0,0,0,57,105,123,68,2.17221403121948,5,43,2,26.1764698028564,801,2,3,"480976356489998"
"5913c4ea-720f-4d70-b1ac-6205c50d0674","MBB_BAU",2022,56,2168,70,145,151,71,2.42486596107483,1537,680,4018,0,0,0,0,70,145,151,71,2.42486596107483,5,50,1,27.4464282989502,801,2,3,"480976356489998"
"5913c4ea-720f-4d70-b1ac-6205c50d0674","MBB_BAU",2027,61,2144,100,231,242,74,2.91711568832397,1781,859,5304,0,0,0,0,100,231,242,74,2.91711568832397,5,50,13,29.1967220306396,801,2,2,"480976356489998"
"5913c4ea-720f-4d70-b1ac-6205c50d0674","MBB_BAU",2032,66,1902,126,294,326,77,3.47932815551758,1964,937,5646,0,0,0,0,126,294,326,77,3.47932815551758,5,47,10,29.7575759887695,801,1,2,"480976356489998"
"5913c4ea-720f-4d70-b1ac-6205c50d0674","MBB_BAU",2037,71,1740,148,341,398,80,3.94881868362427,2148,1094,6786,0,0,0,0,148,341,398,80,3.94881868362427,5,44,26,30.2535209655762,801,1,1,"480976356489998"
"5913c4ea-720f-4d70-b1ac-6205c50d0674","MBB_BAU",2042,76,1390,155,345,409,83,4.52145528793335,2237,1172,7161,0,0,0,0,155,345,409,83,4.52145528793335,5,54,17,29.4342098236084,801,1,1,"480976356489998"
"5913c4ea-720f-4d70-b1ac-6205c50d0674","MBB_BAU",2047,81,1216,163,351,412,85,4.95568656921387,2421,1638,9842,0,0,0,0,163,351,412,85,4.95568656921387,0,0,0,29.8888893127441,801,1,1,"480976356489998"
"abb268be-ebcd-4c53-9502-45d7a95818f0","MBB_BAU",2015,52,3063,93,172,176,59,2.35863995552063,1746,1000,5610,18,340,218,1220,77,147,151,58,2.15949487686157,5,43,1,33.5769233703613,997,1,2,"221697753020004"
"abb268be-ebcd-4c53-9502-45d7a95818f0","MBB_BAU",2020,57,2997,97,205,195,62,2.43084168434143,1616,867,4800,1,22,14,78,96,204,194,62,2.41912388801575,5,57,8,34.315788269043,997,1,2,"221697753020004"
"abb268be-ebcd-4c53-9502-45d7a95818f0","MBB_BAU",2025,62,2586,124,288,284,65,2.97010970115662,1836,924,5321,0,0,0,0,124,288,284,65,2.97010970115662,5,58,8,35.4516143798828,997,1,2,"221697753020004"
"abb268be-ebcd-4c53-9502-45d7a95818f0","MBB_BAU",2030,67,2254,154,358,375,69,3.53603553771973,2087,1120,6545,0,0,0,0,154,358,375,69,3.53603553771973,5,50,20,36.5522384643555,997,1,1,"221697753020004"
"abb268be-ebcd-4c53-9502-45d7a95818f0","MBB_BAU",2035,72,1673,162,364,398,73,4.21818971633911,2241,1181,6772,0,0,0,0,162,364,398,73,4.21818971633911,5,77,19,36.1527786254883,997,1,1,"221697753020004"
"abb268be-ebcd-4c53-9502-45d7a95818f0","MBB_BAU",2040,77,1325,170,367,416,76,4.84610080718994,2527,1378,8217,0,0,0,0,170,367,416,76,4.84610080718994,5,73,12,37.5194816589355,997,1,1,"221697753020004"
"abb268be-ebcd-4c53-9502-45d7a95818f0","MBB_BAU",2045,82,1196,177,375,428,77,5.21075201034546,2831,1549,9113,0,0,0,0,177,375,428,77,5.21075201034546,0,0,0,38.9390258789062,997,1,1,"221697753020004"
"62a75f86-e411-4d28-b13e-c563fda90c57","MBB_BAU",2017,88,471,77,137,140,72,5.46732568740845,1693,947,5550,0,0,0,0,77,137,140,72,5.46732568740845,5,79,4,19.2386360168457,801,1,2,"433034010489998"
"62a75f86-e411-4d28-b13e-c563fda90c57","MBB_BAU",2022,93,458,89,157,158,74,5.98001480102539,2067,1234,7285,0,0,0,0,89,157,158,74,5.98001480102539,5,79,5,22.2258071899414,801,1,2,"433034010489998"
"62a75f86-e411-4d28-b13e-c563fda90c57","MBB_BAU",2027,98,445,104,181,183,76,6.53149938583374,2434,1423,8262,15,426,293,1701,87,156,159,74,6.10920715332031,5,78,5,24.8367347717285,801,1,2,"433034010489998"
"62a75f86-e411-4d28-b13e-c563fda90c57","MBB_BAU",2032,103,428,103,183,188,76,6.63279008865356,2372,1377,8455,14,371,253,1554,89,161,168,75,6.27140426635742,5,62,4,27.1650485992432,801,1,2,"433034010489998"
"62a75f86-e411-4d28-b13e-c563fda90c57","MBB_BAU",2037,108,413,102,184,194,77,6.72742938995361,2291,1284,7706,5,162,114,684,96,175,185,77,6.57114696502686,5,76,4,28.5925922393799,801,1,2,"433034010489998"
"62a75f86-e411-4d28-b13e-c563fda90c57","MBB_BAU",2042,113,400,112,200,213,78,7.15977001190186,2489,1388,8344,38,762,425,2553,82,152,165,76,6.45728302001953,5,77,3,30.5132751464844,801,1,2,"433034010489998"
"62a75f86-e411-4d28-b13e-c563fda90c57","MBB_BAU",2047,118,379,98,177,192,78,6.8717451095581,2100,1176,7216,0,0,0,0,98,177,192,78,6.8717451095581,0,0,0,25.9237289428711,801,1,2,"433034010489998"
"7fb73bd8-8814-49ba-8a75-6a7236c5842c","MBB_BAU",2015,137,1101,131,217,182,80,4.67073965072632,3178,2651,15000,40,1095,925,5233,89,150,132,77,3.91887426376343,5,46,3,23.1970806121826,105,1,2,"221697574020004"
"7fb73bd8-8814-49ba-8a75-6a7236c5842c","MBB_BAU",2020,142,1039,101,183,166,80,4.22683668136597,2295,1917,11238,20,601,512,3002,79,148,140,75,3.77185678482056,5,67,2,23.8732395172119,801,1,2,"221697574020004"
"7fb73bd8-8814-49ba-8a75-6a7236c5842c","MBB_BAU",2025,147,995,106,214,228,79,4.41966867446899,2017,1612,9381,4,114,97,566,102,207,223,78,4.34146404266357,5,54,1,25.2585029602051,801,1,2,"221697574020004"
"7fb73bd8-8814-49ba-8a75-6a7236c5842c","MBB_BAU",2030,152,979,120,248,268,81,4.74522924423218,2166,1728,10260,0,0,0,0,120,248,268,81,4.74522924423218,5,47,6,26.1578941345215,801,1,2,"221697574020004"
"7fb73bd8-8814-49ba-8a75-6a7236c5842c","MBB_BAU",2035,157,924,133,272,291,84,5.1346926689148,2373,1892,11238,0,0,0,0,133,272,291,84,5.1346926689148,5,64,7,26.6433124542236,801,1,2,"221697574020004"
"7fb73bd8-8814-49ba-8a75-6a7236c5842c","MBB_BAU",2040,162,872,147,296,316,87,5.56673812866211,2659,2092,12569,0,0,0,0,147,296,316,87,5.56673812866211,5,63,5,27.5864200592041,801,1,1,"221697574020004"
"7fb73bd8-8814-49ba-8a75-6a7236c5842c","MBB_BAU",2045,167,837,159,313,335,90,5.89650201797485,2947,2328,14111,0,0,0,0,159,313,335,90,5.89650201797485,0,0,0,28.4850292205811,801,1,1,"221697574020004"
"75dc4bab-6548-4b43-8d9f-f63c735d6e85","MBB_BAU",2020,52,2106,106,199,202,65,3.03727555274963,2111,1162,6510,13,295,185,1039,94,180,183,65,2.8681206703186,5,90,2,40.5961532592773,997,1,2,"678976594126144"
"75dc4bab-6548-4b43-8d9f-f63c735d6e85","MBB_BAU",2025,57,2053,117,237,228,69,3.23101162910461,2254,1134,6611,3,67,41,241,114,233,224,69,3.19638609886169,5,87,10,44.7192993164062,997,1,2,"678976594126144"
"75dc4bab-6548-4b43-8d9f-f63c735d6e85","MBB_BAU",2030,62,1808,144,305,302,71,3.82643699645996,2571,1289,7368,0,0,0,0,144,305,302,71,3.82643699645996,5,93,8,47.3064498901367,997,1,1,"678976594126144"
"75dc4bab-6548-4b43-8d9f-f63c735d6e85","MBB_BAU",2035,67,1659,172,364,381,74,4.36169624328613,2995,1499,8678,0,0,0,0,172,364,381,74,4.36169624328613,5,126,37,50.1044769287109,997,1,1,"678976594126144"
"75dc4bab-6548-4b43-8d9f-f63c735d6e85","MBB_BAU",2040,72,1199,180,362,393,78,5.25010633468628,3441,1858,10741,24,471,270,1559,162,332,367,78,5.02592182159424,5,115,12,52.8194427490234,997,1,1,"678976594126144"
"75dc4bab-6548-4b43-8d9f-f63c735d6e85","MBB_BAU",2045,77,1105,186,372,424,79,5.55987691879272,3487,2433,13021,12,267,202,1081,176,356,410,78,5.43588495254517,5,115,24,56.1038970947266,997,1,1,"678976594126144"
"75dc4bab-6548-4b43-8d9f-f63c735d6e85","MBB_BAU",2050,82,946,190,370,432,81,6.06757736206055,3671,2644,15146,0,0,0,0,190,370,432,81,6.06757736206055,0,0,0,54.926830291748,997,1,1,"678976594126144"
"2f1d3006-5387-4590-a62a-751d62711ca5","MBB_BAU",2020,67,1632,90,184,216,79,3.18003296852112,1800,1013,5670,1,35,24,132,89,182,214,78,3.15857791900635,5,81,3,26.8656711578369,801,1,2,"678976841126144"
"2f1d3006-5387-4590-a62a-751d62711ca5","MBB_BAU",2025,72,1574,111,232,272,82,3.59632134437561,2155,1421,8188,0,0,0,0,111,232,272,82,3.59632134437561,5,77,10,30.4166660308838,801,1,2,"678976841126144"
"2f1d3006-5387-4590-a62a-751d62711ca5","MBB_BAU",2030,77,1421,134,282,338,84,4.15524291992188,2492,1660,9842,0,0,0,0,134,282,338,84,4.15524291992188,5,81,11,32.8181800842285,801,1,2,"678976841126144"
"2f1d3006-5387-4590-a62a-751d62711ca5","MBB_BAU",2035,82,1293,154,322,395,86,4.67599153518677,2841,1884,11073,0,0,0,0,154,322,395,86,4.67599153518677,5,75,18,35.073169708252,801,1,1,"678976841126144"
"2f1d3006-5387-4590-a62a-751d62711ca5","MBB_BAU",2040,87,1132,165,338,419,87,5.1760835647583,3123,2007,11912,0,0,0,0,165,338,419,87,5.1760835647583,5,87,28,36.2988510131836,801,1,1,"678976841126144"
"2f1d3006-5387-4590-a62a-751d62711ca5","MBB_BAU",2045,92,942,171,339,425,89,5.76946496963501,3418,2132,13106,0,0,0,0,171,339,425,89,5.76946496963501,5,111,35,37.5326080322266,801,1,1,"678976841126144"
"2f1d3006-5387-4590-a62a-751d62711ca5","MBB_BAU",2050,97,775,176,338,424,90,6.445387840271,3800,2231,13464,0,0,0,0,176,338,424,90,6.445387840271,0,0,0,39.5360832214355,801,2,1,"678976841126144"
"763ae230-31f1-4061-bb2e-df28ff2eeb6b","MBB_BAU",2018,83,3363,109,226,252,91,2.43263721466064,2286,1262,7230,0,0,0,0,109,226,252,91,2.43263721466064,5,105,16,27.5421695709229,801,1,2,"480976579489998"
"763ae230-31f1-4061-bb2e-df28ff2eeb6b","MBB_BAU",2023,88,2899,138,306,322,94,2.95182180404663,2736,1522,8804,0,0,0,0,138,306,322,94,2.95182180404663,5,102,46,31.0909099578857,801,1,1,"480976579489998"
"763ae230-31f1-4061-bb2e-df28ff2eeb6b","MBB_BAU",2028,93,1973,158,346,378,96,3.82974553108215,3016,1896,11261,0,0,0,0,158,346,378,96,3.82974553108215,5,87,47,32.4301071166992,801,1,1,"480976579489998"
"763ae230-31f1-4061-bb2e-df28ff2eeb6b","MBB_BAU",2033,98,1437,162,341,385,97,4.54291868209839,3217,2135,12805,0,0,0,0,162,341,385,97,4.54291868209839,5,90,43,32.826530456543,801,1,1,"480976579489998"
"763ae230-31f1-4061-bb2e-df28ff2eeb6b","MBB_BAU",2038,103,1130,165,335,387,99,5.18197631835938,3453,2353,14300,0,0,0,0,165,335,387,99,5.18197631835938,5,81,42,33.5242729187012,801,1,1,"480976579489998"
"763ae230-31f1-4061-bb2e-df28ff2eeb6b","MBB_BAU",2043,108,924,170,333,384,101,5.80831480026245,3648,2627,16003,0,0,0,0,170,333,384,101,5.80831480026245,5,84,31,33.7777786254883,801,1,1,"480976579489998"
"763ae230-31f1-4061-bb2e-df28ff2eeb6b","MBB_BAU",2048,113,813,173,329,377,102,6.24176979064941,3913,2916,18136,0,0,0,0,173,329,377,102,6.24176979064941,0,0,0,34.6283187866211,801,1,1,"480976579489998"
"7c38b9d5-8034-45b0-81a2-08a8f21e28b3","MBB_BAU",2016,154,849,125,207,205,86,5.1899299621582,3302,2041,12420,33,1008,651,3963,90,152,152,85,4.4869556427002,5,56,3,21.4415588378906,801,1,2,"335231305489998"
"7c38b9d5-8034-45b0-81a2-08a8f21e28b3","MBB_BAU",2021,159,833,98,168,166,88,4.64998483657837,2559,1684,10348,18,626,446,2744,77,135,135,85,4.16170263290405,5,50,3,22.4339618682861,801,1,2,"335231305489998"
"7c38b9d5-8034-45b0-81a2-08a8f21e28b3","MBB_BAU",2026,164,813,88,162,162,87,4.46605777740479,2168,1533,9415,0,0,0,0,88,162,162,87,4.46605777740479,5,54,3,23.1829261779785,801,1,2,"335231305489998"
"7c38b9d5-8034-45b0-81a2-08a8f21e28b3","MBB_BAU",2031,169,790,102,192,197,88,4.87139368057251,2424,1761,10670,8,298,243,1475,92,177,183,87,4.65346765518188,5,47,3,24.0118350982666,801,1,2,"335231305489998"
"7c38b9d5-8034-45b0-81a2-08a8f21e28b3","MBB_BAU",2036,174,769,104,200,212,89,4.97580051422119,2346,1694,10234,2,98,82,496,101,196,207,88,4.90642166137695,5,57,1,24.5862064361572,801,1,2,"335231305489998"
"7c38b9d5-8034-45b0-81a2-08a8f21e28b3","MBB_BAU",2041,179,765,115,221,240,90,5.2415337562561,2530,1889,11637,3,115,97,597,111,216,235,89,5.16552114486694,5,57,4,25.4748611450195,801,1,2,"335231305489998"
"7c38b9d5-8034-45b0-81a2-08a8f21e28b3","MBB_BAU",2046,184,737,123,235,260,91,5.52262306213379,2682,1977,12065,0,0,0,0,123,235,260,91,5.52262306213379,0,0,0,25.6086959838867,801,1,2,"335231305489998"
"c3224cd5-621a-4fda-952a-4f5d25148109","MBB_BAU",2018,64,2862,113,212,223,86,2.69418382644653,2573,1790,10410,13,380,301,1753,100,190,201,85,2.53107905387878,5,104,7,40.203125,801,1,2,"480976770489998"
"c3224cd5-621a-4fda-952a-4f5d25148109","MBB_BAU",2023,69,2393,134,269,280,87,3.19940662384033,2680,1810,10655,9,249,185,1089,124,255,266,85,3.09397172927856,5,145,11,44.347827911377,801,1,1,"480976770489998"
"c3224cd5-621a-4fda-952a-4f5d25148109","MBB_BAU",2028,74,1844,160,330,363,86,3.99338579177856,3105,1997,11859,0,15,11,68,160,329,362,86,3.98704123497009,5,118,29,50.4594612121582,801,1,1,"480976770489998"
"c3224cd5-621a-4fda-952a-4f5d25148109","MBB_BAU",2033,79,1174,169,329,361,88,5.13913583755493,3534,2325,14007,4,121,95,573,165,322,355,88,5.08071660995483,5,107,30,52.8860740661621,801,1,1,"480976770489998"
"c3224cd5-621a-4fda-952a-4f5d25148109","MBB_BAU",2038,84,870,174,326,357,89,6.06227588653564,3797,2598,15629,7,244,198,1190,166,312,344,88,5.93365716934204,5,117,40,54.3095245361328,801,1,1,"480976770489998"
"c3224cd5-621a-4fda-952a-4f5d25148109","MBB_BAU",2043,89,644,173,311,337,89,7.02584600448608,3938,2723,16326,14,475,378,2269,157,286,312,88,6.74820756912231,5,129,21,55.5842704772949,801,1,1,"480976770489998"
"c3224cd5-621a-4fda-952a-4f5d25148109","MBB_BAU",2048,94,569,173,306,328,89,7.47000551223755,4004,2790,17142,0,0,0,0,173,306,328,89,7.47000551223755,0,0,0,53.3297882080078,801,1,1,"480976770489998"
"3a40f26c-60e6-4611-aa79-3d7415eec38e","MBB_BAU",2018,110,3321,77,133,139,80,2.06352376937866,1934,1248,7140,0,0,0,0,77,133,139,80,2.06352376937866,5,43,2,17.5818176269531,503,1,3,"535844304126144"
"3a40f26c-60e6-4611-aa79-3d7415eec38e","MBB_BAU",2023,115,3250,89,170,165,82,2.23623561859131,2138,1498,8536,0,0,0,0,89,170,165,82,2.23623561859131,5,43,11,18.5913047790527,503,1,2,"535844304126144"
"3a40f26c-60e6-4611-aa79-3d7415eec38e","MBB_BAU",2028,120,2959,112,244,244,84,2.63804364204407,2296,1621,9487,13,380,275,1611,99,223,222,82,2.47618675231934,5,42,10,19.1333332061768,503,1,2,"535844304126144"
"3a40f26c-60e6-4611-aa79-3d7415eec38e","MBB_BAU",2033,125,2619,120,278,298,82,2.90074276924133,2078,1455,8681,0,0,0,0,120,278,298,82,2.90074276924133,5,43,6,19.6639995574951,503,1,2,"535844304126144"
"3a40f26c-60e6-4611-aa79-3d7415eec38e","MBB_BAU",2038,130,2419,139,318,360,84,3.24205684661865,2260,1666,10024,0,0,0,0,139,318,360,84,3.24205684661865,5,36,13,20.3076915740967,503,1,2,"535844304126144"
"3a40f26c-60e6-4611-aa79-3d7415eec38e","MBB_BAU",2043,135,2071,145,324,377,85,3.58268117904663,2374,1897,11284,0,0,0,0,145,324,377,85,3.58268117904663,5,41,13,20.3999996185303,503,1,1,"535844304126144"
"3a40f26c-60e6-4611-aa79-3d7415eec38e","MBB_BAU",2048,140,1788,149,324,382,87,3.9146716594696,2515,2020,11987,0,0,0,0,149,324,382,87,3.9146716594696,0,0,0,20.6785717010498,503,1,1,"535844304126144"
"72d423e3-5118-407c-b249-0aa935492f6f","MBB_BAU",2019,145,447,102,150,144,84,6.45758485794067,3020,2635,16560,16,978,883,5552,71,108,106,77,5.4924840927124,5,49,6,20.8275871276855,801,1,3,"535844308126144"
"72d423e3-5118-407c-b249-0aa935492f6f","MBB_BAU",2024,150,426,78,119,115,79,5.80075788497925,2257,1938,12441,0,0,0,0,78,119,115,79,5.80075788497925,5,45,6,21.5666675567627,801,1,3,"535844308126144"
"72d423e3-5118-407c-b249-0aa935492f6f","MBB_BAU",2029,155,413,86,134,130,80,6.17807626724243,2449,2101,13244,0,0,0,0,86,134,130,80,6.17807626724243,5,47,7,22.1096782684326,801,1,3,"535844308126144"
"72d423e3-5118-407c-b249-0aa935492f6f","MBB_BAU",2034,160,402,95,150,149,82,6.59122610092163,2650,2323,14948,13,776,688,4426,71,118,119,76,5.79719161987305,5,55,5,22.6749992370605,801,1,3,"535844308126144"
"72d423e3-5118-407c-b249-0aa935492f6f","MBB_BAU",2039,165,384,79,132,137,79,6.15376615524292,2125,1769,11471,0,0,0,0,79,132,137,79,6.15376615524292,5,55,5,23.509090423584,801,1,3,"535844308126144"
"72d423e3-5118-407c-b249-0aa935492f6f","MBB_BAU",2044,170,373,89,148,157,81,6.6112961769104,2376,1898,12448,0,0,0,0,89,148,157,81,6.6112961769104,5,52,5,24.294116973877,801,1,3,"535844308126144"
"72d423e3-5118-407c-b249-0aa935492f6f","MBB_BAU",2049,175,362,98,162,175,83,7.03947019577026,2610,2018,13254,0,0,0,0,98,162,175,83,7.03947019577026,0,0,0,24.9371433258057,801,1,2,"535844308126144"
"3faf7c62-d299-4211-a4ce-4ed98f171d84","MBB_BAU",2014,44,2694,102,171,160,89,2.63612055778503,2734,1777,10410,35,895,610,3577,70,120,115,86,2.1976273059845,5,59,2,62.1363639831543,506,1,3,"221697518020004"
"3faf7c62-d299-4211-a4ce-4ed98f171d84","MBB_BAU",2019,49,2647,92,191,177,88,2.53011131286621,2125,1449,8556,13,379,279,1647,79,171,160,86,2.34786057472229,5,56,25,61.6326522827148,506,1,3,"221697518020004"
"3faf7c62-d299-4211-a4ce-4ed98f171d84","MBB_BAU",2024,54,2130,129,304,345,87,3.33744931221008,1903,1336,8124,0,0,0,0,129,304,345,87,3.33744931221008,5,50,8,58.8333320617676,520,3,2,"221697518020004"
"3faf7c62-d299-4211-a4ce-4ed98f171d84","MBB_BAU",2029,59,1981,153,353,423,88,3.76215744018555,2114,1502,9297,0,0,0,0,153,353,423,88,3.76215744018555,5,56,19,57.4237289428711,520,3,1,"221697518020004"
"3faf7c62-d299-4211-a4ce-4ed98f171d84","MBB_BAU",2034,64,1668,161,359,441,87,4.21151733398438,2297,1761,10935,0,0,0,0,161,359,441,87,4.21151733398438,5,56,16,55.796875,520,3,1,"221697518020004"
"3faf7c62-d299-4211-a4ce-4ed98f171d84","MBB_BAU",2039,69,1475,165,355,439,87,4.53243494033813,2493,1995,12596,0,0,0,0,165,355,439,87,4.53243494033813,5,46,19,54.5942039489746,520,3,1,"221697518020004"
"3faf7c62-d299-4211-a4ce-4ed98f171d84","MBB_BAU",2044,74,1301,170,355,445,90,4.89493274688721,2623,2147,13412,0,0,0,0,170,355,445,90,4.89493274688721,0,0,0,52.6621627807617,520,3,1,"221697518020004"
"1c27501d-643a-4353-a4ef-99e3861fbe44","MBB_BAU",2014,98,669,100,183,222,82,5.2241039276123,2202,1247,7560,14,345,218,1322,87,163,202,80,4.93109655380249,5,70,4,22.4693870544434,805,1,2,"221697521020004"
"1c27501d-643a-4353-a4ef-99e3861fbe44","MBB_BAU",2019,103,650,100,188,228,80,5.3159875869751,2187,1252,7563,9,250,163,987,91,174,214,80,5.10665845870972,5,62,4,24.5825233459473,805,1,2,"221697521020004"
"1c27501d-643a-4353-a4ef-99e3861fbe44","MBB_BAU",2024,108,632,106,204,249,82,5.55636787414551,2227,1333,8072,3,83,58,353,104,200,244,81,5.49093055725098,5,88,3,26.1296291351318,805,1,2,"221697521020004"
"1c27501d-643a-4353-a4ef-99e3861fbe44","MBB_BAU",2029,113,619,121,230,278,83,5.98552656173706,2571,1632,9803,2,63,48,288,119,227,275,82,5.93970108032227,5,81,6,28.7522125244141,805,1,1,"221697521020004"
"1c27501d-643a-4353-a4ef-99e3861fbe44","MBB_BAU",2034,118,595,133,249,296,84,6.39666223526001,2882,1886,11396,0,14,12,70,132,249,296,84,6.38681364059448,5,70,4,30.70339012146,805,1,1,"221697521020004"
"1c27501d-643a-4353-a4ef-99e3861fbe44","MBB_BAU",2039,123,582,145,269,318,85,6.76106023788452,3194,2270,13475,3,106,90,534,141,263,313,85,6.6928129196167,5,89,6,32.1056900024414,805,1,1,"221697521020004"
"1c27501d-643a-4353-a4ef-99e3861fbe44","MBB_BAU",2044,128,566,155,285,335,87,7.08896255493164,3504,2426,14377,0,0,0,0,155,285,335,87,7.08896255493164,0,0,0,33.2734375,805,1,1,"221697521020004"
"540c65c6-b9d4-40b7-bf68-65043e1c2345","MBB_BAU",2019,23,282,69,134,136,58,6.67965316772461,1096,478,2670,0,0,0,0,69,134,136,58,6.67965316772461,5,45,1,47.652172088623,402,2,3,"535844125126144"
"540c65c6-b9d4-40b7-bf68-65043e1c2345","MBB_BAU",2024,28,279,77,147,149,61,7.09768867492676,1315,566,3177,0,0,0,0,77,147,149,61,7.09768867492676,5,56,1,46.9642868041992,402,2,3,"535844125126144"
"540c65c6-b9d4-40b7-bf68-65043e1c2345","MBB_BAU",2029,33,275,86,162,163,64,7.57231283187866,1588,674,3893,0,0,0,0,86,162,163,64,7.57231283187866,5,71,1,48.1212120056152,402,2,2,"535844125126144"
"540c65c6-b9d4-40b7-bf68-65043e1c2345","MBB_BAU",2034,38,272,96,176,175,69,8.0282039642334,1938,929,5287,24,406,218,1242,78,146,148,66,7.58715391159058,5,64,1,51,402,2,2,"535844125126144"
"540c65c6-b9d4-40b7-bf68-65043e1c2345","MBB_BAU",2039,43,259,87,159,160,70,7.86366081237793,1845,918,5223,0,0,0,0,87,159,160,70,7.86366081237793,5,64,2,52.3488388061523,402,1,2,"535844125126144"
"540c65c6-b9d4-40b7-bf68-65043e1c2345","MBB_BAU",2044,48,256,97,173,173,73,8.35454940795898,2158,1169,6849,21,464,280,1639,79,144,146,70,7.85279321670532,5,50,2,53.4166679382324,402,1,2,"535844125126144"
"540c65c6-b9d4-40b7-bf68-65043e1c2345","MBB_BAU",2049,53,244,88,157,162,73,8.12146854400635,1935,1179,6839,0,0,0,0,88,157,162,73,8.12146854400635,0,0,0,44.1698112487793,402,1,2,"535844125126144"
"5f426468-bca7-4bf3-b122-0615910de4be","MBB_BAU",2019,54,3618,156,249,267,74,2.80848050117493,3869,2974,16740,43,1310,1059,5964,104,169,184,73,2.30899786949158,5,87,2,71.6481475830078,520,1,2,"678976827126144"
"5f426468-bca7-4bf3-b122-0615910de4be","MBB_BAU",2024,59,3602,123,219,221,77,2.49811172485352,2986,2329,13478,29,919,753,4358,87,165,165,77,2.11829710006714,5,52,48,72.8135604858398,520,1,2,"678976827126144"
"5f426468-bca7-4bf3-b122-0615910de4be","MBB_BAU",2029,64,3249,111,250,254,79,2.49848580360413,2085,1671,9869,5,188,158,932,104,240,244,78,2.42099809646606,5,43,58,67.40625,801,1,3,"678976827126144"
"5f426468-bca7-4bf3-b122-0615910de4be","MBB_BAU",2034,69,2806,123,299,328,80,2.83759331703186,1822,1494,8894,0,0,0,0,123,299,328,80,2.83759331703186,5,40,61,61.4347839355469,801,1,2,"678976827126144"
"5f426468-bca7-4bf3-b122-0615910de4be","MBB_BAU",2039,74,2386,133,323,376,79,3.19815921783447,1714,1466,8812,0,0,0,0,133,323,376,79,3.19815921783447,5,30,79,55.8243255615234,801,3,2,"678976827126144"
"5f426468-bca7-4bf3-b122-0615910de4be","MBB_BAU",2044,79,1912,133,320,396,71,3.56835055351257,1469,1288,7824,0,0,0,0,133,320,396,71,3.56835055351257,5,23,69,49.1898727416992,801,3,2,"678976827126144"
"5f426468-bca7-4bf3-b122-0615910de4be","MBB_BAU",2049,84,1500,135,319,397,63,4.06170320510864,1236,1099,6771,0,0,0,0,135,319,397,63,4.06170320510864,0,0,0,43.488094329834,801,3,2,"678976827126144"
"dcba7cd3-74f9-474f-946b-31751c2f7d9e","MBB_BAU",2017,57,426,66,126,139,82,5.32265949249268,1532,570,3240,0,0,0,0,66,126,139,82,5.32265949249268,5,59,4,26.8771934509277,520,2,3,"433033799489998"
"dcba7cd3-74f9-474f-946b-31751c2f7d9e","MBB_BAU",2022,62,416,77,146,160,85,5.81312131881714,1809,670,4101,0,0,0,0,77,146,160,85,5.81312131881714,5,59,4,29.1774196624756,520,2,3,"433033799489998"
"dcba7cd3-74f9-474f-946b-31751c2f7d9e","MBB_BAU",2027,67,407,89,169,187,86,6.34082460403442,2080,1111,6471,0,0,0,0,89,169,187,86,6.34082460403442,5,65,5,31.0447769165039,520,2,3,"433033799489998"
"dcba7cd3-74f9-474f-946b-31751c2f7d9e","MBB_BAU",2032,72,397,102,191,211,88,6.87012958526611,2378,1276,7502,20,489,278,1633,85,163,183,87,6.43323421478271,5,57,5,33.0277786254883,520,2,3,"433033799489998"
"dcba7cd3-74f9-474f-946b-31751c2f7d9e","MBB_BAU",2037,77,385,96,179,201,89,6.75357151031494,2149,1225,7296,11,311,190,1135,85,162,184,88,6.46194505691528,5,59,4,34.2597389221191,520,1,3,"433033799489998"
"dcba7cd3-74f9-474f-946b-31751c2f7d9e","MBB_BAU",2042,82,374,98,184,207,90,6.94905424118042,2110,1425,8493,7,218,157,934,91,172,196,90,6.74986600875854,5,94,4,35.4878044128418,520,1,3,"433033799489998"
"dcba7cd3-74f9-474f-946b-31751c2f7d9e","MBB_BAU",2047,87,363,103,190,215,92,7.19507074356079,2341,1506,9015,0,0,0,0,103,190,215,92,7.19507074356079,0,0,0,36.1034469604492,520,1,2,"433033799489998"
